verified_batch,record_id,entity_type,entity_id,field_name,candidate_value,source_id,source_locator,evidence_summary,assessment,checked_at,issue_note
Batch 32 Wave 01,B32W1E0001,Person,P000239,name,阿部 真冴橙,B32W1S0001,基本情報 > 選手名,B.LEAGUE公式プロフィールで氏名を確認,SUPPORTED,2026-09-30,
Batch 32 Wave 01,B32W1E0002,Person,P000239,birth_date,2007-09-06,B32W1S0001,基本情報 > 生年月日：2007年9月6日,B.LEAGUE公式プロフィールで生年月日を確認,SUPPORTED,2026-09-30,
Batch 32 Wave 01,B32W1E0003,Career,C001033,organization_id,ORG000230,B32W1S0001,基本情報 > 出身校（高）：宮城県利府高等学校(在学中),B.LEAGUE公式プロフィールで出身校（高）を確認,SUPPORTED,2026-09-30,プロフィール上は「(在学中)」の表記
Batch 32 Wave 01,B32W1E0004,Career,C001034,organization_id,ORG000132,B32W1S0001,クラブ所属履歴 > 「2023-24 仙台」〜「2026-27 仙台」,B.LEAGUE公式の所属履歴で在籍を確認（略称表記）,SUPPORTED,2026-09-30,
Batch 32 Wave 01,B32W1E0005,Career,C001034,organization_id,ORG000132,B32W1S0002,順位表 > クラブ「仙台89ERS」（略称「仙台」、club_detail TeamID=692）,公式順位表で略称とクラブ名・TeamIDの対応を確認,SUPPORTED,2026-09-30,
Batch 32 Wave 01,B32W1E0006,Career,C001034,start,2023,B32W1S0001,クラブ所属履歴 > 「2023-24 仙台」,所属履歴の最初のシーズン2023-24の開始年,SUPPORTED,2026-09-30,
Batch 32 Wave 01,B32W1E0007,Career,C001034,organization_id,ORG000132,B32W1S0003,選手一覧 > 仙台 > 阿部 真冴橙,2026-27シーズンの公式選手一覧で現所属を確認,SUPPORTED,2026-09-30,
Batch 32 Wave 01,B32W1E0008,Person,P000240,name,岡島 和真,B32W1S0004,基本情報 > 選手名,B.LEAGUE公式プロフィールで氏名を確認,SUPPORTED,2026-09-30,
Batch 32 Wave 01,B32W1E0009,Person,P000240,birth_date,2003-10-29,B32W1S0004,基本情報 > 生年月日：2003年10月29日,B.LEAGUE公式プロフィールで生年月日を確認,SUPPORTED,2026-09-30,
Batch 32 Wave 01,B32W1E0010,Career,C001035,organization_id,ORG000231,B32W1S0004,基本情報 > 出身校（高）：Lakeland Senior High School,B.LEAGUE公式プロフィールで出身校（高）を確認,SUPPORTED,2026-09-30,
Batch 32 Wave 01,B32W1E0011,Career,C001036,organization_id,ORG000046,B32W1S0004,クラブ所属履歴 > 「2021-22 東京Z」〜「2022-23 東京Z」,B.LEAGUE公式の所属履歴で在籍を確認（略称表記）,SUPPORTED,2026-09-30,
Batch 32 Wave 01,B32W1E0012,Career,C001036,organization_id,ORG000046,B32W1S0005,順位表 > クラブ「アースフレンズ東京Z」（略称「東京Z」、club_detail TeamID=715）,公式順位表で略称とクラブ名・TeamIDの対応を確認,SUPPORTED,2026-09-30,
Batch 32 Wave 01,B32W1E0013,Career,C001036,start,2021,B32W1S0004,クラブ所属履歴 > 「2021-22 東京Z」,所属履歴の最初のシーズン2021-22の開始年,SUPPORTED,2026-09-30,
Batch 32 Wave 01,B32W1E0014,Career,C001036,end,2023,B32W1S0004,クラブ所属履歴 > 「2022-23 東京Z」,所属履歴の最後のシーズン2022-23の終了年,SUPPORTED,2026-09-30,
Batch 32 Wave 01,B32W1E0015,Career,C001037,organization_id,ORG000181,B32W1S0004,クラブ所属履歴 > 「2023-24 山形」〜「2024-25 山形」,B.LEAGUE公式の所属履歴で在籍を確認（略称表記）,SUPPORTED,2026-09-30,
Batch 32 Wave 01,B32W1E0016,Career,C001037,organization_id,ORG000181,B32W1S0006,順位表 > クラブ「山形ワイヴァンズ」（略称「山形」、club_detail TeamID=710）,公式順位表で略称とクラブ名・TeamIDの対応を確認,SUPPORTED,2026-09-30,
Batch 32 Wave 01,B32W1E0017,Career,C001037,start,2023,B32W1S0004,クラブ所属履歴 > 「2023-24 山形」,所属履歴の最初のシーズン2023-24の開始年,SUPPORTED,2026-09-30,
Batch 32 Wave 01,B32W1E0018,Career,C001037,end,2025,B32W1S0004,クラブ所属履歴 > 「2024-25 山形」,所属履歴の最後のシーズン2024-25の終了年,SUPPORTED,2026-09-30,
Batch 32 Wave 01,B32W1E0019,Career,C001038,organization_id,ORG000132,B32W1S0004,クラブ所属履歴 > 「2025-26 仙台」〜「2026-27 仙台」,B.LEAGUE公式の所属履歴で在籍を確認（略称表記）,SUPPORTED,2026-09-30,
Batch 32 Wave 01,B32W1E0020,Career,C001038,organization_id,ORG000132,B32W1S0007,順位表 > クラブ「仙台89ERS」（略称「仙台」、club_detail TeamID=692）,公式順位表で略称とクラブ名・TeamIDの対応を確認,SUPPORTED,2026-09-30,
Batch 32 Wave 01,B32W1E0021,Career,C001038,start,2025,B32W1S0004,クラブ所属履歴 > 「2025-26 仙台」,所属履歴の最初のシーズン2025-26の開始年,SUPPORTED,2026-09-30,
Batch 32 Wave 01,B32W1E0022,Career,C001038,organization_id,ORG000132,B32W1S0003,選手一覧 > 仙台 > 岡島 和真,2026-27シーズンの公式選手一覧で現所属を確認,SUPPORTED,2026-09-30,
Batch 32 Wave 01,B32W1E0023,Person,P000241,name,新沼 康生,B32W1S0008,基本情報 > 選手名,B.LEAGUE公式プロフィールで氏名を確認,SUPPORTED,2026-09-30,
Batch 32 Wave 01,B32W1E0024,Person,P000241,birth_date,2003-03-03,B32W1S0008,基本情報 > 生年月日：2003年3月3日,B.LEAGUE公式プロフィールで生年月日を確認,SUPPORTED,2026-09-30,
Batch 32 Wave 01,B32W1E0025,Career,C001039,organization_id,ORG000232,B32W1S0008,基本情報 > 出身校（高）：日本大学豊山高等学校,B.LEAGUE公式プロフィールで出身校（高）を確認,SUPPORTED,2026-09-30,
Batch 32 Wave 01,B32W1E0026,Career,C001040,organization_id,ORG000121,B32W1S0008,基本情報 > 出身校（大）：日本大学,B.LEAGUE公式プロフィールで出身校（大）を確認,SUPPORTED,2026-09-30,
Batch 32 Wave 01,B32W1E0027,Career,C001041,organization_id,ORG000132,B32W1S0008,クラブ所属履歴 > 「2024-25 仙台」〜「2026-27 仙台」,B.LEAGUE公式の所属履歴で在籍を確認（略称表記）,SUPPORTED,2026-09-30,
Batch 32 Wave 01,B32W1E0028,Career,C001041,organization_id,ORG000132,B32W1S0009,順位表 > クラブ「仙台89ERS」（略称「仙台」、club_detail TeamID=692）,公式順位表で略称とクラブ名・TeamIDの対応を確認,SUPPORTED,2026-09-30,
Batch 32 Wave 01,B32W1E0029,Career,C001041,start,2024,B32W1S0008,クラブ所属履歴 > 「2024-25 仙台」,所属履歴の最初のシーズン2024-25の開始年,SUPPORTED,2026-09-30,
Batch 32 Wave 01,B32W1E0030,Career,C001041,organization_id,ORG000132,B32W1S0003,選手一覧 > 仙台 > 新沼 康生,2026-27シーズンの公式選手一覧で現所属を確認,SUPPORTED,2026-09-30,
Batch 32 Wave 01,B32W1E0031,Person,P000242,name,半澤 凌太,B32W1S0010,基本情報 > 選手名,B.LEAGUE公式プロフィールで氏名を確認,SUPPORTED,2026-09-30,
Batch 32 Wave 01,B32W1E0032,Person,P000242,birth_date,2000-01-10,B32W1S0010,基本情報 > 生年月日：2000年1月10日,B.LEAGUE公式プロフィールで生年月日を確認,SUPPORTED,2026-09-30,
Batch 32 Wave 01,B32W1E0033,Career,C001042,organization_id,ORG000233,B32W1S0010,基本情報 > 出身校（高）：福島県立福島南高等学校,B.LEAGUE公式プロフィールで出身校（高）を確認,SUPPORTED,2026-09-30,
Batch 32 Wave 01,B32W1E0034,Career,C001043,organization_id,ORG000166,B32W1S0010,基本情報 > 出身校（大）：筑波大学,B.LEAGUE公式プロフィールで出身校（大）を確認,SUPPORTED,2026-09-30,
Batch 32 Wave 01,B32W1E0035,Career,C001044,organization_id,ORG000202,B32W1S0010,クラブ所属履歴 > 「2017-18 福島」,B.LEAGUE公式の所属履歴で在籍を確認（略称表記）,SUPPORTED,2026-09-30,
Batch 32 Wave 01,B32W1E0036,Career,C001044,organization_id,ORG000202,B32W1S0011,順位表 > クラブ「福島ファイヤーボンズ」（略称「福島」、club_detail TeamID=711）,公式順位表で略称とクラブ名・TeamIDの対応を確認,SUPPORTED,2026-09-30,
Batch 32 Wave 01,B32W1E0037,Career,C001044,start,2017,B32W1S0010,クラブ所属履歴 > 「2017-18 福島」,所属履歴の最初のシーズン2017-18の開始年,SUPPORTED,2026-09-30,
Batch 32 Wave 01,B32W1E0038,Career,C001044,end,2018,B32W1S0010,クラブ所属履歴 > 「2017-18 福島」,所属履歴の最後のシーズン2017-18の終了年,SUPPORTED,2026-09-30,
Batch 32 Wave 01,B32W1E0039,Career,C001045,organization_id,ORG000202,B32W1S0010,クラブ所属履歴 > 「2020-21 福島」,B.LEAGUE公式の所属履歴で在籍を確認（略称表記）,SUPPORTED,2026-09-30,
Batch 32 Wave 01,B32W1E0040,Career,C001045,organization_id,ORG000202,B32W1S0012,順位表 > クラブ「福島ファイヤーボンズ」（略称「福島」、club_detail TeamID=711）,公式順位表で略称とクラブ名・TeamIDの対応を確認,SUPPORTED,2026-09-30,
Batch 32 Wave 01,B32W1E0041,Career,C001045,start,2020,B32W1S0010,クラブ所属履歴 > 「2020-21 福島」,所属履歴の最初のシーズン2020-21の開始年,SUPPORTED,2026-09-30,
Batch 32 Wave 01,B32W1E0042,Career,C001045,end,2021,B32W1S0010,クラブ所属履歴 > 「2020-21 福島」,所属履歴の最後のシーズン2020-21の終了年,SUPPORTED,2026-09-30,
Batch 32 Wave 01,B32W1E0043,Career,C001046,organization_id,ORG000097,B32W1S0010,クラブ所属履歴 > 「2021-22 三遠」〜「2022-23 三遠」,B.LEAGUE公式の所属履歴で在籍を確認（略称表記）,SUPPORTED,2026-09-30,
Batch 32 Wave 01,B32W1E0044,Career,C001046,organization_id,ORG000097,B32W1S0013,順位表 > クラブ「三遠ネオフェニックス」（略称「三遠」、club_detail TeamID=697）,公式順位表で略称とクラブ名・TeamIDの対応を確認,SUPPORTED,2026-09-30,
Batch 32 Wave 01,B32W1E0045,Career,C001046,start,2021,B32W1S0010,クラブ所属履歴 > 「2021-22 三遠」,所属履歴の最初のシーズン2021-22の開始年,SUPPORTED,2026-09-30,
Batch 32 Wave 01,B32W1E0046,Career,C001046,end,2023,B32W1S0010,クラブ所属履歴 > 「2022-23 三遠」,所属履歴の最後のシーズン2022-23の終了年,SUPPORTED,2026-09-30,
Batch 32 Wave 01,B32W1E0047,Career,C001047,organization_id,ORG000042,B32W1S0010,クラブ所属履歴 > 「2023-24 京都」,B.LEAGUE公式の所属履歴で在籍を確認（略称表記）,SUPPORTED,2026-09-30,
Batch 32 Wave 01,B32W1E0048,Career,C001047,organization_id,ORG000042,B32W1S0002,順位表 > クラブ「京都ハンナリーズ」（略称「京都」、club_detail TeamID=699）,公式順位表で略称とクラブ名・TeamIDの対応を確認,SUPPORTED,2026-09-30,
Batch 32 Wave 01,B32W1E0049,Career,C001047,start,2023,B32W1S0010,クラブ所属履歴 > 「2023-24 京都」,所属履歴の最初のシーズン2023-24の開始年,SUPPORTED,2026-09-30,
Batch 32 Wave 01,B32W1E0050,Career,C001047,end,2024,B32W1S0010,クラブ所属履歴 > 「2023-24 京都」,所属履歴の最後のシーズン2023-24の終了年,SUPPORTED,2026-09-30,
Batch 32 Wave 01,B32W1E0051,Career,C001048,organization_id,ORG000132,B32W1S0010,クラブ所属履歴 > 「2024-25 仙台」〜「2026-27 仙台」,B.LEAGUE公式の所属履歴で在籍を確認（略称表記）,SUPPORTED,2026-09-30,
Batch 32 Wave 01,B32W1E0052,Career,C001048,organization_id,ORG000132,B32W1S0009,順位表 > クラブ「仙台89ERS」（略称「仙台」、club_detail TeamID=692）,公式順位表で略称とクラブ名・TeamIDの対応を確認,SUPPORTED,2026-09-30,
Batch 32 Wave 01,B32W1E0053,Career,C001048,start,2024,B32W1S0010,クラブ所属履歴 > 「2024-25 仙台」,所属履歴の最初のシーズン2024-25の開始年,SUPPORTED,2026-09-30,
Batch 32 Wave 01,B32W1E0054,Career,C001048,organization_id,ORG000132,B32W1S0003,選手一覧 > 仙台 > 半澤 凌太,2026-27シーズンの公式選手一覧で現所属を確認,SUPPORTED,2026-09-30,
Batch 32 Wave 01,B32W1E0055,Person,P000243,name,渡辺 翔太,B32W1S0014,基本情報 > 選手名,B.LEAGUE公式プロフィールで氏名を確認,SUPPORTED,2026-09-30,
Batch 32 Wave 01,B32W1E0056,Person,P000243,birth_date,1998-11-24,B32W1S0014,基本情報 > 生年月日：1998年11月24日,B.LEAGUE公式プロフィールで生年月日を確認,SUPPORTED,2026-09-30,
Batch 32 Wave 01,B32W1E0057,Career,C001049,organization_id,ORG000234,B32W1S0014,基本情報 > 出身校（高）：栃木県立宇都宮工業高等学校,B.LEAGUE公式プロフィールで出身校（高）を確認,SUPPORTED,2026-09-30,
Batch 32 Wave 01,B32W1E0058,Career,C001050,organization_id,ORG000124,B32W1S0014,基本情報 > 出身校（大）：明治大学,B.LEAGUE公式プロフィールで出身校（大）を確認,SUPPORTED,2026-09-30,
Batch 32 Wave 01,B32W1E0059,Career,C001051,organization_id,ORG000132,B32W1S0014,クラブ所属履歴 > 「2019-20 仙台」〜「2026-27 仙台」,B.LEAGUE公式の所属履歴で在籍を確認（略称表記）,SUPPORTED,2026-09-30,
Batch 32 Wave 01,B32W1E0060,Career,C001051,organization_id,ORG000132,B32W1S0015,順位表 > クラブ「仙台89ERS」（略称「仙台」、club_detail TeamID=692）,公式順位表で略称とクラブ名・TeamIDの対応を確認,SUPPORTED,2026-09-30,
Batch 32 Wave 01,B32W1E0061,Career,C001051,start,2019,B32W1S0014,クラブ所属履歴 > 「2019-20 仙台」,所属履歴の最初のシーズン2019-20の開始年,SUPPORTED,2026-09-30,
Batch 32 Wave 01,B32W1E0062,Career,C001051,organization_id,ORG000132,B32W1S0003,選手一覧 > 仙台 > 渡辺 翔太,2026-27シーズンの公式選手一覧で現所属を確認,SUPPORTED,2026-09-30,
Batch 32 Wave 01,B32W1E0063,Person,P000244,name,栗原 翼,B32W1S0016,基本情報 > 選手名,B.LEAGUE公式プロフィールで氏名を確認,SUPPORTED,2026-09-30,
Batch 32 Wave 01,B32W1E0064,Person,P000244,birth_date,1997-08-16,B32W1S0016,基本情報 > 生年月日：1997年8月16日,B.LEAGUE公式プロフィールで生年月日を確認,SUPPORTED,2026-09-30,
Batch 32 Wave 01,B32W1E0065,Career,C001052,organization_id,ORG000235,B32W1S0016,基本情報 > 出身校（高）：アレセイア湘南高等学校,B.LEAGUE公式プロフィールで出身校（高）を確認,SUPPORTED,2026-09-30,
Batch 32 Wave 01,B32W1E0066,Career,C001053,organization_id,ORG000236,B32W1S0016,基本情報 > 出身校（大）：関東学院大学,B.LEAGUE公式プロフィールで出身校（大）を確認,SUPPORTED,2026-09-30,
Batch 32 Wave 01,B32W1E0067,Career,C001054,organization_id,ORG000046,B32W1S0016,クラブ所属履歴 > 「2019-20 東京Z」〜「2022-23 東京Z」,B.LEAGUE公式の所属履歴で在籍を確認（略称表記）,SUPPORTED,2026-09-30,
Batch 32 Wave 01,B32W1E0068,Career,C001054,organization_id,ORG000046,B32W1S0015,順位表 > クラブ「アースフレンズ東京Z」（略称「東京Z」、club_detail TeamID=715）,公式順位表で略称とクラブ名・TeamIDの対応を確認,SUPPORTED,2026-09-30,
Batch 32 Wave 01,B32W1E0069,Career,C001054,start,2019,B32W1S0016,クラブ所属履歴 > 「2019-20 東京Z」,所属履歴の最初のシーズン2019-20の開始年,SUPPORTED,2026-09-30,
Batch 32 Wave 01,B32W1E0070,Career,C001054,end,2023,B32W1S0016,クラブ所属履歴 > 「2022-23 東京Z」,所属履歴の最後のシーズン2022-23の終了年,SUPPORTED,2026-09-30,
Batch 32 Wave 01,B32W1E0071,Career,C001055,organization_id,ORG000171,B32W1S0016,クラブ所属履歴 > 「2023-24 奈良」,B.LEAGUE公式の所属履歴で在籍を確認（略称表記）,SUPPORTED,2026-09-30,
Batch 32 Wave 01,B32W1E0072,Career,C001055,organization_id,ORG000171,B32W1S0006,順位表 > クラブ「バンビシャス奈良」（略称「奈良」、club_detail TeamID=719）,公式順位表で略称とクラブ名・TeamIDの対応を確認,SUPPORTED,2026-09-30,
Batch 32 Wave 01,B32W1E0073,Career,C001055,start,2023,B32W1S0016,クラブ所属履歴 > 「2023-24 奈良」,所属履歴の最初のシーズン2023-24の開始年,SUPPORTED,2026-09-30,
Batch 32 Wave 01,B32W1E0074,Career,C001055,end,2024,B32W1S0016,クラブ所属履歴 > 「2023-24 奈良」,所属履歴の最後のシーズン2023-24の終了年,SUPPORTED,2026-09-30,
Batch 32 Wave 01,B32W1E0075,Career,C001056,organization_id,ORG000137,B32W1S0016,クラブ所属履歴 > 「2024-25 秋田」〜「2026-27 秋田」,B.LEAGUE公式の所属履歴で在籍を確認（略称表記）,SUPPORTED,2026-09-30,
Batch 32 Wave 01,B32W1E0076,Career,C001056,organization_id,ORG000137,B32W1S0009,順位表 > クラブ「秋田ノーザンハピネッツ」（略称「秋田」、club_detail TeamID=693）,公式順位表で略称とクラブ名・TeamIDの対応を確認,SUPPORTED,2026-09-30,
Batch 32 Wave 01,B32W1E0077,Career,C001056,start,2024,B32W1S0016,クラブ所属履歴 > 「2024-25 秋田」,所属履歴の最初のシーズン2024-25の開始年,SUPPORTED,2026-09-30,
Batch 32 Wave 01,B32W1E0078,Career,C001056,organization_id,ORG000137,B32W1S0017,選手一覧 > 秋田 > 栗原 翼,2026-27シーズンの公式選手一覧で現所属を確認,SUPPORTED,2026-09-30,
Batch 32 Wave 01,B32W1E0079,Person,P000245,name,中山 拓哉,B32W1S0018,基本情報 > 選手名,B.LEAGUE公式プロフィールで氏名を確認,SUPPORTED,2026-09-30,
Batch 32 Wave 01,B32W1E0080,Person,P000245,birth_date,1994-07-24,B32W1S0018,基本情報 > 生年月日：1994年7月24日,B.LEAGUE公式プロフィールで生年月日を確認,SUPPORTED,2026-09-30,
Batch 32 Wave 01,B32W1E0081,Career,C001057,organization_id,ORG000237,B32W1S0018,基本情報 > 出身校（高）：東海大学付属相模高等学校,B.LEAGUE公式プロフィールで出身校（高）を確認,SUPPORTED,2026-09-30,
Batch 32 Wave 01,B32W1E0082,Career,C001058,organization_id,ORG000015,B32W1S0018,基本情報 > 出身校（大）：東海大学,B.LEAGUE公式プロフィールで出身校（大）を確認,SUPPORTED,2026-09-30,
Batch 32 Wave 01,B32W1E0083,Career,C001059,organization_id,ORG000137,B32W1S0018,クラブ所属履歴 > 「2016-17 秋田」〜「2026-27 秋田」,B.LEAGUE公式の所属履歴で在籍を確認（略称表記）,SUPPORTED,2026-09-30,
Batch 32 Wave 01,B32W1E0084,Career,C001059,organization_id,ORG000137,B32W1S0019,順位表 > クラブ「秋田ノーザンハピネッツ」（略称「秋田」、club_detail TeamID=693）,公式順位表で略称とクラブ名・TeamIDの対応を確認,SUPPORTED,2026-09-30,
Batch 32 Wave 01,B32W1E0085,Career,C001059,start,2016,B32W1S0018,クラブ所属履歴 > 「2016-17 秋田」,所属履歴の最初のシーズン2016-17の開始年,SUPPORTED,2026-09-30,
Batch 32 Wave 01,B32W1E0086,Career,C001059,organization_id,ORG000137,B32W1S0017,選手一覧 > 秋田 > 中山 拓哉,2026-27シーズンの公式選手一覧で現所属を確認,SUPPORTED,2026-09-30,
Batch 32 Wave 01,B32W1E0087,Person,P000246,name,トロイ・マーフィージュニア,B32W1S0020,基本情報 > 選手名,B.LEAGUE公式プロフィールで氏名を確認,SUPPORTED,2026-09-30,
Batch 32 Wave 01,B32W1E0088,Person,P000246,birth_date,2002-11-12,B32W1S0020,基本情報 > 生年月日：2002年11月12日,B.LEAGUE公式プロフィールで生年月日を確認,SUPPORTED,2026-09-30,
Batch 32 Wave 01,B32W1E0089,Career,C001060,organization_id,ORG000238,B32W1S0020,基本情報 > 出身校（高）：Rolling Hills Preparatory School,B.LEAGUE公式プロフィールで出身校（高）を確認,SUPPORTED,2026-09-30,
Batch 32 Wave 01,B32W1E0090,Career,C001061,organization_id,ORG000239,B32W1S0020,基本情報 > 出身校（大）：Dominican University of California,B.LEAGUE公式プロフィールで出身校（大）を確認,SUPPORTED,2026-09-30,
Batch 32 Wave 01,B32W1E0091,Career,C001062,organization_id,ORG000190,B32W1S0020,クラブ所属履歴 > 「2022-23 越谷」,B.LEAGUE公式の所属履歴で在籍を確認（略称表記）,SUPPORTED,2026-09-30,
Batch 32 Wave 01,B32W1E0092,Career,C001062,organization_id,ORG000190,B32W1S0021,順位表 > クラブ「越谷アルファーズ」（略称「越谷」、club_detail TeamID=745）,公式順位表で略称とクラブ名・TeamIDの対応を確認,SUPPORTED,2026-09-30,
Batch 32 Wave 01,B32W1E0093,Career,C001062,start,2022,B32W1S0020,クラブ所属履歴 > 「2022-23 越谷」,所属履歴の最初のシーズン2022-23の開始年,SUPPORTED,2026-09-30,
Batch 32 Wave 01,B32W1E0094,Career,C001062,end,2023,B32W1S0020,クラブ所属履歴 > 「2022-23 越谷」,所属履歴の最後のシーズン2022-23の終了年,SUPPORTED,2026-09-30,
Batch 32 Wave 01,B32W1E0095,Career,C001063,organization_id,ORG000149,B32W1S0020,クラブ所属履歴 > 「2023-24 富山」,B.LEAGUE公式の所属履歴で在籍を確認（略称表記）,SUPPORTED,2026-09-30,
Batch 32 Wave 01,B32W1E0096,Career,C001063,organization_id,ORG000149,B32W1S0002,順位表 > クラブ「富山グラウジーズ」（略称「富山」、club_detail TeamID=696）,公式順位表で略称とクラブ名・TeamIDの対応を確認,SUPPORTED,2026-09-30,
Batch 32 Wave 01,B32W1E0097,Career,C001063,start,2023,B32W1S0020,クラブ所属履歴 > 「2023-24 富山」,所属履歴の最初のシーズン2023-24の開始年,SUPPORTED,2026-09-30,
Batch 32 Wave 01,B32W1E0098,Career,C001063,end,2024,B32W1S0020,クラブ所属履歴 > 「2023-24 富山」,所属履歴の最後のシーズン2023-24の終了年,SUPPORTED,2026-09-30,
Batch 32 Wave 01,B32W1E0099,Career,C001064,organization_id,ORG000114,B32W1S0020,クラブ所属履歴 > 「2024-25 SR渋谷」〜「2025-26 SR渋谷」,B.LEAGUE公式の所属履歴で在籍を確認（略称表記）,SUPPORTED,2026-09-30,
Batch 32 Wave 01,B32W1E0100,Career,C001064,organization_id,ORG000114,B32W1S0009,順位表 > クラブ「サンロッカーズ渋谷」（略称「SR渋谷」、club_detail TeamID=726）,公式順位表で略称とクラブ名・TeamIDの対応を確認,SUPPORTED,2026-09-30,
Batch 32 Wave 01,B32W1E0101,Career,C001064,start,2024,B32W1S0020,クラブ所属履歴 > 「2024-25 SR渋谷」,所属履歴の最初のシーズン2024-25の開始年,SUPPORTED,2026-09-30,
Batch 32 Wave 01,B32W1E0102,Career,C001064,end,2026,B32W1S0020,クラブ所属履歴 > 「2025-26 SR渋谷」,所属履歴の最後のシーズン2025-26の終了年,SUPPORTED,2026-09-30,
Batch 32 Wave 01,B32W1E0103,Career,C001065,organization_id,ORG000137,B32W1S0020,クラブ所属履歴 > 「2026-27 秋田」,B.LEAGUE公式の所属履歴で在籍を確認（略称表記）,SUPPORTED,2026-09-30,
Batch 32 Wave 01,B32W1E0104,Career,C001065,organization_id,ORG000137,B32W1S0022,順位表 > クラブ「秋田ノーザンハピネッツ」（略称「秋田」、club_detail TeamID=693）,公式順位表で略称とクラブ名・TeamIDの対応を確認,SUPPORTED,2026-09-30,
Batch 32 Wave 01,B32W1E0105,Career,C001065,start,2026,B32W1S0020,クラブ所属履歴 > 「2026-27 秋田」,所属履歴の最初のシーズン2026-27の開始年,SUPPORTED,2026-09-30,
Batch 32 Wave 01,B32W1E0106,Career,C001065,organization_id,ORG000137,B32W1S0017,選手一覧 > 秋田 > トロイ・マーフィージュニア,2026-27シーズンの公式選手一覧で現所属を確認,SUPPORTED,2026-09-30,
Batch 32 Wave 01,B32W1E0107,Person,P000247,name,元田 大陽,B32W1S0023,基本情報 > 選手名,B.LEAGUE公式プロフィールで氏名を確認,SUPPORTED,2026-09-30,
Batch 32 Wave 01,B32W1E0108,Person,P000247,birth_date,2002-01-17,B32W1S0023,基本情報 > 生年月日：2002年1月17日,B.LEAGUE公式プロフィールで生年月日を確認,SUPPORTED,2026-09-30,
Batch 32 Wave 01,B32W1E0109,Career,C001066,organization_id,ORG000240,B32W1S0023,基本情報 > 出身校（高）：北陸学院高等学校,B.LEAGUE公式プロフィールで出身校（高）を確認,SUPPORTED,2026-09-30,
Batch 32 Wave 01,B32W1E0110,Career,C001067,organization_id,ORG000015,B32W1S0023,基本情報 > 出身校（大）：東海大学,B.LEAGUE公式プロフィールで出身校（大）を確認,SUPPORTED,2026-09-30,
Batch 32 Wave 01,B32W1E0111,Career,C001068,organization_id,ORG000137,B32W1S0023,クラブ所属履歴 > 「2023-24 秋田」〜「2026-27 秋田」,B.LEAGUE公式の所属履歴で在籍を確認（略称表記）,SUPPORTED,2026-09-30,
Batch 32 Wave 01,B32W1E0112,Career,C001068,organization_id,ORG000137,B32W1S0002,順位表 > クラブ「秋田ノーザンハピネッツ」（略称「秋田」、club_detail TeamID=693）,公式順位表で略称とクラブ名・TeamIDの対応を確認,SUPPORTED,2026-09-30,
Batch 32 Wave 01,B32W1E0113,Career,C001068,start,2023,B32W1S0023,クラブ所属履歴 > 「2023-24 秋田」,所属履歴の最初のシーズン2023-24の開始年,SUPPORTED,2026-09-30,
Batch 32 Wave 01,B32W1E0114,Career,C001068,organization_id,ORG000137,B32W1S0017,選手一覧 > 秋田 > 元田 大陽,2026-27シーズンの公式選手一覧で現所属を確認,SUPPORTED,2026-09-30,
Batch 32 Wave 01,B32W1E0115,Person,P000248,name,新井 楽人,B32W1S0024,基本情報 > 選手名,B.LEAGUE公式プロフィールで氏名を確認,SUPPORTED,2026-09-30,
Batch 32 Wave 01,B32W1E0116,Person,P000248,birth_date,2004-03-11,B32W1S0024,基本情報 > 生年月日：2004年3月11日,B.LEAGUE公式プロフィールで生年月日を確認,SUPPORTED,2026-09-30,
Batch 32 Wave 01,B32W1E0117,Career,C001069,organization_id,ORG000241,B32W1S0024,基本情報 > 出身校（高）：沼津中央高等学校,B.LEAGUE公式プロフィールで出身校（高）を確認,SUPPORTED,2026-09-30,
Batch 32 Wave 01,B32W1E0118,Career,C001070,organization_id,ORG000121,B32W1S0024,基本情報 > 出身校（大）：日本大学,B.LEAGUE公式プロフィールで出身校（大）を確認,SUPPORTED,2026-09-30,
Batch 32 Wave 01,B32W1E0119,Career,C001071,organization_id,ORG000055,B32W1S0024,クラブ所属履歴 > 「2025-26 横浜BC」〜「2026-27 横浜BC」,B.LEAGUE公式の所属履歴で在籍を確認（略称表記）,SUPPORTED,2026-09-30,
Batch 32 Wave 01,B32W1E0120,Career,C001071,organization_id,ORG000055,B32W1S0007,順位表 > クラブ「横浜ビー・コルセアーズ」（略称「横浜BC」、club_detail TeamID=694）,公式順位表で略称とクラブ名・TeamIDの対応を確認,SUPPORTED,2026-09-30,
Batch 32 Wave 01,B32W1E0121,Career,C001071,start,2025,B32W1S0024,クラブ所属履歴 > 「2025-26 横浜BC」,所属履歴の最初のシーズン2025-26の開始年,SUPPORTED,2026-09-30,
Batch 32 Wave 01,B32W1E0122,Career,C001071,organization_id,ORG000055,B32W1S0025,選手一覧 > 横浜BC > 新井 楽人,2026-27シーズンの公式選手一覧で現所属を確認,SUPPORTED,2026-09-30,
Batch 32 Wave 01,B32W1E0123,Person,P000249,name,ウィタカ ケンタ,B32W1S0026,基本情報 > 選手名,B.LEAGUE公式プロフィールで氏名を確認,SUPPORTED,2026-09-30,
Batch 32 Wave 01,B32W1E0124,Person,P000249,birth_date,1997-12-15,B32W1S0026,基本情報 > 生年月日：1997年12月15日,B.LEAGUE公式プロフィールで生年月日を確認,SUPPORTED,2026-09-30,
Batch 32 Wave 01,B32W1E0125,Career,C001072,organization_id,ORG000242,B32W1S0026,基本情報 > 出身校（高）：國學院大學久我山高等学校,B.LEAGUE公式プロフィールで出身校（高）を確認,SUPPORTED,2026-09-30,
Batch 32 Wave 01,B32W1E0126,Career,C001073,organization_id,ORG000030,B32W1S0026,基本情報 > 出身校（大）：青山学院大学,B.LEAGUE公式プロフィールで出身校（大）を確認,SUPPORTED,2026-09-30,
Batch 32 Wave 01,B32W1E0127,Career,C001074,organization_id,ORG000067,B32W1S0026,クラブ所属履歴 > 「2019-20 熊本」〜「2021-22 熊本」,B.LEAGUE公式の所属履歴で在籍を確認（略称表記）,SUPPORTED,2026-09-30,
Batch 32 Wave 01,B32W1E0128,Career,C001074,organization_id,ORG000067,B32W1S0015,順位表 > クラブ「熊本ヴォルターズ」（略称「熊本」、club_detail TeamID=724）,公式順位表で略称とクラブ名・TeamIDの対応を確認,SUPPORTED,2026-09-30,
Batch 32 Wave 01,B32W1E0129,Career,C001074,start,2019,B32W1S0026,クラブ所属履歴 > 「2019-20 熊本」,所属履歴の最初のシーズン2019-20の開始年,SUPPORTED,2026-09-30,
Batch 32 Wave 01,B32W1E0130,Career,C001074,end,2022,B32W1S0026,クラブ所属履歴 > 「2021-22 熊本」,所属履歴の最後のシーズン2021-22の終了年,SUPPORTED,2026-09-30,
Batch 32 Wave 01,B32W1E0131,Career,C001075,organization_id,ORG000135,B32W1S0026,クラブ所属履歴 > 「2022-23 長崎」,B.LEAGUE公式の所属履歴で在籍を確認（略称表記）,SUPPORTED,2026-09-30,
Batch 32 Wave 01,B32W1E0132,Career,C001075,organization_id,ORG000135,B32W1S0021,順位表 > クラブ「長崎ヴェルカ」（略称「長崎」、club_detail TeamID=2488）,公式順位表で略称とクラブ名・TeamIDの対応を確認,SUPPORTED,2026-09-30,
Batch 32 Wave 01,B32W1E0133,Career,C001075,start,2022,B32W1S0026,クラブ所属履歴 > 「2022-23 長崎」,所属履歴の最初のシーズン2022-23の開始年,SUPPORTED,2026-09-30,
Batch 32 Wave 01,B32W1E0134,Career,C001075,end,2023,B32W1S0026,クラブ所属履歴 > 「2022-23 長崎」,所属履歴の最後のシーズン2022-23の終了年,SUPPORTED,2026-09-30,
Batch 32 Wave 01,B32W1E0135,Career,C001076,organization_id,ORG000101,B32W1S0026,クラブ所属履歴 > 「2023-24 鹿児島」,B.LEAGUE公式の所属履歴で在籍を確認（略称表記）,SUPPORTED,2026-09-30,
Batch 32 Wave 01,B32W1E0136,Career,C001076,organization_id,ORG000101,B32W1S0027,順位表 > クラブ「鹿児島レブナイズ」（略称「鹿児島」、club_detail TeamID=725）,公式順位表で略称とクラブ名・TeamIDの対応を確認,SUPPORTED,2026-09-30,
Batch 32 Wave 01,B32W1E0137,Career,C001076,start,2023,B32W1S0026,クラブ所属履歴 > 「2023-24 鹿児島」,所属履歴の最初のシーズン2023-24の開始年,SUPPORTED,2026-09-30,
Batch 32 Wave 01,B32W1E0138,Career,C001076,end,2024,B32W1S0026,クラブ所属履歴 > 「2023-24 鹿児島」,所属履歴の最後のシーズン2023-24の終了年,SUPPORTED,2026-09-30,
Batch 32 Wave 01,B32W1E0139,Career,C001077,organization_id,ORG000106,B32W1S0026,クラブ所属履歴 > 「2024-25 琉球」〜「2025-26 琉球」,B.LEAGUE公式の所属履歴で在籍を確認（略称表記）,SUPPORTED,2026-09-30,
Batch 32 Wave 01,B32W1E0140,Career,C001077,organization_id,ORG000106,B32W1S0009,順位表 > クラブ「琉球ゴールデンキングス」（略称「琉球」、club_detail TeamID=701）,公式順位表で略称とクラブ名・TeamIDの対応を確認,SUPPORTED,2026-09-30,
Batch 32 Wave 01,B32W1E0141,Career,C001077,start,2024,B32W1S0026,クラブ所属履歴 > 「2024-25 琉球」,所属履歴の最初のシーズン2024-25の開始年,SUPPORTED,2026-09-30,
Batch 32 Wave 01,B32W1E0142,Career,C001077,end,2026,B32W1S0026,クラブ所属履歴 > 「2025-26 琉球」,所属履歴の最後のシーズン2025-26の終了年,SUPPORTED,2026-09-30,
Batch 32 Wave 01,B32W1E0143,Career,C001078,organization_id,ORG000055,B32W1S0026,クラブ所属履歴 > 「2026-27 横浜BC」,B.LEAGUE公式の所属履歴で在籍を確認（略称表記）,SUPPORTED,2026-09-30,
Batch 32 Wave 01,B32W1E0144,Career,C001078,organization_id,ORG000055,B32W1S0022,順位表 > クラブ「横浜ビー・コルセアーズ」（略称「横浜BC」、club_detail TeamID=694）,公式順位表で略称とクラブ名・TeamIDの対応を確認,SUPPORTED,2026-09-30,
Batch 32 Wave 01,B32W1E0145,Career,C001078,start,2026,B32W1S0026,クラブ所属履歴 > 「2026-27 横浜BC」,所属履歴の最初のシーズン2026-27の開始年,SUPPORTED,2026-09-30,
Batch 32 Wave 01,B32W1E0146,Career,C001078,organization_id,ORG000055,B32W1S0025,選手一覧 > 横浜BC > ウィタカ ケンタ,2026-27シーズンの公式選手一覧で現所属を確認,SUPPORTED,2026-09-30,
Batch 32 Wave 01,B32W1E0147,Person,P000250,name,キング 開,B32W1S0028,基本情報 > 選手名,B.LEAGUE公式プロフィールで氏名を確認,SUPPORTED,2026-09-30,
Batch 32 Wave 01,B32W1E0148,Person,P000250,birth_date,2000-02-29,B32W1S0028,基本情報 > 生年月日：2000年2月29日,B.LEAGUE公式プロフィールで生年月日を確認,SUPPORTED,2026-09-30,
Batch 32 Wave 01,B32W1E0149,Career,C001079,organization_id,ORG000235,B32W1S0028,基本情報 > 出身校（高）：アレセイア湘南高等学校,B.LEAGUE公式プロフィールで出身校（高）を確認,SUPPORTED,2026-09-30,
Batch 32 Wave 01,B32W1E0150,Career,C001080,organization_id,ORG000018,B32W1S0028,基本情報 > 出身校（大）：専修大学,B.LEAGUE公式プロフィールで出身校（大）を確認,SUPPORTED,2026-09-30,
Batch 32 Wave 01,B32W1E0151,Career,C001081,organization_id,ORG000055,B32W1S0028,クラブ所属履歴 > 「2020-21 横浜BC」〜「2026-27 横浜BC」,B.LEAGUE公式の所属履歴で在籍を確認（略称表記）,SUPPORTED,2026-09-30,
Batch 32 Wave 01,B32W1E0152,Career,C001081,organization_id,ORG000055,B32W1S0029,順位表 > クラブ「横浜ビー・コルセアーズ」（略称「横浜」、club_detail TeamID=694）,公式順位表で略称とクラブ名・TeamIDの対応を確認,SUPPORTED,2026-09-30,
Batch 32 Wave 01,B32W1E0153,Career,C001081,start,2020,B32W1S0028,クラブ所属履歴 > 「2020-21 横浜BC」,所属履歴の最初のシーズン2020-21の開始年,SUPPORTED,2026-09-30,
Batch 32 Wave 01,B32W1E0154,Career,C001081,organization_id,ORG000055,B32W1S0025,選手一覧 > 横浜BC > キング 開,2026-27シーズンの公式選手一覧で現所属を確認,SUPPORTED,2026-09-30,
Batch 32 Wave 01,B32W1E0155,Person,P000251,name,佐藤 卓磨,B32W1S0030,基本情報 > 選手名,B.LEAGUE公式プロフィールで氏名を確認,SUPPORTED,2026-09-30,
Batch 32 Wave 01,B32W1E0156,Person,P000251,birth_date,1995-05-10,B32W1S0030,基本情報 > 生年月日：1995年5月10日,B.LEAGUE公式プロフィールで生年月日を確認,SUPPORTED,2026-09-30,
Batch 32 Wave 01,B32W1E0157,Career,C001082,organization_id,ORG000243,B32W1S0030,基本情報 > 出身校（高）：東海大学付属第四高等学校(現・東海大学付属札幌高等学校),B.LEAGUE公式プロフィールで出身校（高）を確認,SUPPORTED,2026-09-30,プロフィール上の表記は「東海大学付属第四高等学校(現・東海大学付属札幌高等学校)」
Batch 32 Wave 01,B32W1E0158,Career,C001083,organization_id,ORG000015,B32W1S0030,基本情報 > 出身校（大）：東海大学,B.LEAGUE公式プロフィールで出身校（大）を確認,SUPPORTED,2026-09-30,
Batch 32 Wave 01,B32W1E0159,Career,C001084,organization_id,ORG000153,B32W1S0030,クラブ所属履歴 > 「2017-18 滋賀」〜「2019-20 滋賀」,B.LEAGUE公式の所属履歴で在籍を確認（略称表記）,SUPPORTED,2026-09-30,
Batch 32 Wave 01,B32W1E0160,Career,C001084,organization_id,ORG000153,B32W1S0031,順位表 > クラブ「滋賀レイクスターズ」（略称「滋賀」、club_detail TeamID=698）,公式順位表で略称とクラブ名・TeamIDの対応を確認,SUPPORTED,2026-09-30,
Batch 32 Wave 01,B32W1E0161,Career,C001084,start,2017,B32W1S0030,クラブ所属履歴 > 「2017-18 滋賀」,所属履歴の最初のシーズン2017-18の開始年,SUPPORTED,2026-09-30,
Batch 32 Wave 01,B32W1E0162,Career,C001084,end,2020,B32W1S0030,クラブ所属履歴 > 「2019-20 滋賀」,所属履歴の最後のシーズン2019-20の終了年,SUPPORTED,2026-09-30,
Batch 32 Wave 01,B32W1E0163,Career,C001085,organization_id,ORG000118,B32W1S0030,クラブ所属履歴 > 「2020-21 千葉J」〜「2022-23 千葉J」,B.LEAGUE公式の所属履歴で在籍を確認（略称表記）,SUPPORTED,2026-09-30,
Batch 32 Wave 01,B32W1E0164,Career,C001085,organization_id,ORG000118,B32W1S0029,順位表 > クラブ「千葉ジェッツ」（略称「千葉」、club_detail TeamID=704）,公式順位表で略称とクラブ名・TeamIDの対応を確認,SUPPORTED,2026-09-30,
Batch 32 Wave 01,B32W1E0165,Career,C001085,start,2020,B32W1S0030,クラブ所属履歴 > 「2020-21 千葉J」,所属履歴の最初のシーズン2020-21の開始年,SUPPORTED,2026-09-30,
Batch 32 Wave 01,B32W1E0166,Career,C001085,end,2023,B32W1S0030,クラブ所属履歴 > 「2022-23 千葉J」,所属履歴の最後のシーズン2022-23の終了年,SUPPORTED,2026-09-30,
Batch 32 Wave 01,B32W1E0167,Career,C001086,organization_id,ORG000054,B32W1S0030,クラブ所属履歴 > 「2023-24 名古屋D」〜「2025-26 名古屋D」,B.LEAGUE公式の所属履歴で在籍を確認（略称表記）,SUPPORTED,2026-09-30,
Batch 32 Wave 01,B32W1E0168,Career,C001086,organization_id,ORG000054,B32W1S0002,順位表 > クラブ「名古屋ダイヤモンドドルフィンズ」（略称「名古屋D」、club_detail TeamID=729）,公式順位表で略称とクラブ名・TeamIDの対応を確認,SUPPORTED,2026-09-30,
Batch 32 Wave 01,B32W1E0169,Career,C001086,start,2023,B32W1S0030,クラブ所属履歴 > 「2023-24 名古屋D」,所属履歴の最初のシーズン2023-24の開始年,SUPPORTED,2026-09-30,
Batch 32 Wave 01,B32W1E0170,Career,C001086,end,2026,B32W1S0030,クラブ所属履歴 > 「2025-26 名古屋D」,所属履歴の最後のシーズン2025-26の終了年,SUPPORTED,2026-09-30,
Batch 32 Wave 01,B32W1E0171,Career,C001087,organization_id,ORG000055,B32W1S0030,クラブ所属履歴 > 「2026-27 横浜BC」,B.LEAGUE公式の所属履歴で在籍を確認（略称表記）,SUPPORTED,2026-09-30,
Batch 32 Wave 01,B32W1E0172,Career,C001087,organization_id,ORG000055,B32W1S0022,順位表 > クラブ「横浜ビー・コルセアーズ」（略称「横浜BC」、club_detail TeamID=694）,公式順位表で略称とクラブ名・TeamIDの対応を確認,SUPPORTED,2026-09-30,
Batch 32 Wave 01,B32W1E0173,Career,C001087,start,2026,B32W1S0030,クラブ所属履歴 > 「2026-27 横浜BC」,所属履歴の最初のシーズン2026-27の開始年,SUPPORTED,2026-09-30,
Batch 32 Wave 01,B32W1E0174,Career,C001087,organization_id,ORG000055,B32W1S0025,選手一覧 > 横浜BC > 佐藤 卓磨,2026-27シーズンの公式選手一覧で現所属を確認,SUPPORTED,2026-09-30,
Batch 32 Wave 01,B32W1E0175,Person,P000252,name,前野 幹太,B32W1S0032,基本情報 > 選手名,B.LEAGUE公式プロフィールで氏名を確認,SUPPORTED,2026-09-30,
Batch 32 Wave 01,B32W1E0176,Person,P000252,birth_date,2002-08-12,B32W1S0032,基本情報 > 生年月日：2002年8月12日,B.LEAGUE公式プロフィールで生年月日を確認,SUPPORTED,2026-09-30,
Batch 32 Wave 01,B32W1E0177,Career,C001088,organization_id,ORG000243,B32W1S0032,基本情報 > 出身校（高）：東海大学付属札幌高等学校,B.LEAGUE公式プロフィールで出身校（高）を確認,SUPPORTED,2026-09-30,
Batch 32 Wave 01,B32W1E0178,Career,C001089,organization_id,ORG000015,B32W1S0032,基本情報 > 出身校（大）：東海大学,B.LEAGUE公式プロフィールで出身校（大）を確認,SUPPORTED,2026-09-30,
Batch 32 Wave 01,B32W1E0179,Career,C001090,organization_id,ORG000055,B32W1S0032,クラブ所属履歴 > 「2024-25 横浜BC」〜「2026-27 横浜BC」,B.LEAGUE公式の所属履歴で在籍を確認（略称表記）,SUPPORTED,2026-09-30,
Batch 32 Wave 01,B32W1E0180,Career,C001090,organization_id,ORG000055,B32W1S0009,順位表 > クラブ「横浜ビー・コルセアーズ」（略称「横浜BC」、club_detail TeamID=694）,公式順位表で略称とクラブ名・TeamIDの対応を確認,SUPPORTED,2026-09-30,
Batch 32 Wave 01,B32W1E0181,Career,C001090,start,2024,B32W1S0032,クラブ所属履歴 > 「2024-25 横浜BC」,所属履歴の最初のシーズン2024-25の開始年,SUPPORTED,2026-09-30,
Batch 32 Wave 01,B32W1E0182,Career,C001090,organization_id,ORG000055,B32W1S0025,選手一覧 > 横浜BC > 前野 幹太,2026-27シーズンの公式選手一覧で現所属を確認,SUPPORTED,2026-09-30,
Batch 32 Wave 01,B32W1E0183,Person,P000253,name,カイル・リチャードソン,B32W1S0033,基本情報 > 選手名,B.LEAGUE公式プロフィールで氏名を確認,SUPPORTED,2026-09-30,
Batch 32 Wave 01,B32W1E0184,Person,P000253,birth_date,1991-04-17,B32W1S0033,基本情報 > 生年月日：1991年4月17日,B.LEAGUE公式プロフィールで生年月日を確認,SUPPORTED,2026-09-30,
Batch 32 Wave 01,B32W1E0185,Career,C001091,organization_id,ORG000244,B32W1S0033,基本情報 > 出身校（高）：Mayfair,B.LEAGUE公式プロフィールで出身校（高）を確認,SUPPORTED,2026-09-30,
Batch 32 Wave 01,B32W1E0186,Career,C001092,organization_id,ORG000245,B32W1S0033,基本情報 > 出身校（大）：ポートランド州立大学,B.LEAGUE公式プロフィールで出身校（大）を確認,SUPPORTED,2026-09-30,
Batch 32 Wave 01,B32W1E0187,Career,C001093,organization_id,ORG000190,B32W1S0033,クラブ所属履歴 > 「2016-17 大塚商会」〜「2018-19 越谷」,B.LEAGUE公式の所属履歴で在籍を確認（略称表記）,SUPPORTED,2026-09-30,
Batch 32 Wave 01,B32W1E0188,Career,C001093,organization_id,ORG000190,B32W1S0034,順位表 > クラブ「大塚商会アルファーズ」（略称「大塚商会」、club_detail TeamID=745）,公式順位表で略称とクラブ名・TeamIDの対応を確認,SUPPORTED,2026-09-30,
Batch 32 Wave 01,B32W1E0189,Career,C001093,start,2016,B32W1S0033,クラブ所属履歴 > 「2016-17 大塚商会」,所属履歴の最初のシーズン2016-17の開始年,SUPPORTED,2026-09-30,
Batch 32 Wave 01,B32W1E0190,Career,C001093,end,2019,B32W1S0033,クラブ所属履歴 > 「2018-19 越谷」,所属履歴の最後のシーズン2018-19の終了年,SUPPORTED,2026-09-30,
Batch 32 Wave 01,B32W1E0191,Career,C001094,organization_id,ORG000047,B32W1S0033,クラブ所属履歴 > 「2017-18 栃木」,B.LEAGUE公式の所属履歴で在籍を確認（略称表記）,SUPPORTED,2026-09-30,
Batch 32 Wave 01,B32W1E0192,Career,C001094,organization_id,ORG000047,B32W1S0031,順位表 > クラブ「栃木ブレックス」（略称「栃木」、club_detail TeamID=703）,公式順位表で略称とクラブ名・TeamIDの対応を確認,SUPPORTED,2026-09-30,
Batch 32 Wave 01,B32W1E0193,Career,C001094,start,2017,B32W1S0033,クラブ所属履歴 > 「2017-18 栃木」,所属履歴の最初のシーズン2017-18の開始年,SUPPORTED,2026-09-30,
Batch 32 Wave 01,B32W1E0194,Career,C001094,end,2018,B32W1S0033,クラブ所属履歴 > 「2017-18 栃木」,所属履歴の最後のシーズン2017-18の終了年,SUPPORTED,2026-09-30,
Batch 32 Wave 01,B32W1E0195,Career,C001095,organization_id,ORG000229,B32W1S0033,クラブ所属履歴 > 「2019-20 アイシンAW」〜「2020-21 アイシンAW」,B.LEAGUE公式の所属履歴で在籍を確認（略称表記）,SUPPORTED,2026-09-30,
Batch 32 Wave 01,B32W1E0196,Career,C001095,organization_id,ORG000229,B32W1S0035,順位表 > クラブ「アイシン・エィ・ダブリュ アレイオンズ安城」（略称「アイシンAW」、club_detail TeamID=751）,公式順位表で略称とクラブ名・TeamIDの対応を確認,SUPPORTED,2026-09-30,
Batch 32 Wave 01,B32W1E0197,Career,C001095,start,2019,B32W1S0033,クラブ所属履歴 > 「2019-20 アイシンAW」,所属履歴の最初のシーズン2019-20の開始年,SUPPORTED,2026-09-30,
Batch 32 Wave 01,B32W1E0198,Career,C001095,end,2021,B32W1S0033,クラブ所属履歴 > 「2020-21 アイシンAW」,所属履歴の最後のシーズン2020-21の終了年,SUPPORTED,2026-09-30,
Batch 32 Wave 01,B32W1E0199,Career,C001096,organization_id,ORG000173,B32W1S0033,クラブ所属履歴 > 「2021-22 岩手」,B.LEAGUE公式の所属履歴で在籍を確認（略称表記）,SUPPORTED,2026-09-30,
Batch 32 Wave 01,B32W1E0200,Career,C001096,organization_id,ORG000173,B32W1S0036,順位表 > クラブ「岩手ビッグブルズ」（略称「岩手」、club_detail TeamID=709）,公式順位表で略称とクラブ名・TeamIDの対応を確認,SUPPORTED,2026-09-30,
Batch 32 Wave 01,B32W1E0201,Career,C001096,start,2021,B32W1S0033,クラブ所属履歴 > 「2021-22 岩手」,所属履歴の最初のシーズン2021-22の開始年,SUPPORTED,2026-09-30,
Batch 32 Wave 01,B32W1E0202,Career,C001096,end,2022,B32W1S0033,クラブ所属履歴 > 「2021-22 岩手」,所属履歴の最後のシーズン2021-22の終了年,SUPPORTED,2026-09-30,
Batch 32 Wave 01,B32W1E0203,Career,C001097,organization_id,ORG000224,B32W1S0033,クラブ所属履歴 > 「2022-23 香川」,B.LEAGUE公式の所属履歴で在籍を確認（略称表記）,SUPPORTED,2026-09-30,
Batch 32 Wave 01,B32W1E0204,Career,C001097,organization_id,ORG000224,B32W1S0021,順位表 > クラブ「香川ファイブアローズ」（略称「香川」、club_detail TeamID=722）,公式順位表で略称とクラブ名・TeamIDの対応を確認,SUPPORTED,2026-09-30,
Batch 32 Wave 01,B32W1E0205,Career,C001097,start,2022,B32W1S0033,クラブ所属履歴 > 「2022-23 香川」,所属履歴の最初のシーズン2022-23の開始年,SUPPORTED,2026-09-30,
Batch 32 Wave 01,B32W1E0206,Career,C001097,end,2023,B32W1S0033,クラブ所属履歴 > 「2022-23 香川」,所属履歴の最後のシーズン2022-23の終了年,SUPPORTED,2026-09-30,
Batch 32 Wave 01,B32W1E0207,Career,C001098,organization_id,ORG000101,B32W1S0033,クラブ所属履歴 > 「2023-24 鹿児島」〜「2024-25 鹿児島」,B.LEAGUE公式の所属履歴で在籍を確認（略称表記）,SUPPORTED,2026-09-30,
Batch 32 Wave 01,B32W1E0208,Career,C001098,organization_id,ORG000101,B32W1S0027,順位表 > クラブ「鹿児島レブナイズ」（略称「鹿児島」、club_detail TeamID=725）,公式順位表で略称とクラブ名・TeamIDの対応を確認,SUPPORTED,2026-09-30,
Batch 32 Wave 01,B32W1E0209,Career,C001098,start,2023,B32W1S0033,クラブ所属履歴 > 「2023-24 鹿児島」,所属履歴の最初のシーズン2023-24の開始年,SUPPORTED,2026-09-30,
Batch 32 Wave 01,B32W1E0210,Career,C001098,end,2025,B32W1S0033,クラブ所属履歴 > 「2024-25 鹿児島」,所属履歴の最後のシーズン2024-25の終了年,SUPPORTED,2026-09-30,
Batch 32 Wave 01,B32W1E0211,Career,C001099,organization_id,ORG000190,B32W1S0033,クラブ所属履歴 > 「2024-25 越谷」,B.LEAGUE公式の所属履歴で在籍を確認（略称表記）,SUPPORTED,2026-09-30,
Batch 32 Wave 01,B32W1E0212,Career,C001099,organization_id,ORG000190,B32W1S0009,順位表 > クラブ「越谷アルファーズ」（略称「越谷」、club_detail TeamID=745）,公式順位表で略称とクラブ名・TeamIDの対応を確認,SUPPORTED,2026-09-30,
Batch 32 Wave 01,B32W1E0213,Career,C001099,start,2024,B32W1S0033,クラブ所属履歴 > 「2024-25 越谷」,所属履歴の最初のシーズン2024-25の開始年,SUPPORTED,2026-09-30,
Batch 32 Wave 01,B32W1E0214,Career,C001099,end,2025,B32W1S0033,クラブ所属履歴 > 「2024-25 越谷」,所属履歴の最後のシーズン2024-25の終了年,SUPPORTED,2026-09-30,
Batch 32 Wave 01,B32W1E0215,Career,C001100,organization_id,ORG000054,B32W1S0033,クラブ所属履歴 > 「2025-26 名古屋D」,B.LEAGUE公式の所属履歴で在籍を確認（略称表記）,SUPPORTED,2026-09-30,
Batch 32 Wave 01,B32W1E0216,Career,C001100,organization_id,ORG000054,B32W1S0007,順位表 > クラブ「名古屋ダイヤモンドドルフィンズ」（略称「名古屋D」、club_detail TeamID=729）,公式順位表で略称とクラブ名・TeamIDの対応を確認,SUPPORTED,2026-09-30,
Batch 32 Wave 01,B32W1E0217,Career,C001100,start,2025,B32W1S0033,クラブ所属履歴 > 「2025-26 名古屋D」,所属履歴の最初のシーズン2025-26の開始年,SUPPORTED,2026-09-30,
Batch 32 Wave 01,B32W1E0218,Career,C001100,end,2026,B32W1S0033,クラブ所属履歴 > 「2025-26 名古屋D」,所属履歴の最後のシーズン2025-26の終了年,SUPPORTED,2026-09-30,
Batch 32 Wave 01,B32W1E0219,Career,C001101,organization_id,ORG000055,B32W1S0033,クラブ所属履歴 > 「2026-27 横浜BC」,B.LEAGUE公式の所属履歴で在籍を確認（略称表記）,SUPPORTED,2026-09-30,
Batch 32 Wave 01,B32W1E0220,Career,C001101,organization_id,ORG000055,B32W1S0022,順位表 > クラブ「横浜ビー・コルセアーズ」（略称「横浜BC」、club_detail TeamID=694）,公式順位表で略称とクラブ名・TeamIDの対応を確認,SUPPORTED,2026-09-30,
Batch 32 Wave 01,B32W1E0221,Career,C001101,start,2026,B32W1S0033,クラブ所属履歴 > 「2026-27 横浜BC」,所属履歴の最初のシーズン2026-27の開始年,SUPPORTED,2026-09-30,
Batch 32 Wave 01,B32W1E0222,Career,C001101,organization_id,ORG000055,B32W1S0025,選手一覧 > 横浜BC > カイル・リチャードソン,2026-27シーズンの公式選手一覧で現所属を確認,SUPPORTED,2026-09-30,
Batch 32 Wave 01,B32W1E0223,Person,P000254,name,岡田 雄三,B32W1S0037,基本情報 > 選手名,B.LEAGUE公式プロフィールで氏名を確認,SUPPORTED,2026-09-30,
Batch 32 Wave 01,B32W1E0224,Person,P000254,birth_date,1996-02-09,B32W1S0037,基本情報 > 生年月日：1996年2月9日,B.LEAGUE公式プロフィールで生年月日を確認,SUPPORTED,2026-09-30,
Batch 32 Wave 01,B32W1E0225,Career,C001102,organization_id,ORG000241,B32W1S0037,基本情報 > 出身校（高）：沼津中央高等学校,B.LEAGUE公式プロフィールで出身校（高）を確認,SUPPORTED,2026-09-30,
Batch 32 Wave 01,B32W1E0226,Career,C001103,organization_id,ORG000148,B32W1S0037,基本情報 > 出身校（大）：近畿大学,B.LEAGUE公式プロフィールで出身校（大）を確認,SUPPORTED,2026-09-30,
Batch 32 Wave 01,B32W1E0227,Career,C001104,organization_id,ORG000229,B32W1S0037,クラブ所属履歴 > 「2017-18 アイシンAW」〜「2020-21 アイシンAW」,B.LEAGUE公式の所属履歴で在籍を確認（略称表記）,SUPPORTED,2026-09-30,
Batch 32 Wave 01,B32W1E0228,Career,C001104,organization_id,ORG000229,B32W1S0038,順位表 > クラブ「アイシン・エィ・ダブリュ アレイオンズ安城」（略称「アイシンAW」、club_detail TeamID=751）,公式順位表で略称とクラブ名・TeamIDの対応を確認,SUPPORTED,2026-09-30,
Batch 32 Wave 01,B32W1E0229,Career,C001104,start,2017,B32W1S0037,クラブ所属履歴 > 「2017-18 アイシンAW」,所属履歴の最初のシーズン2017-18の開始年,SUPPORTED,2026-09-30,
Batch 32 Wave 01,B32W1E0230,Career,C001104,end,2021,B32W1S0037,クラブ所属履歴 > 「2020-21 アイシンAW」,所属履歴の最後のシーズン2020-21の終了年,SUPPORTED,2026-09-30,
Batch 32 Wave 01,B32W1E0231,Career,C001105,organization_id,ORG000227,B32W1S0037,クラブ所属履歴 > 「2021-22 静岡」〜「2024-25 静岡」,B.LEAGUE公式の所属履歴で在籍を確認（略称表記）,SUPPORTED,2026-09-30,
Batch 32 Wave 01,B32W1E0232,Career,C001105,organization_id,ORG000227,B32W1S0036,順位表 > クラブ「ベルテックス静岡」（略称「静岡」、club_detail TeamID=1637）,公式順位表で略称とクラブ名・TeamIDの対応を確認,SUPPORTED,2026-09-30,
Batch 32 Wave 01,B32W1E0233,Career,C001105,start,2021,B32W1S0037,クラブ所属履歴 > 「2021-22 静岡」,所属履歴の最初のシーズン2021-22の開始年,SUPPORTED,2026-09-30,
Batch 32 Wave 01,B32W1E0234,Career,C001105,end,2025,B32W1S0037,クラブ所属履歴 > 「2024-25 静岡」,所属履歴の最後のシーズン2024-25の終了年,SUPPORTED,2026-09-30,
Batch 32 Wave 01,B32W1E0235,Career,C001106,organization_id,ORG000149,B32W1S0037,クラブ所属履歴 > 「2025-26 富山」〜「2026-27 富山」,B.LEAGUE公式の所属履歴で在籍を確認（略称表記）,SUPPORTED,2026-09-30,
Batch 32 Wave 01,B32W1E0236,Career,C001106,organization_id,ORG000149,B32W1S0007,順位表 > クラブ「富山グラウジーズ」（略称「富山」、club_detail TeamID=696）,公式順位表で略称とクラブ名・TeamIDの対応を確認,SUPPORTED,2026-09-30,
Batch 32 Wave 01,B32W1E0237,Career,C001106,start,2025,B32W1S0037,クラブ所属履歴 > 「2025-26 富山」,所属履歴の最初のシーズン2025-26の開始年,SUPPORTED,2026-09-30,
Batch 32 Wave 01,B32W1E0238,Career,C001106,organization_id,ORG000149,B32W1S0039,選手一覧 > 富山 > 岡田 雄三,2026-27シーズンの公式選手一覧で現所属を確認,SUPPORTED,2026-09-30,
Batch 32 Wave 01,B32W1E0239,Person,P000255,name,葛原 大智,B32W1S0040,基本情報 > 選手名,B.LEAGUE公式プロフィールで氏名を確認,SUPPORTED,2026-09-30,
Batch 32 Wave 01,B32W1E0240,Person,P000255,birth_date,1996-02-05,B32W1S0040,基本情報 > 生年月日：1996年2月5日,B.LEAGUE公式プロフィールで生年月日を確認,SUPPORTED,2026-09-30,
Batch 32 Wave 01,B32W1E0241,Career,C001107,organization_id,ORG000127,B32W1S0040,基本情報 > 出身校（高）：福岡大学付属大濠高等学校,B.LEAGUE公式プロフィールで出身校（高）を確認,SUPPORTED,2026-09-30,
Batch 32 Wave 01,B32W1E0242,Career,C001108,organization_id,ORG000128,B32W1S0040,基本情報 > 出身校（大）：大東文化大学,B.LEAGUE公式プロフィールで出身校（大）を確認,SUPPORTED,2026-09-30,
Batch 32 Wave 01,B32W1E0243,Career,C001109,organization_id,ORG000149,B32W1S0040,クラブ所属履歴 > 「2017-18 富山」〜「2019-20 富山」,B.LEAGUE公式の所属履歴で在籍を確認（略称表記）,SUPPORTED,2026-09-30,
Batch 32 Wave 01,B32W1E0244,Career,C001109,organization_id,ORG000149,B32W1S0031,順位表 > クラブ「富山グラウジーズ」（略称「富山」、club_detail TeamID=696）,公式順位表で略称とクラブ名・TeamIDの対応を確認,SUPPORTED,2026-09-30,
Batch 32 Wave 01,B32W1E0245,Career,C001109,start,2017,B32W1S0040,クラブ所属履歴 > 「2017-18 富山」,所属履歴の最初のシーズン2017-18の開始年,SUPPORTED,2026-09-30,
Batch 32 Wave 01,B32W1E0246,Career,C001109,end,2020,B32W1S0040,クラブ所属履歴 > 「2019-20 富山」,所属履歴の最後のシーズン2019-20の終了年,SUPPORTED,2026-09-30,
Batch 32 Wave 01,B32W1E0247,Career,C001110,organization_id,ORG000092,B32W1S0040,クラブ所属履歴 > 「2020-21 北海道」〜「2021-22 北海道」,B.LEAGUE公式の所属履歴で在籍を確認（略称表記）,SUPPORTED,2026-09-30,
Batch 32 Wave 01,B32W1E0248,Career,C001110,organization_id,ORG000092,B32W1S0029,順位表 > クラブ「レバンガ北海道」（略称「北海道」、club_detail TeamID=702）,公式順位表で略称とクラブ名・TeamIDの対応を確認,SUPPORTED,2026-09-30,
Batch 32 Wave 01,B32W1E0249,Career,C001110,start,2020,B32W1S0040,クラブ所属履歴 > 「2020-21 北海道」,所属履歴の最初のシーズン2020-21の開始年,SUPPORTED,2026-09-30,
Batch 32 Wave 01,B32W1E0250,Career,C001110,end,2022,B32W1S0040,クラブ所属履歴 > 「2021-22 北海道」,所属履歴の最後のシーズン2021-22の終了年,SUPPORTED,2026-09-30,
Batch 32 Wave 01,B32W1E0251,Career,C001111,organization_id,ORG000180,B32W1S0040,クラブ所属履歴 > 「2022-23 FE名古屋」,B.LEAGUE公式の所属履歴で在籍を確認（略称表記）,SUPPORTED,2026-09-30,
Batch 32 Wave 01,B32W1E0252,Career,C001111,organization_id,ORG000180,B32W1S0041,順位表 > クラブ「ファイティングイーグルス名古屋」（略称「FE名古屋」、club_detail TeamID=717）,公式順位表で略称とクラブ名・TeamIDの対応を確認,SUPPORTED,2026-09-30,
Batch 32 Wave 01,B32W1E0253,Career,C001111,start,2022,B32W1S0040,クラブ所属履歴 > 「2022-23 FE名古屋」,所属履歴の最初のシーズン2022-23の開始年,SUPPORTED,2026-09-30,
Batch 32 Wave 01,B32W1E0254,Career,C001111,end,2023,B32W1S0040,クラブ所属履歴 > 「2022-23 FE名古屋」,所属履歴の最後のシーズン2022-23の終了年,SUPPORTED,2026-09-30,
Batch 32 Wave 01,B32W1E0255,Career,C001112,organization_id,ORG000048,B32W1S0040,クラブ所属履歴 > 「2023-24 佐賀」,B.LEAGUE公式の所属履歴で在籍を確認（略称表記）,SUPPORTED,2026-09-30,
Batch 32 Wave 01,B32W1E0256,Career,C001112,organization_id,ORG000048,B32W1S0002,順位表 > クラブ「佐賀バルーナーズ」（略称「佐賀」、club_detail TeamID=1638）,公式順位表で略称とクラブ名・TeamIDの対応を確認,SUPPORTED,2026-09-30,
Batch 32 Wave 01,B32W1E0257,Career,C001112,start,2023,B32W1S0040,クラブ所属履歴 > 「2023-24 佐賀」,所属履歴の最初のシーズン2023-24の開始年,SUPPORTED,2026-09-30,
Batch 32 Wave 01,B32W1E0258,Career,C001112,end,2024,B32W1S0040,クラブ所属履歴 > 「2023-24 佐賀」,所属履歴の最後のシーズン2023-24の終了年,SUPPORTED,2026-09-30,
Batch 32 Wave 01,B32W1E0259,Career,C001113,organization_id,ORG000149,B32W1S0040,クラブ所属履歴 > 「2025-26 富山」〜「2026-27 富山」,B.LEAGUE公式の所属履歴で在籍を確認（略称表記）,SUPPORTED,2026-09-30,
Batch 32 Wave 01,B32W1E0260,Career,C001113,organization_id,ORG000149,B32W1S0007,順位表 > クラブ「富山グラウジーズ」（略称「富山」、club_detail TeamID=696）,公式順位表で略称とクラブ名・TeamIDの対応を確認,SUPPORTED,2026-09-30,
Batch 32 Wave 01,B32W1E0261,Career,C001113,start,2025,B32W1S0040,クラブ所属履歴 > 「2025-26 富山」,所属履歴の最初のシーズン2025-26の開始年,SUPPORTED,2026-09-30,
Batch 32 Wave 01,B32W1E0262,Career,C001113,organization_id,ORG000149,B32W1S0039,選手一覧 > 富山 > 葛原 大智,2026-27シーズンの公式選手一覧で現所属を確認,SUPPORTED,2026-09-30,
Batch 32 Wave 01,B32W1E0263,Person,P000256,name,ラシード ファラーズ,B32W1S0042,基本情報 > 選手名,B.LEAGUE公式プロフィールで氏名を確認,SUPPORTED,2026-09-30,
Batch 32 Wave 01,B32W1E0264,Person,P000256,birth_date,1997-09-13,B32W1S0042,基本情報 > 生年月日：1997年9月13日,B.LEAGUE公式プロフィールで生年月日を確認,SUPPORTED,2026-09-30,
Batch 32 Wave 01,B32W1E0265,Career,C001114,organization_id,ORG000246,B32W1S0042,基本情報 > 出身校（高）：埼玉県立越谷西高等学校,B.LEAGUE公式プロフィールで出身校（高）を確認,SUPPORTED,2026-09-30,
Batch 32 Wave 01,B32W1E0266,Career,C001115,organization_id,ORG000247,B32W1S0042,基本情報 > 出身校（大）：東洋大学,B.LEAGUE公式プロフィールで出身校（大）を確認,SUPPORTED,2026-09-30,
Batch 32 Wave 01,B32W1E0267,Career,C001116,organization_id,ORG000118,B32W1S0042,クラブ所属履歴 > 「2019-20 千葉」〜「2022-23 千葉J」,B.LEAGUE公式の所属履歴で在籍を確認（略称表記）,SUPPORTED,2026-09-30,
Batch 32 Wave 01,B32W1E0268,Career,C001116,organization_id,ORG000118,B32W1S0043,順位表 > クラブ「千葉ジェッツ」（略称「千葉」、club_detail TeamID=704）,公式順位表で略称とクラブ名・TeamIDの対応を確認,SUPPORTED,2026-09-30,
Batch 32 Wave 01,B32W1E0269,Career,C001116,start,2019,B32W1S0042,クラブ所属履歴 > 「2019-20 千葉」,所属履歴の最初のシーズン2019-20の開始年,SUPPORTED,2026-09-30,
Batch 32 Wave 01,B32W1E0270,Career,C001116,end,2023,B32W1S0042,クラブ所属履歴 > 「2022-23 千葉J」,所属履歴の最後のシーズン2022-23の終了年,SUPPORTED,2026-09-30,
Batch 32 Wave 01,B32W1E0271,Career,C001117,organization_id,ORG000042,B32W1S0042,クラブ所属履歴 > 「2023-24 京都」〜「2025-26 京都」,B.LEAGUE公式の所属履歴で在籍を確認（略称表記）,SUPPORTED,2026-09-30,
Batch 32 Wave 01,B32W1E0272,Career,C001117,organization_id,ORG000042,B32W1S0002,順位表 > クラブ「京都ハンナリーズ」（略称「京都」、club_detail TeamID=699）,公式順位表で略称とクラブ名・TeamIDの対応を確認,SUPPORTED,2026-09-30,
Batch 32 Wave 01,B32W1E0273,Career,C001117,start,2023,B32W1S0042,クラブ所属履歴 > 「2023-24 京都」,所属履歴の最初のシーズン2023-24の開始年,SUPPORTED,2026-09-30,
Batch 32 Wave 01,B32W1E0274,Career,C001117,end,2026,B32W1S0042,クラブ所属履歴 > 「2025-26 京都」,所属履歴の最後のシーズン2025-26の終了年,SUPPORTED,2026-09-30,
Batch 32 Wave 01,B32W1E0275,Career,C001118,organization_id,ORG000149,B32W1S0042,クラブ所属履歴 > 「2026-27 富山」,B.LEAGUE公式の所属履歴で在籍を確認（略称表記）,SUPPORTED,2026-09-30,
Batch 32 Wave 01,B32W1E0276,Career,C001118,organization_id,ORG000149,B32W1S0022,順位表 > クラブ「富山グラウジーズ」（略称「富山」、club_detail TeamID=696）,公式順位表で略称とクラブ名・TeamIDの対応を確認,SUPPORTED,2026-09-30,
Batch 32 Wave 01,B32W1E0277,Career,C001118,start,2026,B32W1S0042,クラブ所属履歴 > 「2026-27 富山」,所属履歴の最初のシーズン2026-27の開始年,SUPPORTED,2026-09-30,
Batch 32 Wave 01,B32W1E0278,Career,C001118,organization_id,ORG000149,B32W1S0039,選手一覧 > 富山 > ラシード ファラーズ,2026-27シーズンの公式選手一覧で現所属を確認,SUPPORTED,2026-09-30,
Batch 32 Wave 01,B32W1E0279,Person,P000257,name,浅井 英矢,B32W1S0044,基本情報 > 選手名,B.LEAGUE公式プロフィールで氏名を確認,SUPPORTED,2026-09-30,
Batch 32 Wave 01,B32W1E0280,Person,P000257,birth_date,2003-02-28,B32W1S0044,基本情報 > 生年月日：2003年2月28日,B.LEAGUE公式プロフィールで生年月日を確認,SUPPORTED,2026-09-30,
Batch 32 Wave 01,B32W1E0281,Career,C001119,organization_id,ORG000248,B32W1S0044,基本情報 > 出身校（高）：福岡県立北筑高等学校,B.LEAGUE公式プロフィールで出身校（高）を確認,SUPPORTED,2026-09-30,
Batch 32 Wave 01,B32W1E0282,Career,C001120,organization_id,ORG000166,B32W1S0044,基本情報 > 出身校（大）：筑波大学,B.LEAGUE公式プロフィールで出身校（大）を確認,SUPPORTED,2026-09-30,
Batch 32 Wave 01,B32W1E0283,Career,C001121,organization_id,ORG000097,B32W1S0044,クラブ所属履歴 > 「2024-25 三遠」〜「2026-27 三遠」,B.LEAGUE公式の所属履歴で在籍を確認（略称表記）,SUPPORTED,2026-09-30,
Batch 32 Wave 01,B32W1E0284,Career,C001121,organization_id,ORG000097,B32W1S0009,順位表 > クラブ「三遠ネオフェニックス」（略称「三遠」、club_detail TeamID=697）,公式順位表で略称とクラブ名・TeamIDの対応を確認,SUPPORTED,2026-09-30,
Batch 32 Wave 01,B32W1E0285,Career,C001121,start,2024,B32W1S0044,クラブ所属履歴 > 「2024-25 三遠」,所属履歴の最初のシーズン2024-25の開始年,SUPPORTED,2026-09-30,
Batch 32 Wave 01,B32W1E0286,Career,C001121,organization_id,ORG000097,B32W1S0045,選手一覧 > 三遠 > 浅井 英矢,2026-27シーズンの公式選手一覧で現所属を確認,SUPPORTED,2026-09-30,
Batch 32 Wave 01,B32W1E0287,Person,P000258,name,菅澤 紀行,B32W1S0046,基本情報 > 選手名,B.LEAGUE公式プロフィールで氏名を確認,SUPPORTED,2026-09-30,
Batch 32 Wave 01,B32W1E0288,Person,P000258,birth_date,1987-02-03,B32W1S0046,基本情報 > 生年月日：1987年2月3日,B.LEAGUE公式プロフィールで生年月日を確認,SUPPORTED,2026-09-30,
Batch 32 Wave 01,B32W1E0289,Career,C001122,organization_id,ORG000249,B32W1S0046,基本情報 > 出身校（高）：沖縄県立石川高等学校,B.LEAGUE公式プロフィールで出身校（高）を確認,SUPPORTED,2026-09-30,
Batch 32 Wave 01,B32W1E0290,Career,C001123,organization_id,ORG000250,B32W1S0046,基本情報 > 出身校（大）：鹿屋体育大学,B.LEAGUE公式プロフィールで出身校（大）を確認,SUPPORTED,2026-09-30,
Batch 32 Wave 01,B32W1E0291,Career,C001124,organization_id,ORG000137,B32W1S0046,クラブ所属履歴 > 「2016-17 秋田」,B.LEAGUE公式の所属履歴で在籍を確認（略称表記）,SUPPORTED,2026-09-30,
Batch 32 Wave 01,B32W1E0292,Career,C001124,organization_id,ORG000137,B32W1S0019,順位表 > クラブ「秋田ノーザンハピネッツ」（略称「秋田」、club_detail TeamID=693）,公式順位表で略称とクラブ名・TeamIDの対応を確認,SUPPORTED,2026-09-30,
Batch 32 Wave 01,B32W1E0293,Career,C001124,start,2016,B32W1S0046,クラブ所属履歴 > 「2016-17 秋田」,所属履歴の最初のシーズン2016-17の開始年,SUPPORTED,2026-09-30,
Batch 32 Wave 01,B32W1E0294,Career,C001124,end,2017,B32W1S0046,クラブ所属履歴 > 「2016-17 秋田」,所属履歴の最後のシーズン2016-17の終了年,SUPPORTED,2026-09-30,
Batch 32 Wave 01,B32W1E0295,Career,C001125,organization_id,ORG000173,B32W1S0046,クラブ所属履歴 > 「2017-18 岩手」,B.LEAGUE公式の所属履歴で在籍を確認（略称表記）,SUPPORTED,2026-09-30,
Batch 32 Wave 01,B32W1E0296,Career,C001125,organization_id,ORG000173,B32W1S0011,順位表 > クラブ「岩手ビッグブルズ」（略称「岩手」、club_detail TeamID=709）,公式順位表で略称とクラブ名・TeamIDの対応を確認,SUPPORTED,2026-09-30,
Batch 32 Wave 01,B32W1E0297,Career,C001125,start,2017,B32W1S0046,クラブ所属履歴 > 「2017-18 岩手」,所属履歴の最初のシーズン2017-18の開始年,SUPPORTED,2026-09-30,
Batch 32 Wave 01,B32W1E0298,Career,C001125,end,2018,B32W1S0046,クラブ所属履歴 > 「2017-18 岩手」,所属履歴の最後のシーズン2017-18の終了年,SUPPORTED,2026-09-30,
Batch 32 Wave 01,B32W1E0299,Career,C001126,organization_id,ORG000132,B32W1S0046,クラブ所属履歴 > 「2018-19 仙台」,B.LEAGUE公式の所属履歴で在籍を確認（略称表記）,SUPPORTED,2026-09-30,
Batch 32 Wave 01,B32W1E0300,Career,C001126,organization_id,ORG000132,B32W1S0047,順位表 > クラブ「仙台89ERS」（略称「仙台」、club_detail TeamID=692）,公式順位表で略称とクラブ名・TeamIDの対応を確認,SUPPORTED,2026-09-30,
Batch 32 Wave 01,B32W1E0301,Career,C001126,start,2018,B32W1S0046,クラブ所属履歴 > 「2018-19 仙台」,所属履歴の最初のシーズン2018-19の開始年,SUPPORTED,2026-09-30,
Batch 32 Wave 01,B32W1E0302,Career,C001126,end,2019,B32W1S0046,クラブ所属履歴 > 「2018-19 仙台」,所属履歴の最後のシーズン2018-19の終了年,SUPPORTED,2026-09-30,
Batch 32 Wave 01,B32W1E0303,Career,C001127,organization_id,ORG000149,B32W1S0046,クラブ所属履歴 > 「2019-20 富山」,B.LEAGUE公式の所属履歴で在籍を確認（略称表記）,SUPPORTED,2026-09-30,
Batch 32 Wave 01,B32W1E0304,Career,C001127,organization_id,ORG000149,B32W1S0043,順位表 > クラブ「富山グラウジーズ」（略称「富山」、club_detail TeamID=696）,公式順位表で略称とクラブ名・TeamIDの対応を確認,SUPPORTED,2026-09-30,
Batch 32 Wave 01,B32W1E0305,Career,C001127,start,2019,B32W1S0046,クラブ所属履歴 > 「2019-20 富山」,所属履歴の最初のシーズン2019-20の開始年,SUPPORTED,2026-09-30,
Batch 32 Wave 01,B32W1E0306,Career,C001127,end,2020,B32W1S0046,クラブ所属履歴 > 「2019-20 富山」,所属履歴の最後のシーズン2019-20の終了年,SUPPORTED,2026-09-30,
Batch 32 Wave 01,B32W1E0307,Career,C001128,organization_id,ORG000042,B32W1S0046,クラブ所属履歴 > 「2020-21 京都」,B.LEAGUE公式の所属履歴で在籍を確認（略称表記）,SUPPORTED,2026-09-30,
Batch 32 Wave 01,B32W1E0308,Career,C001128,organization_id,ORG000042,B32W1S0029,順位表 > クラブ「京都ハンナリーズ」（略称「京都」、club_detail TeamID=699）,公式順位表で略称とクラブ名・TeamIDの対応を確認,SUPPORTED,2026-09-30,
Batch 32 Wave 01,B32W1E0309,Career,C001128,start,2020,B32W1S0046,クラブ所属履歴 > 「2020-21 京都」,所属履歴の最初のシーズン2020-21の開始年,SUPPORTED,2026-09-30,
Batch 32 Wave 01,B32W1E0310,Career,C001128,end,2021,B32W1S0046,クラブ所属履歴 > 「2020-21 京都」,所属履歴の最後のシーズン2020-21の終了年,SUPPORTED,2026-09-30,
Batch 32 Wave 01,B32W1E0311,Career,C001129,organization_id,ORG000135,B32W1S0046,クラブ所属履歴 > 「2021-22 長崎」,B.LEAGUE公式の所属履歴で在籍を確認（略称表記）,SUPPORTED,2026-09-30,
Batch 32 Wave 01,B32W1E0312,Career,C001129,organization_id,ORG000135,B32W1S0036,順位表 > クラブ「長崎ヴェルカ」（略称「長崎」、club_detail TeamID=2488）,公式順位表で略称とクラブ名・TeamIDの対応を確認,SUPPORTED,2026-09-30,
Batch 32 Wave 01,B32W1E0313,Career,C001129,start,2021,B32W1S0046,クラブ所属履歴 > 「2021-22 長崎」,所属履歴の最初のシーズン2021-22の開始年,SUPPORTED,2026-09-30,
Batch 32 Wave 01,B32W1E0314,Career,C001129,end,2022,B32W1S0046,クラブ所属履歴 > 「2021-22 長崎」,所属履歴の最後のシーズン2021-22の終了年,SUPPORTED,2026-09-30,
Batch 32 Wave 01,B32W1E0315,Career,C001130,organization_id,ORG000067,B32W1S0046,クラブ所属履歴 > 「2022-23 熊本」〜「2023-24 熊本」,B.LEAGUE公式の所属履歴で在籍を確認（略称表記）,SUPPORTED,2026-09-30,
Batch 32 Wave 01,B32W1E0316,Career,C001130,organization_id,ORG000067,B32W1S0021,順位表 > クラブ「熊本ヴォルターズ」（略称「熊本」、club_detail TeamID=724）,公式順位表で略称とクラブ名・TeamIDの対応を確認,SUPPORTED,2026-09-30,
Batch 32 Wave 01,B32W1E0317,Career,C001130,start,2022,B32W1S0046,クラブ所属履歴 > 「2022-23 熊本」,所属履歴の最初のシーズン2022-23の開始年,SUPPORTED,2026-09-30,
Batch 32 Wave 01,B32W1E0318,Career,C001130,end,2024,B32W1S0046,クラブ所属履歴 > 「2023-24 熊本」,所属履歴の最後のシーズン2023-24の終了年,SUPPORTED,2026-09-30,
Batch 32 Wave 01,B32W1E0319,Career,C001131,organization_id,ORG000202,B32W1S0046,クラブ所属履歴 > 「2024-25 福島」,B.LEAGUE公式の所属履歴で在籍を確認（略称表記）,SUPPORTED,2026-09-30,
Batch 32 Wave 01,B32W1E0320,Career,C001131,organization_id,ORG000202,B32W1S0048,順位表 > クラブ「福島ファイヤーボンズ」（略称「福島」、club_detail TeamID=711）,公式順位表で略称とクラブ名・TeamIDの対応を確認,SUPPORTED,2026-09-30,
Batch 32 Wave 01,B32W1E0321,Career,C001131,start,2024,B32W1S0046,クラブ所属履歴 > 「2024-25 福島」,所属履歴の最初のシーズン2024-25の開始年,SUPPORTED,2026-09-30,
Batch 32 Wave 01,B32W1E0322,Career,C001131,end,2025,B32W1S0046,クラブ所属履歴 > 「2024-25 福島」,所属履歴の最後のシーズン2024-25の終了年,SUPPORTED,2026-09-30,
Batch 32 Wave 01,B32W1E0323,Career,C001132,organization_id,ORG000135,B32W1S0046,クラブ所属履歴 > 「2025-26 長崎」,B.LEAGUE公式の所属履歴で在籍を確認（略称表記）,SUPPORTED,2026-09-30,
Batch 32 Wave 01,B32W1E0324,Career,C001132,organization_id,ORG000135,B32W1S0007,順位表 > クラブ「長崎ヴェルカ」（略称「長崎」、club_detail TeamID=2488）,公式順位表で略称とクラブ名・TeamIDの対応を確認,SUPPORTED,2026-09-30,
Batch 32 Wave 01,B32W1E0325,Career,C001132,start,2025,B32W1S0046,クラブ所属履歴 > 「2025-26 長崎」,所属履歴の最初のシーズン2025-26の開始年,SUPPORTED,2026-09-30,
Batch 32 Wave 01,B32W1E0326,Career,C001132,end,2026,B32W1S0046,クラブ所属履歴 > 「2025-26 長崎」,所属履歴の最後のシーズン2025-26の終了年,SUPPORTED,2026-09-30,
Batch 32 Wave 01,B32W1E0327,Career,C001133,organization_id,ORG000097,B32W1S0046,クラブ所属履歴 > 「2026-27 三遠」,B.LEAGUE公式の所属履歴で在籍を確認（略称表記）,SUPPORTED,2026-09-30,
Batch 32 Wave 01,B32W1E0328,Career,C001133,organization_id,ORG000097,B32W1S0022,順位表 > クラブ「三遠ネオフェニックス」（略称「三遠」、club_detail TeamID=697）,公式順位表で略称とクラブ名・TeamIDの対応を確認,SUPPORTED,2026-09-30,
Batch 32 Wave 01,B32W1E0329,Career,C001133,start,2026,B32W1S0046,クラブ所属履歴 > 「2026-27 三遠」,所属履歴の最初のシーズン2026-27の開始年,SUPPORTED,2026-09-30,
Batch 32 Wave 01,B32W1E0330,Career,C001133,organization_id,ORG000097,B32W1S0045,選手一覧 > 三遠 > 菅澤 紀行,2026-27シーズンの公式選手一覧で現所属を確認,SUPPORTED,2026-09-30,
Batch 32 Wave 01,B32W1E0331,Person,P000259,name,根本 大,B32W1S0049,基本情報 > 選手名,B.LEAGUE公式プロフィールで氏名を確認,SUPPORTED,2026-09-30,
Batch 32 Wave 01,B32W1E0332,Person,P000259,birth_date,2002-09-11,B32W1S0049,基本情報 > 生年月日：2002年9月11日,B.LEAGUE公式プロフィールで生年月日を確認,SUPPORTED,2026-09-30,
Batch 32 Wave 01,B32W1E0333,Career,C001134,organization_id,ORG000251,B32W1S0049,基本情報 > 出身校（高）：つくば秀英高等学校,B.LEAGUE公式プロフィールで出身校（高）を確認,SUPPORTED,2026-09-30,
Batch 32 Wave 01,B32W1E0334,Career,C001135,organization_id,ORG000208,B32W1S0049,基本情報 > 出身校（大）：白鴎大学,B.LEAGUE公式プロフィールで出身校（大）を確認,SUPPORTED,2026-09-30,
Batch 32 Wave 01,B32W1E0335,Career,C001136,organization_id,ORG000097,B32W1S0049,クラブ所属履歴 > 「2024-25 三遠」〜「2026-27 三遠」,B.LEAGUE公式の所属履歴で在籍を確認（略称表記）,SUPPORTED,2026-09-30,
Batch 32 Wave 01,B32W1E0336,Career,C001136,organization_id,ORG000097,B32W1S0009,順位表 > クラブ「三遠ネオフェニックス」（略称「三遠」、club_detail TeamID=697）,公式順位表で略称とクラブ名・TeamIDの対応を確認,SUPPORTED,2026-09-30,
Batch 32 Wave 01,B32W1E0337,Career,C001136,start,2024,B32W1S0049,クラブ所属履歴 > 「2024-25 三遠」,所属履歴の最初のシーズン2024-25の開始年,SUPPORTED,2026-09-30,
Batch 32 Wave 01,B32W1E0338,Career,C001136,organization_id,ORG000097,B32W1S0045,選手一覧 > 三遠 > 根本 大,2026-27シーズンの公式選手一覧で現所属を確認,SUPPORTED,2026-09-30,
Batch 32 Wave 01,B32W1E0339,Person,P000260,name,ジョシュ・ハレルソン,B32W1S0050,基本情報 > 選手名,B.LEAGUE公式プロフィールで氏名を確認,SUPPORTED,2026-09-30,
Batch 32 Wave 01,B32W1E0340,Person,P000260,birth_date,1989-02-12,B32W1S0050,基本情報 > 生年月日：1989年2月12日,B.LEAGUE公式プロフィールで生年月日を確認,SUPPORTED,2026-09-30,
Batch 32 Wave 01,B32W1E0341,Career,C001137,organization_id,ORG000252,B32W1S0050,基本情報 > 出身校（高）：セントチャールズ高等学校,B.LEAGUE公式プロフィールで出身校（高）を確認,SUPPORTED,2026-09-30,
Batch 32 Wave 01,B32W1E0342,Career,C001138,organization_id,ORG000253,B32W1S0050,基本情報 > 出身校（大）：ケンタッキー大学,B.LEAGUE公式プロフィールで出身校（大）を確認,SUPPORTED,2026-09-30,
Batch 32 Wave 01,B32W1E0343,Career,C001139,organization_id,ORG000142,B32W1S0050,クラブ所属履歴 > 「2016-17 大阪」,B.LEAGUE公式の所属履歴で在籍を確認（略称表記）,SUPPORTED,2026-09-30,
Batch 32 Wave 01,B32W1E0344,Career,C001139,organization_id,ORG000142,B32W1S0019,順位表 > クラブ「大阪エヴェッサ」（略称「大阪」、club_detail TeamID=700）,公式順位表で略称とクラブ名・TeamIDの対応を確認,SUPPORTED,2026-09-30,
Batch 32 Wave 01,B32W1E0345,Career,C001139,start,2016,B32W1S0050,クラブ所属履歴 > 「2016-17 大阪」,所属履歴の最初のシーズン2016-17の開始年,SUPPORTED,2026-09-30,
Batch 32 Wave 01,B32W1E0346,Career,C001139,end,2017,B32W1S0050,クラブ所属履歴 > 「2016-17 大阪」,所属履歴の最後のシーズン2016-17の終了年,SUPPORTED,2026-09-30,
Batch 32 Wave 01,B32W1E0347,Career,C001140,organization_id,ORG000114,B32W1S0050,クラブ所属履歴 > 「2017-18 SR渋谷」,B.LEAGUE公式の所属履歴で在籍を確認（略称表記）,SUPPORTED,2026-09-30,
Batch 32 Wave 01,B32W1E0348,Career,C001140,organization_id,ORG000114,B32W1S0031,順位表 > クラブ「サンロッカーズ渋谷」（略称「SR渋谷」、club_detail TeamID=726）,公式順位表で略称とクラブ名・TeamIDの対応を確認,SUPPORTED,2026-09-30,
Batch 32 Wave 01,B32W1E0349,Career,C001140,start,2017,B32W1S0050,クラブ所属履歴 > 「2017-18 SR渋谷」,所属履歴の最初のシーズン2017-18の開始年,SUPPORTED,2026-09-30,
Batch 32 Wave 01,B32W1E0350,Career,C001140,end,2018,B32W1S0050,クラブ所属履歴 > 「2017-18 SR渋谷」,所属履歴の最後のシーズン2017-18の終了年,SUPPORTED,2026-09-30,
Batch 32 Wave 01,B32W1E0351,Career,C001141,organization_id,ORG000142,B32W1S0050,クラブ所属履歴 > 「2018-19 大阪」〜「2020-21 大阪」,B.LEAGUE公式の所属履歴で在籍を確認（略称表記）,SUPPORTED,2026-09-30,
Batch 32 Wave 01,B32W1E0352,Career,C001141,organization_id,ORG000142,B32W1S0051,順位表 > クラブ「大阪エヴェッサ」（略称「大阪」、club_detail TeamID=700）,公式順位表で略称とクラブ名・TeamIDの対応を確認,SUPPORTED,2026-09-30,
Batch 32 Wave 01,B32W1E0353,Career,C001141,start,2018,B32W1S0050,クラブ所属履歴 > 「2018-19 大阪」,所属履歴の最初のシーズン2018-19の開始年,SUPPORTED,2026-09-30,
Batch 32 Wave 01,B32W1E0354,Career,C001141,end,2021,B32W1S0050,クラブ所属履歴 > 「2020-21 大阪」,所属履歴の最後のシーズン2020-21の終了年,SUPPORTED,2026-09-30,
Batch 32 Wave 01,B32W1E0355,Career,C001142,organization_id,ORG000114,B32W1S0050,クラブ所属履歴 > 「2021-22 SR渋谷」,B.LEAGUE公式の所属履歴で在籍を確認（略称表記）,SUPPORTED,2026-09-30,
Batch 32 Wave 01,B32W1E0356,Career,C001142,organization_id,ORG000114,B32W1S0013,順位表 > クラブ「サンロッカーズ渋谷」（略称「SR渋谷」、club_detail TeamID=726）,公式順位表で略称とクラブ名・TeamIDの対応を確認,SUPPORTED,2026-09-30,
Batch 32 Wave 01,B32W1E0357,Career,C001142,start,2021,B32W1S0050,クラブ所属履歴 > 「2021-22 SR渋谷」,所属履歴の最初のシーズン2021-22の開始年,SUPPORTED,2026-09-30,
Batch 32 Wave 01,B32W1E0358,Career,C001142,end,2022,B32W1S0050,クラブ所属履歴 > 「2021-22 SR渋谷」,所属履歴の最後のシーズン2021-22の終了年,SUPPORTED,2026-09-30,
Batch 32 Wave 01,B32W1E0359,Career,C001143,organization_id,ORG000202,B32W1S0050,クラブ所属履歴 > 「2022-23 福島」,B.LEAGUE公式の所属履歴で在籍を確認（略称表記）,SUPPORTED,2026-09-30,
Batch 32 Wave 01,B32W1E0360,Career,C001143,organization_id,ORG000202,B32W1S0021,順位表 > クラブ「福島ファイヤーボンズ」（略称「福島」、club_detail TeamID=711）,公式順位表で略称とクラブ名・TeamIDの対応を確認,SUPPORTED,2026-09-30,
Batch 32 Wave 01,B32W1E0361,Career,C001143,start,2022,B32W1S0050,クラブ所属履歴 > 「2022-23 福島」,所属履歴の最初のシーズン2022-23の開始年,SUPPORTED,2026-09-30,
Batch 32 Wave 01,B32W1E0362,Career,C001143,end,2023,B32W1S0050,クラブ所属履歴 > 「2022-23 福島」,所属履歴の最後のシーズン2022-23の終了年,SUPPORTED,2026-09-30,
Batch 32 Wave 01,B32W1E0363,Career,C001144,organization_id,ORG000048,B32W1S0050,クラブ所属履歴 > 「2023-24 佐賀」〜「2025-26 佐賀」,B.LEAGUE公式の所属履歴で在籍を確認（略称表記）,SUPPORTED,2026-09-30,
Batch 32 Wave 01,B32W1E0364,Career,C001144,organization_id,ORG000048,B32W1S0002,順位表 > クラブ「佐賀バルーナーズ」（略称「佐賀」、club_detail TeamID=1638）,公式順位表で略称とクラブ名・TeamIDの対応を確認,SUPPORTED,2026-09-30,
Batch 32 Wave 01,B32W1E0365,Career,C001144,start,2023,B32W1S0050,クラブ所属履歴 > 「2023-24 佐賀」,所属履歴の最初のシーズン2023-24の開始年,SUPPORTED,2026-09-30,
Batch 32 Wave 01,B32W1E0366,Career,C001144,end,2026,B32W1S0050,クラブ所属履歴 > 「2025-26 佐賀」,所属履歴の最後のシーズン2025-26の終了年,SUPPORTED,2026-09-30,
Batch 32 Wave 01,B32W1E0367,Career,C001145,organization_id,ORG000097,B32W1S0050,クラブ所属履歴 > 「2026-27 三遠」,B.LEAGUE公式の所属履歴で在籍を確認（略称表記）,SUPPORTED,2026-09-30,
Batch 32 Wave 01,B32W1E0368,Career,C001145,organization_id,ORG000097,B32W1S0022,順位表 > クラブ「三遠ネオフェニックス」（略称「三遠」、club_detail TeamID=697）,公式順位表で略称とクラブ名・TeamIDの対応を確認,SUPPORTED,2026-09-30,
Batch 32 Wave 01,B32W1E0369,Career,C001145,start,2026,B32W1S0050,クラブ所属履歴 > 「2026-27 三遠」,所属履歴の最初のシーズン2026-27の開始年,SUPPORTED,2026-09-30,
Batch 32 Wave 01,B32W1E0370,Career,C001145,organization_id,ORG000097,B32W1S0045,選手一覧 > 三遠 > ジョシュ・ハレルソン,2026-27シーズンの公式選手一覧で現所属を確認,SUPPORTED,2026-09-30,
Batch 32 Wave 01,B32W1E0371,Person,P000261,name,江原 信太朗,B32W1S0052,基本情報 > 選手名,B.LEAGUE公式プロフィールで氏名を確認,SUPPORTED,2026-09-30,
Batch 32 Wave 01,B32W1E0372,Person,P000261,birth_date,2001-08-20,B32W1S0052,基本情報 > 生年月日：2001年8月20日,B.LEAGUE公式プロフィールで生年月日を確認,SUPPORTED,2026-09-30,
Batch 32 Wave 01,B32W1E0373,Career,C001146,organization_id,ORG000254,B32W1S0052,基本情報 > 出身校（高）：実践学園高等学校,B.LEAGUE公式プロフィールで出身校（高）を確認,SUPPORTED,2026-09-30,
Batch 32 Wave 01,B32W1E0374,Career,C001147,organization_id,ORG000015,B32W1S0052,基本情報 > 出身校（大）：東海大学,B.LEAGUE公式プロフィールで出身校（大）を確認,SUPPORTED,2026-09-30,
Batch 32 Wave 01,B32W1E0375,Career,C001148,organization_id,ORG000153,B32W1S0052,クラブ所属履歴 > 「2023-24 滋賀」〜「2026-27 滋賀」,B.LEAGUE公式の所属履歴で在籍を確認（略称表記）,SUPPORTED,2026-09-30,
Batch 32 Wave 01,B32W1E0376,Career,C001148,organization_id,ORG000153,B32W1S0006,順位表 > クラブ「滋賀レイクス」（略称「滋賀」、club_detail TeamID=698）,公式順位表で略称とクラブ名・TeamIDの対応を確認,SUPPORTED,2026-09-30,
Batch 32 Wave 01,B32W1E0377,Career,C001148,start,2023,B32W1S0052,クラブ所属履歴 > 「2023-24 滋賀」,所属履歴の最初のシーズン2023-24の開始年,SUPPORTED,2026-09-30,
Batch 32 Wave 01,B32W1E0378,Career,C001148,organization_id,ORG000153,B32W1S0053,選手一覧 > 滋賀 > 江原 信太朗,2026-27シーズンの公式選手一覧で現所属を確認,SUPPORTED,2026-09-30,
Batch 32 Wave 01,B32W1E0379,Person,P000262,name,駒沢 颯,B32W1S0054,基本情報 > 選手名,B.LEAGUE公式プロフィールで氏名を確認,SUPPORTED,2026-09-30,
Batch 32 Wave 01,B32W1E0380,Person,P000262,birth_date,1998-04-05,B32W1S0054,基本情報 > 生年月日：1998年4月5日,B.LEAGUE公式プロフィールで生年月日を確認,SUPPORTED,2026-09-30,
Batch 32 Wave 01,B32W1E0381,Career,C001149,organization_id,ORG000255,B32W1S0054,基本情報 > 出身校（高）：八戸学院光星高等学校,B.LEAGUE公式プロフィールで出身校（高）を確認,SUPPORTED,2026-09-30,
Batch 32 Wave 01,B32W1E0382,Career,C001150,organization_id,ORG000121,B32W1S0054,基本情報 > 出身校（大）：日本大学,B.LEAGUE公式プロフィールで出身校（大）を確認,SUPPORTED,2026-09-30,
Batch 32 Wave 01,B32W1E0383,Career,C001151,organization_id,ORG000182,B32W1S0054,クラブ所属履歴 > 「2020-21 青森」〜「2021-22 青森」,B.LEAGUE公式の所属履歴で在籍を確認（略称表記）,SUPPORTED,2026-09-30,
Batch 32 Wave 01,B32W1E0384,Career,C001151,organization_id,ORG000182,B32W1S0012,順位表 > クラブ「青森ワッツ」（略称「青森」、club_detail TeamID=708）,公式順位表で略称とクラブ名・TeamIDの対応を確認,SUPPORTED,2026-09-30,
Batch 32 Wave 01,B32W1E0385,Career,C001151,start,2020,B32W1S0054,クラブ所属履歴 > 「2020-21 青森」,所属履歴の最初のシーズン2020-21の開始年,SUPPORTED,2026-09-30,
Batch 32 Wave 01,B32W1E0386,Career,C001151,end,2022,B32W1S0054,クラブ所属履歴 > 「2021-22 青森」,所属履歴の最後のシーズン2021-22の終了年,SUPPORTED,2026-09-30,
Batch 32 Wave 01,B32W1E0387,Career,C001152,organization_id,ORG000190,B32W1S0054,クラブ所属履歴 > 「2022-23 越谷」,B.LEAGUE公式の所属履歴で在籍を確認（略称表記）,SUPPORTED,2026-09-30,
Batch 32 Wave 01,B32W1E0388,Career,C001152,organization_id,ORG000190,B32W1S0021,順位表 > クラブ「越谷アルファーズ」（略称「越谷」、club_detail TeamID=745）,公式順位表で略称とクラブ名・TeamIDの対応を確認,SUPPORTED,2026-09-30,
Batch 32 Wave 01,B32W1E0389,Career,C001152,start,2022,B32W1S0054,クラブ所属履歴 > 「2022-23 越谷」,所属履歴の最初のシーズン2022-23の開始年,SUPPORTED,2026-09-30,
Batch 32 Wave 01,B32W1E0390,Career,C001152,end,2023,B32W1S0054,クラブ所属履歴 > 「2022-23 越谷」,所属履歴の最後のシーズン2022-23の終了年,SUPPORTED,2026-09-30,
Batch 32 Wave 01,B32W1E0391,Career,C001153,organization_id,ORG000067,B32W1S0054,クラブ所属履歴 > 「2023-24 熊本」,B.LEAGUE公式の所属履歴で在籍を確認（略称表記）,SUPPORTED,2026-09-30,
Batch 32 Wave 01,B32W1E0392,Career,C001153,organization_id,ORG000067,B32W1S0006,順位表 > クラブ「熊本ヴォルターズ」（略称「熊本」、club_detail TeamID=724）,公式順位表で略称とクラブ名・TeamIDの対応を確認,SUPPORTED,2026-09-30,
Batch 32 Wave 01,B32W1E0393,Career,C001153,start,2023,B32W1S0054,クラブ所属履歴 > 「2023-24 熊本」,所属履歴の最初のシーズン2023-24の開始年,SUPPORTED,2026-09-30,
Batch 32 Wave 01,B32W1E0394,Career,C001153,end,2024,B32W1S0054,クラブ所属履歴 > 「2023-24 熊本」,所属履歴の最後のシーズン2023-24の終了年,SUPPORTED,2026-09-30,
Batch 32 Wave 01,B32W1E0395,Career,C001154,organization_id,ORG000103,B32W1S0054,クラブ所属履歴 > 「2024-25 茨城」〜「2025-26 茨城」,B.LEAGUE公式の所属履歴で在籍を確認（略称表記）,SUPPORTED,2026-09-30,
Batch 32 Wave 01,B32W1E0396,Career,C001154,organization_id,ORG000103,B32W1S0009,順位表 > クラブ「茨城ロボッツ」（略称「茨城」、club_detail TeamID=712）,公式順位表で略称とクラブ名・TeamIDの対応を確認,SUPPORTED,2026-09-30,
Batch 32 Wave 01,B32W1E0397,Career,C001154,start,2024,B32W1S0054,クラブ所属履歴 > 「2024-25 茨城」,所属履歴の最初のシーズン2024-25の開始年,SUPPORTED,2026-09-30,
Batch 32 Wave 01,B32W1E0398,Career,C001154,end,2026,B32W1S0054,クラブ所属履歴 > 「2025-26 茨城」,所属履歴の最後のシーズン2025-26の終了年,SUPPORTED,2026-09-30,
Batch 32 Wave 01,B32W1E0399,Career,C001155,organization_id,ORG000153,B32W1S0054,クラブ所属履歴 > 「2026-27 滋賀」,B.LEAGUE公式の所属履歴で在籍を確認（略称表記）,SUPPORTED,2026-09-30,
Batch 32 Wave 01,B32W1E0400,Career,C001155,organization_id,ORG000153,B32W1S0022,順位表 > クラブ「滋賀レイクス」（略称「滋賀」、club_detail TeamID=698）,公式順位表で略称とクラブ名・TeamIDの対応を確認,SUPPORTED,2026-09-30,
Batch 32 Wave 01,B32W1E0401,Career,C001155,start,2026,B32W1S0054,クラブ所属履歴 > 「2026-27 滋賀」,所属履歴の最初のシーズン2026-27の開始年,SUPPORTED,2026-09-30,
Batch 32 Wave 01,B32W1E0402,Career,C001155,organization_id,ORG000153,B32W1S0053,選手一覧 > 滋賀 > 駒沢 颯,2026-27シーズンの公式選手一覧で現所属を確認,SUPPORTED,2026-09-30,
Batch 32 Wave 01,B32W1E0403,Person,P000263,name,駒水 大雅 ジャック,B32W1S0055,基本情報 > 選手名,B.LEAGUE公式プロフィールで氏名を確認,SUPPORTED,2026-09-30,
Batch 32 Wave 01,B32W1E0404,Person,P000263,birth_date,1998-11-04,B32W1S0055,基本情報 > 生年月日：1998年11月4日,B.LEAGUE公式プロフィールで生年月日を確認,SUPPORTED,2026-09-30,
Batch 32 Wave 01,B32W1E0405,Career,C001156,organization_id,ORG000256,B32W1S0055,基本情報 > 出身校（高）：Newington College,B.LEAGUE公式プロフィールで出身校（高）を確認,SUPPORTED,2026-09-30,
Batch 32 Wave 01,B32W1E0406,Career,C001157,organization_id,ORG000257,B32W1S0055,基本情報 > 出身校（大）：バーモントテクニカル大学,B.LEAGUE公式プロフィールで出身校（大）を確認,SUPPORTED,2026-09-30,
Batch 32 Wave 01,B32W1E0407,Career,C001158,organization_id,ORG000142,B32W1S0055,クラブ所属履歴 > 「2020-21 大阪」,B.LEAGUE公式の所属履歴で在籍を確認（略称表記）,SUPPORTED,2026-09-30,
Batch 32 Wave 01,B32W1E0408,Career,C001158,organization_id,ORG000142,B32W1S0029,順位表 > クラブ「大阪エヴェッサ」（略称「大阪」、club_detail TeamID=700）,公式順位表で略称とクラブ名・TeamIDの対応を確認,SUPPORTED,2026-09-30,
Batch 32 Wave 01,B32W1E0409,Career,C001158,start,2020,B32W1S0055,クラブ所属履歴 > 「2020-21 大阪」,所属履歴の最初のシーズン2020-21の開始年,SUPPORTED,2026-09-30,
Batch 32 Wave 01,B32W1E0410,Career,C001158,end,2021,B32W1S0055,クラブ所属履歴 > 「2020-21 大阪」,所属履歴の最後のシーズン2020-21の終了年,SUPPORTED,2026-09-30,
Batch 32 Wave 01,B32W1E0411,Career,C001159,organization_id,ORG000048,B32W1S0055,クラブ所属履歴 > 「2021-22 佐賀」,B.LEAGUE公式の所属履歴で在籍を確認（略称表記）,SUPPORTED,2026-09-30,
Batch 32 Wave 01,B32W1E0412,Career,C001159,organization_id,ORG000048,B32W1S0005,順位表 > クラブ「佐賀バルーナーズ」（略称「佐賀」、club_detail TeamID=1638）,公式順位表で略称とクラブ名・TeamIDの対応を確認,SUPPORTED,2026-09-30,
Batch 32 Wave 01,B32W1E0413,Career,C001159,start,2021,B32W1S0055,クラブ所属履歴 > 「2021-22 佐賀」,所属履歴の最初のシーズン2021-22の開始年,SUPPORTED,2026-09-30,
Batch 32 Wave 01,B32W1E0414,Career,C001159,end,2022,B32W1S0055,クラブ所属履歴 > 「2021-22 佐賀」,所属履歴の最後のシーズン2021-22の終了年,SUPPORTED,2026-09-30,
Batch 32 Wave 01,B32W1E0415,Career,C001160,organization_id,ORG000227,B32W1S0055,クラブ所属履歴 > 「2022-23 静岡」,B.LEAGUE公式の所属履歴で在籍を確認（略称表記）,SUPPORTED,2026-09-30,
Batch 32 Wave 01,B32W1E0416,Career,C001160,organization_id,ORG000227,B32W1S0056,順位表 > クラブ「ベルテックス静岡」（略称「静岡」、club_detail TeamID=1637）,公式順位表で略称とクラブ名・TeamIDの対応を確認,SUPPORTED,2026-09-30,
Batch 32 Wave 01,B32W1E0417,Career,C001160,start,2022,B32W1S0055,クラブ所属履歴 > 「2022-23 静岡」,所属履歴の最初のシーズン2022-23の開始年,SUPPORTED,2026-09-30,
Batch 32 Wave 01,B32W1E0418,Career,C001160,end,2023,B32W1S0055,クラブ所属履歴 > 「2022-23 静岡」,所属履歴の最後のシーズン2022-23の終了年,SUPPORTED,2026-09-30,
Batch 32 Wave 01,B32W1E0419,Career,C001161,organization_id,ORG000116,B32W1S0055,クラブ所属履歴 > 「2023-24 徳島」,B.LEAGUE公式の所属履歴で在籍を確認（略称表記）,SUPPORTED,2026-09-30,
Batch 32 Wave 01,B32W1E0420,Career,C001161,organization_id,ORG000116,B32W1S0027,順位表 > クラブ「徳島ガンバロウズ」（略称「徳島」、club_detail TeamID=2890）,公式順位表で略称とクラブ名・TeamIDの対応を確認,SUPPORTED,2026-09-30,
Batch 32 Wave 01,B32W1E0421,Career,C001161,start,2023,B32W1S0055,クラブ所属履歴 > 「2023-24 徳島」,所属履歴の最初のシーズン2023-24の開始年,SUPPORTED,2026-09-30,
Batch 32 Wave 01,B32W1E0422,Career,C001161,end,2024,B32W1S0055,クラブ所属履歴 > 「2023-24 徳島」,所属履歴の最後のシーズン2023-24の終了年,SUPPORTED,2026-09-30,
Batch 32 Wave 01,B32W1E0423,Career,C001162,organization_id,ORG000101,B32W1S0055,クラブ所属履歴 > 「2024-25 鹿児島」〜「2025-26 鹿児島」,B.LEAGUE公式の所属履歴で在籍を確認（略称表記）,SUPPORTED,2026-09-30,
Batch 32 Wave 01,B32W1E0424,Career,C001162,organization_id,ORG000101,B32W1S0048,順位表 > クラブ「鹿児島レブナイズ」（略称「鹿児島」、club_detail TeamID=725）,公式順位表で略称とクラブ名・TeamIDの対応を確認,SUPPORTED,2026-09-30,
Batch 32 Wave 01,B32W1E0425,Career,C001162,start,2024,B32W1S0055,クラブ所属履歴 > 「2024-25 鹿児島」,所属履歴の最初のシーズン2024-25の開始年,SUPPORTED,2026-09-30,
Batch 32 Wave 01,B32W1E0426,Career,C001162,end,2026,B32W1S0055,クラブ所属履歴 > 「2025-26 鹿児島」,所属履歴の最後のシーズン2025-26の終了年,SUPPORTED,2026-09-30,
Batch 32 Wave 01,B32W1E0427,Career,C001163,organization_id,ORG000153,B32W1S0055,クラブ所属履歴 > 「2026-27 滋賀」,B.LEAGUE公式の所属履歴で在籍を確認（略称表記）,SUPPORTED,2026-09-30,
Batch 32 Wave 01,B32W1E0428,Career,C001163,organization_id,ORG000153,B32W1S0022,順位表 > クラブ「滋賀レイクス」（略称「滋賀」、club_detail TeamID=698）,公式順位表で略称とクラブ名・TeamIDの対応を確認,SUPPORTED,2026-09-30,
Batch 32 Wave 01,B32W1E0429,Career,C001163,start,2026,B32W1S0055,クラブ所属履歴 > 「2026-27 滋賀」,所属履歴の最初のシーズン2026-27の開始年,SUPPORTED,2026-09-30,
Batch 32 Wave 01,B32W1E0430,Career,C001163,organization_id,ORG000153,B32W1S0053,選手一覧 > 滋賀 > 駒水 大雅 ジャック,2026-27シーズンの公式選手一覧で現所属を確認,SUPPORTED,2026-09-30,
Batch 32 Wave 01,B32W1E0431,Person,P000264,name,須藤 タイレル拓,B32W1S0057,基本情報 > 選手名,B.LEAGUE公式プロフィールで氏名を確認,SUPPORTED,2026-09-30,
Batch 32 Wave 01,B32W1E0432,Person,P000264,birth_date,2001-04-06,B32W1S0057,基本情報 > 生年月日：2001年4月6日,B.LEAGUE公式プロフィールで生年月日を確認,SUPPORTED,2026-09-30,
Batch 32 Wave 01,B32W1E0433,Career,C001164,organization_id,ORG000258,B32W1S0057,基本情報 > 出身校（高）：横浜清風高等学校,B.LEAGUE公式プロフィールで出身校（高）を確認,SUPPORTED,2026-09-30,
Batch 32 Wave 01,B32W1E0434,Career,C001165,organization_id,ORG000259,B32W1S0057,基本情報 > 出身校（大）：Gardner Webb University,B.LEAGUE公式プロフィールで出身校（大）を確認,SUPPORTED,2026-09-30,
Batch 32 Wave 01,B32W1E0435,Career,C001166,organization_id,ORG000180,B32W1S0057,クラブ所属履歴 > 「2025-26 FE名古屋」,B.LEAGUE公式の所属履歴で在籍を確認（略称表記）,SUPPORTED,2026-09-30,
Batch 32 Wave 01,B32W1E0436,Career,C001166,organization_id,ORG000180,B32W1S0007,順位表 > クラブ「ファイティングイーグルス名古屋」（略称「FE名古屋」、club_detail TeamID=717）,公式順位表で略称とクラブ名・TeamIDの対応を確認,SUPPORTED,2026-09-30,
Batch 32 Wave 01,B32W1E0437,Career,C001166,start,2025,B32W1S0057,クラブ所属履歴 > 「2025-26 FE名古屋」,所属履歴の最初のシーズン2025-26の開始年,SUPPORTED,2026-09-30,
Batch 32 Wave 01,B32W1E0438,Career,C001166,end,2026,B32W1S0057,クラブ所属履歴 > 「2025-26 FE名古屋」,所属履歴の最後のシーズン2025-26の終了年,SUPPORTED,2026-09-30,
Batch 32 Wave 01,B32W1E0439,Career,C001167,organization_id,ORG000153,B32W1S0057,クラブ所属履歴 > 「2026-27 滋賀」,B.LEAGUE公式の所属履歴で在籍を確認（略称表記）,SUPPORTED,2026-09-30,
Batch 32 Wave 01,B32W1E0440,Career,C001167,organization_id,ORG000153,B32W1S0022,順位表 > クラブ「滋賀レイクス」（略称「滋賀」、club_detail TeamID=698）,公式順位表で略称とクラブ名・TeamIDの対応を確認,SUPPORTED,2026-09-30,
Batch 32 Wave 01,B32W1E0441,Career,C001167,start,2026,B32W1S0057,クラブ所属履歴 > 「2026-27 滋賀」,所属履歴の最初のシーズン2026-27の開始年,SUPPORTED,2026-09-30,
Batch 32 Wave 01,B32W1E0442,Career,C001167,organization_id,ORG000153,B32W1S0053,選手一覧 > 滋賀 > 須藤 タイレル拓,2026-27シーズンの公式選手一覧で現所属を確認,SUPPORTED,2026-09-30,
Batch 32 Wave 01,B32W1E0443,Person,P000265,name,野本 大智,B32W1S0058,基本情報 > 選手名,B.LEAGUE公式プロフィールで氏名を確認,SUPPORTED,2026-09-30,
Batch 32 Wave 01,B32W1E0444,Person,P000265,birth_date,1998-06-25,B32W1S0058,基本情報 > 生年月日：1998年6月25日,B.LEAGUE公式プロフィールで生年月日を確認,SUPPORTED,2026-09-30,
Batch 32 Wave 01,B32W1E0445,Career,C001168,organization_id,ORG000260,B32W1S0058,基本情報 > 出身校（高）：群馬県立高崎高等学校,B.LEAGUE公式プロフィールで出身校（高）を確認,SUPPORTED,2026-09-30,
Batch 32 Wave 01,B32W1E0446,Career,C001169,organization_id,ORG000166,B32W1S0058,基本情報 > 出身校（大）：筑波大学,B.LEAGUE公式プロフィールで出身校（大）を確認,SUPPORTED,2026-09-30,
Batch 32 Wave 01,B32W1E0447,Career,C001170,organization_id,ORG000153,B32W1S0058,クラブ所属履歴 > 「2020-21 滋賀」〜「2026-27 滋賀」,B.LEAGUE公式の所属履歴で在籍を確認（略称表記）,SUPPORTED,2026-09-30,
Batch 32 Wave 01,B32W1E0448,Career,C001170,organization_id,ORG000153,B32W1S0029,順位表 > クラブ「滋賀レイクスターズ」（略称「滋賀」、club_detail TeamID=698）,公式順位表で略称とクラブ名・TeamIDの対応を確認,SUPPORTED,2026-09-30,
Batch 32 Wave 01,B32W1E0449,Career,C001170,start,2020,B32W1S0058,クラブ所属履歴 > 「2020-21 滋賀」,所属履歴の最初のシーズン2020-21の開始年,SUPPORTED,2026-09-30,
Batch 32 Wave 01,B32W1E0450,Career,C001170,organization_id,ORG000153,B32W1S0053,選手一覧 > 滋賀 > 野本 大智,2026-27シーズンの公式選手一覧で現所属を確認,SUPPORTED,2026-09-30,
Batch 32 Wave 01,B32W1E0451,Person,P000266,name,澁田 怜音,B32W1S0059,基本情報 > 選手名,B.LEAGUE公式プロフィールで氏名を確認,SUPPORTED,2026-09-30,
Batch 32 Wave 01,B32W1E0452,Person,P000266,birth_date,1998-08-22,B32W1S0059,基本情報 > 生年月日：1998年8月22日,B.LEAGUE公式プロフィールで生年月日を確認,SUPPORTED,2026-09-30,
Batch 32 Wave 01,B32W1E0453,Career,C001171,organization_id,ORG000261,B32W1S0059,基本情報 > 出身校（高）：岩手県立盛岡南高等学校,B.LEAGUE公式プロフィールで出身校（高）を確認,SUPPORTED,2026-09-30,
Batch 32 Wave 01,B32W1E0454,Career,C001172,organization_id,ORG000212,B32W1S0059,基本情報 > 出身校（大）：駒澤大学,B.LEAGUE公式プロフィールで出身校（大）を確認,SUPPORTED,2026-09-30,
Batch 32 Wave 01,B32W1E0455,Career,C001173,organization_id,ORG000173,B32W1S0059,クラブ所属履歴 > 「2016-17 岩手」〜「2017-18 岩手」,B.LEAGUE公式の所属履歴で在籍を確認（略称表記）,SUPPORTED,2026-09-30,
Batch 32 Wave 01,B32W1E0456,Career,C001173,organization_id,ORG000173,B32W1S0060,順位表 > クラブ「岩手ビッグブルズ」（略称「岩手」、club_detail TeamID=709）,公式順位表で略称とクラブ名・TeamIDの対応を確認,SUPPORTED,2026-09-30,
Batch 32 Wave 01,B32W1E0457,Career,C001173,start,2016,B32W1S0059,クラブ所属履歴 > 「2016-17 岩手」,所属履歴の最初のシーズン2016-17の開始年,SUPPORTED,2026-09-30,
Batch 32 Wave 01,B32W1E0458,Career,C001173,end,2018,B32W1S0059,クラブ所属履歴 > 「2017-18 岩手」,所属履歴の最後のシーズン2017-18の終了年,SUPPORTED,2026-09-30,
Batch 32 Wave 01,B32W1E0459,Career,C001174,organization_id,ORG000048,B32W1S0059,クラブ所属履歴 > 「2019-20 佐賀」〜「2020-21 佐賀」,B.LEAGUE公式の所属履歴で在籍を確認（略称表記）,SUPPORTED,2026-09-30,
Batch 32 Wave 01,B32W1E0460,Career,C001174,organization_id,ORG000048,B32W1S0035,順位表 > クラブ「佐賀バルーナーズ」（略称「佐賀」、club_detail TeamID=1638）,公式順位表で略称とクラブ名・TeamIDの対応を確認,SUPPORTED,2026-09-30,
Batch 32 Wave 01,B32W1E0461,Career,C001174,start,2019,B32W1S0059,クラブ所属履歴 > 「2019-20 佐賀」,所属履歴の最初のシーズン2019-20の開始年,SUPPORTED,2026-09-30,
Batch 32 Wave 01,B32W1E0462,Career,C001174,end,2021,B32W1S0059,クラブ所属履歴 > 「2020-21 佐賀」,所属履歴の最後のシーズン2020-21の終了年,SUPPORTED,2026-09-30,
Batch 32 Wave 01,B32W1E0463,Career,C001175,organization_id,ORG000153,B32W1S0059,クラブ所属履歴 > 「2021-22 滋賀」,B.LEAGUE公式の所属履歴で在籍を確認（略称表記）,SUPPORTED,2026-09-30,
Batch 32 Wave 01,B32W1E0464,Career,C001175,organization_id,ORG000153,B32W1S0013,順位表 > クラブ「滋賀レイクスターズ」（略称「滋賀」、club_detail TeamID=698）,公式順位表で略称とクラブ名・TeamIDの対応を確認,SUPPORTED,2026-09-30,
Batch 32 Wave 01,B32W1E0465,Career,C001175,start,2021,B32W1S0059,クラブ所属履歴 > 「2021-22 滋賀」,所属履歴の最初のシーズン2021-22の開始年,SUPPORTED,2026-09-30,
Batch 32 Wave 01,B32W1E0466,Career,C001175,end,2022,B32W1S0059,クラブ所属履歴 > 「2021-22 滋賀」,所属履歴の最後のシーズン2021-22の終了年,SUPPORTED,2026-09-30,
Batch 32 Wave 01,B32W1E0467,Career,C001176,organization_id,ORG000052,B32W1S0059,クラブ所属履歴 > 「2022-23 新潟」,B.LEAGUE公式の所属履歴で在籍を確認（略称表記）,SUPPORTED,2026-09-30,
Batch 32 Wave 01,B32W1E0468,Career,C001176,organization_id,ORG000052,B32W1S0041,順位表 > クラブ「新潟アルビレックスBB」（略称「新潟」、club_detail TeamID=695）,公式順位表で略称とクラブ名・TeamIDの対応を確認,SUPPORTED,2026-09-30,
Batch 32 Wave 01,B32W1E0469,Career,C001176,start,2022,B32W1S0059,クラブ所属履歴 > 「2022-23 新潟」,所属履歴の最初のシーズン2022-23の開始年,SUPPORTED,2026-09-30,
Batch 32 Wave 01,B32W1E0470,Career,C001176,end,2023,B32W1S0059,クラブ所属履歴 > 「2022-23 新潟」,所属履歴の最後のシーズン2022-23の終了年,SUPPORTED,2026-09-30,
Batch 32 Wave 01,B32W1E0471,Career,C001177,organization_id,ORG000042,B32W1S0059,クラブ所属履歴 > 「2023-24 京都」〜「2026-27 京都」,B.LEAGUE公式の所属履歴で在籍を確認（略称表記）,SUPPORTED,2026-09-30,
Batch 32 Wave 01,B32W1E0472,Career,C001177,organization_id,ORG000042,B32W1S0002,順位表 > クラブ「京都ハンナリーズ」（略称「京都」、club_detail TeamID=699）,公式順位表で略称とクラブ名・TeamIDの対応を確認,SUPPORTED,2026-09-30,
Batch 32 Wave 01,B32W1E0473,Career,C001177,start,2023,B32W1S0059,クラブ所属履歴 > 「2023-24 京都」,所属履歴の最初のシーズン2023-24の開始年,SUPPORTED,2026-09-30,
Batch 32 Wave 01,B32W1E0474,Career,C001177,organization_id,ORG000042,B32W1S0061,選手一覧 > 京都 > 澁田 怜音,2026-27シーズンの公式選手一覧で現所属を確認,SUPPORTED,2026-09-30,
Batch 32 Wave 01,B32W1E0475,Person,P000267,name,ホール 百音 アレックス,B32W1S0062,基本情報 > 選手名,B.LEAGUE公式プロフィールで氏名を確認,SUPPORTED,2026-09-30,
Batch 32 Wave 01,B32W1E0476,Person,P000267,birth_date,1999-05-19,B32W1S0062,基本情報 > 生年月日：1999年5月19日,B.LEAGUE公式プロフィールで生年月日を確認,SUPPORTED,2026-09-30,
Batch 32 Wave 01,B32W1E0477,Career,C001178,organization_id,ORG000262,B32W1S0062,基本情報 > 出身校（高）：昌平高等学校、セントトーマスモアスクール,B.LEAGUE公式プロフィールで出身校（高）を確認,SUPPORTED,2026-09-30,
Batch 32 Wave 01,B32W1E0478,Career,C001179,organization_id,ORG000108,B32W1S0062,基本情報 > 出身校（高）：昌平高等学校、セントトーマスモアスクール,B.LEAGUE公式プロフィールで出身校（高）を確認,SUPPORTED,2026-09-30,
Batch 32 Wave 01,B32W1E0479,Career,C001180,organization_id,ORG000055,B32W1S0062,クラブ所属履歴 > 「2019-20 横浜」,B.LEAGUE公式の所属履歴で在籍を確認（略称表記）,SUPPORTED,2026-09-30,
Batch 32 Wave 01,B32W1E0480,Career,C001180,organization_id,ORG000055,B32W1S0043,順位表 > クラブ「横浜ビー・コルセアーズ」（略称「横浜」、club_detail TeamID=694）,公式順位表で略称とクラブ名・TeamIDの対応を確認,SUPPORTED,2026-09-30,
Batch 32 Wave 01,B32W1E0481,Career,C001180,start,2019,B32W1S0062,クラブ所属履歴 > 「2019-20 横浜」,所属履歴の最初のシーズン2019-20の開始年,SUPPORTED,2026-09-30,
Batch 32 Wave 01,B32W1E0482,Career,C001180,end,2020,B32W1S0062,クラブ所属履歴 > 「2019-20 横浜」,所属履歴の最後のシーズン2019-20の終了年,SUPPORTED,2026-09-30,
Batch 32 Wave 01,B32W1E0483,Career,C001181,organization_id,ORG000190,B32W1S0062,クラブ所属履歴 > 「2020-21 越谷」,B.LEAGUE公式の所属履歴で在籍を確認（略称表記）,SUPPORTED,2026-09-30,
Batch 32 Wave 01,B32W1E0484,Career,C001181,organization_id,ORG000190,B32W1S0012,順位表 > クラブ「越谷アルファーズ」（略称「越谷」、club_detail TeamID=745）,公式順位表で略称とクラブ名・TeamIDの対応を確認,SUPPORTED,2026-09-30,
Batch 32 Wave 01,B32W1E0485,Career,C001181,start,2020,B32W1S0062,クラブ所属履歴 > 「2020-21 越谷」,所属履歴の最初のシーズン2020-21の開始年,SUPPORTED,2026-09-30,
Batch 32 Wave 01,B32W1E0486,Career,C001181,end,2021,B32W1S0062,クラブ所属履歴 > 「2020-21 越谷」,所属履歴の最後のシーズン2020-21の終了年,SUPPORTED,2026-09-30,
Batch 32 Wave 01,B32W1E0487,Career,C001182,organization_id,ORG000182,B32W1S0062,クラブ所属履歴 > 「2022-23 青森」〜「2024-25 青森」,B.LEAGUE公式の所属履歴で在籍を確認（略称表記）,SUPPORTED,2026-09-30,
Batch 32 Wave 01,B32W1E0488,Career,C001182,organization_id,ORG000182,B32W1S0021,順位表 > クラブ「青森ワッツ」（略称「青森」、club_detail TeamID=708）,公式順位表で略称とクラブ名・TeamIDの対応を確認,SUPPORTED,2026-09-30,
Batch 32 Wave 01,B32W1E0489,Career,C001182,start,2022,B32W1S0062,クラブ所属履歴 > 「2022-23 青森」,所属履歴の最初のシーズン2022-23の開始年,SUPPORTED,2026-09-30,
Batch 32 Wave 01,B32W1E0490,Career,C001182,end,2025,B32W1S0062,クラブ所属履歴 > 「2024-25 青森」,所属履歴の最後のシーズン2024-25の終了年,SUPPORTED,2026-09-30,
Batch 32 Wave 01,B32W1E0491,Career,C001183,organization_id,ORG000042,B32W1S0062,クラブ所属履歴 > 「2025-26 京都」〜「2026-27 京都」,B.LEAGUE公式の所属履歴で在籍を確認（略称表記）,SUPPORTED,2026-09-30,
Batch 32 Wave 01,B32W1E0492,Career,C001183,organization_id,ORG000042,B32W1S0007,順位表 > クラブ「京都ハンナリーズ」（略称「京都」、club_detail TeamID=699）,公式順位表で略称とクラブ名・TeamIDの対応を確認,SUPPORTED,2026-09-30,
Batch 32 Wave 01,B32W1E0493,Career,C001183,start,2025,B32W1S0062,クラブ所属履歴 > 「2025-26 京都」,所属履歴の最初のシーズン2025-26の開始年,SUPPORTED,2026-09-30,
Batch 32 Wave 01,B32W1E0494,Career,C001183,organization_id,ORG000042,B32W1S0061,選手一覧 > 京都 > ホール 百音 アレックス,2026-27シーズンの公式選手一覧で現所属を確認,SUPPORTED,2026-09-30,
Batch 32 Wave 01,B32W1E0495,Person,P000268,name,前田 悟,B32W1S0063,基本情報 > 選手名,B.LEAGUE公式プロフィールで氏名を確認,SUPPORTED,2026-09-30,
Batch 32 Wave 01,B32W1E0496,Person,P000268,birth_date,1997-03-06,B32W1S0063,基本情報 > 生年月日：1997年3月6日,B.LEAGUE公式プロフィールで生年月日を確認,SUPPORTED,2026-09-30,
Batch 32 Wave 01,B32W1E0497,Career,C001184,organization_id,ORG000263,B32W1S0063,基本情報 > 出身校（高）：山形県立山形南高等学校,B.LEAGUE公式プロフィールで出身校（高）を確認,SUPPORTED,2026-09-30,
Batch 32 Wave 01,B32W1E0498,Career,C001185,organization_id,ORG000030,B32W1S0063,基本情報 > 出身校（大）：青山学院大学,B.LEAGUE公式プロフィールで出身校（大）を確認,SUPPORTED,2026-09-30,
Batch 32 Wave 01,B32W1E0499,Career,C001186,organization_id,ORG000149,B32W1S0063,クラブ所属履歴 > 「2018-19 富山」〜「2020-21 富山」,B.LEAGUE公式の所属履歴で在籍を確認（略称表記）,SUPPORTED,2026-09-30,
Batch 32 Wave 01,B32W1E0500,Career,C001186,organization_id,ORG000149,B32W1S0051,順位表 > クラブ「富山グラウジーズ」（略称「富山」、club_detail TeamID=696）,公式順位表で略称とクラブ名・TeamIDの対応を確認,SUPPORTED,2026-09-30,
Batch 32 Wave 01,B32W1E0501,Career,C001186,start,2018,B32W1S0063,クラブ所属履歴 > 「2018-19 富山」,所属履歴の最初のシーズン2018-19の開始年,SUPPORTED,2026-09-30,
Batch 32 Wave 01,B32W1E0502,Career,C001186,end,2021,B32W1S0063,クラブ所属履歴 > 「2020-21 富山」,所属履歴の最後のシーズン2020-21の終了年,SUPPORTED,2026-09-30,
Batch 32 Wave 01,B32W1E0503,Career,C001187,organization_id,ORG000122,B32W1S0063,クラブ所属履歴 > 「2021-22 川崎」〜「2022-23 川崎」,B.LEAGUE公式の所属履歴で在籍を確認（略称表記）,SUPPORTED,2026-09-30,
Batch 32 Wave 01,B32W1E0504,Career,C001187,organization_id,ORG000122,B32W1S0013,順位表 > クラブ「川崎ブレイブサンダース」（略称「川崎」、club_detail TeamID=727）,公式順位表で略称とクラブ名・TeamIDの対応を確認,SUPPORTED,2026-09-30,
Batch 32 Wave 01,B32W1E0505,Career,C001187,start,2021,B32W1S0063,クラブ所属履歴 > 「2021-22 川崎」,所属履歴の最初のシーズン2021-22の開始年,SUPPORTED,2026-09-30,
Batch 32 Wave 01,B32W1E0506,Career,C001187,end,2023,B32W1S0063,クラブ所属履歴 > 「2022-23 川崎」,所属履歴の最後のシーズン2022-23の終了年,SUPPORTED,2026-09-30,
Batch 32 Wave 01,B32W1E0507,Career,C001188,organization_id,ORG000042,B32W1S0063,クラブ所属履歴 > 「2023-24 京都」〜「2026-27 京都」,B.LEAGUE公式の所属履歴で在籍を確認（略称表記）,SUPPORTED,2026-09-30,
Batch 32 Wave 01,B32W1E0508,Career,C001188,organization_id,ORG000042,B32W1S0002,順位表 > クラブ「京都ハンナリーズ」（略称「京都」、club_detail TeamID=699）,公式順位表で略称とクラブ名・TeamIDの対応を確認,SUPPORTED,2026-09-30,
Batch 32 Wave 01,B32W1E0509,Career,C001188,start,2023,B32W1S0063,クラブ所属履歴 > 「2023-24 京都」,所属履歴の最初のシーズン2023-24の開始年,SUPPORTED,2026-09-30,
Batch 32 Wave 01,B32W1E0510,Career,C001188,organization_id,ORG000042,B32W1S0061,選手一覧 > 京都 > 前田 悟,2026-27シーズンの公式選手一覧で現所属を確認,SUPPORTED,2026-09-30,
Batch 32 Wave 01,B32W1E0511,Person,P000269,name,水野 幹太,B32W1S0064,基本情報 > 選手名,B.LEAGUE公式プロフィールで氏名を確認,SUPPORTED,2026-09-30,
Batch 32 Wave 01,B32W1E0512,Person,P000269,birth_date,1998-06-04,B32W1S0064,基本情報 > 生年月日：1998年6月4日,B.LEAGUE公式プロフィールで生年月日を確認,SUPPORTED,2026-09-30,
Batch 32 Wave 01,B32W1E0513,Career,C001189,organization_id,ORG000233,B32W1S0064,基本情報 > 出身校（高）：福島県立福島南高等学校,B.LEAGUE公式プロフィールで出身校（高）を確認,SUPPORTED,2026-09-30,
Batch 32 Wave 01,B32W1E0514,Career,C001190,organization_id,ORG000207,B32W1S0064,基本情報 > 出身校（大）：法政大学,B.LEAGUE公式プロフィールで出身校（大）を確認,SUPPORTED,2026-09-30,
Batch 32 Wave 01,B32W1E0515,Career,C001191,organization_id,ORG000202,B32W1S0064,クラブ所属履歴 > 「2016-17 福島」〜「2017-18 福島」,B.LEAGUE公式の所属履歴で在籍を確認（略称表記）,SUPPORTED,2026-09-30,
Batch 32 Wave 01,B32W1E0516,Career,C001191,organization_id,ORG000202,B32W1S0060,順位表 > クラブ「福島ファイヤーボンズ」（略称「福島」、club_detail TeamID=711）,公式順位表で略称とクラブ名・TeamIDの対応を確認,SUPPORTED,2026-09-30,
Batch 32 Wave 01,B32W1E0517,Career,C001191,start,2016,B32W1S0064,クラブ所属履歴 > 「2016-17 福島」,所属履歴の最初のシーズン2016-17の開始年,SUPPORTED,2026-09-30,
Batch 32 Wave 01,B32W1E0518,Career,C001191,end,2018,B32W1S0064,クラブ所属履歴 > 「2017-18 福島」,所属履歴の最後のシーズン2017-18の終了年,SUPPORTED,2026-09-30,
Batch 32 Wave 01,B32W1E0519,Career,C001192,organization_id,ORG000122,B32W1S0064,クラブ所属履歴 > 「2019-20 川崎」,B.LEAGUE公式の所属履歴で在籍を確認（略称表記）,SUPPORTED,2026-09-30,
Batch 32 Wave 01,B32W1E0520,Career,C001192,organization_id,ORG000122,B32W1S0043,順位表 > クラブ「川崎ブレイブサンダース」（略称「川崎」、club_detail TeamID=727）,公式順位表で略称とクラブ名・TeamIDの対応を確認,SUPPORTED,2026-09-30,
Batch 32 Wave 01,B32W1E0521,Career,C001192,start,2019,B32W1S0064,クラブ所属履歴 > 「2019-20 川崎」,所属履歴の最初のシーズン2019-20の開始年,SUPPORTED,2026-09-30,
Batch 32 Wave 01,B32W1E0522,Career,C001192,end,2020,B32W1S0064,クラブ所属履歴 > 「2019-20 川崎」,所属履歴の最後のシーズン2019-20の終了年,SUPPORTED,2026-09-30,
Batch 32 Wave 01,B32W1E0523,Career,C001193,organization_id,ORG000052,B32W1S0064,クラブ所属履歴 > 「2020-21 新潟」,B.LEAGUE公式の所属履歴で在籍を確認（略称表記）,SUPPORTED,2026-09-30,
Batch 32 Wave 01,B32W1E0524,Career,C001193,organization_id,ORG000052,B32W1S0029,順位表 > クラブ「新潟アルビレックスBB」（略称「新潟」、club_detail TeamID=695）,公式順位表で略称とクラブ名・TeamIDの対応を確認,SUPPORTED,2026-09-30,
Batch 32 Wave 01,B32W1E0525,Career,C001193,start,2020,B32W1S0064,クラブ所属履歴 > 「2020-21 新潟」,所属履歴の最初のシーズン2020-21の開始年,SUPPORTED,2026-09-30,
Batch 32 Wave 01,B32W1E0526,Career,C001193,end,2021,B32W1S0064,クラブ所属履歴 > 「2020-21 新潟」,所属履歴の最後のシーズン2020-21の終了年,SUPPORTED,2026-09-30,
Batch 32 Wave 01,B32W1E0527,Career,C001194,organization_id,ORG000202,B32W1S0064,クラブ所属履歴 > 「2021-22 福島」,B.LEAGUE公式の所属履歴で在籍を確認（略称表記）,SUPPORTED,2026-09-30,
Batch 32 Wave 01,B32W1E0528,Career,C001194,organization_id,ORG000202,B32W1S0005,順位表 > クラブ「福島ファイヤーボンズ」（略称「福島」、club_detail TeamID=711）,公式順位表で略称とクラブ名・TeamIDの対応を確認,SUPPORTED,2026-09-30,
Batch 32 Wave 01,B32W1E0529,Career,C001194,start,2021,B32W1S0064,クラブ所属履歴 > 「2021-22 福島」,所属履歴の最初のシーズン2021-22の開始年,SUPPORTED,2026-09-30,
Batch 32 Wave 01,B32W1E0530,Career,C001194,end,2022,B32W1S0064,クラブ所属履歴 > 「2021-22 福島」,所属履歴の最後のシーズン2021-22の終了年,SUPPORTED,2026-09-30,
Batch 32 Wave 01,B32W1E0531,Career,C001195,organization_id,ORG000042,B32W1S0064,クラブ所属履歴 > 「2022-23 京都」〜「2024-25 京都」,B.LEAGUE公式の所属履歴で在籍を確認（略称表記）,SUPPORTED,2026-09-30,
Batch 32 Wave 01,B32W1E0532,Career,C001195,organization_id,ORG000042,B32W1S0041,順位表 > クラブ「京都ハンナリーズ」（略称「京都」、club_detail TeamID=699）,公式順位表で略称とクラブ名・TeamIDの対応を確認,SUPPORTED,2026-09-30,
Batch 32 Wave 01,B32W1E0533,Career,C001195,start,2022,B32W1S0064,クラブ所属履歴 > 「2022-23 京都」,所属履歴の最初のシーズン2022-23の開始年,SUPPORTED,2026-09-30,
Batch 32 Wave 01,B32W1E0534,Career,C001195,end,2025,B32W1S0064,クラブ所属履歴 > 「2024-25 京都」,所属履歴の最後のシーズン2024-25の終了年,SUPPORTED,2026-09-30,
Batch 32 Wave 01,B32W1E0535,Career,C001196,organization_id,ORG000122,B32W1S0064,クラブ所属履歴 > 「2025-26 川崎」,B.LEAGUE公式の所属履歴で在籍を確認（略称表記）,SUPPORTED,2026-09-30,
Batch 32 Wave 01,B32W1E0536,Career,C001196,organization_id,ORG000122,B32W1S0007,順位表 > クラブ「川崎ブレイブサンダース」（略称「川崎」、club_detail TeamID=727）,公式順位表で略称とクラブ名・TeamIDの対応を確認,SUPPORTED,2026-09-30,
Batch 32 Wave 01,B32W1E0537,Career,C001196,start,2025,B32W1S0064,クラブ所属履歴 > 「2025-26 川崎」,所属履歴の最初のシーズン2025-26の開始年,SUPPORTED,2026-09-30,
Batch 32 Wave 01,B32W1E0538,Career,C001196,end,2026,B32W1S0064,クラブ所属履歴 > 「2025-26 川崎」,所属履歴の最後のシーズン2025-26の終了年,SUPPORTED,2026-09-30,
Batch 32 Wave 01,B32W1E0539,Career,C001197,organization_id,ORG000042,B32W1S0064,クラブ所属履歴 > 「2026-27 京都」,B.LEAGUE公式の所属履歴で在籍を確認（略称表記）,SUPPORTED,2026-09-30,
Batch 32 Wave 01,B32W1E0540,Career,C001197,organization_id,ORG000042,B32W1S0022,順位表 > クラブ「京都ハンナリーズ」（略称「京都」、club_detail TeamID=699）,公式順位表で略称とクラブ名・TeamIDの対応を確認,SUPPORTED,2026-09-30,
Batch 32 Wave 01,B32W1E0541,Career,C001197,start,2026,B32W1S0064,クラブ所属履歴 > 「2026-27 京都」,所属履歴の最初のシーズン2026-27の開始年,SUPPORTED,2026-09-30,
Batch 32 Wave 01,B32W1E0542,Career,C001197,organization_id,ORG000042,B32W1S0061,選手一覧 > 京都 > 水野 幹太,2026-27シーズンの公式選手一覧で現所属を確認,SUPPORTED,2026-09-30,
Batch 32 Wave 01,B32W1E0543,Person,P000270,name,木下 誠,B32W1S0065,基本情報 > 選手名,B.LEAGUE公式プロフィールで氏名を確認,SUPPORTED,2026-09-30,
Batch 32 Wave 01,B32W1E0544,Person,P000270,birth_date,1997-03-31,B32W1S0065,基本情報 > 生年月日：1997年3月31日,B.LEAGUE公式プロフィールで生年月日を確認,SUPPORTED,2026-09-30,
Batch 32 Wave 01,B32W1E0545,Career,C001198,organization_id,ORG000264,B32W1S0065,基本情報 > 出身校（高）：大阪学院大学高等学校,B.LEAGUE公式プロフィールで出身校（高）を確認,SUPPORTED,2026-09-30,
Batch 32 Wave 01,B32W1E0546,Career,C001199,organization_id,ORG000099,B32W1S0065,基本情報 > 出身校（大）：大阪学院大学,B.LEAGUE公式プロフィールで出身校（大）を確認,SUPPORTED,2026-09-30,
Batch 32 Wave 01,B32W1E0547,Career,C001200,organization_id,ORG000054,B32W1S0065,クラブ所属履歴 > 「2018-19 名古屋D」〜「2020-21 名古屋D」,B.LEAGUE公式の所属履歴で在籍を確認（略称表記）,SUPPORTED,2026-09-30,
Batch 32 Wave 01,B32W1E0548,Career,C001200,organization_id,ORG000054,B32W1S0051,順位表 > クラブ「名古屋ダイヤモンドドルフィンズ」（略称「名古屋D」、club_detail TeamID=729）,公式順位表で略称とクラブ名・TeamIDの対応を確認,SUPPORTED,2026-09-30,
Batch 32 Wave 01,B32W1E0549,Career,C001200,start,2018,B32W1S0065,クラブ所属履歴 > 「2018-19 名古屋D」,所属履歴の最初のシーズン2018-19の開始年,SUPPORTED,2026-09-30,
Batch 32 Wave 01,B32W1E0550,Career,C001200,end,2021,B32W1S0065,クラブ所属履歴 > 「2020-21 名古屋D」,所属履歴の最後のシーズン2020-21の終了年,SUPPORTED,2026-09-30,
Batch 32 Wave 01,B32W1E0551,Career,C001201,organization_id,ORG000142,B32W1S0065,クラブ所属履歴 > 「2021-22 大阪」〜「2026-27 大阪」,B.LEAGUE公式の所属履歴で在籍を確認（略称表記）,SUPPORTED,2026-09-30,
Batch 32 Wave 01,B32W1E0552,Career,C001201,organization_id,ORG000142,B32W1S0013,順位表 > クラブ「大阪エヴェッサ」（略称「大阪」、club_detail TeamID=700）,公式順位表で略称とクラブ名・TeamIDの対応を確認,SUPPORTED,2026-09-30,
Batch 32 Wave 01,B32W1E0553,Career,C001201,start,2021,B32W1S0065,クラブ所属履歴 > 「2021-22 大阪」,所属履歴の最初のシーズン2021-22の開始年,SUPPORTED,2026-09-30,
Batch 32 Wave 01,B32W1E0554,Career,C001201,organization_id,ORG000142,B32W1S0066,選手一覧 > 大阪 > 木下 誠,2026-27シーズンの公式選手一覧で現所属を確認,SUPPORTED,2026-09-30,
Batch 32 Wave 01,B32W1E0555,Person,P000271,name,合田 怜,B32W1S0067,基本情報 > 選手名,B.LEAGUE公式プロフィールで氏名を確認,SUPPORTED,2026-09-30,
Batch 32 Wave 01,B32W1E0556,Person,P000271,birth_date,1993-08-31,B32W1S0067,基本情報 > 生年月日：1993年8月31日,B.LEAGUE公式プロフィールで生年月日を確認,SUPPORTED,2026-09-30,
Batch 32 Wave 01,B32W1E0557,Career,C001202,organization_id,ORG000265,B32W1S0067,基本情報 > 出身校（高）：大阪府立淀川工科高等学校,B.LEAGUE公式プロフィールで出身校（高）を確認,SUPPORTED,2026-09-30,
Batch 32 Wave 01,B32W1E0558,Career,C001203,organization_id,ORG000099,B32W1S0067,基本情報 > 出身校（大）：大阪学院大学,B.LEAGUE公式プロフィールで出身校（大）を確認,SUPPORTED,2026-09-30,
Batch 32 Wave 01,B32W1E0559,Career,C001204,organization_id,ORG000142,B32W1S0067,クラブ所属履歴 > 「2016-17 大阪」〜「2026-27 大阪」,B.LEAGUE公式の所属履歴で在籍を確認（略称表記）,SUPPORTED,2026-09-30,
Batch 32 Wave 01,B32W1E0560,Career,C001204,organization_id,ORG000142,B32W1S0019,順位表 > クラブ「大阪エヴェッサ」（略称「大阪」、club_detail TeamID=700）,公式順位表で略称とクラブ名・TeamIDの対応を確認,SUPPORTED,2026-09-30,
Batch 32 Wave 01,B32W1E0561,Career,C001204,start,2016,B32W1S0067,クラブ所属履歴 > 「2016-17 大阪」,所属履歴の最初のシーズン2016-17の開始年,SUPPORTED,2026-09-30,
Batch 32 Wave 01,B32W1E0562,Career,C001204,organization_id,ORG000142,B32W1S0066,選手一覧 > 大阪 > 合田 怜,2026-27シーズンの公式選手一覧で現所属を確認,SUPPORTED,2026-09-30,
Batch 32 Wave 01,B32W1E0563,Person,P000272,name,高橋 快成,B32W1S0068,基本情報 > 選手名,B.LEAGUE公式プロフィールで氏名を確認,SUPPORTED,2026-09-30,
Batch 32 Wave 01,B32W1E0564,Person,P000272,birth_date,2003-08-01,B32W1S0068,基本情報 > 生年月日：2003年8月1日,B.LEAGUE公式プロフィールで生年月日を確認,SUPPORTED,2026-09-30,
Batch 32 Wave 01,B32W1E0565,Career,C001205,organization_id,ORG000266,B32W1S0068,基本情報 > 出身校（高）：私立富田高等学校,B.LEAGUE公式プロフィールで出身校（高）を確認,SUPPORTED,2026-09-30,
Batch 32 Wave 01,B32W1E0566,Career,C001206,organization_id,ORG000189,B32W1S0068,基本情報 > 出身校（大）：中京大学,B.LEAGUE公式プロフィールで出身校（大）を確認,SUPPORTED,2026-09-30,
Batch 32 Wave 01,B32W1E0567,Career,C001207,organization_id,ORG000097,B32W1S0068,クラブ所属履歴 > 「2022-23 三遠」,B.LEAGUE公式の所属履歴で在籍を確認（略称表記）,SUPPORTED,2026-09-30,
Batch 32 Wave 01,B32W1E0568,Career,C001207,organization_id,ORG000097,B32W1S0041,順位表 > クラブ「三遠ネオフェニックス」（略称「三遠」、club_detail TeamID=697）,公式順位表で略称とクラブ名・TeamIDの対応を確認,SUPPORTED,2026-09-30,
Batch 32 Wave 01,B32W1E0569,Career,C001207,start,2022,B32W1S0068,クラブ所属履歴 > 「2022-23 三遠」,所属履歴の最初のシーズン2022-23の開始年,SUPPORTED,2026-09-30,
Batch 32 Wave 01,B32W1E0570,Career,C001207,end,2023,B32W1S0068,クラブ所属履歴 > 「2022-23 三遠」,所属履歴の最後のシーズン2022-23の終了年,SUPPORTED,2026-09-30,
Batch 32 Wave 01,B32W1E0571,Career,C001208,organization_id,ORG000142,B32W1S0068,クラブ所属履歴 > 「2025-26 大阪」〜「2026-27 大阪」,B.LEAGUE公式の所属履歴で在籍を確認（略称表記）,SUPPORTED,2026-09-30,
Batch 32 Wave 01,B32W1E0572,Career,C001208,organization_id,ORG000142,B32W1S0007,順位表 > クラブ「大阪エヴェッサ」（略称「大阪」、club_detail TeamID=700）,公式順位表で略称とクラブ名・TeamIDの対応を確認,SUPPORTED,2026-09-30,
Batch 32 Wave 01,B32W1E0573,Career,C001208,start,2025,B32W1S0068,クラブ所属履歴 > 「2025-26 大阪」,所属履歴の最初のシーズン2025-26の開始年,SUPPORTED,2026-09-30,
Batch 32 Wave 01,B32W1E0574,Career,C001208,organization_id,ORG000142,B32W1S0066,選手一覧 > 大阪 > 高橋 快成,2026-27シーズンの公式選手一覧で現所属を確認,SUPPORTED,2026-09-30,
Batch 32 Wave 01,B32W1E0575,Person,P000273,name,橋本 拓哉,B32W1S0069,基本情報 > 選手名,B.LEAGUE公式プロフィールで氏名を確認,SUPPORTED,2026-09-30,
Batch 32 Wave 01,B32W1E0576,Person,P000273,birth_date,1994-12-03,B32W1S0069,基本情報 > 生年月日：1994年12月3日,B.LEAGUE公式プロフィールで生年月日を確認,SUPPORTED,2026-09-30,
Batch 32 Wave 01,B32W1E0577,Career,C001209,organization_id,ORG000267,B32W1S0069,基本情報 > 出身校（高）：総合学園ヒューマンアカデミー バスケットボールカレッジ,B.LEAGUE公式プロフィールで出身校（高）を確認,SUPPORTED,2026-09-30,
Batch 32 Wave 01,B32W1E0578,Career,C001210,organization_id,ORG000268,B32W1S0069,基本情報 > 出身校（大）：芦屋大学,B.LEAGUE公式プロフィールで出身校（大）を確認,SUPPORTED,2026-09-30,
Batch 32 Wave 01,B32W1E0579,Career,C001211,organization_id,ORG000142,B32W1S0069,クラブ所属履歴 > 「2016-17 大阪」〜「2024-25 大阪」,B.LEAGUE公式の所属履歴で在籍を確認（略称表記）,SUPPORTED,2026-09-30,
Batch 32 Wave 01,B32W1E0580,Career,C001211,organization_id,ORG000142,B32W1S0019,順位表 > クラブ「大阪エヴェッサ」（略称「大阪」、club_detail TeamID=700）,公式順位表で略称とクラブ名・TeamIDの対応を確認,SUPPORTED,2026-09-30,
Batch 32 Wave 01,B32W1E0581,Career,C001211,start,2016,B32W1S0069,クラブ所属履歴 > 「2016-17 大阪」,所属履歴の最初のシーズン2016-17の開始年,SUPPORTED,2026-09-30,
Batch 32 Wave 01,B32W1E0582,Career,C001211,end,2025,B32W1S0069,クラブ所属履歴 > 「2024-25 大阪」,所属履歴の最後のシーズン2024-25の終了年,SUPPORTED,2026-09-30,
Batch 32 Wave 01,B32W1E0583,Career,C001212,organization_id,ORG000142,B32W1S0069,クラブ所属履歴 > 「2026-27 大阪」,B.LEAGUE公式の所属履歴で在籍を確認（略称表記）,SUPPORTED,2026-09-30,
Batch 32 Wave 01,B32W1E0584,Career,C001212,organization_id,ORG000142,B32W1S0022,順位表 > クラブ「大阪エヴェッサ」（略称「大阪」、club_detail TeamID=700）,公式順位表で略称とクラブ名・TeamIDの対応を確認,SUPPORTED,2026-09-30,
Batch 32 Wave 01,B32W1E0585,Career,C001212,start,2026,B32W1S0069,クラブ所属履歴 > 「2026-27 大阪」,所属履歴の最初のシーズン2026-27の開始年,SUPPORTED,2026-09-30,
Batch 32 Wave 01,B32W1E0586,Career,C001212,organization_id,ORG000142,B32W1S0066,選手一覧 > 大阪 > 橋本 拓哉,2026-27シーズンの公式選手一覧で現所属を確認,SUPPORTED,2026-09-30,
Batch 32 Wave 01,B32W1E0587,Person,P000274,name,牧 隼利,B32W1S0070,基本情報 > 選手名,B.LEAGUE公式プロフィールで氏名を確認,SUPPORTED,2026-09-30,
Batch 32 Wave 01,B32W1E0588,Person,P000274,birth_date,1997-12-14,B32W1S0070,基本情報 > 生年月日：1997年12月14日,B.LEAGUE公式プロフィールで生年月日を確認,SUPPORTED,2026-09-30,
Batch 32 Wave 01,B32W1E0589,Career,C001213,organization_id,ORG000127,B32W1S0070,基本情報 > 出身校（高）：福岡大学付属大濠高等学校,B.LEAGUE公式プロフィールで出身校（高）を確認,SUPPORTED,2026-09-30,
Batch 32 Wave 01,B32W1E0590,Career,C001214,organization_id,ORG000166,B32W1S0070,基本情報 > 出身校（大）：筑波大学,B.LEAGUE公式プロフィールで出身校（大）を確認,SUPPORTED,2026-09-30,
Batch 32 Wave 01,B32W1E0591,Career,C001215,organization_id,ORG000106,B32W1S0070,クラブ所属履歴 > 「2019-20 琉球」〜「2023-24 琉球」,B.LEAGUE公式の所属履歴で在籍を確認（略称表記）,SUPPORTED,2026-09-30,
Batch 32 Wave 01,B32W1E0592,Career,C001215,organization_id,ORG000106,B32W1S0043,順位表 > クラブ「琉球ゴールデンキングス」（略称「琉球」、club_detail TeamID=701）,公式順位表で略称とクラブ名・TeamIDの対応を確認,SUPPORTED,2026-09-30,
Batch 32 Wave 01,B32W1E0593,Career,C001215,start,2019,B32W1S0070,クラブ所属履歴 > 「2019-20 琉球」,所属履歴の最初のシーズン2019-20の開始年,SUPPORTED,2026-09-30,
Batch 32 Wave 01,B32W1E0594,Career,C001215,end,2024,B32W1S0070,クラブ所属履歴 > 「2023-24 琉球」,所属履歴の最後のシーズン2023-24の終了年,SUPPORTED,2026-09-30,
Batch 32 Wave 01,B32W1E0595,Career,C001216,organization_id,ORG000142,B32W1S0070,クラブ所属履歴 > 「2024-25 大阪」〜「2026-27 大阪」,B.LEAGUE公式の所属履歴で在籍を確認（略称表記）,SUPPORTED,2026-09-30,
Batch 32 Wave 01,B32W1E0596,Career,C001216,organization_id,ORG000142,B32W1S0009,順位表 > クラブ「大阪エヴェッサ」（略称「大阪」、club_detail TeamID=700）,公式順位表で略称とクラブ名・TeamIDの対応を確認,SUPPORTED,2026-09-30,
Batch 32 Wave 01,B32W1E0597,Career,C001216,start,2024,B32W1S0070,クラブ所属履歴 > 「2024-25 大阪」,所属履歴の最初のシーズン2024-25の開始年,SUPPORTED,2026-09-30,
Batch 32 Wave 01,B32W1E0598,Career,C001216,organization_id,ORG000142,B32W1S0066,選手一覧 > 大阪 > 牧 隼利,2026-27シーズンの公式選手一覧で現所属を確認,SUPPORTED,2026-09-30,
Batch 32 Wave 01,B32W1E0599,Person,P000275,name,大浦 颯太,B32W1S0071,基本情報 > 選手名,B.LEAGUE公式プロフィールで氏名を確認,SUPPORTED,2026-09-30,
Batch 32 Wave 01,B32W1E0600,Person,P000275,birth_date,1997-12-23,B32W1S0071,基本情報 > 生年月日：1997年12月23日,B.LEAGUE公式プロフィールで生年月日を確認,SUPPORTED,2026-09-30,
Batch 32 Wave 01,B32W1E0601,Career,C001217,organization_id,ORG000269,B32W1S0071,基本情報 > 出身校（高）：広陵高等学校,B.LEAGUE公式プロフィールで出身校（高）を確認,SUPPORTED,2026-09-30,
Batch 32 Wave 01,B32W1E0602,Career,C001218,organization_id,ORG000020,B32W1S0071,基本情報 > 出身校（大）：日本体育大学,B.LEAGUE公式プロフィールで出身校（大）を確認,SUPPORTED,2026-09-30,
Batch 32 Wave 01,B32W1E0603,Career,C001219,organization_id,ORG000137,B32W1S0071,クラブ所属履歴 > 「2019-20 秋田」〜「2022-23 秋田」,B.LEAGUE公式の所属履歴で在籍を確認（略称表記）,SUPPORTED,2026-09-30,
Batch 32 Wave 01,B32W1E0604,Career,C001219,organization_id,ORG000137,B32W1S0043,順位表 > クラブ「秋田ノーザンハピネッツ」（略称「秋田」、club_detail TeamID=693）,公式順位表で略称とクラブ名・TeamIDの対応を確認,SUPPORTED,2026-09-30,
Batch 32 Wave 01,B32W1E0605,Career,C001219,start,2019,B32W1S0071,クラブ所属履歴 > 「2019-20 秋田」,所属履歴の最初のシーズン2019-20の開始年,SUPPORTED,2026-09-30,
Batch 32 Wave 01,B32W1E0606,Career,C001219,end,2023,B32W1S0071,クラブ所属履歴 > 「2022-23 秋田」,所属履歴の最後のシーズン2022-23の終了年,SUPPORTED,2026-09-30,
Batch 32 Wave 01,B32W1E0607,Career,C001220,organization_id,ORG000097,B32W1S0071,クラブ所属履歴 > 「2023-24 三遠」〜「2025-26 三遠」,B.LEAGUE公式の所属履歴で在籍を確認（略称表記）,SUPPORTED,2026-09-30,
Batch 32 Wave 01,B32W1E0608,Career,C001220,organization_id,ORG000097,B32W1S0002,順位表 > クラブ「三遠ネオフェニックス」（略称「三遠」、club_detail TeamID=697）,公式順位表で略称とクラブ名・TeamIDの対応を確認,SUPPORTED,2026-09-30,
Batch 32 Wave 01,B32W1E0609,Career,C001220,start,2023,B32W1S0071,クラブ所属履歴 > 「2023-24 三遠」,所属履歴の最初のシーズン2023-24の開始年,SUPPORTED,2026-09-30,
Batch 32 Wave 01,B32W1E0610,Career,C001220,end,2026,B32W1S0071,クラブ所属履歴 > 「2025-26 三遠」,所属履歴の最後のシーズン2025-26の終了年,SUPPORTED,2026-09-30,
Batch 32 Wave 01,B32W1E0611,Career,C001221,organization_id,ORG000106,B32W1S0071,クラブ所属履歴 > 「2026-27 琉球」,B.LEAGUE公式の所属履歴で在籍を確認（略称表記）,SUPPORTED,2026-09-30,
Batch 32 Wave 01,B32W1E0612,Career,C001221,organization_id,ORG000106,B32W1S0022,順位表 > クラブ「琉球ゴールデンキングス」（略称「琉球」、club_detail TeamID=701）,公式順位表で略称とクラブ名・TeamIDの対応を確認,SUPPORTED,2026-09-30,
Batch 32 Wave 01,B32W1E0613,Career,C001221,start,2026,B32W1S0071,クラブ所属履歴 > 「2026-27 琉球」,所属履歴の最初のシーズン2026-27の開始年,SUPPORTED,2026-09-30,
Batch 32 Wave 01,B32W1E0614,Career,C001221,organization_id,ORG000106,B32W1S0072,選手一覧 > 琉球 > 大浦 颯太,2026-27シーズンの公式選手一覧で現所属を確認,SUPPORTED,2026-09-30,
Batch 32 Wave 01,B32W1E0615,Person,P000276,name,小野寺 祥太,B32W1S0073,基本情報 > 選手名,B.LEAGUE公式プロフィールで氏名を確認,SUPPORTED,2026-09-30,
Batch 32 Wave 01,B32W1E0616,Person,P000276,birth_date,1994-11-06,B32W1S0073,基本情報 > 生年月日：1994年11月6日,B.LEAGUE公式プロフィールで生年月日を確認,SUPPORTED,2026-09-30,
Batch 32 Wave 01,B32W1E0617,Career,C001222,organization_id,ORG000261,B32W1S0073,基本情報 > 出身校（高）：岩手県立盛岡南高等学校,B.LEAGUE公式プロフィールで出身校（高）を確認,SUPPORTED,2026-09-30,
Batch 32 Wave 01,B32W1E0618,Career,C001223,organization_id,ORG000173,B32W1S0073,クラブ所属履歴 > 「2016-17 岩手」,B.LEAGUE公式の所属履歴で在籍を確認（略称表記）,SUPPORTED,2026-09-30,
Batch 32 Wave 01,B32W1E0619,Career,C001223,organization_id,ORG000173,B32W1S0060,順位表 > クラブ「岩手ビッグブルズ」（略称「岩手」、club_detail TeamID=709）,公式順位表で略称とクラブ名・TeamIDの対応を確認,SUPPORTED,2026-09-30,
Batch 32 Wave 01,B32W1E0620,Career,C001223,start,2016,B32W1S0073,クラブ所属履歴 > 「2016-17 岩手」,所属履歴の最初のシーズン2016-17の開始年,SUPPORTED,2026-09-30,
Batch 32 Wave 01,B32W1E0621,Career,C001223,end,2017,B32W1S0073,クラブ所属履歴 > 「2016-17 岩手」,所属履歴の最後のシーズン2016-17の終了年,SUPPORTED,2026-09-30,
Batch 32 Wave 01,B32W1E0622,Career,C001224,organization_id,ORG000137,B32W1S0073,クラブ所属履歴 > 「2017-18 秋田」〜「2018-19 秋田」,B.LEAGUE公式の所属履歴で在籍を確認（略称表記）,SUPPORTED,2026-09-30,
Batch 32 Wave 01,B32W1E0623,Career,C001224,organization_id,ORG000137,B32W1S0011,順位表 > クラブ「秋田ノーザンハピネッツ」（略称「秋田」、club_detail TeamID=693）,公式順位表で略称とクラブ名・TeamIDの対応を確認,SUPPORTED,2026-09-30,
Batch 32 Wave 01,B32W1E0624,Career,C001224,start,2017,B32W1S0073,クラブ所属履歴 > 「2017-18 秋田」,所属履歴の最初のシーズン2017-18の開始年,SUPPORTED,2026-09-30,
Batch 32 Wave 01,B32W1E0625,Career,C001224,end,2019,B32W1S0073,クラブ所属履歴 > 「2018-19 秋田」,所属履歴の最後のシーズン2018-19の終了年,SUPPORTED,2026-09-30,
Batch 32 Wave 01,B32W1E0626,Career,C001225,organization_id,ORG000106,B32W1S0073,クラブ所属履歴 > 「2019-20 琉球」〜「2026-27 琉球」,B.LEAGUE公式の所属履歴で在籍を確認（略称表記）,SUPPORTED,2026-09-30,
Batch 32 Wave 01,B32W1E0627,Career,C001225,organization_id,ORG000106,B32W1S0043,順位表 > クラブ「琉球ゴールデンキングス」（略称「琉球」、club_detail TeamID=701）,公式順位表で略称とクラブ名・TeamIDの対応を確認,SUPPORTED,2026-09-30,
Batch 32 Wave 01,B32W1E0628,Career,C001225,start,2019,B32W1S0073,クラブ所属履歴 > 「2019-20 琉球」,所属履歴の最初のシーズン2019-20の開始年,SUPPORTED,2026-09-30,
Batch 32 Wave 01,B32W1E0629,Career,C001225,organization_id,ORG000106,B32W1S0072,選手一覧 > 琉球 > 小野寺 祥太,2026-27シーズンの公式選手一覧で現所属を確認,SUPPORTED,2026-09-30,
Batch 32 Wave 01,B32W1E0630,Person,P000277,name,川真田 紘也,B32W1S0074,基本情報 > 選手名,B.LEAGUE公式プロフィールで氏名を確認,SUPPORTED,2026-09-30,
Batch 32 Wave 01,B32W1E0631,Person,P000277,birth_date,1998-06-16,B32W1S0074,基本情報 > 生年月日：1998年6月16日,B.LEAGUE公式プロフィールで生年月日を確認,SUPPORTED,2026-09-30,
Batch 32 Wave 01,B32W1E0632,Career,C001226,organization_id,ORG000270,B32W1S0074,基本情報 > 出身校（高）：徳島県立城南高等学校,B.LEAGUE公式プロフィールで出身校（高）を確認,SUPPORTED,2026-09-30,
Batch 32 Wave 01,B32W1E0633,Career,C001227,organization_id,ORG000168,B32W1S0074,基本情報 > 出身校（大）：天理大学,B.LEAGUE公式プロフィールで出身校（大）を確認,SUPPORTED,2026-09-30,
Batch 32 Wave 01,B32W1E0634,Career,C001228,organization_id,ORG000048,B32W1S0074,クラブ所属履歴 > 「2020-21 佐賀」,B.LEAGUE公式の所属履歴で在籍を確認（略称表記）,SUPPORTED,2026-09-30,
Batch 32 Wave 01,B32W1E0635,Career,C001228,organization_id,ORG000048,B32W1S0012,順位表 > クラブ「佐賀バルーナーズ」（略称「佐賀」、club_detail TeamID=1638）,公式順位表で略称とクラブ名・TeamIDの対応を確認,SUPPORTED,2026-09-30,
Batch 32 Wave 01,B32W1E0636,Career,C001228,start,2020,B32W1S0074,クラブ所属履歴 > 「2020-21 佐賀」,所属履歴の最初のシーズン2020-21の開始年,SUPPORTED,2026-09-30,
Batch 32 Wave 01,B32W1E0637,Career,C001228,end,2021,B32W1S0074,クラブ所属履歴 > 「2020-21 佐賀」,所属履歴の最後のシーズン2020-21の終了年,SUPPORTED,2026-09-30,
Batch 32 Wave 01,B32W1E0638,Career,C001229,organization_id,ORG000153,B32W1S0074,クラブ所属履歴 > 「2021-22 滋賀」〜「2023-24 滋賀」,B.LEAGUE公式の所属履歴で在籍を確認（略称表記）,SUPPORTED,2026-09-30,
Batch 32 Wave 01,B32W1E0639,Career,C001229,organization_id,ORG000153,B32W1S0013,順位表 > クラブ「滋賀レイクスターズ」（略称「滋賀」、club_detail TeamID=698）,公式順位表で略称とクラブ名・TeamIDの対応を確認,SUPPORTED,2026-09-30,
Batch 32 Wave 01,B32W1E0640,Career,C001229,start,2021,B32W1S0074,クラブ所属履歴 > 「2021-22 滋賀」,所属履歴の最初のシーズン2021-22の開始年,SUPPORTED,2026-09-30,
Batch 32 Wave 01,B32W1E0641,Career,C001229,end,2024,B32W1S0074,クラブ所属履歴 > 「2023-24 滋賀」,所属履歴の最後のシーズン2023-24の終了年,SUPPORTED,2026-09-30,
Batch 32 Wave 01,B32W1E0642,Career,C001230,organization_id,ORG000135,B32W1S0074,クラブ所属履歴 > 「2024-25 長崎」〜「2025-26 長崎」,B.LEAGUE公式の所属履歴で在籍を確認（略称表記）,SUPPORTED,2026-09-30,
Batch 32 Wave 01,B32W1E0643,Career,C001230,organization_id,ORG000135,B32W1S0009,順位表 > クラブ「長崎ヴェルカ」（略称「長崎」、club_detail TeamID=2488）,公式順位表で略称とクラブ名・TeamIDの対応を確認,SUPPORTED,2026-09-30,
Batch 32 Wave 01,B32W1E0644,Career,C001230,start,2024,B32W1S0074,クラブ所属履歴 > 「2024-25 長崎」,所属履歴の最初のシーズン2024-25の開始年,SUPPORTED,2026-09-30,
Batch 32 Wave 01,B32W1E0645,Career,C001230,end,2026,B32W1S0074,クラブ所属履歴 > 「2025-26 長崎」,所属履歴の最後のシーズン2025-26の終了年,SUPPORTED,2026-09-30,
Batch 32 Wave 01,B32W1E0646,Career,C001231,organization_id,ORG000106,B32W1S0074,クラブ所属履歴 > 「2026-27 琉球」,B.LEAGUE公式の所属履歴で在籍を確認（略称表記）,SUPPORTED,2026-09-30,
Batch 32 Wave 01,B32W1E0647,Career,C001231,organization_id,ORG000106,B32W1S0022,順位表 > クラブ「琉球ゴールデンキングス」（略称「琉球」、club_detail TeamID=701）,公式順位表で略称とクラブ名・TeamIDの対応を確認,SUPPORTED,2026-09-30,
Batch 32 Wave 01,B32W1E0648,Career,C001231,start,2026,B32W1S0074,クラブ所属履歴 > 「2026-27 琉球」,所属履歴の最初のシーズン2026-27の開始年,SUPPORTED,2026-09-30,
Batch 32 Wave 01,B32W1E0649,Career,C001231,organization_id,ORG000106,B32W1S0072,選手一覧 > 琉球 > 川真田 紘也,2026-27シーズンの公式選手一覧で現所属を確認,SUPPORTED,2026-09-30,
Batch 32 Wave 01,B32W1E0650,Person,P000278,name,佐取 龍之介,B32W1S0075,基本情報 > 選手名,B.LEAGUE公式プロフィールで氏名を確認,SUPPORTED,2026-09-30,
Batch 32 Wave 01,B32W1E0651,Person,P000278,birth_date,2006-09-30,B32W1S0075,基本情報 > 生年月日：2006年9月30日,B.LEAGUE公式プロフィールで生年月日を確認,SUPPORTED,2026-09-30,
Batch 32 Wave 01,B32W1E0652,Career,C001232,organization_id,ORG000271,B32W1S0075,基本情報 > 出身校（高）：豊見城高等学校,B.LEAGUE公式プロフィールで出身校（高）を確認,SUPPORTED,2026-09-30,
Batch 32 Wave 01,B32W1E0653,Career,C001233,organization_id,ORG000106,B32W1S0075,クラブ所属履歴 > 「2024-25 琉球」〜「2026-27 琉球」,B.LEAGUE公式の所属履歴で在籍を確認（略称表記）,SUPPORTED,2026-09-30,
Batch 32 Wave 01,B32W1E0654,Career,C001233,organization_id,ORG000106,B32W1S0009,順位表 > クラブ「琉球ゴールデンキングス」（略称「琉球」、club_detail TeamID=701）,公式順位表で略称とクラブ名・TeamIDの対応を確認,SUPPORTED,2026-09-30,
Batch 32 Wave 01,B32W1E0655,Career,C001233,start,2024,B32W1S0075,クラブ所属履歴 > 「2024-25 琉球」,所属履歴の最初のシーズン2024-25の開始年,SUPPORTED,2026-09-30,
Batch 32 Wave 01,B32W1E0656,Career,C001233,organization_id,ORG000106,B32W1S0072,選手一覧 > 琉球 > 佐取 龍之介,2026-27シーズンの公式選手一覧で現所属を確認,SUPPORTED,2026-09-30,
Batch 32 Wave 02,B32W2E0001,Person,P000279,name,佐土原 遼,B32W2S0001,基本情報 > 選手名,B.LEAGUE公式プロフィールで氏名を確認,SUPPORTED,2026-09-30,
Batch 32 Wave 02,B32W2E0002,Person,P000279,birth_date,1999-10-24,B32W2S0001,基本情報 > 生年月日：1999年10月24日,B.LEAGUE公式プロフィールで生年月日を確認,SUPPORTED,2026-09-30,
Batch 32 Wave 02,B32W2E0003,Career,C001234,organization_id,ORG000237,B32W2S0001,基本情報 > 出身校（高）：東海大学付属相模高等学校,B.LEAGUE公式プロフィールで出身校（高）を確認,SUPPORTED,2026-09-30,
Batch 32 Wave 02,B32W2E0004,Career,C001235,organization_id,ORG000015,B32W2S0001,基本情報 > 出身校（大）：東海大学,B.LEAGUE公式プロフィールで出身校（大）を確認,SUPPORTED,2026-09-30,
Batch 32 Wave 02,B32W2E0005,Career,C001236,organization_id,ORG000110,B32W2S0001,クラブ所属履歴 > 「2020-21 広島」〜「2022-23 広島」,B.LEAGUE公式の所属履歴で在籍を確認（略称表記）,SUPPORTED,2026-09-30,
Batch 32 Wave 02,B32W2E0006,Career,C001236,organization_id,ORG000110,B32W2S0002,順位表 > クラブ「広島ドラゴンフライズ」（略称「広島」、club_detail TeamID=721）,公式順位表で略称とクラブ名・TeamIDの対応を確認,SUPPORTED,2026-09-30,
Batch 32 Wave 02,B32W2E0007,Career,C001236,start,2020,B32W2S0001,クラブ所属履歴 > 「2020-21 広島」,所属履歴の最初のシーズン2020-21の開始年,SUPPORTED,2026-09-30,
Batch 32 Wave 02,B32W2E0008,Career,C001236,end,2023,B32W2S0001,クラブ所属履歴 > 「2022-23 広島」,所属履歴の最後のシーズン2022-23の終了年,SUPPORTED,2026-09-30,
Batch 32 Wave 02,B32W2E0009,Career,C001237,organization_id,ORG000180,B32W2S0001,クラブ所属履歴 > 「2023-24 FE名古屋」〜「2024-25 FE名古屋」,B.LEAGUE公式の所属履歴で在籍を確認（略称表記）,SUPPORTED,2026-09-30,
Batch 32 Wave 02,B32W2E0010,Career,C001237,organization_id,ORG000180,B32W2S0003,順位表 > クラブ「ファイティングイーグルス名古屋」（略称「FE名古屋」、club_detail TeamID=717）,公式順位表で略称とクラブ名・TeamIDの対応を確認,SUPPORTED,2026-09-30,
Batch 32 Wave 02,B32W2E0011,Career,C001237,start,2023,B32W2S0001,クラブ所属履歴 > 「2023-24 FE名古屋」,所属履歴の最初のシーズン2023-24の開始年,SUPPORTED,2026-09-30,
Batch 32 Wave 02,B32W2E0012,Career,C001237,end,2025,B32W2S0001,クラブ所属履歴 > 「2024-25 FE名古屋」,所属履歴の最後のシーズン2024-25の終了年,SUPPORTED,2026-09-30,
Batch 32 Wave 02,B32W2E0013,Career,C001238,organization_id,ORG000106,B32W2S0001,クラブ所属履歴 > 「2025-26 琉球」〜「2026-27 琉球」,B.LEAGUE公式の所属履歴で在籍を確認（略称表記）,SUPPORTED,2026-09-30,
Batch 32 Wave 02,B32W2E0014,Career,C001238,organization_id,ORG000106,B32W2S0004,順位表 > クラブ「琉球ゴールデンキングス」（略称「琉球」、club_detail TeamID=701）,公式順位表で略称とクラブ名・TeamIDの対応を確認,SUPPORTED,2026-09-30,
Batch 32 Wave 02,B32W2E0015,Career,C001238,start,2025,B32W2S0001,クラブ所属履歴 > 「2025-26 琉球」,所属履歴の最初のシーズン2025-26の開始年,SUPPORTED,2026-09-30,
Batch 32 Wave 02,B32W2E0016,Career,C001238,organization_id,ORG000106,B32W2S0005,選手一覧 > 琉球 > 佐土原 遼,2026-27シーズンの公式選手一覧で現所属を確認,SUPPORTED,2026-09-30,
Batch 32 Wave 02,B32W2E0017,Person,P000280,name,山内 盛久,B32W2S0006,基本情報 > 選手名,B.LEAGUE公式プロフィールで氏名を確認,SUPPORTED,2026-09-30,
Batch 32 Wave 02,B32W2E0018,Person,P000280,birth_date,1990-03-23,B32W2S0006,基本情報 > 生年月日：1990年3月23日,B.LEAGUE公式プロフィールで生年月日を確認,SUPPORTED,2026-09-30,
Batch 32 Wave 02,B32W2E0019,Career,C001239,organization_id,ORG000272,B32W2S0006,基本情報 > 出身校（高）：興南高等学校,B.LEAGUE公式プロフィールで出身校（高）を確認,SUPPORTED,2026-09-30,
Batch 32 Wave 02,B32W2E0020,Career,C001240,organization_id,ORG000273,B32W2S0006,基本情報 > 出身校（大）：尚学院国際ビジネスアカデミー,B.LEAGUE公式プロフィールで出身校（大）を確認,SUPPORTED,2026-09-30,
Batch 32 Wave 02,B32W2E0021,Career,C001241,organization_id,ORG000106,B32W2S0006,クラブ所属履歴 > 「2016-17 琉球」,B.LEAGUE公式の所属履歴で在籍を確認（略称表記）,SUPPORTED,2026-09-30,
Batch 32 Wave 02,B32W2E0022,Career,C001241,organization_id,ORG000106,B32W2S0007,順位表 > クラブ「琉球ゴールデンキングス」（略称「琉球」、club_detail TeamID=701）,公式順位表で略称とクラブ名・TeamIDの対応を確認,SUPPORTED,2026-09-30,
Batch 32 Wave 02,B32W2E0023,Career,C001241,start,2016,B32W2S0006,クラブ所属履歴 > 「2016-17 琉球」,所属履歴の最初のシーズン2016-17の開始年,SUPPORTED,2026-09-30,
Batch 32 Wave 02,B32W2E0024,Career,C001241,end,2017,B32W2S0006,クラブ所属履歴 > 「2016-17 琉球」,所属履歴の最後のシーズン2016-17の終了年,SUPPORTED,2026-09-30,
Batch 32 Wave 02,B32W2E0025,Career,C001242,organization_id,ORG000114,B32W2S0006,クラブ所属履歴 > 「2017-18 SR渋谷」〜「2020-21 SR渋谷」,B.LEAGUE公式の所属履歴で在籍を確認（略称表記）,SUPPORTED,2026-09-30,
Batch 32 Wave 02,B32W2E0026,Career,C001242,organization_id,ORG000114,B32W2S0008,順位表 > クラブ「サンロッカーズ渋谷」（略称「SR渋谷」、club_detail TeamID=726）,公式順位表で略称とクラブ名・TeamIDの対応を確認,SUPPORTED,2026-09-30,
Batch 32 Wave 02,B32W2E0027,Career,C001242,start,2017,B32W2S0006,クラブ所属履歴 > 「2017-18 SR渋谷」,所属履歴の最初のシーズン2017-18の開始年,SUPPORTED,2026-09-30,
Batch 32 Wave 02,B32W2E0028,Career,C001242,end,2021,B32W2S0006,クラブ所属履歴 > 「2020-21 SR渋谷」,所属履歴の最後のシーズン2020-21の終了年,SUPPORTED,2026-09-30,
Batch 32 Wave 02,B32W2E0029,Career,C001243,organization_id,ORG000097,B32W2S0006,クラブ所属履歴 > 「2021-22 三遠」〜「2024-25 三遠」,B.LEAGUE公式の所属履歴で在籍を確認（略称表記）,SUPPORTED,2026-09-30,
Batch 32 Wave 02,B32W2E0030,Career,C001243,organization_id,ORG000097,B32W2S0009,順位表 > クラブ「三遠ネオフェニックス」（略称「三遠」、club_detail TeamID=697）,公式順位表で略称とクラブ名・TeamIDの対応を確認,SUPPORTED,2026-09-30,
Batch 32 Wave 02,B32W2E0031,Career,C001243,start,2021,B32W2S0006,クラブ所属履歴 > 「2021-22 三遠」,所属履歴の最初のシーズン2021-22の開始年,SUPPORTED,2026-09-30,
Batch 32 Wave 02,B32W2E0032,Career,C001243,end,2025,B32W2S0006,クラブ所属履歴 > 「2024-25 三遠」,所属履歴の最後のシーズン2024-25の終了年,SUPPORTED,2026-09-30,
Batch 32 Wave 02,B32W2E0033,Career,C001244,organization_id,ORG000114,B32W2S0006,クラブ所属履歴 > 「2025-26 SR渋谷」,B.LEAGUE公式の所属履歴で在籍を確認（略称表記）,SUPPORTED,2026-09-30,
Batch 32 Wave 02,B32W2E0034,Career,C001244,organization_id,ORG000114,B32W2S0004,順位表 > クラブ「サンロッカーズ渋谷」（略称「SR渋谷」、club_detail TeamID=726）,公式順位表で略称とクラブ名・TeamIDの対応を確認,SUPPORTED,2026-09-30,
Batch 32 Wave 02,B32W2E0035,Career,C001244,start,2025,B32W2S0006,クラブ所属履歴 > 「2025-26 SR渋谷」,所属履歴の最初のシーズン2025-26の開始年,SUPPORTED,2026-09-30,
Batch 32 Wave 02,B32W2E0036,Career,C001244,end,2026,B32W2S0006,クラブ所属履歴 > 「2025-26 SR渋谷」,所属履歴の最後のシーズン2025-26の終了年,SUPPORTED,2026-09-30,
Batch 32 Wave 02,B32W2E0037,Career,C001245,organization_id,ORG000106,B32W2S0006,クラブ所属履歴 > 「2026-27 琉球」,B.LEAGUE公式の所属履歴で在籍を確認（略称表記）,SUPPORTED,2026-09-30,
Batch 32 Wave 02,B32W2E0038,Career,C001245,organization_id,ORG000106,B32W2S0010,順位表 > クラブ「琉球ゴールデンキングス」（略称「琉球」、club_detail TeamID=701）,公式順位表で略称とクラブ名・TeamIDの対応を確認,SUPPORTED,2026-09-30,
Batch 32 Wave 02,B32W2E0039,Career,C001245,start,2026,B32W2S0006,クラブ所属履歴 > 「2026-27 琉球」,所属履歴の最初のシーズン2026-27の開始年,SUPPORTED,2026-09-30,
Batch 32 Wave 02,B32W2E0040,Career,C001245,organization_id,ORG000106,B32W2S0005,選手一覧 > 琉球 > 山内 盛久,2026-27シーズンの公式選手一覧で現所属を確認,SUPPORTED,2026-09-30,
Batch 32 Wave 02,B32W2E0041,Person,P000281,name,脇 真大,B32W2S0011,基本情報 > 選手名,B.LEAGUE公式プロフィールで氏名を確認,SUPPORTED,2026-09-30,
Batch 32 Wave 02,B32W2E0042,Person,P000281,birth_date,2002-03-11,B32W2S0011,基本情報 > 生年月日：2002年3月11日,B.LEAGUE公式プロフィールで生年月日を確認,SUPPORTED,2026-09-30,
Batch 32 Wave 02,B32W2E0043,Career,C001246,organization_id,ORG000274,B32W2S0011,基本情報 > 出身校（高）：岡山商科大学附属高等学校,B.LEAGUE公式プロフィールで出身校（高）を確認,SUPPORTED,2026-09-30,
Batch 32 Wave 02,B32W2E0044,Career,C001247,organization_id,ORG000208,B32W2S0011,基本情報 > 出身校（大）：白鴎大学,B.LEAGUE公式プロフィールで出身校（大）を確認,SUPPORTED,2026-09-30,
Batch 32 Wave 02,B32W2E0045,Career,C001248,organization_id,ORG000103,B32W2S0011,クラブ所属履歴 > 「2021-22 茨城」,B.LEAGUE公式の所属履歴で在籍を確認（略称表記）,SUPPORTED,2026-09-30,
Batch 32 Wave 02,B32W2E0046,Career,C001248,organization_id,ORG000103,B32W2S0009,順位表 > クラブ「茨城ロボッツ」（略称「茨城」、club_detail TeamID=712）,公式順位表で略称とクラブ名・TeamIDの対応を確認,SUPPORTED,2026-09-30,
Batch 32 Wave 02,B32W2E0047,Career,C001248,start,2021,B32W2S0011,クラブ所属履歴 > 「2021-22 茨城」,所属履歴の最初のシーズン2021-22の開始年,SUPPORTED,2026-09-30,
Batch 32 Wave 02,B32W2E0048,Career,C001248,end,2022,B32W2S0011,クラブ所属履歴 > 「2021-22 茨城」,所属履歴の最後のシーズン2021-22の終了年,SUPPORTED,2026-09-30,
Batch 32 Wave 02,B32W2E0049,Career,C001249,organization_id,ORG000106,B32W2S0011,クラブ所属履歴 > 「2023-24 琉球」〜「2026-27 琉球」,B.LEAGUE公式の所属履歴で在籍を確認（略称表記）,SUPPORTED,2026-09-30,
Batch 32 Wave 02,B32W2E0050,Career,C001249,organization_id,ORG000106,B32W2S0003,順位表 > クラブ「琉球ゴールデンキングス」（略称「琉球」、club_detail TeamID=701）,公式順位表で略称とクラブ名・TeamIDの対応を確認,SUPPORTED,2026-09-30,
Batch 32 Wave 02,B32W2E0051,Career,C001249,start,2023,B32W2S0011,クラブ所属履歴 > 「2023-24 琉球」,所属履歴の最初のシーズン2023-24の開始年,SUPPORTED,2026-09-30,
Batch 32 Wave 02,B32W2E0052,Career,C001249,organization_id,ORG000106,B32W2S0005,選手一覧 > 琉球 > 脇 真大,2026-27シーズンの公式選手一覧で現所属を確認,SUPPORTED,2026-09-30,
Batch 32 Wave 02,B32W2E0053,Person,P000282,name,大崎 裕太,B32W2S0012,基本情報 > 選手名,B.LEAGUE公式プロフィールで氏名を確認,SUPPORTED,2026-09-30,
Batch 32 Wave 02,B32W2E0054,Person,P000282,birth_date,1994-06-01,B32W2S0012,基本情報 > 生年月日：1994年6月1日,B.LEAGUE公式プロフィールで生年月日を確認,SUPPORTED,2026-09-30,
Batch 32 Wave 02,B32W2E0055,Career,C001250,organization_id,ORG000275,B32W2S0012,基本情報 > 出身校（高）：柏市立柏高等学校,B.LEAGUE公式プロフィールで出身校（高）を確認,SUPPORTED,2026-09-30,
Batch 32 Wave 02,B32W2E0056,Career,C001251,organization_id,ORG000030,B32W2S0012,基本情報 > 出身校（大）：青山学院大学,B.LEAGUE公式プロフィールで出身校（大）を確認,SUPPORTED,2026-09-30,
Batch 32 Wave 02,B32W2E0057,Career,C001252,organization_id,ORG000150,B32W2S0012,クラブ所属履歴 > 「2018-19 信州」〜「2021-22 信州」,B.LEAGUE公式の所属履歴で在籍を確認（略称表記）,SUPPORTED,2026-09-30,
Batch 32 Wave 02,B32W2E0058,Career,C001252,organization_id,ORG000150,B32W2S0013,順位表 > クラブ「信州ブレイブウォリアーズ」（略称「信州」、club_detail TeamID=716）,公式順位表で略称とクラブ名・TeamIDの対応を確認,SUPPORTED,2026-09-30,
Batch 32 Wave 02,B32W2E0059,Career,C001252,start,2018,B32W2S0012,クラブ所属履歴 > 「2018-19 信州」,所属履歴の最初のシーズン2018-19の開始年,SUPPORTED,2026-09-30,
Batch 32 Wave 02,B32W2E0060,Career,C001252,end,2022,B32W2S0012,クラブ所属履歴 > 「2021-22 信州」,所属履歴の最後のシーズン2021-22の終了年,SUPPORTED,2026-09-30,
Batch 32 Wave 02,B32W2E0061,Career,C001253,organization_id,ORG000144,B32W2S0012,クラブ所属履歴 > 「2022-23 A千葉」〜「2025-26 A千葉」,B.LEAGUE公式の所属履歴で在籍を確認（略称表記）,SUPPORTED,2026-09-30,
Batch 32 Wave 02,B32W2E0062,Career,C001253,organization_id,ORG000144,B32W2S0014,順位表 > クラブ「アルティーリ千葉」（略称「A千葉」、club_detail TeamID=2486）,公式順位表で略称とクラブ名・TeamIDの対応を確認,SUPPORTED,2026-09-30,
Batch 32 Wave 02,B32W2E0063,Career,C001253,start,2022,B32W2S0012,クラブ所属履歴 > 「2022-23 A千葉」,所属履歴の最初のシーズン2022-23の開始年,SUPPORTED,2026-09-30,
Batch 32 Wave 02,B32W2E0064,Career,C001253,end,2026,B32W2S0012,クラブ所属履歴 > 「2025-26 A千葉」,所属履歴の最後のシーズン2025-26の終了年,SUPPORTED,2026-09-30,
Batch 32 Wave 02,B32W2E0065,Career,C001254,organization_id,ORG000092,B32W2S0012,クラブ所属履歴 > 「2026-27 北海道」,B.LEAGUE公式の所属履歴で在籍を確認（略称表記）,SUPPORTED,2026-09-30,
Batch 32 Wave 02,B32W2E0066,Career,C001254,organization_id,ORG000092,B32W2S0010,順位表 > クラブ「レバンガ北海道」（略称「北海道」、club_detail TeamID=702）,公式順位表で略称とクラブ名・TeamIDの対応を確認,SUPPORTED,2026-09-30,
Batch 32 Wave 02,B32W2E0067,Career,C001254,start,2026,B32W2S0012,クラブ所属履歴 > 「2026-27 北海道」,所属履歴の最初のシーズン2026-27の開始年,SUPPORTED,2026-09-30,
Batch 32 Wave 02,B32W2E0068,Career,C001254,organization_id,ORG000092,B32W2S0015,選手一覧 > 北海道 > 大崎 裕太,2026-27シーズンの公式選手一覧で現所属を確認,SUPPORTED,2026-09-30,
Batch 32 Wave 02,B32W2E0069,Person,P000283,name,島谷 怜,B32W2S0016,基本情報 > 選手名,B.LEAGUE公式プロフィールで氏名を確認,SUPPORTED,2026-09-30,
Batch 32 Wave 02,B32W2E0070,Person,P000283,birth_date,2000-07-28,B32W2S0016,基本情報 > 生年月日：2000年7月28日,B.LEAGUE公式プロフィールで生年月日を確認,SUPPORTED,2026-09-30,
Batch 32 Wave 02,B32W2E0071,Career,C001255,organization_id,ORG000243,B32W2S0016,基本情報 > 出身校（高）：東海大学付属札幌高等学校,B.LEAGUE公式プロフィールで出身校（高）を確認,SUPPORTED,2026-09-30,
Batch 32 Wave 02,B32W2E0072,Career,C001256,organization_id,ORG000015,B32W2S0016,基本情報 > 出身校（大）：東海大学,B.LEAGUE公式プロフィールで出身校（大）を確認,SUPPORTED,2026-09-30,
Batch 32 Wave 02,B32W2E0073,Career,C001257,organization_id,ORG000092,B32W2S0016,クラブ所属履歴 > 「2022-23 北海道」〜「2026-27 北海道」,B.LEAGUE公式の所属履歴で在籍を確認（略称表記）,SUPPORTED,2026-09-30,
Batch 32 Wave 02,B32W2E0074,Career,C001257,organization_id,ORG000092,B32W2S0017,順位表 > クラブ「レバンガ北海道」（略称「北海道」、club_detail TeamID=702）,公式順位表で略称とクラブ名・TeamIDの対応を確認,SUPPORTED,2026-09-30,
Batch 32 Wave 02,B32W2E0075,Career,C001257,start,2022,B32W2S0016,クラブ所属履歴 > 「2022-23 北海道」,所属履歴の最初のシーズン2022-23の開始年,SUPPORTED,2026-09-30,
Batch 32 Wave 02,B32W2E0076,Career,C001257,organization_id,ORG000092,B32W2S0015,選手一覧 > 北海道 > 島谷 怜,2026-27シーズンの公式選手一覧で現所属を確認,SUPPORTED,2026-09-30,
Batch 32 Wave 02,B32W2E0077,Person,P000284,name,関野 剛平,B32W2S0018,基本情報 > 選手名,B.LEAGUE公式プロフィールで氏名を確認,SUPPORTED,2026-09-30,
Batch 32 Wave 02,B32W2E0078,Person,P000284,birth_date,1994-08-01,B32W2S0018,基本情報 > 生年月日：1994年8月1日,B.LEAGUE公式プロフィールで生年月日を確認,SUPPORTED,2026-09-30,
Batch 32 Wave 02,B32W2E0079,Career,C001258,organization_id,ORG000243,B32W2S0018,基本情報 > 出身校（高）：東海大学付属第四高等学校,B.LEAGUE公式プロフィールで出身校（高）を確認,SUPPORTED,2026-09-30,
Batch 32 Wave 02,B32W2E0080,Career,C001259,organization_id,ORG000015,B32W2S0018,基本情報 > 出身校（大）：東海大学,B.LEAGUE公式プロフィールで出身校（大）を確認,SUPPORTED,2026-09-30,
Batch 32 Wave 02,B32W2E0081,Career,C001260,organization_id,ORG000092,B32W2S0018,クラブ所属履歴 > 「2016-17 北海道」〜「2018-19 北海道」,B.LEAGUE公式の所属履歴で在籍を確認（略称表記）,SUPPORTED,2026-09-30,
Batch 32 Wave 02,B32W2E0082,Career,C001260,organization_id,ORG000092,B32W2S0007,順位表 > クラブ「レバンガ北海道」（略称「北海道」、club_detail TeamID=702）,公式順位表で略称とクラブ名・TeamIDの対応を確認,SUPPORTED,2026-09-30,
Batch 32 Wave 02,B32W2E0083,Career,C001260,start,2016,B32W2S0018,クラブ所属履歴 > 「2016-17 北海道」,所属履歴の最初のシーズン2016-17の開始年,SUPPORTED,2026-09-30,
Batch 32 Wave 02,B32W2E0084,Career,C001260,end,2019,B32W2S0018,クラブ所属履歴 > 「2018-19 北海道」,所属履歴の最後のシーズン2018-19の終了年,SUPPORTED,2026-09-30,
Batch 32 Wave 02,B32W2E0085,Career,C001261,organization_id,ORG000114,B32W2S0018,クラブ所属履歴 > 「2019-20 SR渋谷」〜「2022-23 SR渋谷」,B.LEAGUE公式の所属履歴で在籍を確認（略称表記）,SUPPORTED,2026-09-30,
Batch 32 Wave 02,B32W2E0086,Career,C001261,organization_id,ORG000114,B32W2S0019,順位表 > クラブ「サンロッカーズ渋谷」（略称「SR渋谷」、club_detail TeamID=726）,公式順位表で略称とクラブ名・TeamIDの対応を確認,SUPPORTED,2026-09-30,
Batch 32 Wave 02,B32W2E0087,Career,C001261,start,2019,B32W2S0018,クラブ所属履歴 > 「2019-20 SR渋谷」,所属履歴の最初のシーズン2019-20の開始年,SUPPORTED,2026-09-30,
Batch 32 Wave 02,B32W2E0088,Career,C001261,end,2023,B32W2S0018,クラブ所属履歴 > 「2022-23 SR渋谷」,所属履歴の最後のシーズン2022-23の終了年,SUPPORTED,2026-09-30,
Batch 32 Wave 02,B32W2E0089,Career,C001262,organization_id,ORG000092,B32W2S0018,クラブ所属履歴 > 「2023-24 北海道」〜「2026-27 北海道」,B.LEAGUE公式の所属履歴で在籍を確認（略称表記）,SUPPORTED,2026-09-30,
Batch 32 Wave 02,B32W2E0090,Career,C001262,organization_id,ORG000092,B32W2S0003,順位表 > クラブ「レバンガ北海道」（略称「北海道」、club_detail TeamID=702）,公式順位表で略称とクラブ名・TeamIDの対応を確認,SUPPORTED,2026-09-30,
Batch 32 Wave 02,B32W2E0091,Career,C001262,start,2023,B32W2S0018,クラブ所属履歴 > 「2023-24 北海道」,所属履歴の最初のシーズン2023-24の開始年,SUPPORTED,2026-09-30,
Batch 32 Wave 02,B32W2E0092,Career,C001262,organization_id,ORG000092,B32W2S0015,選手一覧 > 北海道 > 関野 剛平,2026-27シーズンの公式選手一覧で現所属を確認,SUPPORTED,2026-09-30,
Batch 32 Wave 02,B32W2E0093,Person,P000285,name,内藤 耀悠,B32W2S0020,基本情報 > 選手名,B.LEAGUE公式プロフィールで氏名を確認,SUPPORTED,2026-09-30,
Batch 32 Wave 02,B32W2E0094,Person,P000285,birth_date,2006-01-11,B32W2S0020,基本情報 > 生年月日：2006年1月11日,B.LEAGUE公式プロフィールで生年月日を確認,SUPPORTED,2026-09-30,
Batch 32 Wave 02,B32W2E0095,Career,C001263,organization_id,ORG000276,B32W2S0020,基本情報 > 出身校（高）：北海道文教大学附属高等学校,B.LEAGUE公式プロフィールで出身校（高）を確認,SUPPORTED,2026-09-30,
Batch 32 Wave 02,B32W2E0096,Career,C001264,organization_id,ORG000092,B32W2S0020,クラブ所属履歴 > 「2022-23 北海道」〜「2026-27 北海道」,B.LEAGUE公式の所属履歴で在籍を確認（略称表記）,SUPPORTED,2026-09-30,
Batch 32 Wave 02,B32W2E0097,Career,C001264,organization_id,ORG000092,B32W2S0017,順位表 > クラブ「レバンガ北海道」（略称「北海道」、club_detail TeamID=702）,公式順位表で略称とクラブ名・TeamIDの対応を確認,SUPPORTED,2026-09-30,
Batch 32 Wave 02,B32W2E0098,Career,C001264,start,2022,B32W2S0020,クラブ所属履歴 > 「2022-23 北海道」,所属履歴の最初のシーズン2022-23の開始年,SUPPORTED,2026-09-30,
Batch 32 Wave 02,B32W2E0099,Career,C001264,organization_id,ORG000092,B32W2S0015,選手一覧 > 北海道 > 内藤 耀悠,2026-27シーズンの公式選手一覧で現所属を確認,SUPPORTED,2026-09-30,
Batch 32 Wave 02,B32W2E0100,Person,P000286,name,西村 優真,B32W2S0021,基本情報 > 選手名,B.LEAGUE公式プロフィールで氏名を確認,SUPPORTED,2026-09-30,
Batch 32 Wave 02,B32W2E0101,Person,P000286,birth_date,2007-04-24,B32W2S0021,基本情報 > 生年月日：2007年4月24日,B.LEAGUE公式プロフィールで生年月日を確認,SUPPORTED,2026-09-30,
Batch 32 Wave 02,B32W2E0102,Career,C001265,organization_id,ORG000276,B32W2S0021,基本情報 > 出身校（高）：北海道文教大学付属高等学校,B.LEAGUE公式プロフィールで出身校（高）を確認,SUPPORTED,2026-09-30,
Batch 32 Wave 02,B32W2E0103,Career,C001266,organization_id,ORG000092,B32W2S0021,クラブ所属履歴 > 「2025-26 北海道」〜「2026-27 北海道」,B.LEAGUE公式の所属履歴で在籍を確認（略称表記）,SUPPORTED,2026-09-30,
Batch 32 Wave 02,B32W2E0104,Career,C001266,organization_id,ORG000092,B32W2S0004,順位表 > クラブ「レバンガ北海道」（略称「北海道」、club_detail TeamID=702）,公式順位表で略称とクラブ名・TeamIDの対応を確認,SUPPORTED,2026-09-30,
Batch 32 Wave 02,B32W2E0105,Career,C001266,start,2025,B32W2S0021,クラブ所属履歴 > 「2025-26 北海道」,所属履歴の最初のシーズン2025-26の開始年,SUPPORTED,2026-09-30,
Batch 32 Wave 02,B32W2E0106,Career,C001266,organization_id,ORG000092,B32W2S0015,選手一覧 > 北海道 > 西村 優真,2026-27シーズンの公式選手一覧で現所属を確認,SUPPORTED,2026-09-30,
Batch 32 Wave 02,B32W2E0107,Person,P000287,name,石川 裕大,B32W2S0022,基本情報 > 選手名,B.LEAGUE公式プロフィールで氏名を確認,SUPPORTED,2026-09-30,
Batch 32 Wave 02,B32W2E0108,Person,P000287,birth_date,2004-11-24,B32W2S0022,基本情報 > 生年月日：2004年11月24日,B.LEAGUE公式プロフィールで生年月日を確認,SUPPORTED,2026-09-30,
Batch 32 Wave 02,B32W2E0109,Career,C001267,organization_id,ORG000277,B32W2S0022,基本情報 > 出身校（高）：東京都私立帝京高等学校、Combine Academy (NC),B.LEAGUE公式プロフィールで出身校（高）を確認,SUPPORTED,2026-09-30,
Batch 32 Wave 02,B32W2E0110,Career,C001268,organization_id,ORG000278,B32W2S0022,基本情報 > 出身校（高）：東京都私立帝京高等学校、Combine Academy (NC),B.LEAGUE公式プロフィールで出身校（高）を確認,SUPPORTED,2026-09-30,
Batch 32 Wave 02,B32W2E0111,Career,C001269,organization_id,ORG000047,B32W2S0022,クラブ所属履歴 > 「2024-25 宇都宮」〜「2026-27 宇都宮」,B.LEAGUE公式の所属履歴で在籍を確認（略称表記）,SUPPORTED,2026-09-30,
Batch 32 Wave 02,B32W2E0112,Career,C001269,organization_id,ORG000047,B32W2S0023,順位表 > クラブ「宇都宮ブレックス」（略称「宇都宮」、club_detail TeamID=703）,公式順位表で略称とクラブ名・TeamIDの対応を確認,SUPPORTED,2026-09-30,
Batch 32 Wave 02,B32W2E0113,Career,C001269,start,2024,B32W2S0022,クラブ所属履歴 > 「2024-25 宇都宮」,所属履歴の最初のシーズン2024-25の開始年,SUPPORTED,2026-09-30,
Batch 32 Wave 02,B32W2E0114,Career,C001269,organization_id,ORG000047,B32W2S0024,選手一覧 > 宇都宮 > 石川 裕大,2026-27シーズンの公式選手一覧で現所属を確認,SUPPORTED,2026-09-30,
Batch 32 Wave 02,B32W2E0115,Career,C001270,organization_id,ORG000181,B32W2S0022,クラブ所属履歴 > 「2025-26 山形」,B.LEAGUE公式の所属履歴で在籍を確認（略称表記）,SUPPORTED,2026-09-30,
Batch 32 Wave 02,B32W2E0116,Career,C001270,organization_id,ORG000181,B32W2S0025,順位表 > クラブ「山形ワイヴァンズ」（略称「山形」、club_detail TeamID=710）,公式順位表で略称とクラブ名・TeamIDの対応を確認,SUPPORTED,2026-09-30,
Batch 32 Wave 02,B32W2E0117,Career,C001270,start,2025,B32W2S0022,クラブ所属履歴 > 「2025-26 山形」,所属履歴の最初のシーズン2025-26の開始年,SUPPORTED,2026-09-30,
Batch 32 Wave 02,B32W2E0118,Career,C001270,end,2026,B32W2S0022,クラブ所属履歴 > 「2025-26 山形」,所属履歴の最後のシーズン2025-26の終了年,SUPPORTED,2026-09-30,
Batch 32 Wave 02,B32W2E0119,Career,C001271,organization_id,ORG000150,B32W2S0022,クラブ所属履歴 > 「2025-26 信州」,B.LEAGUE公式の所属履歴で在籍を確認（略称表記）,SUPPORTED,2026-09-30,
Batch 32 Wave 02,B32W2E0120,Career,C001271,organization_id,ORG000150,B32W2S0025,順位表 > クラブ「信州ブレイブウォリアーズ」（略称「信州」、club_detail TeamID=716）,公式順位表で略称とクラブ名・TeamIDの対応を確認,SUPPORTED,2026-09-30,
Batch 32 Wave 02,B32W2E0121,Career,C001271,start,2025,B32W2S0022,クラブ所属履歴 > 「2025-26 信州」,所属履歴の最初のシーズン2025-26の開始年,SUPPORTED,2026-09-30,
Batch 32 Wave 02,B32W2E0122,Career,C001271,end,2026,B32W2S0022,クラブ所属履歴 > 「2025-26 信州」,所属履歴の最後のシーズン2025-26の終了年,SUPPORTED,2026-09-30,
Batch 32 Wave 02,B32W2E0123,Person,P000288,name,市岡 ショーン,B32W2S0026,基本情報 > 選手名,B.LEAGUE公式プロフィールで氏名を確認,SUPPORTED,2026-09-30,
Batch 32 Wave 02,B32W2E0124,Person,P000288,birth_date,1991-04-03,B32W2S0026,基本情報 > 生年月日：1991年4月3日,B.LEAGUE公式プロフィールで生年月日を確認,SUPPORTED,2026-09-30,
Batch 32 Wave 02,B32W2E0125,Career,C001272,organization_id,ORG000279,B32W2S0026,基本情報 > 出身校（高）：ウエストトランス高等学校,B.LEAGUE公式プロフィールで出身校（高）を確認,SUPPORTED,2026-09-30,
Batch 32 Wave 02,B32W2E0126,Career,C001273,organization_id,ORG000280,B32W2S0026,基本情報 > 出身校（大）：サンディエゴ・ミラマー大学,B.LEAGUE公式プロフィールで出身校（大）を確認,SUPPORTED,2026-09-30,
Batch 32 Wave 02,B32W2E0127,Career,C001274,organization_id,ORG000130,B32W2S0026,クラブ所属履歴 > 「2016-17 三河」,B.LEAGUE公式の所属履歴で在籍を確認（略称表記）,SUPPORTED,2026-09-30,
Batch 32 Wave 02,B32W2E0128,Career,C001274,organization_id,ORG000130,B32W2S0007,順位表 > クラブ「シーホース三河」（略称「三河」、club_detail TeamID=728）,公式順位表で略称とクラブ名・TeamIDの対応を確認,SUPPORTED,2026-09-30,
Batch 32 Wave 02,B32W2E0129,Career,C001274,start,2016,B32W2S0026,クラブ所属履歴 > 「2016-17 三河」,所属履歴の最初のシーズン2016-17の開始年,SUPPORTED,2026-09-30,
Batch 32 Wave 02,B32W2E0130,Career,C001274,end,2017,B32W2S0026,クラブ所属履歴 > 「2016-17 三河」,所属履歴の最後のシーズン2016-17の終了年,SUPPORTED,2026-09-30,
Batch 32 Wave 02,B32W2E0131,Career,C001275,organization_id,ORG000092,B32W2S0026,クラブ所属履歴 > 「2018-19 北海道」〜「2019-20 北海道」,B.LEAGUE公式の所属履歴で在籍を確認（略称表記）,SUPPORTED,2026-09-30,
Batch 32 Wave 02,B32W2E0132,Career,C001275,organization_id,ORG000092,B32W2S0027,順位表 > クラブ「レバンガ北海道」（略称「北海道」、club_detail TeamID=702）,公式順位表で略称とクラブ名・TeamIDの対応を確認,SUPPORTED,2026-09-30,
Batch 32 Wave 02,B32W2E0133,Career,C001275,start,2018,B32W2S0026,クラブ所属履歴 > 「2018-19 北海道」,所属履歴の最初のシーズン2018-19の開始年,SUPPORTED,2026-09-30,
Batch 32 Wave 02,B32W2E0134,Career,C001275,end,2020,B32W2S0026,クラブ所属履歴 > 「2019-20 北海道」,所属履歴の最後のシーズン2019-20の終了年,SUPPORTED,2026-09-30,
Batch 32 Wave 02,B32W2E0135,Career,C001276,organization_id,ORG000202,B32W2S0026,クラブ所属履歴 > 「2021-22 福島」,B.LEAGUE公式の所属履歴で在籍を確認（略称表記）,SUPPORTED,2026-09-30,
Batch 32 Wave 02,B32W2E0136,Career,C001276,organization_id,ORG000202,B32W2S0028,順位表 > クラブ「福島ファイヤーボンズ」（略称「福島」、club_detail TeamID=711）,公式順位表で略称とクラブ名・TeamIDの対応を確認,SUPPORTED,2026-09-30,
Batch 32 Wave 02,B32W2E0137,Career,C001276,start,2021,B32W2S0026,クラブ所属履歴 > 「2021-22 福島」,所属履歴の最初のシーズン2021-22の開始年,SUPPORTED,2026-09-30,
Batch 32 Wave 02,B32W2E0138,Career,C001276,end,2022,B32W2S0026,クラブ所属履歴 > 「2021-22 福島」,所属履歴の最後のシーズン2021-22の終了年,SUPPORTED,2026-09-30,
Batch 32 Wave 02,B32W2E0139,Career,C001277,organization_id,ORG000190,B32W2S0026,クラブ所属履歴 > 「2022-23 越谷」,B.LEAGUE公式の所属履歴で在籍を確認（略称表記）,SUPPORTED,2026-09-30,
Batch 32 Wave 02,B32W2E0140,Career,C001277,organization_id,ORG000190,B32W2S0014,順位表 > クラブ「越谷アルファーズ」（略称「越谷」、club_detail TeamID=745）,公式順位表で略称とクラブ名・TeamIDの対応を確認,SUPPORTED,2026-09-30,
Batch 32 Wave 02,B32W2E0141,Career,C001277,start,2022,B32W2S0026,クラブ所属履歴 > 「2022-23 越谷」,所属履歴の最初のシーズン2022-23の開始年,SUPPORTED,2026-09-30,
Batch 32 Wave 02,B32W2E0142,Career,C001277,end,2023,B32W2S0026,クラブ所属履歴 > 「2022-23 越谷」,所属履歴の最後のシーズン2022-23の終了年,SUPPORTED,2026-09-30,
Batch 32 Wave 02,B32W2E0143,Career,C001278,organization_id,ORG000067,B32W2S0026,クラブ所属履歴 > 「2023-24 熊本」,B.LEAGUE公式の所属履歴で在籍を確認（略称表記）,SUPPORTED,2026-09-30,
Batch 32 Wave 02,B32W2E0144,Career,C001278,organization_id,ORG000067,B32W2S0029,順位表 > クラブ「熊本ヴォルターズ」（略称「熊本」、club_detail TeamID=724）,公式順位表で略称とクラブ名・TeamIDの対応を確認,SUPPORTED,2026-09-30,
Batch 32 Wave 02,B32W2E0145,Career,C001278,start,2023,B32W2S0026,クラブ所属履歴 > 「2023-24 熊本」,所属履歴の最初のシーズン2023-24の開始年,SUPPORTED,2026-09-30,
Batch 32 Wave 02,B32W2E0146,Career,C001278,end,2024,B32W2S0026,クラブ所属履歴 > 「2023-24 熊本」,所属履歴の最後のシーズン2023-24の終了年,SUPPORTED,2026-09-30,
Batch 32 Wave 02,B32W2E0147,Career,C001279,organization_id,ORG000153,B32W2S0026,クラブ所属履歴 > 「2024-25 滋賀」〜「2025-26 滋賀」,B.LEAGUE公式の所属履歴で在籍を確認（略称表記）,SUPPORTED,2026-09-30,
Batch 32 Wave 02,B32W2E0148,Career,C001279,organization_id,ORG000153,B32W2S0023,順位表 > クラブ「滋賀レイクス」（略称「滋賀」、club_detail TeamID=698）,公式順位表で略称とクラブ名・TeamIDの対応を確認,SUPPORTED,2026-09-30,
Batch 32 Wave 02,B32W2E0149,Career,C001279,start,2024,B32W2S0026,クラブ所属履歴 > 「2024-25 滋賀」,所属履歴の最初のシーズン2024-25の開始年,SUPPORTED,2026-09-30,
Batch 32 Wave 02,B32W2E0150,Career,C001279,end,2026,B32W2S0026,クラブ所属履歴 > 「2025-26 滋賀」,所属履歴の最後のシーズン2025-26の終了年,SUPPORTED,2026-09-30,
Batch 32 Wave 02,B32W2E0151,Career,C001280,organization_id,ORG000047,B32W2S0026,クラブ所属履歴 > 「2026-27 宇都宮」,B.LEAGUE公式の所属履歴で在籍を確認（略称表記）,SUPPORTED,2026-09-30,
Batch 32 Wave 02,B32W2E0152,Career,C001280,organization_id,ORG000047,B32W2S0010,順位表 > クラブ「宇都宮ブレックス」（略称「宇都宮」、club_detail TeamID=703）,公式順位表で略称とクラブ名・TeamIDの対応を確認,SUPPORTED,2026-09-30,
Batch 32 Wave 02,B32W2E0153,Career,C001280,start,2026,B32W2S0026,クラブ所属履歴 > 「2026-27 宇都宮」,所属履歴の最初のシーズン2026-27の開始年,SUPPORTED,2026-09-30,
Batch 32 Wave 02,B32W2E0154,Career,C001280,organization_id,ORG000047,B32W2S0024,選手一覧 > 宇都宮 > 市岡 ショーン,2026-27シーズンの公式選手一覧で現所属を確認,SUPPORTED,2026-09-30,
Batch 32 Wave 02,B32W2E0155,Person,P000289,name,ギャビン・エドワーズ,B32W2S0030,基本情報 > 選手名,B.LEAGUE公式プロフィールで氏名を確認,SUPPORTED,2026-09-30,
Batch 32 Wave 02,B32W2E0156,Person,P000289,birth_date,1988-01-15,B32W2S0030,基本情報 > 生年月日：1988年1月15日,B.LEAGUE公式プロフィールで生年月日を確認,SUPPORTED,2026-09-30,
Batch 32 Wave 02,B32W2E0157,Career,C001281,organization_id,ORG000281,B32W2S0030,基本情報 > 出身校（高）：メスキート高等学校,B.LEAGUE公式プロフィールで出身校（高）を確認,SUPPORTED,2026-09-30,
Batch 32 Wave 02,B32W2E0158,Career,C001282,organization_id,ORG000282,B32W2S0030,基本情報 > 出身校（大）：コネチカット大,B.LEAGUE公式プロフィールで出身校（大）を確認,SUPPORTED,2026-09-30,
Batch 32 Wave 02,B32W2E0159,Career,C001283,organization_id,ORG000130,B32W2S0030,クラブ所属履歴 > 「2016-17 三河」,B.LEAGUE公式の所属履歴で在籍を確認（略称表記）,SUPPORTED,2026-09-30,
Batch 32 Wave 02,B32W2E0160,Career,C001283,organization_id,ORG000130,B32W2S0007,順位表 > クラブ「シーホース三河」（略称「三河」、club_detail TeamID=728）,公式順位表で略称とクラブ名・TeamIDの対応を確認,SUPPORTED,2026-09-30,
Batch 32 Wave 02,B32W2E0161,Career,C001283,start,2016,B32W2S0030,クラブ所属履歴 > 「2016-17 三河」,所属履歴の最初のシーズン2016-17の開始年,SUPPORTED,2026-09-30,
Batch 32 Wave 02,B32W2E0162,Career,C001283,end,2017,B32W2S0030,クラブ所属履歴 > 「2016-17 三河」,所属履歴の最後のシーズン2016-17の終了年,SUPPORTED,2026-09-30,
Batch 32 Wave 02,B32W2E0163,Career,C001284,organization_id,ORG000118,B32W2S0030,クラブ所属履歴 > 「2017-18 千葉」〜「2022-23 千葉J」,B.LEAGUE公式の所属履歴で在籍を確認（略称表記）,SUPPORTED,2026-09-30,
Batch 32 Wave 02,B32W2E0164,Career,C001284,organization_id,ORG000118,B32W2S0008,順位表 > クラブ「千葉ジェッツ」（略称「千葉」、club_detail TeamID=704）,公式順位表で略称とクラブ名・TeamIDの対応を確認,SUPPORTED,2026-09-30,
Batch 32 Wave 02,B32W2E0165,Career,C001284,start,2017,B32W2S0030,クラブ所属履歴 > 「2017-18 千葉」,所属履歴の最初のシーズン2017-18の開始年,SUPPORTED,2026-09-30,
Batch 32 Wave 02,B32W2E0166,Career,C001284,end,2023,B32W2S0030,クラブ所属履歴 > 「2022-23 千葉J」,所属履歴の最後のシーズン2022-23の終了年,SUPPORTED,2026-09-30,
Batch 32 Wave 02,B32W2E0167,Career,C001285,organization_id,ORG000047,B32W2S0030,クラブ所属履歴 > 「2023-24 宇都宮」〜「2026-27 宇都宮」,B.LEAGUE公式の所属履歴で在籍を確認（略称表記）,SUPPORTED,2026-09-30,
Batch 32 Wave 02,B32W2E0168,Career,C001285,organization_id,ORG000047,B32W2S0003,順位表 > クラブ「宇都宮ブレックス」（略称「宇都宮」、club_detail TeamID=703）,公式順位表で略称とクラブ名・TeamIDの対応を確認,SUPPORTED,2026-09-30,
Batch 32 Wave 02,B32W2E0169,Career,C001285,start,2023,B32W2S0030,クラブ所属履歴 > 「2023-24 宇都宮」,所属履歴の最初のシーズン2023-24の開始年,SUPPORTED,2026-09-30,
Batch 32 Wave 02,B32W2E0170,Career,C001285,organization_id,ORG000047,B32W2S0024,選手一覧 > 宇都宮 > ギャビン・エドワーズ,2026-27シーズンの公式選手一覧で現所属を確認,SUPPORTED,2026-09-30,
Batch 32 Wave 02,B32W2E0171,Person,P000290,name,渡邉 裕規,B32W2S0031,基本情報 > 選手名,B.LEAGUE公式プロフィールで氏名を確認,SUPPORTED,2026-09-30,
Batch 32 Wave 02,B32W2E0172,Person,P000290,birth_date,1988-03-22,B32W2S0031,基本情報 > 生年月日：1988年3月22日,B.LEAGUE公式プロフィールで生年月日を確認,SUPPORTED,2026-09-30,
Batch 32 Wave 02,B32W2E0173,Career,C001286,organization_id,ORG000283,B32W2S0031,基本情報 > 出身校（高）：世田谷学園高等学校,B.LEAGUE公式プロフィールで出身校（高）を確認,SUPPORTED,2026-09-30,
Batch 32 Wave 02,B32W2E0174,Career,C001287,organization_id,ORG000030,B32W2S0031,基本情報 > 出身校（大）：青山学院大学,B.LEAGUE公式プロフィールで出身校（大）を確認,SUPPORTED,2026-09-30,
Batch 32 Wave 02,B32W2E0175,Career,C001288,organization_id,ORG000047,B32W2S0031,クラブ所属履歴 > 「2016-17 栃木」〜「2026-27 宇都宮」,B.LEAGUE公式の所属履歴で在籍を確認（略称表記）,SUPPORTED,2026-09-30,
Batch 32 Wave 02,B32W2E0176,Career,C001288,organization_id,ORG000047,B32W2S0007,順位表 > クラブ「栃木ブレックス」（略称「栃木」、club_detail TeamID=703）,公式順位表で略称とクラブ名・TeamIDの対応を確認,SUPPORTED,2026-09-30,
Batch 32 Wave 02,B32W2E0177,Career,C001288,start,2016,B32W2S0031,クラブ所属履歴 > 「2016-17 栃木」,所属履歴の最初のシーズン2016-17の開始年,SUPPORTED,2026-09-30,
Batch 32 Wave 02,B32W2E0178,Career,C001288,organization_id,ORG000047,B32W2S0024,選手一覧 > 宇都宮 > 渡邉 裕規,2026-27シーズンの公式選手一覧で現所属を確認,SUPPORTED,2026-09-30,
Batch 32 Wave 02,B32W2E0179,Person,P000291,name,荒尾 岳,B32W2S0032,基本情報 > 選手名,B.LEAGUE公式プロフィールで氏名を確認,SUPPORTED,2026-09-30,
Batch 32 Wave 02,B32W2E0180,Person,P000291,birth_date,1987-01-15,B32W2S0032,基本情報 > 生年月日：1987年1月15日,B.LEAGUE公式プロフィールで生年月日を確認,SUPPORTED,2026-09-30,
Batch 32 Wave 02,B32W2E0181,Career,C001289,organization_id,ORG000284,B32W2S0032,基本情報 > 出身校（高）：富山県立泊高等学校,B.LEAGUE公式プロフィールで出身校（高）を確認,SUPPORTED,2026-09-30,
Batch 32 Wave 02,B32W2E0182,Career,C001290,organization_id,ORG000030,B32W2S0032,基本情報 > 出身校（大）：青山学院大学,B.LEAGUE公式プロフィールで出身校（大）を確認,SUPPORTED,2026-09-30,
Batch 32 Wave 02,B32W2E0183,Career,C001291,organization_id,ORG000118,B32W2S0032,クラブ所属履歴 > 「2016-17 千葉」〜「2017-18 千葉」,B.LEAGUE公式の所属履歴で在籍を確認（略称表記）,SUPPORTED,2026-09-30,
Batch 32 Wave 02,B32W2E0184,Career,C001291,organization_id,ORG000118,B32W2S0007,順位表 > クラブ「千葉ジェッツ」（略称「千葉」、club_detail TeamID=704）,公式順位表で略称とクラブ名・TeamIDの対応を確認,SUPPORTED,2026-09-30,
Batch 32 Wave 02,B32W2E0185,Career,C001291,start,2016,B32W2S0032,クラブ所属履歴 > 「2016-17 千葉」,所属履歴の最初のシーズン2016-17の開始年,SUPPORTED,2026-09-30,
Batch 32 Wave 02,B32W2E0186,Career,C001291,end,2018,B32W2S0032,クラブ所属履歴 > 「2017-18 千葉」,所属履歴の最後のシーズン2017-18の終了年,SUPPORTED,2026-09-30,
Batch 32 Wave 02,B32W2E0187,Career,C001292,organization_id,ORG000153,B32W2S0032,クラブ所属履歴 > 「2018-19 滋賀」〜「2019-20 滋賀」,B.LEAGUE公式の所属履歴で在籍を確認（略称表記）,SUPPORTED,2026-09-30,
Batch 32 Wave 02,B32W2E0188,Career,C001292,organization_id,ORG000153,B32W2S0027,順位表 > クラブ「滋賀レイクスターズ」（略称「滋賀」、club_detail TeamID=698）,公式順位表で略称とクラブ名・TeamIDの対応を確認,SUPPORTED,2026-09-30,
Batch 32 Wave 02,B32W2E0189,Career,C001292,start,2018,B32W2S0032,クラブ所属履歴 > 「2018-19 滋賀」,所属履歴の最初のシーズン2018-19の開始年,SUPPORTED,2026-09-30,
Batch 32 Wave 02,B32W2E0190,Career,C001292,end,2020,B32W2S0032,クラブ所属履歴 > 「2019-20 滋賀」,所属履歴の最後のシーズン2019-20の終了年,SUPPORTED,2026-09-30,
Batch 32 Wave 02,B32W2E0191,Career,C001293,organization_id,ORG000110,B32W2S0032,クラブ所属履歴 > 「2020-21 広島」,B.LEAGUE公式の所属履歴で在籍を確認（略称表記）,SUPPORTED,2026-09-30,
Batch 32 Wave 02,B32W2E0192,Career,C001293,organization_id,ORG000110,B32W2S0002,順位表 > クラブ「広島ドラゴンフライズ」（略称「広島」、club_detail TeamID=721）,公式順位表で略称とクラブ名・TeamIDの対応を確認,SUPPORTED,2026-09-30,
Batch 32 Wave 02,B32W2E0193,Career,C001293,start,2020,B32W2S0032,クラブ所属履歴 > 「2020-21 広島」,所属履歴の最初のシーズン2020-21の開始年,SUPPORTED,2026-09-30,
Batch 32 Wave 02,B32W2E0194,Career,C001293,end,2021,B32W2S0032,クラブ所属履歴 > 「2020-21 広島」,所属履歴の最後のシーズン2020-21の終了年,SUPPORTED,2026-09-30,
Batch 32 Wave 02,B32W2E0195,Career,C001294,organization_id,ORG000132,B32W2S0032,クラブ所属履歴 > 「2021-22 仙台」,B.LEAGUE公式の所属履歴で在籍を確認（略称表記）,SUPPORTED,2026-09-30,
Batch 32 Wave 02,B32W2E0196,Career,C001294,organization_id,ORG000132,B32W2S0028,順位表 > クラブ「仙台89ERS」（略称「仙台」、club_detail TeamID=692）,公式順位表で略称とクラブ名・TeamIDの対応を確認,SUPPORTED,2026-09-30,
Batch 32 Wave 02,B32W2E0197,Career,C001294,start,2021,B32W2S0032,クラブ所属履歴 > 「2021-22 仙台」,所属履歴の最初のシーズン2021-22の開始年,SUPPORTED,2026-09-30,
Batch 32 Wave 02,B32W2E0198,Career,C001294,end,2022,B32W2S0032,クラブ所属履歴 > 「2021-22 仙台」,所属履歴の最後のシーズン2021-22の終了年,SUPPORTED,2026-09-30,
Batch 32 Wave 02,B32W2E0199,Career,C001295,organization_id,ORG000118,B32W2S0032,クラブ所属履歴 > 「2022-23 千葉J」〜「2026-27 千葉J」,B.LEAGUE公式の所属履歴で在籍を確認（略称表記）,SUPPORTED,2026-09-30,
Batch 32 Wave 02,B32W2E0200,Career,C001295,organization_id,ORG000118,B32W2S0017,順位表 > クラブ「千葉ジェッツ」（略称「千葉J」、club_detail TeamID=704）,公式順位表で略称とクラブ名・TeamIDの対応を確認,SUPPORTED,2026-09-30,
Batch 32 Wave 02,B32W2E0201,Career,C001295,start,2022,B32W2S0032,クラブ所属履歴 > 「2022-23 千葉J」,所属履歴の最初のシーズン2022-23の開始年,SUPPORTED,2026-09-30,
Batch 32 Wave 02,B32W2E0202,Career,C001295,organization_id,ORG000118,B32W2S0033,選手一覧 > 千葉J > 荒尾 岳,2026-27シーズンの公式選手一覧で現所属を確認,SUPPORTED,2026-09-30,
Batch 32 Wave 02,B32W2E0203,Person,P000292,name,ウィリアムス ニカ,B32W2S0034,基本情報 > 選手名,B.LEAGUE公式プロフィールで氏名を確認,SUPPORTED,2026-09-30,
Batch 32 Wave 02,B32W2E0204,Person,P000292,birth_date,1987-07-09,B32W2S0034,基本情報 > 生年月日：1987年7月9日,B.LEAGUE公式プロフィールで生年月日を確認,SUPPORTED,2026-09-30,
Batch 32 Wave 02,B32W2E0205,Career,C001296,organization_id,ORG000285,B32W2S0034,基本情報 > 出身校（大）：パシフィック大学,B.LEAGUE公式プロフィールで出身校（大）を確認,SUPPORTED,2026-09-30,
Batch 32 Wave 02,B32W2E0206,Career,C001297,organization_id,ORG000224,B32W2S0034,クラブ所属履歴 > 「2016-17 香川」,B.LEAGUE公式の所属履歴で在籍を確認（略称表記）,SUPPORTED,2026-09-30,
Batch 32 Wave 02,B32W2E0207,Career,C001297,organization_id,ORG000224,B32W2S0035,順位表 > クラブ「香川ファイブアローズ」（略称「香川」、club_detail TeamID=722）,公式順位表で略称とクラブ名・TeamIDの対応を確認,SUPPORTED,2026-09-30,
Batch 32 Wave 02,B32W2E0208,Career,C001297,start,2016,B32W2S0034,クラブ所属履歴 > 「2016-17 香川」,所属履歴の最初のシーズン2016-17の開始年,SUPPORTED,2026-09-30,
Batch 32 Wave 02,B32W2E0209,Career,C001297,end,2017,B32W2S0034,クラブ所属履歴 > 「2016-17 香川」,所属履歴の最後のシーズン2016-17の終了年,SUPPORTED,2026-09-30,
Batch 32 Wave 02,B32W2E0210,Career,C001298,organization_id,ORG000091,B32W2S0034,クラブ所属履歴 > 「2017-18 愛媛」,B.LEAGUE公式の所属履歴で在籍を確認（略称表記）,SUPPORTED,2026-09-30,
Batch 32 Wave 02,B32W2E0211,Career,C001298,organization_id,ORG000091,B32W2S0036,順位表 > クラブ「愛媛オレンジバイキングス」（略称「愛媛」、club_detail TeamID=723）,公式順位表で略称とクラブ名・TeamIDの対応を確認,SUPPORTED,2026-09-30,
Batch 32 Wave 02,B32W2E0212,Career,C001298,start,2017,B32W2S0034,クラブ所属履歴 > 「2017-18 愛媛」,所属履歴の最初のシーズン2017-18の開始年,SUPPORTED,2026-09-30,
Batch 32 Wave 02,B32W2E0213,Career,C001298,end,2018,B32W2S0034,クラブ所属履歴 > 「2017-18 愛媛」,所属履歴の最後のシーズン2017-18の終了年,SUPPORTED,2026-09-30,
Batch 32 Wave 02,B32W2E0214,Career,C001299,organization_id,ORG000202,B32W2S0034,クラブ所属履歴 > 「2018-19 福島」,B.LEAGUE公式の所属履歴で在籍を確認（略称表記）,SUPPORTED,2026-09-30,
Batch 32 Wave 02,B32W2E0215,Career,C001299,organization_id,ORG000202,B32W2S0013,順位表 > クラブ「福島ファイヤーボンズ」（略称「福島」、club_detail TeamID=711）,公式順位表で略称とクラブ名・TeamIDの対応を確認,SUPPORTED,2026-09-30,
Batch 32 Wave 02,B32W2E0216,Career,C001299,start,2018,B32W2S0034,クラブ所属履歴 > 「2018-19 福島」,所属履歴の最初のシーズン2018-19の開始年,SUPPORTED,2026-09-30,
Batch 32 Wave 02,B32W2E0217,Career,C001299,end,2019,B32W2S0034,クラブ所属履歴 > 「2018-19 福島」,所属履歴の最後のシーズン2018-19の終了年,SUPPORTED,2026-09-30,
Batch 32 Wave 02,B32W2E0218,Career,C001300,organization_id,ORG000137,B32W2S0034,クラブ所属履歴 > 「2018-19 秋田」〜「2019-20 秋田」,B.LEAGUE公式の所属履歴で在籍を確認（略称表記）,SUPPORTED,2026-09-30,
Batch 32 Wave 02,B32W2E0219,Career,C001300,organization_id,ORG000137,B32W2S0027,順位表 > クラブ「秋田ノーザンハピネッツ」（略称「秋田」、club_detail TeamID=693）,公式順位表で略称とクラブ名・TeamIDの対応を確認,SUPPORTED,2026-09-30,
Batch 32 Wave 02,B32W2E0220,Career,C001300,start,2018,B32W2S0034,クラブ所属履歴 > 「2018-19 秋田」,所属履歴の最初のシーズン2018-19の開始年,SUPPORTED,2026-09-30,
Batch 32 Wave 02,B32W2E0221,Career,C001300,end,2020,B32W2S0034,クラブ所属履歴 > 「2019-20 秋田」,所属履歴の最後のシーズン2019-20の終了年,SUPPORTED,2026-09-30,
Batch 32 Wave 02,B32W2E0222,Career,C001301,organization_id,ORG000155,B32W2S0034,クラブ所属履歴 > 「2020-21 島根」〜「2023-24 島根」,B.LEAGUE公式の所属履歴で在籍を確認（略称表記）,SUPPORTED,2026-09-30,
Batch 32 Wave 02,B32W2E0223,Career,C001301,organization_id,ORG000155,B32W2S0002,順位表 > クラブ「島根スサノオマジック」（略称「島根」、club_detail TeamID=720）,公式順位表で略称とクラブ名・TeamIDの対応を確認,SUPPORTED,2026-09-30,
Batch 32 Wave 02,B32W2E0224,Career,C001301,start,2020,B32W2S0034,クラブ所属履歴 > 「2020-21 島根」,所属履歴の最初のシーズン2020-21の開始年,SUPPORTED,2026-09-30,
Batch 32 Wave 02,B32W2E0225,Career,C001301,end,2024,B32W2S0034,クラブ所属履歴 > 「2023-24 島根」,所属履歴の最後のシーズン2023-24の終了年,SUPPORTED,2026-09-30,
Batch 32 Wave 02,B32W2E0226,Career,C001302,organization_id,ORG000097,B32W2S0034,クラブ所属履歴 > 「2024-25 三遠」,B.LEAGUE公式の所属履歴で在籍を確認（略称表記）,SUPPORTED,2026-09-30,
Batch 32 Wave 02,B32W2E0227,Career,C001302,organization_id,ORG000097,B32W2S0023,順位表 > クラブ「三遠ネオフェニックス」（略称「三遠」、club_detail TeamID=697）,公式順位表で略称とクラブ名・TeamIDの対応を確認,SUPPORTED,2026-09-30,
Batch 32 Wave 02,B32W2E0228,Career,C001302,start,2024,B32W2S0034,クラブ所属履歴 > 「2024-25 三遠」,所属履歴の最初のシーズン2024-25の開始年,SUPPORTED,2026-09-30,
Batch 32 Wave 02,B32W2E0229,Career,C001302,end,2025,B32W2S0034,クラブ所属履歴 > 「2024-25 三遠」,所属履歴の最後のシーズン2024-25の終了年,SUPPORTED,2026-09-30,
Batch 32 Wave 02,B32W2E0230,Career,C001303,organization_id,ORG000149,B32W2S0034,クラブ所属履歴 > 「2025-26 富山」,B.LEAGUE公式の所属履歴で在籍を確認（略称表記）,SUPPORTED,2026-09-30,
Batch 32 Wave 02,B32W2E0231,Career,C001303,organization_id,ORG000149,B32W2S0004,順位表 > クラブ「富山グラウジーズ」（略称「富山」、club_detail TeamID=696）,公式順位表で略称とクラブ名・TeamIDの対応を確認,SUPPORTED,2026-09-30,
Batch 32 Wave 02,B32W2E0232,Career,C001303,start,2025,B32W2S0034,クラブ所属履歴 > 「2025-26 富山」,所属履歴の最初のシーズン2025-26の開始年,SUPPORTED,2026-09-30,
Batch 32 Wave 02,B32W2E0233,Career,C001303,end,2026,B32W2S0034,クラブ所属履歴 > 「2025-26 富山」,所属履歴の最後のシーズン2025-26の終了年,SUPPORTED,2026-09-30,
Batch 32 Wave 02,B32W2E0234,Career,C001304,organization_id,ORG000118,B32W2S0034,クラブ所属履歴 > 「2026-27 千葉J」,B.LEAGUE公式の所属履歴で在籍を確認（略称表記）,SUPPORTED,2026-09-30,
Batch 32 Wave 02,B32W2E0235,Career,C001304,organization_id,ORG000118,B32W2S0010,順位表 > クラブ「千葉ジェッツ」（略称「千葉J」、club_detail TeamID=704）,公式順位表で略称とクラブ名・TeamIDの対応を確認,SUPPORTED,2026-09-30,
Batch 32 Wave 02,B32W2E0236,Career,C001304,start,2026,B32W2S0034,クラブ所属履歴 > 「2026-27 千葉J」,所属履歴の最初のシーズン2026-27の開始年,SUPPORTED,2026-09-30,
Batch 32 Wave 02,B32W2E0237,Career,C001304,organization_id,ORG000118,B32W2S0033,選手一覧 > 千葉J > ウィリアムス ニカ,2026-27シーズンの公式選手一覧で現所属を確認,SUPPORTED,2026-09-30,
Batch 32 Wave 02,B32W2E0238,Person,P000293,name,金近 廉,B32W2S0037,基本情報 > 選手名,B.LEAGUE公式プロフィールで氏名を確認,SUPPORTED,2026-09-30,
Batch 32 Wave 02,B32W2E0239,Person,P000293,birth_date,2003-03-11,B32W2S0037,基本情報 > 生年月日：2003年3月11日,B.LEAGUE公式プロフィールで生年月日を確認,SUPPORTED,2026-09-30,
Batch 32 Wave 02,B32W2E0240,Career,C001305,organization_id,ORG000286,B32W2S0037,基本情報 > 出身校（高）：関西大学北陽高等学校,B.LEAGUE公式プロフィールで出身校（高）を確認,SUPPORTED,2026-09-30,
Batch 32 Wave 02,B32W2E0241,Career,C001306,organization_id,ORG000015,B32W2S0037,基本情報 > 出身校（大）：東海大学,B.LEAGUE公式プロフィールで出身校（大）を確認,SUPPORTED,2026-09-30,
Batch 32 Wave 02,B32W2E0242,Career,C001307,organization_id,ORG000118,B32W2S0037,クラブ所属履歴 > 「2023-24 千葉J」〜「2026-27 千葉J」,B.LEAGUE公式の所属履歴で在籍を確認（略称表記）,SUPPORTED,2026-09-30,
Batch 32 Wave 02,B32W2E0243,Career,C001307,organization_id,ORG000118,B32W2S0003,順位表 > クラブ「千葉ジェッツ」（略称「千葉J」、club_detail TeamID=704）,公式順位表で略称とクラブ名・TeamIDの対応を確認,SUPPORTED,2026-09-30,
Batch 32 Wave 02,B32W2E0244,Career,C001307,start,2023,B32W2S0037,クラブ所属履歴 > 「2023-24 千葉J」,所属履歴の最初のシーズン2023-24の開始年,SUPPORTED,2026-09-30,
Batch 32 Wave 02,B32W2E0245,Career,C001307,organization_id,ORG000118,B32W2S0033,選手一覧 > 千葉J > 金近 廉,2026-27シーズンの公式選手一覧で現所属を確認,SUPPORTED,2026-09-30,
Batch 32 Wave 02,B32W2E0246,Person,P000294,name,佐藤 巧,B32W2S0038,基本情報 > 選手名,B.LEAGUE公式プロフィールで氏名を確認,SUPPORTED,2026-09-30,
Batch 32 Wave 02,B32W2E0247,Person,P000294,birth_date,2001-12-18,B32W2S0038,基本情報 > 生年月日：2001年12月18日,B.LEAGUE公式プロフィールで生年月日を確認,SUPPORTED,2026-09-30,
Batch 32 Wave 02,B32W2E0248,Career,C001308,organization_id,ORG000287,B32W2S0038,基本情報 > 出身校（高）：埼玉県立大宮東高等学校,B.LEAGUE公式プロフィールで出身校（高）を確認,SUPPORTED,2026-09-30,
Batch 32 Wave 02,B32W2E0249,Career,C001309,organization_id,ORG000203,B32W2S0038,基本情報 > 出身校（大）：国士舘大学,B.LEAGUE公式プロフィールで出身校（大）を確認,SUPPORTED,2026-09-30,
Batch 32 Wave 02,B32W2E0250,Career,C001310,organization_id,ORG000181,B32W2S0038,クラブ所属履歴 > 「2024-25 山形」〜「2025-26 山形」,B.LEAGUE公式の所属履歴で在籍を確認（略称表記）,SUPPORTED,2026-09-30,
Batch 32 Wave 02,B32W2E0251,Career,C001310,organization_id,ORG000181,B32W2S0039,順位表 > クラブ「山形ワイヴァンズ」（略称「山形」、club_detail TeamID=710）,公式順位表で略称とクラブ名・TeamIDの対応を確認,SUPPORTED,2026-09-30,
Batch 32 Wave 02,B32W2E0252,Career,C001310,start,2024,B32W2S0038,クラブ所属履歴 > 「2024-25 山形」,所属履歴の最初のシーズン2024-25の開始年,SUPPORTED,2026-09-30,
Batch 32 Wave 02,B32W2E0253,Career,C001310,end,2026,B32W2S0038,クラブ所属履歴 > 「2025-26 山形」,所属履歴の最後のシーズン2025-26の終了年,SUPPORTED,2026-09-30,
Batch 32 Wave 02,B32W2E0254,Career,C001311,organization_id,ORG000118,B32W2S0038,クラブ所属履歴 > 「2026-27 千葉J」,B.LEAGUE公式の所属履歴で在籍を確認（略称表記）,SUPPORTED,2026-09-30,
Batch 32 Wave 02,B32W2E0255,Career,C001311,organization_id,ORG000118,B32W2S0010,順位表 > クラブ「千葉ジェッツ」（略称「千葉J」、club_detail TeamID=704）,公式順位表で略称とクラブ名・TeamIDの対応を確認,SUPPORTED,2026-09-30,
Batch 32 Wave 02,B32W2E0256,Career,C001311,start,2026,B32W2S0038,クラブ所属履歴 > 「2026-27 千葉J」,所属履歴の最初のシーズン2026-27の開始年,SUPPORTED,2026-09-30,
Batch 32 Wave 02,B32W2E0257,Career,C001311,organization_id,ORG000118,B32W2S0033,選手一覧 > 千葉J > 佐藤 巧,2026-27シーズンの公式選手一覧で現所属を確認,SUPPORTED,2026-09-30,
Batch 32 Wave 02,B32W2E0258,Person,P000295,name,菅原 佳依,B32W2S0040,基本情報 > 選手名,B.LEAGUE公式プロフィールで氏名を確認,SUPPORTED,2026-09-30,
Batch 32 Wave 02,B32W2E0259,Person,P000295,birth_date,2003-02-28,B32W2S0040,基本情報 > 生年月日：2003年2月28日,B.LEAGUE公式プロフィールで生年月日を確認,SUPPORTED,2026-09-30,
Batch 32 Wave 02,B32W2E0260,Career,C001312,organization_id,ORG000288,B32W2S0040,基本情報 > 出身校（高）：岩手県立一関工業高等学校,B.LEAGUE公式プロフィールで出身校（高）を確認,SUPPORTED,2026-09-30,
Batch 32 Wave 02,B32W2E0261,Career,C001313,organization_id,ORG000128,B32W2S0040,基本情報 > 出身校（大）：大東文化大学,B.LEAGUE公式プロフィールで出身校（大）を確認,SUPPORTED,2026-09-30,
Batch 32 Wave 02,B32W2E0262,Career,C001314,organization_id,ORG000173,B32W2S0040,クラブ所属履歴 > 「2023-24 岩手」,B.LEAGUE公式の所属履歴で在籍を確認（略称表記）,SUPPORTED,2026-09-30,
Batch 32 Wave 02,B32W2E0263,Career,C001314,organization_id,ORG000173,B32W2S0029,順位表 > クラブ「岩手ビッグブルズ」（略称「岩手」、club_detail TeamID=709）,公式順位表で略称とクラブ名・TeamIDの対応を確認,SUPPORTED,2026-09-30,
Batch 32 Wave 02,B32W2E0264,Career,C001314,start,2023,B32W2S0040,クラブ所属履歴 > 「2023-24 岩手」,所属履歴の最初のシーズン2023-24の開始年,SUPPORTED,2026-09-30,
Batch 32 Wave 02,B32W2E0265,Career,C001314,end,2024,B32W2S0040,クラブ所属履歴 > 「2023-24 岩手」,所属履歴の最後のシーズン2023-24の終了年,SUPPORTED,2026-09-30,
Batch 32 Wave 02,B32W2E0266,Career,C001315,organization_id,ORG000190,B32W2S0040,クラブ所属履歴 > 「2024-25 越谷」〜「2025-26 越谷」,B.LEAGUE公式の所属履歴で在籍を確認（略称表記）,SUPPORTED,2026-09-30,
Batch 32 Wave 02,B32W2E0267,Career,C001315,organization_id,ORG000190,B32W2S0023,順位表 > クラブ「越谷アルファーズ」（略称「越谷」、club_detail TeamID=745）,公式順位表で略称とクラブ名・TeamIDの対応を確認,SUPPORTED,2026-09-30,
Batch 32 Wave 02,B32W2E0268,Career,C001315,start,2024,B32W2S0040,クラブ所属履歴 > 「2024-25 越谷」,所属履歴の最初のシーズン2024-25の開始年,SUPPORTED,2026-09-30,
Batch 32 Wave 02,B32W2E0269,Career,C001315,end,2026,B32W2S0040,クラブ所属履歴 > 「2025-26 越谷」,所属履歴の最後のシーズン2025-26の終了年,SUPPORTED,2026-09-30,
Batch 32 Wave 02,B32W2E0270,Career,C001316,organization_id,ORG000118,B32W2S0040,クラブ所属履歴 > 「2026-27 千葉J」,B.LEAGUE公式の所属履歴で在籍を確認（略称表記）,SUPPORTED,2026-09-30,
Batch 32 Wave 02,B32W2E0271,Career,C001316,organization_id,ORG000118,B32W2S0010,順位表 > クラブ「千葉ジェッツ」（略称「千葉J」、club_detail TeamID=704）,公式順位表で略称とクラブ名・TeamIDの対応を確認,SUPPORTED,2026-09-30,
Batch 32 Wave 02,B32W2E0272,Career,C001316,start,2026,B32W2S0040,クラブ所属履歴 > 「2026-27 千葉J」,所属履歴の最初のシーズン2026-27の開始年,SUPPORTED,2026-09-30,
Batch 32 Wave 02,B32W2E0273,Career,C001316,organization_id,ORG000118,B32W2S0033,選手一覧 > 千葉J > 菅原 佳依,2026-27シーズンの公式選手一覧で現所属を確認,SUPPORTED,2026-09-30,
Batch 32 Wave 02,B32W2E0274,Person,P000296,name,田代 直希,B32W2S0041,基本情報 > 選手名,B.LEAGUE公式プロフィールで氏名を確認,SUPPORTED,2026-09-30,
Batch 32 Wave 02,B32W2E0275,Person,P000296,birth_date,1993-06-24,B32W2S0041,基本情報 > 生年月日：1993年6月24日,B.LEAGUE公式プロフィールで生年月日を確認,SUPPORTED,2026-09-30,
Batch 32 Wave 02,B32W2E0276,Career,C001317,organization_id,ORG000289,B32W2S0041,基本情報 > 出身校（高）：東海大学付属浦安高等学校,B.LEAGUE公式プロフィールで出身校（高）を確認,SUPPORTED,2026-09-30,
Batch 32 Wave 02,B32W2E0277,Career,C001318,organization_id,ORG000018,B32W2S0041,基本情報 > 出身校（大）：専修大学,B.LEAGUE公式プロフィールで出身校（大）を確認,SUPPORTED,2026-09-30,
Batch 32 Wave 02,B32W2E0278,Career,C001319,organization_id,ORG000106,B32W2S0041,クラブ所属履歴 > 「2016-17 琉球」〜「2023-24 琉球」,B.LEAGUE公式の所属履歴で在籍を確認（略称表記）,SUPPORTED,2026-09-30,
Batch 32 Wave 02,B32W2E0279,Career,C001319,organization_id,ORG000106,B32W2S0007,順位表 > クラブ「琉球ゴールデンキングス」（略称「琉球」、club_detail TeamID=701）,公式順位表で略称とクラブ名・TeamIDの対応を確認,SUPPORTED,2026-09-30,
Batch 32 Wave 02,B32W2E0280,Career,C001319,start,2016,B32W2S0041,クラブ所属履歴 > 「2016-17 琉球」,所属履歴の最初のシーズン2016-17の開始年,SUPPORTED,2026-09-30,
Batch 32 Wave 02,B32W2E0281,Career,C001319,end,2024,B32W2S0041,クラブ所属履歴 > 「2023-24 琉球」,所属履歴の最後のシーズン2023-24の終了年,SUPPORTED,2026-09-30,
Batch 32 Wave 02,B32W2E0282,Career,C001320,organization_id,ORG000118,B32W2S0041,クラブ所属履歴 > 「2024-25 千葉J」〜「2026-27 千葉J」,B.LEAGUE公式の所属履歴で在籍を確認（略称表記）,SUPPORTED,2026-09-30,
Batch 32 Wave 02,B32W2E0283,Career,C001320,organization_id,ORG000118,B32W2S0023,順位表 > クラブ「千葉ジェッツ」（略称「千葉J」、club_detail TeamID=704）,公式順位表で略称とクラブ名・TeamIDの対応を確認,SUPPORTED,2026-09-30,
Batch 32 Wave 02,B32W2E0284,Career,C001320,start,2024,B32W2S0041,クラブ所属履歴 > 「2024-25 千葉J」,所属履歴の最初のシーズン2024-25の開始年,SUPPORTED,2026-09-30,
Batch 32 Wave 02,B32W2E0285,Career,C001320,organization_id,ORG000118,B32W2S0033,選手一覧 > 千葉J > 田代 直希,2026-27シーズンの公式選手一覧で現所属を確認,SUPPORTED,2026-09-30,
Batch 32 Wave 02,B32W2E0286,Person,P000297,name,原 修太,B32W2S0042,基本情報 > 選手名,B.LEAGUE公式プロフィールで氏名を確認,SUPPORTED,2026-09-30,
Batch 32 Wave 02,B32W2E0287,Person,P000297,birth_date,1993-12-17,B32W2S0042,基本情報 > 生年月日：1993年12月17日,B.LEAGUE公式プロフィールで生年月日を確認,SUPPORTED,2026-09-30,
Batch 32 Wave 02,B32W2E0288,Career,C001321,organization_id,ORG000290,B32W2S0042,基本情報 > 出身校（高）：習志野市立習志野高等学校,B.LEAGUE公式プロフィールで出身校（高）を確認,SUPPORTED,2026-09-30,
Batch 32 Wave 02,B32W2E0289,Career,C001322,organization_id,ORG000203,B32W2S0042,基本情報 > 出身校（大）：国士舘大学,B.LEAGUE公式プロフィールで出身校（大）を確認,SUPPORTED,2026-09-30,
Batch 32 Wave 02,B32W2E0290,Career,C001323,organization_id,ORG000118,B32W2S0042,クラブ所属履歴 > 「2016-17 千葉」〜「2026-27 千葉J」,B.LEAGUE公式の所属履歴で在籍を確認（略称表記）,SUPPORTED,2026-09-30,
Batch 32 Wave 02,B32W2E0291,Career,C001323,organization_id,ORG000118,B32W2S0007,順位表 > クラブ「千葉ジェッツ」（略称「千葉」、club_detail TeamID=704）,公式順位表で略称とクラブ名・TeamIDの対応を確認,SUPPORTED,2026-09-30,
Batch 32 Wave 02,B32W2E0292,Career,C001323,start,2016,B32W2S0042,クラブ所属履歴 > 「2016-17 千葉」,所属履歴の最初のシーズン2016-17の開始年,SUPPORTED,2026-09-30,
Batch 32 Wave 02,B32W2E0293,Career,C001323,organization_id,ORG000118,B32W2S0033,選手一覧 > 千葉J > 原 修太,2026-27シーズンの公式選手一覧で現所属を確認,SUPPORTED,2026-09-30,
Batch 32 Wave 02,B32W2E0294,Person,P000298,name,深水 虎太郎,B32W2S0043,基本情報 > 選手名,B.LEAGUE公式プロフィールで氏名を確認,SUPPORTED,2026-09-30,
Batch 32 Wave 02,B32W2E0295,Person,P000298,birth_date,2008-08-25,B32W2S0043,基本情報 > 生年月日：2008年8月25日,B.LEAGUE公式プロフィールで生年月日を確認,SUPPORTED,2026-09-30,
Batch 32 Wave 02,B32W2E0296,Career,C001324,organization_id,ORG000118,B32W2S0043,クラブ所属履歴 > 「2025-26 千葉J」〜「2026-27 千葉J」,B.LEAGUE公式の所属履歴で在籍を確認（略称表記）,SUPPORTED,2026-09-30,
Batch 32 Wave 02,B32W2E0297,Career,C001324,organization_id,ORG000118,B32W2S0004,順位表 > クラブ「千葉ジェッツ」（略称「千葉J」、club_detail TeamID=704）,公式順位表で略称とクラブ名・TeamIDの対応を確認,SUPPORTED,2026-09-30,
Batch 32 Wave 02,B32W2E0298,Career,C001324,start,2025,B32W2S0043,クラブ所属履歴 > 「2025-26 千葉J」,所属履歴の最初のシーズン2025-26の開始年,SUPPORTED,2026-09-30,
Batch 32 Wave 02,B32W2E0299,Career,C001324,organization_id,ORG000118,B32W2S0033,選手一覧 > 千葉J > 深水 虎太郎,2026-27シーズンの公式選手一覧で現所属を確認,SUPPORTED,2026-09-30,
Batch 32 Wave 02,B32W2E0300,Person,P000299,name,飯田 遼,B32W2S0044,基本情報 > 選手名,B.LEAGUE公式プロフィールで氏名を確認,SUPPORTED,2026-09-30,
Batch 32 Wave 02,B32W2E0301,Person,P000299,birth_date,1995-04-11,B32W2S0044,基本情報 > 生年月日：1995年4月11日,B.LEAGUE公式プロフィールで生年月日を確認,SUPPORTED,2026-09-30,
Batch 32 Wave 02,B32W2E0302,Career,C001325,organization_id,ORG000291,B32W2S0044,基本情報 > 出身校（高）：佐久長聖高等学校,B.LEAGUE公式プロフィールで出身校（高）を確認,SUPPORTED,2026-09-30,
Batch 32 Wave 02,B32W2E0303,Career,C001326,organization_id,ORG000031,B32W2S0044,基本情報 > 出身校（大）：拓殖大学,B.LEAGUE公式プロフィールで出身校（大）を確認,SUPPORTED,2026-09-30,
Batch 32 Wave 02,B32W2E0304,Career,C001327,organization_id,ORG000150,B32W2S0044,クラブ所属履歴 > 「2017-18 信州」〜「2019-20 信州」,B.LEAGUE公式の所属履歴で在籍を確認（略称表記）,SUPPORTED,2026-09-30,
Batch 32 Wave 02,B32W2E0305,Career,C001327,organization_id,ORG000150,B32W2S0036,順位表 > クラブ「信州ブレイブウォリアーズ」（略称「信州」、club_detail TeamID=716）,公式順位表で略称とクラブ名・TeamIDの対応を確認,SUPPORTED,2026-09-30,
Batch 32 Wave 02,B32W2E0306,Career,C001327,start,2017,B32W2S0044,クラブ所属履歴 > 「2017-18 信州」,所属履歴の最初のシーズン2017-18の開始年,SUPPORTED,2026-09-30,
Batch 32 Wave 02,B32W2E0307,Career,C001327,end,2020,B32W2S0044,クラブ所属履歴 > 「2019-20 信州」,所属履歴の最後のシーズン2019-20の終了年,SUPPORTED,2026-09-30,
Batch 32 Wave 02,B32W2E0308,Career,C001328,organization_id,ORG000181,B32W2S0044,クラブ所属履歴 > 「2020-21 山形」,B.LEAGUE公式の所属履歴で在籍を確認（略称表記）,SUPPORTED,2026-09-30,
Batch 32 Wave 02,B32W2E0309,Career,C001328,organization_id,ORG000181,B32W2S0045,順位表 > クラブ「山形ワイヴァンズ」（略称「山形」、club_detail TeamID=710）,公式順位表で略称とクラブ名・TeamIDの対応を確認,SUPPORTED,2026-09-30,
Batch 32 Wave 02,B32W2E0310,Career,C001328,start,2020,B32W2S0044,クラブ所属履歴 > 「2020-21 山形」,所属履歴の最初のシーズン2020-21の開始年,SUPPORTED,2026-09-30,
Batch 32 Wave 02,B32W2E0311,Career,C001328,end,2021,B32W2S0044,クラブ所属履歴 > 「2020-21 山形」,所属履歴の最後のシーズン2020-21の終了年,SUPPORTED,2026-09-30,
Batch 32 Wave 02,B32W2E0312,Career,C001329,organization_id,ORG000224,B32W2S0044,クラブ所属履歴 > 「2021-22 香川」〜「2022-23 香川」,B.LEAGUE公式の所属履歴で在籍を確認（略称表記）,SUPPORTED,2026-09-30,
Batch 32 Wave 02,B32W2E0313,Career,C001329,organization_id,ORG000224,B32W2S0028,順位表 > クラブ「香川ファイブアローズ」（略称「香川」、club_detail TeamID=722）,公式順位表で略称とクラブ名・TeamIDの対応を確認,SUPPORTED,2026-09-30,
Batch 32 Wave 02,B32W2E0314,Career,C001329,start,2021,B32W2S0044,クラブ所属履歴 > 「2021-22 香川」,所属履歴の最初のシーズン2021-22の開始年,SUPPORTED,2026-09-30,
Batch 32 Wave 02,B32W2E0315,Career,C001329,end,2023,B32W2S0044,クラブ所属履歴 > 「2022-23 香川」,所属履歴の最後のシーズン2022-23の終了年,SUPPORTED,2026-09-30,
Batch 32 Wave 02,B32W2E0316,Career,C001330,organization_id,ORG000122,B32W2S0044,クラブ所属履歴 > 「2023-24 川崎」〜「2025-26 川崎」,B.LEAGUE公式の所属履歴で在籍を確認（略称表記）,SUPPORTED,2026-09-30,
Batch 32 Wave 02,B32W2E0317,Career,C001330,organization_id,ORG000122,B32W2S0003,順位表 > クラブ「川崎ブレイブサンダース」（略称「川崎」、club_detail TeamID=727）,公式順位表で略称とクラブ名・TeamIDの対応を確認,SUPPORTED,2026-09-30,
Batch 32 Wave 02,B32W2E0318,Career,C001330,start,2023,B32W2S0044,クラブ所属履歴 > 「2023-24 川崎」,所属履歴の最初のシーズン2023-24の開始年,SUPPORTED,2026-09-30,
Batch 32 Wave 02,B32W2E0319,Career,C001330,end,2026,B32W2S0044,クラブ所属履歴 > 「2025-26 川崎」,所属履歴の最後のシーズン2025-26の終了年,SUPPORTED,2026-09-30,
Batch 32 Wave 02,B32W2E0320,Career,C001331,organization_id,ORG000109,B32W2S0044,クラブ所属履歴 > 「2026-27 A東京」,B.LEAGUE公式の所属履歴で在籍を確認（略称表記）,SUPPORTED,2026-09-30,
Batch 32 Wave 02,B32W2E0321,Career,C001331,organization_id,ORG000109,B32W2S0010,順位表 > クラブ「アルバルク東京」（略称「A東京」、club_detail TeamID=706）,公式順位表で略称とクラブ名・TeamIDの対応を確認,SUPPORTED,2026-09-30,
Batch 32 Wave 02,B32W2E0322,Career,C001331,start,2026,B32W2S0044,クラブ所属履歴 > 「2026-27 A東京」,所属履歴の最初のシーズン2026-27の開始年,SUPPORTED,2026-09-30,
Batch 32 Wave 02,B32W2E0323,Career,C001331,organization_id,ORG000109,B32W2S0046,選手一覧 > A東京 > 飯田 遼,2026-27シーズンの公式選手一覧で現所属を確認,SUPPORTED,2026-09-30,
Batch 32 Wave 02,B32W2E0324,Person,P000300,name,大倉 颯太,B32W2S0047,基本情報 > 選手名,B.LEAGUE公式プロフィールで氏名を確認,SUPPORTED,2026-09-30,
Batch 32 Wave 02,B32W2E0325,Person,P000300,birth_date,1999-05-28,B32W2S0047,基本情報 > 生年月日：1999年5月28日,B.LEAGUE公式プロフィールで生年月日を確認,SUPPORTED,2026-09-30,
Batch 32 Wave 02,B32W2E0326,Career,C001332,organization_id,ORG000240,B32W2S0047,基本情報 > 出身校（高）：北陸学院高等学校,B.LEAGUE公式プロフィールで出身校（高）を確認,SUPPORTED,2026-09-30,
Batch 32 Wave 02,B32W2E0327,Career,C001333,organization_id,ORG000015,B32W2S0047,基本情報 > 出身校（大）：東海大学,B.LEAGUE公式プロフィールで出身校（大）を確認,SUPPORTED,2026-09-30,
Batch 32 Wave 02,B32W2E0328,Career,C001334,organization_id,ORG000118,B32W2S0047,クラブ所属履歴 > 「2019-20 千葉」〜「2023-24 千葉J」,B.LEAGUE公式の所属履歴で在籍を確認（略称表記）,SUPPORTED,2026-09-30,
Batch 32 Wave 02,B32W2E0329,Career,C001334,organization_id,ORG000118,B32W2S0019,順位表 > クラブ「千葉ジェッツ」（略称「千葉」、club_detail TeamID=704）,公式順位表で略称とクラブ名・TeamIDの対応を確認,SUPPORTED,2026-09-30,
Batch 32 Wave 02,B32W2E0330,Career,C001334,start,2019,B32W2S0047,クラブ所属履歴 > 「2019-20 千葉」,所属履歴の最初のシーズン2019-20の開始年,SUPPORTED,2026-09-30,
Batch 32 Wave 02,B32W2E0331,Career,C001334,end,2024,B32W2S0047,クラブ所属履歴 > 「2023-24 千葉J」,所属履歴の最後のシーズン2023-24の終了年,SUPPORTED,2026-09-30,
Batch 32 Wave 02,B32W2E0332,Career,C001335,organization_id,ORG000109,B32W2S0047,クラブ所属履歴 > 「2024-25 A東京」〜「2026-27 A東京」,B.LEAGUE公式の所属履歴で在籍を確認（略称表記）,SUPPORTED,2026-09-30,
Batch 32 Wave 02,B32W2E0333,Career,C001335,organization_id,ORG000109,B32W2S0023,順位表 > クラブ「アルバルク東京」（略称「A東京」、club_detail TeamID=706）,公式順位表で略称とクラブ名・TeamIDの対応を確認,SUPPORTED,2026-09-30,
Batch 32 Wave 02,B32W2E0334,Career,C001335,start,2024,B32W2S0047,クラブ所属履歴 > 「2024-25 A東京」,所属履歴の最初のシーズン2024-25の開始年,SUPPORTED,2026-09-30,
Batch 32 Wave 02,B32W2E0335,Career,C001335,organization_id,ORG000109,B32W2S0046,選手一覧 > A東京 > 大倉 颯太,2026-27シーズンの公式選手一覧で現所属を確認,SUPPORTED,2026-09-30,
Batch 32 Wave 02,B32W2E0336,Person,P000301,name,小酒部 泰暉,B32W2S0048,基本情報 > 選手名,B.LEAGUE公式プロフィールで氏名を確認,SUPPORTED,2026-09-30,
Batch 32 Wave 02,B32W2E0337,Person,P000301,birth_date,1998-07-15,B32W2S0048,基本情報 > 生年月日：1998年7月15日,B.LEAGUE公式プロフィールで生年月日を確認,SUPPORTED,2026-09-30,
Batch 32 Wave 02,B32W2E0338,Career,C001336,organization_id,ORG000292,B32W2S0048,基本情報 > 出身校（高）：神奈川県立山北高等学校,B.LEAGUE公式プロフィールで出身校（高）を確認,SUPPORTED,2026-09-30,
Batch 32 Wave 02,B32W2E0339,Career,C001337,organization_id,ORG000210,B32W2S0048,基本情報 > 出身校（大）：神奈川大学,B.LEAGUE公式プロフィールで出身校（大）を確認,SUPPORTED,2026-09-30,
Batch 32 Wave 02,B32W2E0340,Career,C001338,organization_id,ORG000109,B32W2S0048,クラブ所属履歴 > 「2019-20 A東京」〜「2026-27 A東京」,B.LEAGUE公式の所属履歴で在籍を確認（略称表記）,SUPPORTED,2026-09-30,
Batch 32 Wave 02,B32W2E0341,Career,C001338,organization_id,ORG000109,B32W2S0019,順位表 > クラブ「アルバルク東京」（略称「A東京」、club_detail TeamID=706）,公式順位表で略称とクラブ名・TeamIDの対応を確認,SUPPORTED,2026-09-30,
Batch 32 Wave 02,B32W2E0342,Career,C001338,start,2019,B32W2S0048,クラブ所属履歴 > 「2019-20 A東京」,所属履歴の最初のシーズン2019-20の開始年,SUPPORTED,2026-09-30,
Batch 32 Wave 02,B32W2E0343,Career,C001338,organization_id,ORG000109,B32W2S0046,選手一覧 > A東京 > 小酒部 泰暉,2026-27シーズンの公式選手一覧で現所属を確認,SUPPORTED,2026-09-30,
Batch 32 Wave 02,B32W2E0344,Person,P000302,name,テーブス 海,B32W2S0049,基本情報 > 選手名,B.LEAGUE公式プロフィールで氏名を確認,SUPPORTED,2026-09-30,
Batch 32 Wave 02,B32W2E0345,Person,P000302,birth_date,1998-09-17,B32W2S0049,基本情報 > 生年月日：1998年9月17日,B.LEAGUE公式プロフィールで生年月日を確認,SUPPORTED,2026-09-30,
Batch 32 Wave 02,B32W2E0346,Career,C001339,organization_id,ORG000293,B32W2S0049,基本情報 > 出身校（高）：京北高等学校(現・東洋大学京北高等学校)、ブリッジトンアカデミー・プレップスクール、ノースフィールド・マウント・ハーモン・プレップスクール,B.LEAGUE公式プロフィールで出身校（高）を確認,SUPPORTED,2026-09-30,プロフィール上の表記は「京北高等学校(現・東洋大学京北高等学校)」
Batch 32 Wave 02,B32W2E0347,Career,C001340,organization_id,ORG000294,B32W2S0049,基本情報 > 出身校（高）：京北高等学校(現・東洋大学京北高等学校)、ブリッジトンアカデミー・プレップスクール、ノースフィールド・マウント・ハーモン・プレップスクール,B.LEAGUE公式プロフィールで出身校（高）を確認,SUPPORTED,2026-09-30,
Batch 32 Wave 02,B32W2E0348,Career,C001341,organization_id,ORG000295,B32W2S0049,基本情報 > 出身校（高）：京北高等学校(現・東洋大学京北高等学校)、ブリッジトンアカデミー・プレップスクール、ノースフィールド・マウント・ハーモン・プレップスクール,B.LEAGUE公式プロフィールで出身校（高）を確認,SUPPORTED,2026-09-30,
Batch 32 Wave 02,B32W2E0349,Career,C001342,organization_id,ORG000296,B32W2S0049,基本情報 > 出身校（大）：ノースカロライナ大学ウィルミントン校,B.LEAGUE公式プロフィールで出身校（大）を確認,SUPPORTED,2026-09-30,
Batch 32 Wave 02,B32W2E0350,Career,C001343,organization_id,ORG000047,B32W2S0049,クラブ所属履歴 > 「2019-20 宇都宮」〜「2021-22 宇都宮」,B.LEAGUE公式の所属履歴で在籍を確認（略称表記）,SUPPORTED,2026-09-30,
Batch 32 Wave 02,B32W2E0351,Career,C001343,organization_id,ORG000047,B32W2S0019,順位表 > クラブ「宇都宮ブレックス」（略称「宇都宮」、club_detail TeamID=703）,公式順位表で略称とクラブ名・TeamIDの対応を確認,SUPPORTED,2026-09-30,
Batch 32 Wave 02,B32W2E0352,Career,C001343,start,2019,B32W2S0049,クラブ所属履歴 > 「2019-20 宇都宮」,所属履歴の最初のシーズン2019-20の開始年,SUPPORTED,2026-09-30,
Batch 32 Wave 02,B32W2E0353,Career,C001343,end,2022,B32W2S0049,クラブ所属履歴 > 「2021-22 宇都宮」,所属履歴の最後のシーズン2021-22の終了年,SUPPORTED,2026-09-30,
Batch 32 Wave 02,B32W2E0354,Career,C001344,organization_id,ORG000153,B32W2S0049,クラブ所属履歴 > 「2022-23 滋賀」,B.LEAGUE公式の所属履歴で在籍を確認（略称表記）,SUPPORTED,2026-09-30,
Batch 32 Wave 02,B32W2E0355,Career,C001344,organization_id,ORG000153,B32W2S0017,順位表 > クラブ「滋賀レイクス」（略称「滋賀」、club_detail TeamID=698）,公式順位表で略称とクラブ名・TeamIDの対応を確認,SUPPORTED,2026-09-30,
Batch 32 Wave 02,B32W2E0356,Career,C001344,start,2022,B32W2S0049,クラブ所属履歴 > 「2022-23 滋賀」,所属履歴の最初のシーズン2022-23の開始年,SUPPORTED,2026-09-30,
Batch 32 Wave 02,B32W2E0357,Career,C001344,end,2023,B32W2S0049,クラブ所属履歴 > 「2022-23 滋賀」,所属履歴の最後のシーズン2022-23の終了年,SUPPORTED,2026-09-30,
Batch 32 Wave 02,B32W2E0358,Career,C001345,organization_id,ORG000109,B32W2S0049,クラブ所属履歴 > 「2023-24 A東京」〜「2026-27 A東京」,B.LEAGUE公式の所属履歴で在籍を確認（略称表記）,SUPPORTED,2026-09-30,
Batch 32 Wave 02,B32W2E0359,Career,C001345,organization_id,ORG000109,B32W2S0003,順位表 > クラブ「アルバルク東京」（略称「A東京」、club_detail TeamID=706）,公式順位表で略称とクラブ名・TeamIDの対応を確認,SUPPORTED,2026-09-30,
Batch 32 Wave 02,B32W2E0360,Career,C001345,start,2023,B32W2S0049,クラブ所属履歴 > 「2023-24 A東京」,所属履歴の最初のシーズン2023-24の開始年,SUPPORTED,2026-09-30,
Batch 32 Wave 02,B32W2E0361,Career,C001345,organization_id,ORG000109,B32W2S0046,選手一覧 > A東京 > テーブス 海,2026-27シーズンの公式選手一覧で現所属を確認,SUPPORTED,2026-09-30,
Batch 32 Wave 02,B32W2E0362,Person,P000303,name,ザック・バランスキー,B32W2S0050,基本情報 > 選手名,B.LEAGUE公式プロフィールで氏名を確認,SUPPORTED,2026-09-30,
Batch 32 Wave 02,B32W2E0363,Person,P000303,birth_date,1992-12-18,B32W2S0050,基本情報 > 生年月日：1992年12月18日,B.LEAGUE公式プロフィールで生年月日を確認,SUPPORTED,2026-09-30,
Batch 32 Wave 02,B32W2E0364,Career,C001346,organization_id,ORG000297,B32W2S0050,基本情報 > 出身校（高）：東海大学付属第三高等学校(現・東海大学付属諏訪高等学校),B.LEAGUE公式プロフィールで出身校（高）を確認,SUPPORTED,2026-09-30,プロフィール上の表記は「東海大学付属第三高等学校(現・東海大学付属諏訪高等学校)」
Batch 32 Wave 02,B32W2E0365,Career,C001347,organization_id,ORG000015,B32W2S0050,基本情報 > 出身校（大）：東海大学,B.LEAGUE公式プロフィールで出身校（大）を確認,SUPPORTED,2026-09-30,
Batch 32 Wave 02,B32W2E0366,Career,C001348,organization_id,ORG000109,B32W2S0050,クラブ所属履歴 > 「2016-17 A東京」〜「2026-27 A東京」,B.LEAGUE公式の所属履歴で在籍を確認（略称表記）,SUPPORTED,2026-09-30,
Batch 32 Wave 02,B32W2E0367,Career,C001348,organization_id,ORG000109,B32W2S0007,順位表 > クラブ「アルバルク東京」（略称「A東京」、club_detail TeamID=706）,公式順位表で略称とクラブ名・TeamIDの対応を確認,SUPPORTED,2026-09-30,
Batch 32 Wave 02,B32W2E0368,Career,C001348,start,2016,B32W2S0050,クラブ所属履歴 > 「2016-17 A東京」,所属履歴の最初のシーズン2016-17の開始年,SUPPORTED,2026-09-30,
Batch 32 Wave 02,B32W2E0369,Career,C001348,organization_id,ORG000109,B32W2S0046,選手一覧 > A東京 > ザック・バランスキー,2026-27シーズンの公式選手一覧で現所属を確認,SUPPORTED,2026-09-30,
Batch 32 Wave 02,B32W2E0370,Person,P000304,name,ライアン・ロシター,B32W2S0051,基本情報 > 選手名,B.LEAGUE公式プロフィールで氏名を確認,SUPPORTED,2026-09-30,
Batch 32 Wave 02,B32W2E0371,Person,P000304,birth_date,1989-09-14,B32W2S0051,基本情報 > 生年月日：1989年9月14日,B.LEAGUE公式プロフィールで生年月日を確認,SUPPORTED,2026-09-30,
Batch 32 Wave 02,B32W2E0372,Career,C001349,organization_id,ORG000298,B32W2S0051,基本情報 > 出身校（高）：Monsignor Farrell High School,B.LEAGUE公式プロフィールで出身校（高）を確認,SUPPORTED,2026-09-30,
Batch 32 Wave 02,B32W2E0373,Career,C001350,organization_id,ORG000299,B32W2S0051,基本情報 > 出身校（大）：シエナ大学,B.LEAGUE公式プロフィールで出身校（大）を確認,SUPPORTED,2026-09-30,
Batch 32 Wave 02,B32W2E0374,Career,C001351,organization_id,ORG000047,B32W2S0051,クラブ所属履歴 > 「2016-17 栃木」〜「2020-21 宇都宮」,B.LEAGUE公式の所属履歴で在籍を確認（略称表記）,SUPPORTED,2026-09-30,
Batch 32 Wave 02,B32W2E0375,Career,C001351,organization_id,ORG000047,B32W2S0007,順位表 > クラブ「栃木ブレックス」（略称「栃木」、club_detail TeamID=703）,公式順位表で略称とクラブ名・TeamIDの対応を確認,SUPPORTED,2026-09-30,
Batch 32 Wave 02,B32W2E0376,Career,C001351,start,2016,B32W2S0051,クラブ所属履歴 > 「2016-17 栃木」,所属履歴の最初のシーズン2016-17の開始年,SUPPORTED,2026-09-30,
Batch 32 Wave 02,B32W2E0377,Career,C001351,end,2021,B32W2S0051,クラブ所属履歴 > 「2020-21 宇都宮」,所属履歴の最後のシーズン2020-21の終了年,SUPPORTED,2026-09-30,
Batch 32 Wave 02,B32W2E0378,Career,C001352,organization_id,ORG000109,B32W2S0051,クラブ所属履歴 > 「2021-22 A東京」〜「2026-27 A東京」,B.LEAGUE公式の所属履歴で在籍を確認（略称表記）,SUPPORTED,2026-09-30,
Batch 32 Wave 02,B32W2E0379,Career,C001352,organization_id,ORG000109,B32W2S0009,順位表 > クラブ「アルバルク東京」（略称「A東京」、club_detail TeamID=706）,公式順位表で略称とクラブ名・TeamIDの対応を確認,SUPPORTED,2026-09-30,
Batch 32 Wave 02,B32W2E0380,Career,C001352,start,2021,B32W2S0051,クラブ所属履歴 > 「2021-22 A東京」,所属履歴の最初のシーズン2021-22の開始年,SUPPORTED,2026-09-30,
Batch 32 Wave 02,B32W2E0381,Career,C001352,organization_id,ORG000109,B32W2S0046,選手一覧 > A東京 > ライアン・ロシター,2026-27シーズンの公式選手一覧で現所属を確認,SUPPORTED,2026-09-30,
Batch 32 Wave 02,B32W2E0382,Person,P000305,name,小島 元基,B32W2S0052,基本情報 > 選手名,B.LEAGUE公式プロフィールで氏名を確認,SUPPORTED,2026-09-30,
Batch 32 Wave 02,B32W2E0383,Person,P000305,birth_date,1994-02-19,B32W2S0052,基本情報 > 生年月日：1994年2月19日,B.LEAGUE公式プロフィールで生年月日を確認,SUPPORTED,2026-09-30,
Batch 32 Wave 02,B32W2E0384,Career,C001353,organization_id,ORG000251,B32W2S0052,基本情報 > 出身校（高）：つくば秀英高等学校,B.LEAGUE公式プロフィールで出身校（高）を確認,SUPPORTED,2026-09-30,
Batch 32 Wave 02,B32W2E0385,Career,C001354,organization_id,ORG000015,B32W2S0052,基本情報 > 出身校（大）：東海大学,B.LEAGUE公式プロフィールで出身校（大）を確認,SUPPORTED,2026-09-30,
Batch 32 Wave 02,B32W2E0386,Career,C001355,organization_id,ORG000042,B32W2S0052,クラブ所属履歴 > 「2016-17 京都」,B.LEAGUE公式の所属履歴で在籍を確認（略称表記）,SUPPORTED,2026-09-30,
Batch 32 Wave 02,B32W2E0387,Career,C001355,organization_id,ORG000042,B32W2S0007,順位表 > クラブ「京都ハンナリーズ」（略称「京都」、club_detail TeamID=699）,公式順位表で略称とクラブ名・TeamIDの対応を確認,SUPPORTED,2026-09-30,
Batch 32 Wave 02,B32W2E0388,Career,C001355,start,2016,B32W2S0052,クラブ所属履歴 > 「2016-17 京都」,所属履歴の最初のシーズン2016-17の開始年,SUPPORTED,2026-09-30,
Batch 32 Wave 02,B32W2E0389,Career,C001355,end,2017,B32W2S0052,クラブ所属履歴 > 「2016-17 京都」,所属履歴の最後のシーズン2016-17の終了年,SUPPORTED,2026-09-30,
Batch 32 Wave 02,B32W2E0390,Career,C001356,organization_id,ORG000109,B32W2S0052,クラブ所属履歴 > 「2017-18 A東京」〜「2021-22 A東京」,B.LEAGUE公式の所属履歴で在籍を確認（略称表記）,SUPPORTED,2026-09-30,
Batch 32 Wave 02,B32W2E0391,Career,C001356,organization_id,ORG000109,B32W2S0008,順位表 > クラブ「アルバルク東京」（略称「A東京」、club_detail TeamID=706）,公式順位表で略称とクラブ名・TeamIDの対応を確認,SUPPORTED,2026-09-30,
Batch 32 Wave 02,B32W2E0392,Career,C001356,start,2017,B32W2S0052,クラブ所属履歴 > 「2017-18 A東京」,所属履歴の最初のシーズン2017-18の開始年,SUPPORTED,2026-09-30,
Batch 32 Wave 02,B32W2E0393,Career,C001356,end,2022,B32W2S0052,クラブ所属履歴 > 「2021-22 A東京」,所属履歴の最後のシーズン2021-22の終了年,SUPPORTED,2026-09-30,
Batch 32 Wave 02,B32W2E0394,Career,C001357,organization_id,ORG000114,B32W2S0052,クラブ所属履歴 > 「2022-23 SR渋谷」〜「2024-25 SR渋谷」,B.LEAGUE公式の所属履歴で在籍を確認（略称表記）,SUPPORTED,2026-09-30,
Batch 32 Wave 02,B32W2E0395,Career,C001357,organization_id,ORG000114,B32W2S0017,順位表 > クラブ「サンロッカーズ渋谷」（略称「SR渋谷」、club_detail TeamID=726）,公式順位表で略称とクラブ名・TeamIDの対応を確認,SUPPORTED,2026-09-30,
Batch 32 Wave 02,B32W2E0396,Career,C001357,start,2022,B32W2S0052,クラブ所属履歴 > 「2022-23 SR渋谷」,所属履歴の最初のシーズン2022-23の開始年,SUPPORTED,2026-09-30,
Batch 32 Wave 02,B32W2E0397,Career,C001357,end,2025,B32W2S0052,クラブ所属履歴 > 「2024-25 SR渋谷」,所属履歴の最後のシーズン2024-25の終了年,SUPPORTED,2026-09-30,
Batch 32 Wave 02,B32W2E0398,Career,C001358,organization_id,ORG000103,B32W2S0052,クラブ所属履歴 > 「2025-26 茨城」〜「2026-27 茨城」,B.LEAGUE公式の所属履歴で在籍を確認（略称表記）,SUPPORTED,2026-09-30,
Batch 32 Wave 02,B32W2E0399,Career,C001358,organization_id,ORG000103,B32W2S0004,順位表 > クラブ「茨城ロボッツ」（略称「茨城」、club_detail TeamID=712）,公式順位表で略称とクラブ名・TeamIDの対応を確認,SUPPORTED,2026-09-30,
Batch 32 Wave 02,B32W2E0400,Career,C001358,start,2025,B32W2S0052,クラブ所属履歴 > 「2025-26 茨城」,所属履歴の最初のシーズン2025-26の開始年,SUPPORTED,2026-09-30,
Batch 32 Wave 02,B32W2E0401,Career,C001358,organization_id,ORG000103,B32W2S0053,選手一覧 > 茨城 > 小島 元基,2026-27シーズンの公式選手一覧で現所属を確認,SUPPORTED,2026-09-30,
Batch 32 Wave 02,B32W2E0402,Person,P000306,name,中村 功平,B32W2S0054,基本情報 > 選手名,B.LEAGUE公式プロフィールで氏名を確認,SUPPORTED,2026-09-30,
Batch 32 Wave 02,B32W2E0403,Person,P000306,birth_date,1996-09-16,B32W2S0054,基本情報 > 生年月日：1996年9月16日,B.LEAGUE公式プロフィールで生年月日を確認,SUPPORTED,2026-09-30,
Batch 32 Wave 02,B32W2E0404,Career,C001359,organization_id,ORG000167,B32W2S0054,基本情報 > 出身校（高）：山口県立豊浦高等学校,B.LEAGUE公式プロフィールで出身校（高）を確認,SUPPORTED,2026-09-30,
Batch 32 Wave 02,B32W2E0405,Career,C001360,organization_id,ORG000016,B32W2S0054,基本情報 > 出身校（大）：中央大学,B.LEAGUE公式プロフィールで出身校（大）を確認,SUPPORTED,2026-09-30,
Batch 32 Wave 02,B32W2E0406,Career,C001361,organization_id,ORG000153,B32W2S0054,クラブ所属履歴 > 「2018-19 滋賀」〜「2019-20 滋賀」,B.LEAGUE公式の所属履歴で在籍を確認（略称表記）,SUPPORTED,2026-09-30,
Batch 32 Wave 02,B32W2E0407,Career,C001361,organization_id,ORG000153,B32W2S0027,順位表 > クラブ「滋賀レイクスターズ」（略称「滋賀」、club_detail TeamID=698）,公式順位表で略称とクラブ名・TeamIDの対応を確認,SUPPORTED,2026-09-30,
Batch 32 Wave 02,B32W2E0408,Career,C001361,start,2018,B32W2S0054,クラブ所属履歴 > 「2018-19 滋賀」,所属履歴の最初のシーズン2018-19の開始年,SUPPORTED,2026-09-30,
Batch 32 Wave 02,B32W2E0409,Career,C001361,end,2020,B32W2S0054,クラブ所属履歴 > 「2019-20 滋賀」,所属履歴の最後のシーズン2019-20の終了年,SUPPORTED,2026-09-30,
Batch 32 Wave 02,B32W2E0410,Career,C001362,organization_id,ORG000103,B32W2S0054,クラブ所属履歴 > 「2020-21 茨城」〜「2026-27 茨城」,B.LEAGUE公式の所属履歴で在籍を確認（略称表記）,SUPPORTED,2026-09-30,
Batch 32 Wave 02,B32W2E0411,Career,C001362,organization_id,ORG000103,B32W2S0045,順位表 > クラブ「茨城ロボッツ」（略称「茨城」、club_detail TeamID=712）,公式順位表で略称とクラブ名・TeamIDの対応を確認,SUPPORTED,2026-09-30,
Batch 32 Wave 02,B32W2E0412,Career,C001362,start,2020,B32W2S0054,クラブ所属履歴 > 「2020-21 茨城」,所属履歴の最初のシーズン2020-21の開始年,SUPPORTED,2026-09-30,
Batch 32 Wave 02,B32W2E0413,Career,C001362,organization_id,ORG000103,B32W2S0053,選手一覧 > 茨城 > 中村 功平,2026-27シーズンの公式選手一覧で現所属を確認,SUPPORTED,2026-09-30,
Batch 32 Wave 02,B32W2E0414,Person,P000307,name,長谷川 暢,B32W2S0055,基本情報 > 選手名,B.LEAGUE公式プロフィールで氏名を確認,SUPPORTED,2026-09-30,
Batch 32 Wave 02,B32W2E0415,Person,P000307,birth_date,1996-12-21,B32W2S0055,基本情報 > 生年月日：1996年12月21日,B.LEAGUE公式プロフィールで生年月日を確認,SUPPORTED,2026-09-30,
Batch 32 Wave 02,B32W2E0416,Career,C001363,organization_id,ORG000159,B32W2S0055,基本情報 > 出身校（高）：秋田県立能代工業高等学校(現・秋田県立能代科学技術高等学校),B.LEAGUE公式プロフィールで出身校（高）を確認,SUPPORTED,2026-09-30,プロフィール上の表記は「秋田県立能代工業高等学校(現・秋田県立能代科学技術高等学校)」
Batch 32 Wave 02,B32W2E0417,Career,C001364,organization_id,ORG000136,B32W2S0055,基本情報 > 出身校（大）：早稲田大学,B.LEAGUE公式プロフィールで出身校（大）を確認,SUPPORTED,2026-09-30,
Batch 32 Wave 02,B32W2E0418,Career,C001365,organization_id,ORG000182,B32W2S0055,クラブ所属履歴 > 「2017-18 青森」,B.LEAGUE公式の所属履歴で在籍を確認（略称表記）,SUPPORTED,2026-09-30,
Batch 32 Wave 02,B32W2E0419,Career,C001365,organization_id,ORG000182,B32W2S0036,順位表 > クラブ「青森ワッツ」（略称「青森」、club_detail TeamID=708）,公式順位表で略称とクラブ名・TeamIDの対応を確認,SUPPORTED,2026-09-30,
Batch 32 Wave 02,B32W2E0420,Career,C001365,start,2017,B32W2S0055,クラブ所属履歴 > 「2017-18 青森」,所属履歴の最初のシーズン2017-18の開始年,SUPPORTED,2026-09-30,
Batch 32 Wave 02,B32W2E0421,Career,C001365,end,2018,B32W2S0055,クラブ所属履歴 > 「2017-18 青森」,所属履歴の最後のシーズン2017-18の終了年,SUPPORTED,2026-09-30,
Batch 32 Wave 02,B32W2E0422,Career,C001366,organization_id,ORG000137,B32W2S0055,クラブ所属履歴 > 「2018-19 秋田」〜「2023-24 秋田」,B.LEAGUE公式の所属履歴で在籍を確認（略称表記）,SUPPORTED,2026-09-30,
Batch 32 Wave 02,B32W2E0423,Career,C001366,organization_id,ORG000137,B32W2S0027,順位表 > クラブ「秋田ノーザンハピネッツ」（略称「秋田」、club_detail TeamID=693）,公式順位表で略称とクラブ名・TeamIDの対応を確認,SUPPORTED,2026-09-30,
Batch 32 Wave 02,B32W2E0424,Career,C001366,start,2018,B32W2S0055,クラブ所属履歴 > 「2018-19 秋田」,所属履歴の最初のシーズン2018-19の開始年,SUPPORTED,2026-09-30,
Batch 32 Wave 02,B32W2E0425,Career,C001366,end,2024,B32W2S0055,クラブ所属履歴 > 「2023-24 秋田」,所属履歴の最後のシーズン2023-24の終了年,SUPPORTED,2026-09-30,
Batch 32 Wave 02,B32W2E0426,Career,C001367,organization_id,ORG000103,B32W2S0055,クラブ所属履歴 > 「2024-25 茨城」〜「2026-27 茨城」,B.LEAGUE公式の所属履歴で在籍を確認（略称表記）,SUPPORTED,2026-09-30,
Batch 32 Wave 02,B32W2E0427,Career,C001367,organization_id,ORG000103,B32W2S0023,順位表 > クラブ「茨城ロボッツ」（略称「茨城」、club_detail TeamID=712）,公式順位表で略称とクラブ名・TeamIDの対応を確認,SUPPORTED,2026-09-30,
Batch 32 Wave 02,B32W2E0428,Career,C001367,start,2024,B32W2S0055,クラブ所属履歴 > 「2024-25 茨城」,所属履歴の最初のシーズン2024-25の開始年,SUPPORTED,2026-09-30,
Batch 32 Wave 02,B32W2E0429,Career,C001367,organization_id,ORG000103,B32W2S0053,選手一覧 > 茨城 > 長谷川 暢,2026-27シーズンの公式選手一覧で現所属を確認,SUPPORTED,2026-09-30,
Batch 32 Wave 02,B32W2E0430,Person,P000308,name,平尾 充庸,B32W2S0056,基本情報 > 選手名,B.LEAGUE公式プロフィールで氏名を確認,SUPPORTED,2026-09-30,
Batch 32 Wave 02,B32W2E0431,Person,P000308,birth_date,1989-04-04,B32W2S0056,基本情報 > 生年月日：1989年4月4日,B.LEAGUE公式プロフィールで生年月日を確認,SUPPORTED,2026-09-30,
Batch 32 Wave 02,B32W2E0432,Career,C001368,organization_id,ORG000300,B32W2S0056,基本情報 > 出身校（高）：明徳義塾高等学校,B.LEAGUE公式プロフィールで出身校（高）を確認,SUPPORTED,2026-09-30,
Batch 32 Wave 02,B32W2E0433,Career,C001369,organization_id,ORG000168,B32W2S0056,基本情報 > 出身校（大）：天理大学,B.LEAGUE公式プロフィールで出身校（大）を確認,SUPPORTED,2026-09-30,
Batch 32 Wave 02,B32W2E0434,Career,C001370,organization_id,ORG000171,B32W2S0056,クラブ所属履歴 > 「2016-17 奈良」,B.LEAGUE公式の所属履歴で在籍を確認（略称表記）,SUPPORTED,2026-09-30,
Batch 32 Wave 02,B32W2E0435,Career,C001370,organization_id,ORG000171,B32W2S0035,順位表 > クラブ「バンビシャス奈良」（略称「奈良」、club_detail TeamID=719）,公式順位表で略称とクラブ名・TeamIDの対応を確認,SUPPORTED,2026-09-30,
Batch 32 Wave 02,B32W2E0436,Career,C001370,start,2016,B32W2S0056,クラブ所属履歴 > 「2016-17 奈良」,所属履歴の最初のシーズン2016-17の開始年,SUPPORTED,2026-09-30,
Batch 32 Wave 02,B32W2E0437,Career,C001370,end,2017,B32W2S0056,クラブ所属履歴 > 「2016-17 奈良」,所属履歴の最後のシーズン2016-17の終了年,SUPPORTED,2026-09-30,
Batch 32 Wave 02,B32W2E0438,Career,C001371,organization_id,ORG000103,B32W2S0056,クラブ所属履歴 > 「2017-18 茨城」〜「2026-27 茨城」,B.LEAGUE公式の所属履歴で在籍を確認（略称表記）,SUPPORTED,2026-09-30,
Batch 32 Wave 02,B32W2E0439,Career,C001371,organization_id,ORG000103,B32W2S0036,順位表 > クラブ「茨城ロボッツ」（略称「茨城」、club_detail TeamID=712）,公式順位表で略称とクラブ名・TeamIDの対応を確認,SUPPORTED,2026-09-30,
Batch 32 Wave 02,B32W2E0440,Career,C001371,start,2017,B32W2S0056,クラブ所属履歴 > 「2017-18 茨城」,所属履歴の最初のシーズン2017-18の開始年,SUPPORTED,2026-09-30,
Batch 32 Wave 02,B32W2E0441,Career,C001371,organization_id,ORG000103,B32W2S0053,選手一覧 > 茨城 > 平尾 充庸,2026-27シーズンの公式選手一覧で現所属を確認,SUPPORTED,2026-09-30,
Batch 32 Wave 02,B32W2E0442,Person,P000309,name,福澤 晃平,B32W2S0057,基本情報 > 選手名,B.LEAGUE公式プロフィールで氏名を確認,SUPPORTED,2026-09-30,
Batch 32 Wave 02,B32W2E0443,Person,P000309,birth_date,1993-04-02,B32W2S0057,基本情報 > 生年月日：1993年4月2日,B.LEAGUE公式プロフィールで生年月日を確認,SUPPORTED,2026-09-30,
Batch 32 Wave 02,B32W2E0444,Career,C001372,organization_id,ORG000297,B32W2S0057,基本情報 > 出身校（高）：東海大学付属第三高等学校(現・東海大学付属諏訪高等学校),B.LEAGUE公式プロフィールで出身校（高）を確認,SUPPORTED,2026-09-30,プロフィール上の表記は「東海大学付属第三高等学校(現・東海大学付属諏訪高等学校)」
Batch 32 Wave 02,B32W2E0445,Career,C001373,organization_id,ORG000301,B32W2S0057,基本情報 > 出身校（大）：関西大学,B.LEAGUE公式プロフィールで出身校（大）を確認,SUPPORTED,2026-09-30,
Batch 32 Wave 02,B32W2E0446,Career,C001374,organization_id,ORG000180,B32W2S0057,クラブ所属履歴 > 「2016-17 FE名古屋」〜「2017-18 FE名古屋」,B.LEAGUE公式の所属履歴で在籍を確認（略称表記）,SUPPORTED,2026-09-30,
Batch 32 Wave 02,B32W2E0447,Career,C001374,organization_id,ORG000180,B32W2S0035,順位表 > クラブ「Fイーグルス名古屋」（略称「FE名古屋」、club_detail TeamID=717）,公式順位表で略称とクラブ名・TeamIDの対応を確認,SUPPORTED,2026-09-30,
Batch 32 Wave 02,B32W2E0448,Career,C001374,start,2016,B32W2S0057,クラブ所属履歴 > 「2016-17 FE名古屋」,所属履歴の最初のシーズン2016-17の開始年,SUPPORTED,2026-09-30,
Batch 32 Wave 02,B32W2E0449,Career,C001374,end,2018,B32W2S0057,クラブ所属履歴 > 「2017-18 FE名古屋」,所属履歴の最後のシーズン2017-18の終了年,SUPPORTED,2026-09-30,
Batch 32 Wave 02,B32W2E0450,Career,C001375,organization_id,ORG000103,B32W2S0057,クラブ所属履歴 > 「2018-19 茨城」〜「2022-23 茨城」,B.LEAGUE公式の所属履歴で在籍を確認（略称表記）,SUPPORTED,2026-09-30,
Batch 32 Wave 02,B32W2E0451,Career,C001375,organization_id,ORG000103,B32W2S0013,順位表 > クラブ「茨城ロボッツ」（略称「茨城」、club_detail TeamID=712）,公式順位表で略称とクラブ名・TeamIDの対応を確認,SUPPORTED,2026-09-30,
Batch 32 Wave 02,B32W2E0452,Career,C001375,start,2018,B32W2S0057,クラブ所属履歴 > 「2018-19 茨城」,所属履歴の最初のシーズン2018-19の開始年,SUPPORTED,2026-09-30,
Batch 32 Wave 02,B32W2E0453,Career,C001375,end,2023,B32W2S0057,クラブ所属履歴 > 「2022-23 茨城」,所属履歴の最後のシーズン2022-23の終了年,SUPPORTED,2026-09-30,
Batch 32 Wave 02,B32W2E0454,Career,C001376,organization_id,ORG000109,B32W2S0057,クラブ所属履歴 > 「2023-24 A東京」〜「2025-26 A東京」,B.LEAGUE公式の所属履歴で在籍を確認（略称表記）,SUPPORTED,2026-09-30,
Batch 32 Wave 02,B32W2E0455,Career,C001376,organization_id,ORG000109,B32W2S0003,順位表 > クラブ「アルバルク東京」（略称「A東京」、club_detail TeamID=706）,公式順位表で略称とクラブ名・TeamIDの対応を確認,SUPPORTED,2026-09-30,
Batch 32 Wave 02,B32W2E0456,Career,C001376,start,2023,B32W2S0057,クラブ所属履歴 > 「2023-24 A東京」,所属履歴の最初のシーズン2023-24の開始年,SUPPORTED,2026-09-30,
Batch 32 Wave 02,B32W2E0457,Career,C001376,end,2026,B32W2S0057,クラブ所属履歴 > 「2025-26 A東京」,所属履歴の最後のシーズン2025-26の終了年,SUPPORTED,2026-09-30,
Batch 32 Wave 02,B32W2E0458,Career,C001377,organization_id,ORG000103,B32W2S0057,クラブ所属履歴 > 「2026-27 茨城」,B.LEAGUE公式の所属履歴で在籍を確認（略称表記）,SUPPORTED,2026-09-30,
Batch 32 Wave 02,B32W2E0459,Career,C001377,organization_id,ORG000103,B32W2S0010,順位表 > クラブ「茨城ロボッツ」（略称「茨城」、club_detail TeamID=712）,公式順位表で略称とクラブ名・TeamIDの対応を確認,SUPPORTED,2026-09-30,
Batch 32 Wave 02,B32W2E0460,Career,C001377,start,2026,B32W2S0057,クラブ所属履歴 > 「2026-27 茨城」,所属履歴の最初のシーズン2026-27の開始年,SUPPORTED,2026-09-30,
Batch 32 Wave 02,B32W2E0461,Career,C001377,organization_id,ORG000103,B32W2S0053,選手一覧 > 茨城 > 福澤 晃平,2026-27シーズンの公式選手一覧で現所属を確認,SUPPORTED,2026-09-30,
Batch 32 Wave 02,B32W2E0462,Person,P000310,name,前田 怜緒,B32W2S0058,基本情報 > 選手名,B.LEAGUE公式プロフィールで氏名を確認,SUPPORTED,2026-09-30,
Batch 32 Wave 02,B32W2E0463,Person,P000310,birth_date,1997-09-15,B32W2S0058,基本情報 > 生年月日：1997年9月15日,B.LEAGUE公式プロフィールで生年月日を確認,SUPPORTED,2026-09-30,
Batch 32 Wave 02,B32W2E0464,Career,C001378,organization_id,ORG000302,B32W2S0058,基本情報 > 出身校（高）：東北高等学校,B.LEAGUE公式プロフィールで出身校（高）を確認,SUPPORTED,2026-09-30,
Batch 32 Wave 02,B32W2E0465,Career,C001379,organization_id,ORG000208,B32W2S0058,基本情報 > 出身校（大）：白鴎大学,B.LEAGUE公式プロフィールで出身校（大）を確認,SUPPORTED,2026-09-30,
Batch 32 Wave 02,B32W2E0466,Career,C001380,organization_id,ORG000153,B32W2S0058,クラブ所属履歴 > 「2019-20 滋賀」〜「2020-21 滋賀」,B.LEAGUE公式の所属履歴で在籍を確認（略称表記）,SUPPORTED,2026-09-30,
Batch 32 Wave 02,B32W2E0467,Career,C001380,organization_id,ORG000153,B32W2S0019,順位表 > クラブ「滋賀レイクスターズ」（略称「滋賀」、club_detail TeamID=698）,公式順位表で略称とクラブ名・TeamIDの対応を確認,SUPPORTED,2026-09-30,
Batch 32 Wave 02,B32W2E0468,Career,C001380,start,2019,B32W2S0058,クラブ所属履歴 > 「2019-20 滋賀」,所属履歴の最初のシーズン2019-20の開始年,SUPPORTED,2026-09-30,
Batch 32 Wave 02,B32W2E0469,Career,C001380,end,2021,B32W2S0058,クラブ所属履歴 > 「2020-21 滋賀」,所属履歴の最後のシーズン2020-21の終了年,SUPPORTED,2026-09-30,
Batch 32 Wave 02,B32W2E0470,Career,C001381,organization_id,ORG000150,B32W2S0058,クラブ所属履歴 > 「2021-22 信州」〜「2022-23 信州」,B.LEAGUE公式の所属履歴で在籍を確認（略称表記）,SUPPORTED,2026-09-30,
Batch 32 Wave 02,B32W2E0471,Career,C001381,organization_id,ORG000150,B32W2S0009,順位表 > クラブ「信州ブレイブウォリアーズ」（略称「信州」、club_detail TeamID=716）,公式順位表で略称とクラブ名・TeamIDの対応を確認,SUPPORTED,2026-09-30,
Batch 32 Wave 02,B32W2E0472,Career,C001381,start,2021,B32W2S0058,クラブ所属履歴 > 「2021-22 信州」,所属履歴の最初のシーズン2021-22の開始年,SUPPORTED,2026-09-30,
Batch 32 Wave 02,B32W2E0473,Career,C001381,end,2023,B32W2S0058,クラブ所属履歴 > 「2022-23 信州」,所属履歴の最後のシーズン2022-23の終了年,SUPPORTED,2026-09-30,
Batch 32 Wave 02,B32W2E0474,Career,C001382,organization_id,ORG000144,B32W2S0058,クラブ所属履歴 > 「2023-24 A千葉」〜「2025-26 A千葉」,B.LEAGUE公式の所属履歴で在籍を確認（略称表記）,SUPPORTED,2026-09-30,
Batch 32 Wave 02,B32W2E0475,Career,C001382,organization_id,ORG000144,B32W2S0029,順位表 > クラブ「アルティーリ千葉」（略称「A千葉」、club_detail TeamID=2486）,公式順位表で略称とクラブ名・TeamIDの対応を確認,SUPPORTED,2026-09-30,
Batch 32 Wave 02,B32W2E0476,Career,C001382,start,2023,B32W2S0058,クラブ所属履歴 > 「2023-24 A千葉」,所属履歴の最初のシーズン2023-24の開始年,SUPPORTED,2026-09-30,
Batch 32 Wave 02,B32W2E0477,Career,C001382,end,2026,B32W2S0058,クラブ所属履歴 > 「2025-26 A千葉」,所属履歴の最後のシーズン2025-26の終了年,SUPPORTED,2026-09-30,
Batch 32 Wave 02,B32W2E0478,Career,C001383,organization_id,ORG000103,B32W2S0058,クラブ所属履歴 > 「2026-27 茨城」,B.LEAGUE公式の所属履歴で在籍を確認（略称表記）,SUPPORTED,2026-09-30,
Batch 32 Wave 02,B32W2E0479,Career,C001383,organization_id,ORG000103,B32W2S0010,順位表 > クラブ「茨城ロボッツ」（略称「茨城」、club_detail TeamID=712）,公式順位表で略称とクラブ名・TeamIDの対応を確認,SUPPORTED,2026-09-30,
Batch 32 Wave 02,B32W2E0480,Career,C001383,start,2026,B32W2S0058,クラブ所属履歴 > 「2026-27 茨城」,所属履歴の最初のシーズン2026-27の開始年,SUPPORTED,2026-09-30,
Batch 32 Wave 02,B32W2E0481,Career,C001383,organization_id,ORG000103,B32W2S0053,選手一覧 > 茨城 > 前田 怜緒,2026-27シーズンの公式選手一覧で現所属を確認,SUPPORTED,2026-09-30,
Batch 32 Wave 02,B32W2E0482,Person,P000311,name,吉井 裕鷹,B32W2S0059,基本情報 > 選手名,B.LEAGUE公式プロフィールで氏名を確認,SUPPORTED,2026-09-30,
Batch 32 Wave 02,B32W2E0483,Person,P000311,birth_date,1998-06-04,B32W2S0059,基本情報 > 生年月日：1998年6月4日,B.LEAGUE公式プロフィールで生年月日を確認,SUPPORTED,2026-09-30,
Batch 32 Wave 02,B32W2E0484,Career,C001384,organization_id,ORG000264,B32W2S0059,基本情報 > 出身校（高）：大阪学院大学高等学校,B.LEAGUE公式プロフィールで出身校（高）を確認,SUPPORTED,2026-09-30,
Batch 32 Wave 02,B32W2E0485,Career,C001385,organization_id,ORG000099,B32W2S0059,基本情報 > 出身校（大）：大阪学院大学,B.LEAGUE公式プロフィールで出身校（大）を確認,SUPPORTED,2026-09-30,
Batch 32 Wave 02,B32W2E0486,Career,C001386,organization_id,ORG000142,B32W2S0059,クラブ所属履歴 > 「2018-19 大阪」,B.LEAGUE公式の所属履歴で在籍を確認（略称表記）,SUPPORTED,2026-09-30,
Batch 32 Wave 02,B32W2E0487,Career,C001386,organization_id,ORG000142,B32W2S0027,順位表 > クラブ「大阪エヴェッサ」（略称「大阪」、club_detail TeamID=700）,公式順位表で略称とクラブ名・TeamIDの対応を確認,SUPPORTED,2026-09-30,
Batch 32 Wave 02,B32W2E0488,Career,C001386,start,2018,B32W2S0059,クラブ所属履歴 > 「2018-19 大阪」,所属履歴の最初のシーズン2018-19の開始年,SUPPORTED,2026-09-30,
Batch 32 Wave 02,B32W2E0489,Career,C001386,end,2019,B32W2S0059,クラブ所属履歴 > 「2018-19 大阪」,所属履歴の最後のシーズン2018-19の終了年,SUPPORTED,2026-09-30,
Batch 32 Wave 02,B32W2E0490,Career,C001387,organization_id,ORG000109,B32W2S0059,クラブ所属履歴 > 「2020-21 A東京」〜「2023-24 A東京」,B.LEAGUE公式の所属履歴で在籍を確認（略称表記）,SUPPORTED,2026-09-30,
Batch 32 Wave 02,B32W2E0491,Career,C001387,organization_id,ORG000109,B32W2S0002,順位表 > クラブ「アルバルク東京」（略称「A東京」、club_detail TeamID=706）,公式順位表で略称とクラブ名・TeamIDの対応を確認,SUPPORTED,2026-09-30,
Batch 32 Wave 02,B32W2E0492,Career,C001387,start,2020,B32W2S0059,クラブ所属履歴 > 「2020-21 A東京」,所属履歴の最初のシーズン2020-21の開始年,SUPPORTED,2026-09-30,
Batch 32 Wave 02,B32W2E0493,Career,C001387,end,2024,B32W2S0059,クラブ所属履歴 > 「2023-24 A東京」,所属履歴の最後のシーズン2023-24の終了年,SUPPORTED,2026-09-30,
Batch 32 Wave 02,B32W2E0494,Career,C001388,organization_id,ORG000097,B32W2S0059,クラブ所属履歴 > 「2024-25 三遠」〜「2025-26 三遠」,B.LEAGUE公式の所属履歴で在籍を確認（略称表記）,SUPPORTED,2026-09-30,
Batch 32 Wave 02,B32W2E0495,Career,C001388,organization_id,ORG000097,B32W2S0023,順位表 > クラブ「三遠ネオフェニックス」（略称「三遠」、club_detail TeamID=697）,公式順位表で略称とクラブ名・TeamIDの対応を確認,SUPPORTED,2026-09-30,
Batch 32 Wave 02,B32W2E0496,Career,C001388,start,2024,B32W2S0059,クラブ所属履歴 > 「2024-25 三遠」,所属履歴の最初のシーズン2024-25の開始年,SUPPORTED,2026-09-30,
Batch 32 Wave 02,B32W2E0497,Career,C001388,end,2026,B32W2S0059,クラブ所属履歴 > 「2025-26 三遠」,所属履歴の最後のシーズン2025-26の終了年,SUPPORTED,2026-09-30,
Batch 32 Wave 02,B32W2E0498,Career,C001389,organization_id,ORG000103,B32W2S0059,クラブ所属履歴 > 「2026-27 茨城」,B.LEAGUE公式の所属履歴で在籍を確認（略称表記）,SUPPORTED,2026-09-30,
Batch 32 Wave 02,B32W2E0499,Career,C001389,organization_id,ORG000103,B32W2S0010,順位表 > クラブ「茨城ロボッツ」（略称「茨城」、club_detail TeamID=712）,公式順位表で略称とクラブ名・TeamIDの対応を確認,SUPPORTED,2026-09-30,
Batch 32 Wave 02,B32W2E0500,Career,C001389,start,2026,B32W2S0059,クラブ所属履歴 > 「2026-27 茨城」,所属履歴の最初のシーズン2026-27の開始年,SUPPORTED,2026-09-30,
Batch 32 Wave 02,B32W2E0501,Career,C001389,organization_id,ORG000103,B32W2S0053,選手一覧 > 茨城 > 吉井 裕鷹,2026-27シーズンの公式選手一覧で現所属を確認,SUPPORTED,2026-09-30,
Batch 32 Wave 02,B32W2E0502,Person,P000312,name,渡邉 飛勇,B32W2S0060,基本情報 > 選手名,B.LEAGUE公式プロフィールで氏名を確認,SUPPORTED,2026-09-30,
Batch 32 Wave 02,B32W2E0503,Person,P000312,birth_date,1998-12-23,B32W2S0060,基本情報 > 生年月日：1998年12月23日,B.LEAGUE公式プロフィールで生年月日を確認,SUPPORTED,2026-09-30,
Batch 32 Wave 02,B32W2E0504,Career,C001390,organization_id,ORG000303,B32W2S0060,基本情報 > 出身校（高）：Iolani(Hawaii),B.LEAGUE公式プロフィールで出身校（高）を確認,SUPPORTED,2026-09-30,
Batch 32 Wave 02,B32W2E0505,Career,C001391,organization_id,ORG000304,B32W2S0060,"基本情報 > 出身校（大）：Portland University, UC Davis",B.LEAGUE公式プロフィールで出身校（大）を確認,SUPPORTED,2026-09-30,
Batch 32 Wave 02,B32W2E0506,Career,C001392,organization_id,ORG000305,B32W2S0060,"基本情報 > 出身校（大）：Portland University, UC Davis",B.LEAGUE公式プロフィールで出身校（大）を確認,SUPPORTED,2026-09-30,
Batch 32 Wave 02,B32W2E0507,Career,C001393,organization_id,ORG000106,B32W2S0060,クラブ所属履歴 > 「2021-22 琉球」〜「2023-24 琉球」,B.LEAGUE公式の所属履歴で在籍を確認（略称表記）,SUPPORTED,2026-09-30,
Batch 32 Wave 02,B32W2E0508,Career,C001393,organization_id,ORG000106,B32W2S0009,順位表 > クラブ「琉球ゴールデンキングス」（略称「琉球」、club_detail TeamID=701）,公式順位表で略称とクラブ名・TeamIDの対応を確認,SUPPORTED,2026-09-30,
Batch 32 Wave 02,B32W2E0509,Career,C001393,start,2021,B32W2S0060,クラブ所属履歴 > 「2021-22 琉球」,所属履歴の最初のシーズン2021-22の開始年,SUPPORTED,2026-09-30,
Batch 32 Wave 02,B32W2E0510,Career,C001393,end,2024,B32W2S0060,クラブ所属履歴 > 「2023-24 琉球」,所属履歴の最後のシーズン2023-24の終了年,SUPPORTED,2026-09-30,
Batch 32 Wave 02,B32W2E0511,Career,C001394,organization_id,ORG000150,B32W2S0060,クラブ所属履歴 > 「2024-25 信州」〜「2025-26 信州」,B.LEAGUE公式の所属履歴で在籍を確認（略称表記）,SUPPORTED,2026-09-30,
Batch 32 Wave 02,B32W2E0512,Career,C001394,organization_id,ORG000150,B32W2S0039,順位表 > クラブ「信州ブレイブウォリアーズ」（略称「信州」、club_detail TeamID=716）,公式順位表で略称とクラブ名・TeamIDの対応を確認,SUPPORTED,2026-09-30,
Batch 32 Wave 02,B32W2E0513,Career,C001394,start,2024,B32W2S0060,クラブ所属履歴 > 「2024-25 信州」,所属履歴の最初のシーズン2024-25の開始年,SUPPORTED,2026-09-30,
Batch 32 Wave 02,B32W2E0514,Career,C001394,end,2026,B32W2S0060,クラブ所属履歴 > 「2025-26 信州」,所属履歴の最後のシーズン2025-26の終了年,SUPPORTED,2026-09-30,
Batch 32 Wave 02,B32W2E0515,Career,C001395,organization_id,ORG000103,B32W2S0060,クラブ所属履歴 > 「2026-27 茨城」,B.LEAGUE公式の所属履歴で在籍を確認（略称表記）,SUPPORTED,2026-09-30,
Batch 32 Wave 02,B32W2E0516,Career,C001395,organization_id,ORG000103,B32W2S0010,順位表 > クラブ「茨城ロボッツ」（略称「茨城」、club_detail TeamID=712）,公式順位表で略称とクラブ名・TeamIDの対応を確認,SUPPORTED,2026-09-30,
Batch 32 Wave 02,B32W2E0517,Career,C001395,start,2026,B32W2S0060,クラブ所属履歴 > 「2026-27 茨城」,所属履歴の最初のシーズン2026-27の開始年,SUPPORTED,2026-09-30,
Batch 32 Wave 02,B32W2E0518,Career,C001395,organization_id,ORG000103,B32W2S0053,選手一覧 > 茨城 > 渡邉 飛勇,2026-27シーズンの公式選手一覧で現所属を確認,SUPPORTED,2026-09-30,
Batch 32 Wave 02,B32W2E0519,Person,P000313,name,鶴巻 啓太,B32W2S0061,基本情報 > 選手名,B.LEAGUE公式プロフィールで氏名を確認,SUPPORTED,2026-09-30,
Batch 32 Wave 02,B32W2E0520,Person,P000313,birth_date,1996-04-24,B32W2S0061,基本情報 > 生年月日：1996年4月24日,B.LEAGUE公式プロフィールで生年月日を確認,SUPPORTED,2026-09-30,
Batch 32 Wave 02,B32W2E0521,Career,C001396,organization_id,ORG000306,B32W2S0061,基本情報 > 出身校（高）：千葉県立幕張総合高等学校,B.LEAGUE公式プロフィールで出身校（高）を確認,SUPPORTED,2026-09-30,
Batch 32 Wave 02,B32W2E0522,Career,C001397,organization_id,ORG000016,B32W2S0061,基本情報 > 出身校（大）：中央大学,B.LEAGUE公式プロフィールで出身校（大）を確認,SUPPORTED,2026-09-30,
Batch 32 Wave 02,B32W2E0523,Career,C001398,organization_id,ORG000103,B32W2S0061,クラブ所属履歴 > 「2018-19 茨城」〜「2025-26 茨城」,B.LEAGUE公式の所属履歴で在籍を確認（略称表記）,SUPPORTED,2026-09-30,
Batch 32 Wave 02,B32W2E0524,Career,C001398,organization_id,ORG000103,B32W2S0013,順位表 > クラブ「茨城ロボッツ」（略称「茨城」、club_detail TeamID=712）,公式順位表で略称とクラブ名・TeamIDの対応を確認,SUPPORTED,2026-09-30,
Batch 32 Wave 02,B32W2E0525,Career,C001398,start,2018,B32W2S0061,クラブ所属履歴 > 「2018-19 茨城」,所属履歴の最初のシーズン2018-19の開始年,SUPPORTED,2026-09-30,
Batch 32 Wave 02,B32W2E0526,Career,C001398,end,2026,B32W2S0061,クラブ所属履歴 > 「2025-26 茨城」,所属履歴の最後のシーズン2025-26の終了年,SUPPORTED,2026-09-30,
Batch 32 Wave 02,B32W2E0527,Career,C001399,organization_id,ORG000143,B32W2S0061,クラブ所属履歴 > 「2026-27 群馬」,B.LEAGUE公式の所属履歴で在籍を確認（略称表記）,SUPPORTED,2026-09-30,
Batch 32 Wave 02,B32W2E0528,Career,C001399,organization_id,ORG000143,B32W2S0010,順位表 > クラブ「群馬クレインサンダーズ」（略称「群馬」、club_detail TeamID=713）,公式順位表で略称とクラブ名・TeamIDの対応を確認,SUPPORTED,2026-09-30,
Batch 32 Wave 02,B32W2E0529,Career,C001399,start,2026,B32W2S0061,クラブ所属履歴 > 「2026-27 群馬」,所属履歴の最初のシーズン2026-27の開始年,SUPPORTED,2026-09-30,
Batch 32 Wave 02,B32W2E0530,Career,C001399,organization_id,ORG000143,B32W2S0062,選手一覧 > 群馬 > 鶴巻 啓太,2026-27シーズンの公式選手一覧で現所属を確認,SUPPORTED,2026-09-30,
Batch 32 Wave 02,B32W2E0531,Person,P000314,name,コー・フリッピン,B32W2S0063,基本情報 > 選手名,B.LEAGUE公式プロフィールで氏名を確認,SUPPORTED,2026-09-30,
Batch 32 Wave 02,B32W2E0532,Person,P000314,birth_date,1996-05-20,B32W2S0063,基本情報 > 生年月日：1996年5月20日,B.LEAGUE公式プロフィールで生年月日を確認,SUPPORTED,2026-09-30,
Batch 32 Wave 02,B32W2E0533,Career,C001400,organization_id,ORG000307,B32W2S0063,基本情報 > 出身校（高）：North Torrance high school,B.LEAGUE公式プロフィールで出身校（高）を確認,SUPPORTED,2026-09-30,
Batch 32 Wave 02,B32W2E0534,Career,C001401,organization_id,ORG000308,B32W2S0063,基本情報 > 出身校（大）：ドエイン大学,B.LEAGUE公式プロフィールで出身校（大）を確認,SUPPORTED,2026-09-30,
Batch 32 Wave 02,B32W2E0535,Career,C001402,organization_id,ORG000118,B32W2S0063,クラブ所属履歴 > 「2019-20 千葉」〜「2020-21 千葉J」,B.LEAGUE公式の所属履歴で在籍を確認（略称表記）,SUPPORTED,2026-09-30,
Batch 32 Wave 02,B32W2E0536,Career,C001402,organization_id,ORG000118,B32W2S0019,順位表 > クラブ「千葉ジェッツ」（略称「千葉」、club_detail TeamID=704）,公式順位表で略称とクラブ名・TeamIDの対応を確認,SUPPORTED,2026-09-30,
Batch 32 Wave 02,B32W2E0537,Career,C001402,start,2019,B32W2S0063,クラブ所属履歴 > 「2019-20 千葉」,所属履歴の最初のシーズン2019-20の開始年,SUPPORTED,2026-09-30,
Batch 32 Wave 02,B32W2E0538,Career,C001402,end,2021,B32W2S0063,クラブ所属履歴 > 「2020-21 千葉J」,所属履歴の最後のシーズン2020-21の終了年,SUPPORTED,2026-09-30,
Batch 32 Wave 02,B32W2E0539,Career,C001403,organization_id,ORG000106,B32W2S0063,クラブ所属履歴 > 「2021-22 琉球」〜「2022-23 琉球」,B.LEAGUE公式の所属履歴で在籍を確認（略称表記）,SUPPORTED,2026-09-30,
Batch 32 Wave 02,B32W2E0540,Career,C001403,organization_id,ORG000106,B32W2S0009,順位表 > クラブ「琉球ゴールデンキングス」（略称「琉球」、club_detail TeamID=701）,公式順位表で略称とクラブ名・TeamIDの対応を確認,SUPPORTED,2026-09-30,
Batch 32 Wave 02,B32W2E0541,Career,C001403,start,2021,B32W2S0063,クラブ所属履歴 > 「2021-22 琉球」,所属履歴の最初のシーズン2021-22の開始年,SUPPORTED,2026-09-30,
Batch 32 Wave 02,B32W2E0542,Career,C001403,end,2023,B32W2S0063,クラブ所属履歴 > 「2022-23 琉球」,所属履歴の最後のシーズン2022-23の終了年,SUPPORTED,2026-09-30,
Batch 32 Wave 02,B32W2E0543,Career,C001404,organization_id,ORG000143,B32W2S0063,クラブ所属履歴 > 「2023-24 群馬」〜「2026-27 群馬」,B.LEAGUE公式の所属履歴で在籍を確認（略称表記）,SUPPORTED,2026-09-30,
Batch 32 Wave 02,B32W2E0544,Career,C001404,organization_id,ORG000143,B32W2S0003,順位表 > クラブ「群馬クレインサンダーズ」（略称「群馬」、club_detail TeamID=713）,公式順位表で略称とクラブ名・TeamIDの対応を確認,SUPPORTED,2026-09-30,
Batch 32 Wave 02,B32W2E0545,Career,C001404,start,2023,B32W2S0063,クラブ所属履歴 > 「2023-24 群馬」,所属履歴の最初のシーズン2023-24の開始年,SUPPORTED,2026-09-30,
Batch 32 Wave 02,B32W2E0546,Career,C001404,organization_id,ORG000143,B32W2S0062,選手一覧 > 群馬 > コー・フリッピン,2026-27シーズンの公式選手一覧で現所属を確認,SUPPORTED,2026-09-30,
Batch 32 Wave 02,B32W2E0547,Person,P000315,name,細川 一輝,B32W2S0064,基本情報 > 選手名,B.LEAGUE公式プロフィールで氏名を確認,SUPPORTED,2026-09-30,
Batch 32 Wave 02,B32W2E0548,Person,P000315,birth_date,1997-11-17,B32W2S0064,基本情報 > 生年月日：1997年11月17日,B.LEAGUE公式プロフィールで生年月日を確認,SUPPORTED,2026-09-30,
Batch 32 Wave 02,B32W2E0549,Career,C001405,organization_id,ORG000288,B32W2S0064,基本情報 > 出身校（高）：岩手県立一関工業高等学校,B.LEAGUE公式プロフィールで出身校（高）を確認,SUPPORTED,2026-09-30,
Batch 32 Wave 02,B32W2E0550,Career,C001406,organization_id,ORG000309,B32W2S0064,基本情報 > 出身校（大）：上武大学,B.LEAGUE公式プロフィールで出身校（大）を確認,SUPPORTED,2026-09-30,
Batch 32 Wave 02,B32W2E0551,Career,C001407,organization_id,ORG000143,B32W2S0064,クラブ所属履歴 > 「2019-20 群馬」,B.LEAGUE公式の所属履歴で在籍を確認（略称表記）,SUPPORTED,2026-09-30,
Batch 32 Wave 02,B32W2E0552,Career,C001407,organization_id,ORG000143,B32W2S0065,順位表 > クラブ「群馬クレインサンダーズ」（略称「群馬」、club_detail TeamID=713）,公式順位表で略称とクラブ名・TeamIDの対応を確認,SUPPORTED,2026-09-30,
Batch 32 Wave 02,B32W2E0553,Career,C001407,start,2019,B32W2S0064,クラブ所属履歴 > 「2019-20 群馬」,所属履歴の最初のシーズン2019-20の開始年,SUPPORTED,2026-09-30,
Batch 32 Wave 02,B32W2E0554,Career,C001407,end,2020,B32W2S0064,クラブ所属履歴 > 「2019-20 群馬」,所属履歴の最後のシーズン2019-20の終了年,SUPPORTED,2026-09-30,
Batch 32 Wave 02,B32W2E0555,Career,C001408,organization_id,ORG000042,B32W2S0064,クラブ所属履歴 > 「2020-21 京都」〜「2021-22 京都」,B.LEAGUE公式の所属履歴で在籍を確認（略称表記）,SUPPORTED,2026-09-30,
Batch 32 Wave 02,B32W2E0556,Career,C001408,organization_id,ORG000042,B32W2S0002,順位表 > クラブ「京都ハンナリーズ」（略称「京都」、club_detail TeamID=699）,公式順位表で略称とクラブ名・TeamIDの対応を確認,SUPPORTED,2026-09-30,
Batch 32 Wave 02,B32W2E0557,Career,C001408,start,2020,B32W2S0064,クラブ所属履歴 > 「2020-21 京都」,所属履歴の最初のシーズン2020-21の開始年,SUPPORTED,2026-09-30,
Batch 32 Wave 02,B32W2E0558,Career,C001408,end,2022,B32W2S0064,クラブ所属履歴 > 「2021-22 京都」,所属履歴の最後のシーズン2021-22の終了年,SUPPORTED,2026-09-30,
Batch 32 Wave 02,B32W2E0559,Career,C001409,organization_id,ORG000097,B32W2S0064,クラブ所属履歴 > 「2022-23 三遠」〜「2023-24 三遠」,B.LEAGUE公式の所属履歴で在籍を確認（略称表記）,SUPPORTED,2026-09-30,
Batch 32 Wave 02,B32W2E0560,Career,C001409,organization_id,ORG000097,B32W2S0017,順位表 > クラブ「三遠ネオフェニックス」（略称「三遠」、club_detail TeamID=697）,公式順位表で略称とクラブ名・TeamIDの対応を確認,SUPPORTED,2026-09-30,
Batch 32 Wave 02,B32W2E0561,Career,C001409,start,2022,B32W2S0064,クラブ所属履歴 > 「2022-23 三遠」,所属履歴の最初のシーズン2022-23の開始年,SUPPORTED,2026-09-30,
Batch 32 Wave 02,B32W2E0562,Career,C001409,end,2024,B32W2S0064,クラブ所属履歴 > 「2023-24 三遠」,所属履歴の最後のシーズン2023-24の終了年,SUPPORTED,2026-09-30,
Batch 32 Wave 02,B32W2E0563,Career,C001410,organization_id,ORG000143,B32W2S0064,クラブ所属履歴 > 「2024-25 群馬」〜「2026-27 群馬」,B.LEAGUE公式の所属履歴で在籍を確認（略称表記）,SUPPORTED,2026-09-30,
Batch 32 Wave 02,B32W2E0564,Career,C001410,organization_id,ORG000143,B32W2S0023,順位表 > クラブ「群馬クレインサンダーズ」（略称「群馬」、club_detail TeamID=713）,公式順位表で略称とクラブ名・TeamIDの対応を確認,SUPPORTED,2026-09-30,
Batch 32 Wave 02,B32W2E0565,Career,C001410,start,2024,B32W2S0064,クラブ所属履歴 > 「2024-25 群馬」,所属履歴の最初のシーズン2024-25の開始年,SUPPORTED,2026-09-30,
Batch 32 Wave 02,B32W2E0566,Career,C001410,organization_id,ORG000143,B32W2S0062,選手一覧 > 群馬 > 細川 一輝,2026-27シーズンの公式選手一覧で現所属を確認,SUPPORTED,2026-09-30,
Batch 32 Wave 02,B32W2E0567,Person,P000316,name,加藤 ダニエル,B32W2S0066,基本情報 > 選手名,B.LEAGUE公式プロフィールで氏名を確認,SUPPORTED,2026-09-30,
Batch 32 Wave 02,B32W2E0568,Person,P000316,birth_date,2004-08-20,B32W2S0066,基本情報 > 生年月日：2004年8月20日,B.LEAGUE公式プロフィールで生年月日を確認,SUPPORTED,2026-09-30,
Batch 32 Wave 02,B32W2E0569,Career,C001411,organization_id,ORG000310,B32W2S0066,基本情報 > 出身校（高）：ブリティッシュインターナショナルスクール,B.LEAGUE公式プロフィールで出身校（高）を確認,SUPPORTED,2026-09-30,
Batch 32 Wave 02,B32W2E0570,Career,C001412,organization_id,ORG000311,B32W2S0066,基本情報 > 出身校（大）：ハーフォード・コミュニティ大学,B.LEAGUE公式プロフィールで出身校（大）を確認,SUPPORTED,2026-09-30,
Batch 32 Wave 02,B32W2E0571,Career,C001413,organization_id,ORG000118,B32W2S0066,クラブ所属履歴 > 「2025-26 千葉J」,B.LEAGUE公式の所属履歴で在籍を確認（略称表記）,SUPPORTED,2026-09-30,
Batch 32 Wave 02,B32W2E0572,Career,C001413,organization_id,ORG000118,B32W2S0004,順位表 > クラブ「千葉ジェッツ」（略称「千葉J」、club_detail TeamID=704）,公式順位表で略称とクラブ名・TeamIDの対応を確認,SUPPORTED,2026-09-30,
Batch 32 Wave 02,B32W2E0573,Career,C001413,start,2025,B32W2S0066,クラブ所属履歴 > 「2025-26 千葉J」,所属履歴の最初のシーズン2025-26の開始年,SUPPORTED,2026-09-30,
Batch 32 Wave 02,B32W2E0574,Career,C001413,end,2026,B32W2S0066,クラブ所属履歴 > 「2025-26 千葉J」,所属履歴の最後のシーズン2025-26の終了年,SUPPORTED,2026-09-30,
Batch 32 Wave 02,B32W2E0575,Career,C001414,organization_id,ORG000150,B32W2S0066,クラブ所属履歴 > 「2026-27 信州」,B.LEAGUE公式の所属履歴で在籍を確認（略称表記）,SUPPORTED,2026-09-30,
Batch 32 Wave 02,B32W2E0576,Career,C001414,organization_id,ORG000150,B32W2S0010,順位表 > クラブ「信州ブレイブウォリアーズ」（略称「信州」、club_detail TeamID=716）,公式順位表で略称とクラブ名・TeamIDの対応を確認,SUPPORTED,2026-09-30,
Batch 32 Wave 02,B32W2E0577,Career,C001414,start,2026,B32W2S0066,クラブ所属履歴 > 「2026-27 信州」,所属履歴の最初のシーズン2026-27の開始年,SUPPORTED,2026-09-30,
Batch 32 Wave 02,B32W2E0578,Career,C001414,organization_id,ORG000150,B32W2S0067,選手一覧 > 信州 > 加藤 ダニエル,2026-27シーズンの公式選手一覧で現所属を確認,SUPPORTED,2026-09-30,
Batch 32 Wave 02,B32W2E0579,Person,P000317,name,河田 チリジ,B32W2S0068,基本情報 > 選手名,B.LEAGUE公式プロフィールで氏名を確認,SUPPORTED,2026-09-30,
Batch 32 Wave 02,B32W2E0580,Person,P000317,birth_date,1989-06-10,B32W2S0068,基本情報 > 生年月日：1989年6月10日,B.LEAGUE公式プロフィールで生年月日を確認,SUPPORTED,2026-09-30,
Batch 32 Wave 02,B32W2E0581,Career,C001415,organization_id,ORG000312,B32W2S0068,基本情報 > 出身校（大）：ニューメキシコ州立大学,B.LEAGUE公式プロフィールで出身校（大）を確認,SUPPORTED,2026-09-30,
Batch 32 Wave 02,B32W2E0582,Career,C001416,organization_id,ORG000132,B32W2S0068,クラブ所属履歴 > 「2016-17 仙台」,B.LEAGUE公式の所属履歴で在籍を確認（略称表記）,SUPPORTED,2026-09-30,
Batch 32 Wave 02,B32W2E0583,Career,C001416,organization_id,ORG000132,B32W2S0007,順位表 > クラブ「仙台89ERS」（略称「仙台」、club_detail TeamID=692）,公式順位表で略称とクラブ名・TeamIDの対応を確認,SUPPORTED,2026-09-30,
Batch 32 Wave 02,B32W2E0584,Career,C001416,start,2016,B32W2S0068,クラブ所属履歴 > 「2016-17 仙台」,所属履歴の最初のシーズン2016-17の開始年,SUPPORTED,2026-09-30,
Batch 32 Wave 02,B32W2E0585,Career,C001416,end,2017,B32W2S0068,クラブ所属履歴 > 「2016-17 仙台」,所属履歴の最後のシーズン2016-17の終了年,SUPPORTED,2026-09-30,
Batch 32 Wave 02,B32W2E0586,Career,C001417,organization_id,ORG000171,B32W2S0068,クラブ所属履歴 > 「2017-18 奈良」,B.LEAGUE公式の所属履歴で在籍を確認（略称表記）,SUPPORTED,2026-09-30,
Batch 32 Wave 02,B32W2E0587,Career,C001417,organization_id,ORG000171,B32W2S0036,順位表 > クラブ「バンビシャス奈良」（略称「奈良」、club_detail TeamID=719）,公式順位表で略称とクラブ名・TeamIDの対応を確認,SUPPORTED,2026-09-30,
Batch 32 Wave 02,B32W2E0588,Career,C001417,start,2017,B32W2S0068,クラブ所属履歴 > 「2017-18 奈良」,所属履歴の最初のシーズン2017-18の開始年,SUPPORTED,2026-09-30,
Batch 32 Wave 02,B32W2E0589,Career,C001417,end,2018,B32W2S0068,クラブ所属履歴 > 「2017-18 奈良」,所属履歴の最後のシーズン2017-18の終了年,SUPPORTED,2026-09-30,
Batch 32 Wave 02,B32W2E0590,Career,C001418,organization_id,ORG000067,B32W2S0068,クラブ所属履歴 > 「2018-19 熊本」,B.LEAGUE公式の所属履歴で在籍を確認（略称表記）,SUPPORTED,2026-09-30,
Batch 32 Wave 02,B32W2E0591,Career,C001418,organization_id,ORG000067,B32W2S0013,順位表 > クラブ「熊本ヴォルターズ」（略称「熊本」、club_detail TeamID=724）,公式順位表で略称とクラブ名・TeamIDの対応を確認,SUPPORTED,2026-09-30,
Batch 32 Wave 02,B32W2E0592,Career,C001418,start,2018,B32W2S0068,クラブ所属履歴 > 「2018-19 熊本」,所属履歴の最初のシーズン2018-19の開始年,SUPPORTED,2026-09-30,
Batch 32 Wave 02,B32W2E0593,Career,C001418,end,2019,B32W2S0068,クラブ所属履歴 > 「2018-19 熊本」,所属履歴の最後のシーズン2018-19の終了年,SUPPORTED,2026-09-30,
Batch 32 Wave 02,B32W2E0594,Career,C001419,organization_id,ORG000202,B32W2S0068,クラブ所属履歴 > 「2019-20 福島」〜「2020-21 福島」,B.LEAGUE公式の所属履歴で在籍を確認（略称表記）,SUPPORTED,2026-09-30,
Batch 32 Wave 02,B32W2E0595,Career,C001419,organization_id,ORG000202,B32W2S0065,順位表 > クラブ「福島ファイヤーボンズ」（略称「福島」、club_detail TeamID=711）,公式順位表で略称とクラブ名・TeamIDの対応を確認,SUPPORTED,2026-09-30,
Batch 32 Wave 02,B32W2E0596,Career,C001419,start,2019,B32W2S0068,クラブ所属履歴 > 「2019-20 福島」,所属履歴の最初のシーズン2019-20の開始年,SUPPORTED,2026-09-30,
Batch 32 Wave 02,B32W2E0597,Career,C001419,end,2021,B32W2S0068,クラブ所属履歴 > 「2020-21 福島」,所属履歴の最後のシーズン2020-21の終了年,SUPPORTED,2026-09-30,
Batch 32 Wave 02,B32W2E0598,Career,C001420,organization_id,ORG000110,B32W2S0068,クラブ所属履歴 > 「2020-21 広島」,B.LEAGUE公式の所属履歴で在籍を確認（略称表記）,SUPPORTED,2026-09-30,
Batch 32 Wave 02,B32W2E0599,Career,C001420,organization_id,ORG000110,B32W2S0002,順位表 > クラブ「広島ドラゴンフライズ」（略称「広島」、club_detail TeamID=721）,公式順位表で略称とクラブ名・TeamIDの対応を確認,SUPPORTED,2026-09-30,
Batch 32 Wave 02,B32W2E0600,Career,C001420,start,2020,B32W2S0068,クラブ所属履歴 > 「2020-21 広島」,所属履歴の最初のシーズン2020-21の開始年,SUPPORTED,2026-09-30,
Batch 32 Wave 02,B32W2E0601,Career,C001420,end,2021,B32W2S0068,クラブ所属履歴 > 「2020-21 広島」,所属履歴の最後のシーズン2020-21の終了年,SUPPORTED,2026-09-30,
Batch 32 Wave 02,B32W2E0602,Career,C001421,organization_id,ORG000052,B32W2S0068,クラブ所属履歴 > 「2021-22 新潟」,B.LEAGUE公式の所属履歴で在籍を確認（略称表記）,SUPPORTED,2026-09-30,
Batch 32 Wave 02,B32W2E0603,Career,C001421,organization_id,ORG000052,B32W2S0009,順位表 > クラブ「新潟アルビレックスBB」（略称「新潟」、club_detail TeamID=695）,公式順位表で略称とクラブ名・TeamIDの対応を確認,SUPPORTED,2026-09-30,
Batch 32 Wave 02,B32W2E0604,Career,C001421,start,2021,B32W2S0068,クラブ所属履歴 > 「2021-22 新潟」,所属履歴の最初のシーズン2021-22の開始年,SUPPORTED,2026-09-30,
Batch 32 Wave 02,B32W2E0605,Career,C001421,end,2022,B32W2S0068,クラブ所属履歴 > 「2021-22 新潟」,所属履歴の最後のシーズン2021-22の終了年,SUPPORTED,2026-09-30,
Batch 32 Wave 02,B32W2E0606,Career,C001422,organization_id,ORG000042,B32W2S0068,クラブ所属履歴 > 「2022-23 京都」,B.LEAGUE公式の所属履歴で在籍を確認（略称表記）,SUPPORTED,2026-09-30,
Batch 32 Wave 02,B32W2E0607,Career,C001422,organization_id,ORG000042,B32W2S0017,順位表 > クラブ「京都ハンナリーズ」（略称「京都」、club_detail TeamID=699）,公式順位表で略称とクラブ名・TeamIDの対応を確認,SUPPORTED,2026-09-30,
Batch 32 Wave 02,B32W2E0608,Career,C001422,start,2022,B32W2S0068,クラブ所属履歴 > 「2022-23 京都」,所属履歴の最初のシーズン2022-23の開始年,SUPPORTED,2026-09-30,
Batch 32 Wave 02,B32W2E0609,Career,C001422,end,2023,B32W2S0068,クラブ所属履歴 > 「2022-23 京都」,所属履歴の最後のシーズン2022-23の終了年,SUPPORTED,2026-09-30,
Batch 32 Wave 02,B32W2E0610,Career,C001423,organization_id,ORG000110,B32W2S0068,クラブ所属履歴 > 「2023-24 広島」〜「2024-25 広島」,B.LEAGUE公式の所属履歴で在籍を確認（略称表記）,SUPPORTED,2026-09-30,
Batch 32 Wave 02,B32W2E0611,Career,C001423,organization_id,ORG000110,B32W2S0003,順位表 > クラブ「広島ドラゴンフライズ」（略称「広島」、club_detail TeamID=721）,公式順位表で略称とクラブ名・TeamIDの対応を確認,SUPPORTED,2026-09-30,
Batch 32 Wave 02,B32W2E0612,Career,C001423,start,2023,B32W2S0068,クラブ所属履歴 > 「2023-24 広島」,所属履歴の最初のシーズン2023-24の開始年,SUPPORTED,2026-09-30,
Batch 32 Wave 02,B32W2E0613,Career,C001423,end,2025,B32W2S0068,クラブ所属履歴 > 「2024-25 広島」,所属履歴の最後のシーズン2024-25の終了年,SUPPORTED,2026-09-30,
Batch 32 Wave 02,B32W2E0614,Career,C001424,organization_id,ORG000097,B32W2S0068,クラブ所属履歴 > 「2025-26 三遠」,B.LEAGUE公式の所属履歴で在籍を確認（略称表記）,SUPPORTED,2026-09-30,
Batch 32 Wave 02,B32W2E0615,Career,C001424,organization_id,ORG000097,B32W2S0004,順位表 > クラブ「三遠ネオフェニックス」（略称「三遠」、club_detail TeamID=697）,公式順位表で略称とクラブ名・TeamIDの対応を確認,SUPPORTED,2026-09-30,
Batch 32 Wave 02,B32W2E0616,Career,C001424,start,2025,B32W2S0068,クラブ所属履歴 > 「2025-26 三遠」,所属履歴の最初のシーズン2025-26の開始年,SUPPORTED,2026-09-30,
Batch 32 Wave 02,B32W2E0617,Career,C001424,end,2026,B32W2S0068,クラブ所属履歴 > 「2025-26 三遠」,所属履歴の最後のシーズン2025-26の終了年,SUPPORTED,2026-09-30,
Batch 32 Wave 02,B32W2E0618,Career,C001425,organization_id,ORG000150,B32W2S0068,クラブ所属履歴 > 「2026-27 信州」,B.LEAGUE公式の所属履歴で在籍を確認（略称表記）,SUPPORTED,2026-09-30,
Batch 32 Wave 02,B32W2E0619,Career,C001425,organization_id,ORG000150,B32W2S0010,順位表 > クラブ「信州ブレイブウォリアーズ」（略称「信州」、club_detail TeamID=716）,公式順位表で略称とクラブ名・TeamIDの対応を確認,SUPPORTED,2026-09-30,
Batch 32 Wave 02,B32W2E0620,Career,C001425,start,2026,B32W2S0068,クラブ所属履歴 > 「2026-27 信州」,所属履歴の最初のシーズン2026-27の開始年,SUPPORTED,2026-09-30,
Batch 32 Wave 02,B32W2E0621,Career,C001425,organization_id,ORG000150,B32W2S0067,選手一覧 > 信州 > 河田 チリジ,2026-27シーズンの公式選手一覧で現所属を確認,SUPPORTED,2026-09-30,
Batch 32 Wave 02,B32W2E0622,Person,P000318,name,東海林 奨,B32W2S0069,基本情報 > 選手名,B.LEAGUE公式プロフィールで氏名を確認,SUPPORTED,2026-09-30,
Batch 32 Wave 02,B32W2E0623,Person,P000318,birth_date,2001-01-28,B32W2S0069,基本情報 > 生年月日：2001年1月28日,B.LEAGUE公式プロフィールで生年月日を確認,SUPPORTED,2026-09-30,
Batch 32 Wave 02,B32W2E0624,Career,C001426,organization_id,ORG000262,B32W2S0069,基本情報 > 出身校（高）：昌平高等学校,B.LEAGUE公式プロフィールで出身校（高）を確認,SUPPORTED,2026-09-30,
Batch 32 Wave 02,B32W2E0625,Career,C001427,organization_id,ORG000208,B32W2S0069,基本情報 > 出身校（大）：白鴎大学,B.LEAGUE公式プロフィールで出身校（大）を確認,SUPPORTED,2026-09-30,
Batch 32 Wave 02,B32W2E0626,Career,C001428,organization_id,ORG000182,B32W2S0069,クラブ所属履歴 > 「2022-23 青森」〜「2024-25 青森」,B.LEAGUE公式の所属履歴で在籍を確認（略称表記）,SUPPORTED,2026-09-30,
Batch 32 Wave 02,B32W2E0627,Career,C001428,organization_id,ORG000182,B32W2S0014,順位表 > クラブ「青森ワッツ」（略称「青森」、club_detail TeamID=708）,公式順位表で略称とクラブ名・TeamIDの対応を確認,SUPPORTED,2026-09-30,
Batch 32 Wave 02,B32W2E0628,Career,C001428,start,2022,B32W2S0069,クラブ所属履歴 > 「2022-23 青森」,所属履歴の最初のシーズン2022-23の開始年,SUPPORTED,2026-09-30,
Batch 32 Wave 02,B32W2E0629,Career,C001428,end,2025,B32W2S0069,クラブ所属履歴 > 「2024-25 青森」,所属履歴の最後のシーズン2024-25の終了年,SUPPORTED,2026-09-30,
Batch 32 Wave 02,B32W2E0630,Career,C001429,organization_id,ORG000150,B32W2S0069,クラブ所属履歴 > 「2025-26 信州」〜「2026-27 信州」,B.LEAGUE公式の所属履歴で在籍を確認（略称表記）,SUPPORTED,2026-09-30,
Batch 32 Wave 02,B32W2E0631,Career,C001429,organization_id,ORG000150,B32W2S0025,順位表 > クラブ「信州ブレイブウォリアーズ」（略称「信州」、club_detail TeamID=716）,公式順位表で略称とクラブ名・TeamIDの対応を確認,SUPPORTED,2026-09-30,
Batch 32 Wave 02,B32W2E0632,Career,C001429,start,2025,B32W2S0069,クラブ所属履歴 > 「2025-26 信州」,所属履歴の最初のシーズン2025-26の開始年,SUPPORTED,2026-09-30,
Batch 32 Wave 02,B32W2E0633,Career,C001429,organization_id,ORG000150,B32W2S0067,選手一覧 > 信州 > 東海林 奨,2026-27シーズンの公式選手一覧で現所属を確認,SUPPORTED,2026-09-30,
Batch 32 Wave 03,B32W3E0001,Person,P000319,name,トビン マーカス海舟,B32W3S0001,基本情報 > 選手名,B.LEAGUE公式プロフィールで氏名を確認,SUPPORTED,2026-09-30,
Batch 32 Wave 03,B32W3E0002,Person,P000319,birth_date,2001-03-07,B32W3S0001,基本情報 > 生年月日：2001年3月7日,B.LEAGUE公式プロフィールで生年月日を確認,SUPPORTED,2026-09-30,
Batch 32 Wave 03,B32W3E0003,Career,C001430,organization_id,ORG000313,B32W3S0001,基本情報 > 出身校（高）：メリノール高等学校(USA-Hawai),B.LEAGUE公式プロフィールで出身校（高）を確認,SUPPORTED,2026-09-30,
Batch 32 Wave 03,B32W3E0004,Career,C001431,organization_id,ORG000314,B32W3S0001,基本情報 > 出身校（大）：マククック・コミュニティ・カレッジ(USA),B.LEAGUE公式プロフィールで出身校（大）を確認,SUPPORTED,2026-09-30,
Batch 32 Wave 03,B32W3E0005,Career,C001432,organization_id,ORG000153,B32W3S0001,クラブ所属履歴 > 「2021-22 滋賀」,B.LEAGUE公式の所属履歴で在籍を確認（略称表記）,SUPPORTED,2026-09-30,
Batch 32 Wave 03,B32W3E0006,Career,C001432,organization_id,ORG000153,B32W3S0002,順位表 > クラブ「滋賀レイクスターズ」（略称「滋賀」、club_detail TeamID=698）,公式順位表で略称とクラブ名・TeamIDの対応を確認,SUPPORTED,2026-09-30,
Batch 32 Wave 03,B32W3E0007,Career,C001432,start,2021,B32W3S0001,クラブ所属履歴 > 「2021-22 滋賀」,所属履歴の最初のシーズン2021-22の開始年,SUPPORTED,2026-09-30,
Batch 32 Wave 03,B32W3E0008,Career,C001432,end,2022,B32W3S0001,クラブ所属履歴 > 「2021-22 滋賀」,所属履歴の最後のシーズン2021-22の終了年,SUPPORTED,2026-09-30,
Batch 32 Wave 03,B32W3E0009,Career,C001433,organization_id,ORG000042,B32W3S0001,クラブ所属履歴 > 「2022-23 京都」,B.LEAGUE公式の所属履歴で在籍を確認（略称表記）,SUPPORTED,2026-09-30,
Batch 32 Wave 03,B32W3E0010,Career,C001433,organization_id,ORG000042,B32W3S0003,順位表 > クラブ「京都ハンナリーズ」（略称「京都」、club_detail TeamID=699）,公式順位表で略称とクラブ名・TeamIDの対応を確認,SUPPORTED,2026-09-30,
Batch 32 Wave 03,B32W3E0011,Career,C001433,start,2022,B32W3S0001,クラブ所属履歴 > 「2022-23 京都」,所属履歴の最初のシーズン2022-23の開始年,SUPPORTED,2026-09-30,
Batch 32 Wave 03,B32W3E0012,Career,C001433,end,2023,B32W3S0001,クラブ所属履歴 > 「2022-23 京都」,所属履歴の最後のシーズン2022-23の終了年,SUPPORTED,2026-09-30,
Batch 32 Wave 03,B32W3E0013,Career,C001434,organization_id,ORG000118,B32W3S0001,クラブ所属履歴 > 「2023-24 千葉J」〜「2024-25 千葉J」,B.LEAGUE公式の所属履歴で在籍を確認（略称表記）,SUPPORTED,2026-09-30,
Batch 32 Wave 03,B32W3E0014,Career,C001434,organization_id,ORG000118,B32W3S0004,順位表 > クラブ「千葉ジェッツ」（略称「千葉J」、club_detail TeamID=704）,公式順位表で略称とクラブ名・TeamIDの対応を確認,SUPPORTED,2026-09-30,
Batch 32 Wave 03,B32W3E0015,Career,C001434,start,2023,B32W3S0001,クラブ所属履歴 > 「2023-24 千葉J」,所属履歴の最初のシーズン2023-24の開始年,SUPPORTED,2026-09-30,
Batch 32 Wave 03,B32W3E0016,Career,C001434,end,2025,B32W3S0001,クラブ所属履歴 > 「2024-25 千葉J」,所属履歴の最後のシーズン2024-25の終了年,SUPPORTED,2026-09-30,
Batch 32 Wave 03,B32W3E0017,Career,C001435,organization_id,ORG000200,B32W3S0001,クラブ所属履歴 > 「2025-26 福井」,B.LEAGUE公式の所属履歴で在籍を確認（略称表記）,SUPPORTED,2026-09-30,
Batch 32 Wave 03,B32W3E0018,Career,C001435,organization_id,ORG000200,B32W3S0005,順位表 > クラブ「福井ブローウィンズ」（略称「福井」、club_detail TeamID=2891）,公式順位表で略称とクラブ名・TeamIDの対応を確認,SUPPORTED,2026-09-30,
Batch 32 Wave 03,B32W3E0019,Career,C001435,start,2025,B32W3S0001,クラブ所属履歴 > 「2025-26 福井」,所属履歴の最初のシーズン2025-26の開始年,SUPPORTED,2026-09-30,
Batch 32 Wave 03,B32W3E0020,Career,C001435,end,2026,B32W3S0001,クラブ所属履歴 > 「2025-26 福井」,所属履歴の最後のシーズン2025-26の終了年,SUPPORTED,2026-09-30,
Batch 32 Wave 03,B32W3E0021,Career,C001436,organization_id,ORG000150,B32W3S0001,クラブ所属履歴 > 「2026-27 信州」,B.LEAGUE公式の所属履歴で在籍を確認（略称表記）,SUPPORTED,2026-09-30,
Batch 32 Wave 03,B32W3E0022,Career,C001436,organization_id,ORG000150,B32W3S0006,順位表 > クラブ「信州ブレイブウォリアーズ」（略称「信州」、club_detail TeamID=716）,公式順位表で略称とクラブ名・TeamIDの対応を確認,SUPPORTED,2026-09-30,
Batch 32 Wave 03,B32W3E0023,Career,C001436,start,2026,B32W3S0001,クラブ所属履歴 > 「2026-27 信州」,所属履歴の最初のシーズン2026-27の開始年,SUPPORTED,2026-09-30,
Batch 32 Wave 03,B32W3E0024,Career,C001436,organization_id,ORG000150,B32W3S0007,選手一覧 > 信州 > トビン マーカス海舟,2026-27シーズンの公式選手一覧で現所属を確認,SUPPORTED,2026-09-30,
Batch 32 Wave 03,B32W3E0025,Person,P000320,name,エリエット・ドンリー,B32W3S0008,基本情報 > 選手名,B.LEAGUE公式プロフィールで氏名を確認,SUPPORTED,2026-09-30,
Batch 32 Wave 03,B32W3E0026,Person,P000320,birth_date,1996-12-11,B32W3S0008,基本情報 > 生年月日：1996年12月11日,B.LEAGUE公式プロフィールで生年月日を確認,SUPPORTED,2026-09-30,
Batch 32 Wave 03,B32W3E0027,Career,C001437,organization_id,ORG000315,B32W3S0008,基本情報 > 出身校（高）：モアナルア高等学校,B.LEAGUE公式プロフィールで出身校（高）を確認,SUPPORTED,2026-09-30,
Batch 32 Wave 03,B32W3E0028,Career,C001438,organization_id,ORG000142,B32W3S0008,クラブ所属履歴 > 「2020-21 大阪」〜「2022-23 大阪」,B.LEAGUE公式の所属履歴で在籍を確認（略称表記）,SUPPORTED,2026-09-30,
Batch 32 Wave 03,B32W3E0029,Career,C001438,organization_id,ORG000142,B32W3S0009,順位表 > クラブ「大阪エヴェッサ」（略称「大阪」、club_detail TeamID=700）,公式順位表で略称とクラブ名・TeamIDの対応を確認,SUPPORTED,2026-09-30,
Batch 32 Wave 03,B32W3E0030,Career,C001438,start,2020,B32W3S0008,クラブ所属履歴 > 「2020-21 大阪」,所属履歴の最初のシーズン2020-21の開始年,SUPPORTED,2026-09-30,
Batch 32 Wave 03,B32W3E0031,Career,C001438,end,2023,B32W3S0008,クラブ所属履歴 > 「2022-23 大阪」,所属履歴の最後のシーズン2022-23の終了年,SUPPORTED,2026-09-30,
Batch 32 Wave 03,B32W3E0032,Career,C001439,organization_id,ORG000150,B32W3S0008,クラブ所属履歴 > 「2023-24 信州」〜「2026-27 信州」,B.LEAGUE公式の所属履歴で在籍を確認（略称表記）,SUPPORTED,2026-09-30,
Batch 32 Wave 03,B32W3E0033,Career,C001439,organization_id,ORG000150,B32W3S0004,順位表 > クラブ「信州ブレイブウォリアーズ」（略称「信州」、club_detail TeamID=716）,公式順位表で略称とクラブ名・TeamIDの対応を確認,SUPPORTED,2026-09-30,
Batch 32 Wave 03,B32W3E0034,Career,C001439,start,2023,B32W3S0008,クラブ所属履歴 > 「2023-24 信州」,所属履歴の最初のシーズン2023-24の開始年,SUPPORTED,2026-09-30,
Batch 32 Wave 03,B32W3E0035,Career,C001439,organization_id,ORG000150,B32W3S0007,選手一覧 > 信州 > エリエット・ドンリー,2026-27シーズンの公式選手一覧で現所属を確認,SUPPORTED,2026-09-30,
Batch 32 Wave 03,B32W3E0036,Person,P000321,name,金田 龍弥,B32W3S0010,基本情報 > 選手名,B.LEAGUE公式プロフィールで氏名を確認,SUPPORTED,2026-09-30,
Batch 32 Wave 03,B32W3E0037,Person,P000321,birth_date,2000-09-29,B32W3S0010,基本情報 > 生年月日：2000年9月29日,B.LEAGUE公式プロフィールで生年月日を確認,SUPPORTED,2026-09-30,
Batch 32 Wave 03,B32W3E0038,Career,C001440,organization_id,ORG000043,B32W3S0010,クラブ所属履歴 > 「2020-21 西宮」〜「2026-27 神戸」,B.LEAGUE公式の所属履歴で在籍を確認（略称表記）,SUPPORTED,2026-09-30,
Batch 32 Wave 03,B32W3E0039,Career,C001440,organization_id,ORG000043,B32W3S0011,順位表 > クラブ「西宮ストークス」（略称「西宮」、club_detail TeamID=718）,公式順位表で略称とクラブ名・TeamIDの対応を確認,SUPPORTED,2026-09-30,
Batch 32 Wave 03,B32W3E0040,Career,C001440,start,2020,B32W3S0010,クラブ所属履歴 > 「2020-21 西宮」,所属履歴の最初のシーズン2020-21の開始年,SUPPORTED,2026-09-30,
Batch 32 Wave 03,B32W3E0041,Career,C001440,organization_id,ORG000043,B32W3S0012,選手一覧 > 神戸 > 金田 龍弥,2026-27シーズンの公式選手一覧で現所属を確認,SUPPORTED,2026-09-30,
Batch 32 Wave 03,B32W3E0042,Person,P000322,name,木村 圭吾,B32W3S0013,基本情報 > 選手名,B.LEAGUE公式プロフィールで氏名を確認,SUPPORTED,2026-09-30,
Batch 32 Wave 03,B32W3E0043,Person,P000322,birth_date,2000-11-08,B32W3S0013,基本情報 > 生年月日：2000年11月8日,B.LEAGUE公式プロフィールで生年月日を確認,SUPPORTED,2026-09-30,
Batch 32 Wave 03,B32W3E0044,Career,C001441,organization_id,ORG000052,B32W3S0013,クラブ所属履歴 > 「2021-22 新潟」〜「2022-23 新潟」,B.LEAGUE公式の所属履歴で在籍を確認（略称表記）,SUPPORTED,2026-09-30,
Batch 32 Wave 03,B32W3E0045,Career,C001441,organization_id,ORG000052,B32W3S0002,順位表 > クラブ「新潟アルビレックスBB」（略称「新潟」、club_detail TeamID=695）,公式順位表で略称とクラブ名・TeamIDの対応を確認,SUPPORTED,2026-09-30,
Batch 32 Wave 03,B32W3E0046,Career,C001441,start,2021,B32W3S0013,クラブ所属履歴 > 「2021-22 新潟」,所属履歴の最初のシーズン2021-22の開始年,SUPPORTED,2026-09-30,
Batch 32 Wave 03,B32W3E0047,Career,C001441,end,2023,B32W3S0013,クラブ所属履歴 > 「2022-23 新潟」,所属履歴の最後のシーズン2022-23の終了年,SUPPORTED,2026-09-30,
Batch 32 Wave 03,B32W3E0048,Career,C001442,organization_id,ORG000143,B32W3S0013,クラブ所属履歴 > 「2023-24 群馬」,B.LEAGUE公式の所属履歴で在籍を確認（略称表記）,SUPPORTED,2026-09-30,
Batch 32 Wave 03,B32W3E0049,Career,C001442,organization_id,ORG000143,B32W3S0004,順位表 > クラブ「群馬クレインサンダーズ」（略称「群馬」、club_detail TeamID=713）,公式順位表で略称とクラブ名・TeamIDの対応を確認,SUPPORTED,2026-09-30,
Batch 32 Wave 03,B32W3E0050,Career,C001442,start,2023,B32W3S0013,クラブ所属履歴 > 「2023-24 群馬」,所属履歴の最初のシーズン2023-24の開始年,SUPPORTED,2026-09-30,
Batch 32 Wave 03,B32W3E0051,Career,C001442,end,2024,B32W3S0013,クラブ所属履歴 > 「2023-24 群馬」,所属履歴の最後のシーズン2023-24の終了年,SUPPORTED,2026-09-30,
Batch 32 Wave 03,B32W3E0052,Career,C001443,organization_id,ORG000200,B32W3S0013,クラブ所属履歴 > 「2024-25 福井」,B.LEAGUE公式の所属履歴で在籍を確認（略称表記）,SUPPORTED,2026-09-30,
Batch 32 Wave 03,B32W3E0053,Career,C001443,organization_id,ORG000200,B32W3S0014,順位表 > クラブ「福井ブローウィンズ」（略称「福井」、club_detail TeamID=2891）,公式順位表で略称とクラブ名・TeamIDの対応を確認,SUPPORTED,2026-09-30,
Batch 32 Wave 03,B32W3E0054,Career,C001443,start,2024,B32W3S0013,クラブ所属履歴 > 「2024-25 福井」,所属履歴の最初のシーズン2024-25の開始年,SUPPORTED,2026-09-30,
Batch 32 Wave 03,B32W3E0055,Career,C001443,end,2025,B32W3S0013,クラブ所属履歴 > 「2024-25 福井」,所属履歴の最後のシーズン2024-25の終了年,SUPPORTED,2026-09-30,
Batch 32 Wave 03,B32W3E0056,Career,C001444,organization_id,ORG000043,B32W3S0013,クラブ所属履歴 > 「2025-26 神戸」〜「2026-27 神戸」,B.LEAGUE公式の所属履歴で在籍を確認（略称表記）,SUPPORTED,2026-09-30,
Batch 32 Wave 03,B32W3E0057,Career,C001444,organization_id,ORG000043,B32W3S0005,順位表 > クラブ「神戸ストークス」（略称「神戸」、club_detail TeamID=718）,公式順位表で略称とクラブ名・TeamIDの対応を確認,SUPPORTED,2026-09-30,
Batch 32 Wave 03,B32W3E0058,Career,C001444,start,2025,B32W3S0013,クラブ所属履歴 > 「2025-26 神戸」,所属履歴の最初のシーズン2025-26の開始年,SUPPORTED,2026-09-30,
Batch 32 Wave 03,B32W3E0059,Career,C001444,organization_id,ORG000043,B32W3S0012,選手一覧 > 神戸 > 木村 圭吾,2026-27シーズンの公式選手一覧で現所属を確認,SUPPORTED,2026-09-30,
Batch 32 Wave 03,B32W3E0060,Person,P000323,name,寺園 脩斗,B32W3S0015,基本情報 > 選手名,B.LEAGUE公式プロフィールで氏名を確認,SUPPORTED,2026-09-30,
Batch 32 Wave 03,B32W3E0061,Person,P000323,birth_date,1994-06-28,B32W3S0015,基本情報 > 生年月日：1994年6月28日,B.LEAGUE公式プロフィールで生年月日を確認,SUPPORTED,2026-09-30,
Batch 32 Wave 03,B32W3E0062,Career,C001445,organization_id,ORG000097,B32W3S0015,クラブ所属履歴 > 「2018-19 三遠」〜「2020-21 三遠」,B.LEAGUE公式の所属履歴で在籍を確認（略称表記）,SUPPORTED,2026-09-30,
Batch 32 Wave 03,B32W3E0063,Career,C001445,organization_id,ORG000097,B32W3S0016,順位表 > クラブ「三遠ネオフェニックス」（略称「三遠」、club_detail TeamID=697）,公式順位表で略称とクラブ名・TeamIDの対応を確認,SUPPORTED,2026-09-30,
Batch 32 Wave 03,B32W3E0064,Career,C001445,start,2018,B32W3S0015,クラブ所属履歴 > 「2018-19 三遠」,所属履歴の最初のシーズン2018-19の開始年,SUPPORTED,2026-09-30,
Batch 32 Wave 03,B32W3E0065,Career,C001445,end,2021,B32W3S0015,クラブ所属履歴 > 「2020-21 三遠」,所属履歴の最後のシーズン2020-21の終了年,SUPPORTED,2026-09-30,
Batch 32 Wave 03,B32W3E0066,Career,C001446,organization_id,ORG000092,B32W3S0015,クラブ所属履歴 > 「2021-22 北海道」〜「2024-25 北海道」,B.LEAGUE公式の所属履歴で在籍を確認（略称表記）,SUPPORTED,2026-09-30,
Batch 32 Wave 03,B32W3E0067,Career,C001446,organization_id,ORG000092,B32W3S0002,順位表 > クラブ「レバンガ北海道」（略称「北海道」、club_detail TeamID=702）,公式順位表で略称とクラブ名・TeamIDの対応を確認,SUPPORTED,2026-09-30,
Batch 32 Wave 03,B32W3E0068,Career,C001446,start,2021,B32W3S0015,クラブ所属履歴 > 「2021-22 北海道」,所属履歴の最初のシーズン2021-22の開始年,SUPPORTED,2026-09-30,
Batch 32 Wave 03,B32W3E0069,Career,C001446,end,2025,B32W3S0015,クラブ所属履歴 > 「2024-25 北海道」,所属履歴の最後のシーズン2024-25の終了年,SUPPORTED,2026-09-30,
Batch 32 Wave 03,B32W3E0070,Career,C001447,organization_id,ORG000043,B32W3S0015,クラブ所属履歴 > 「2025-26 神戸」〜「2026-27 神戸」,B.LEAGUE公式の所属履歴で在籍を確認（略称表記）,SUPPORTED,2026-09-30,
Batch 32 Wave 03,B32W3E0071,Career,C001447,organization_id,ORG000043,B32W3S0005,順位表 > クラブ「神戸ストークス」（略称「神戸」、club_detail TeamID=718）,公式順位表で略称とクラブ名・TeamIDの対応を確認,SUPPORTED,2026-09-30,
Batch 32 Wave 03,B32W3E0072,Career,C001447,start,2025,B32W3S0015,クラブ所属履歴 > 「2025-26 神戸」,所属履歴の最初のシーズン2025-26の開始年,SUPPORTED,2026-09-30,
Batch 32 Wave 03,B32W3E0073,Career,C001447,organization_id,ORG000043,B32W3S0012,選手一覧 > 神戸 > 寺園 脩斗,2026-27シーズンの公式選手一覧で現所属を確認,SUPPORTED,2026-09-30,
Batch 32 Wave 03,B32W3E0074,Person,P000324,name,道原 紀晃,B32W3S0017,基本情報 > 選手名,B.LEAGUE公式プロフィールで氏名を確認,SUPPORTED,2026-09-30,
Batch 32 Wave 03,B32W3E0075,Person,P000324,birth_date,1989-09-07,B32W3S0017,基本情報 > 生年月日：1989年9月7日,B.LEAGUE公式プロフィールで生年月日を確認,SUPPORTED,2026-09-30,
Batch 32 Wave 03,B32W3E0076,Career,C001448,organization_id,ORG000043,B32W3S0017,クラブ所属履歴 > 「2016-17 西宮」〜「2026-27 神戸」,B.LEAGUE公式の所属履歴で在籍を確認（略称表記）,SUPPORTED,2026-09-30,
Batch 32 Wave 03,B32W3E0077,Career,C001448,organization_id,ORG000043,B32W3S0018,順位表 > クラブ「西宮ストークス」（略称「西宮」、club_detail TeamID=718）,公式順位表で略称とクラブ名・TeamIDの対応を確認,SUPPORTED,2026-09-30,
Batch 32 Wave 03,B32W3E0078,Career,C001448,start,2016,B32W3S0017,クラブ所属履歴 > 「2016-17 西宮」,所属履歴の最初のシーズン2016-17の開始年,SUPPORTED,2026-09-30,
Batch 32 Wave 03,B32W3E0079,Career,C001448,organization_id,ORG000043,B32W3S0012,選手一覧 > 神戸 > 道原 紀晃,2026-27シーズンの公式選手一覧で現所属を確認,SUPPORTED,2026-09-30,
Batch 32 Wave 03,B32W3E0080,Person,P000325,name,中島 三千哉,B32W3S0019,基本情報 > 選手名,B.LEAGUE公式プロフィールで氏名を確認,SUPPORTED,2026-09-30,
Batch 32 Wave 03,B32W3E0081,Person,P000325,birth_date,2002-10-11,B32W3S0019,基本情報 > 生年月日：2002年10月11日,B.LEAGUE公式プロフィールで生年月日を確認,SUPPORTED,2026-09-30,
Batch 32 Wave 03,B32W3E0082,Career,C001449,organization_id,ORG000043,B32W3S0019,クラブ所属履歴 > 「2025-26 神戸」〜「2026-27 神戸」,B.LEAGUE公式の所属履歴で在籍を確認（略称表記）,SUPPORTED,2026-09-30,
Batch 32 Wave 03,B32W3E0083,Career,C001449,organization_id,ORG000043,B32W3S0005,順位表 > クラブ「神戸ストークス」（略称「神戸」、club_detail TeamID=718）,公式順位表で略称とクラブ名・TeamIDの対応を確認,SUPPORTED,2026-09-30,
Batch 32 Wave 03,B32W3E0084,Career,C001449,start,2025,B32W3S0019,クラブ所属履歴 > 「2025-26 神戸」,所属履歴の最初のシーズン2025-26の開始年,SUPPORTED,2026-09-30,
Batch 32 Wave 03,B32W3E0085,Career,C001449,organization_id,ORG000043,B32W3S0012,選手一覧 > 神戸 > 中島 三千哉,2026-27シーズンの公式選手一覧で現所属を確認,SUPPORTED,2026-09-30,
Batch 32 Wave 03,B32W3E0086,Person,P000326,name,中野 司,B32W3S0020,基本情報 > 選手名,B.LEAGUE公式プロフィールで氏名を確認,SUPPORTED,2026-09-30,
Batch 32 Wave 03,B32W3E0087,Person,P000326,birth_date,1996-10-28,B32W3S0020,基本情報 > 生年月日：1996年10月28日,B.LEAGUE公式プロフィールで生年月日を確認,SUPPORTED,2026-09-30,
Batch 32 Wave 03,B32W3E0088,Career,C001450,organization_id,ORG000092,B32W3S0020,クラブ所属履歴 > 「2018-19 北海道」〜「2024-25 北海道」,B.LEAGUE公式の所属履歴で在籍を確認（略称表記）,SUPPORTED,2026-09-30,
Batch 32 Wave 03,B32W3E0089,Career,C001450,organization_id,ORG000092,B32W3S0016,順位表 > クラブ「レバンガ北海道」（略称「北海道」、club_detail TeamID=702）,公式順位表で略称とクラブ名・TeamIDの対応を確認,SUPPORTED,2026-09-30,
Batch 32 Wave 03,B32W3E0090,Career,C001450,start,2018,B32W3S0020,クラブ所属履歴 > 「2018-19 北海道」,所属履歴の最初のシーズン2018-19の開始年,SUPPORTED,2026-09-30,
Batch 32 Wave 03,B32W3E0091,Career,C001450,end,2025,B32W3S0020,クラブ所属履歴 > 「2024-25 北海道」,所属履歴の最後のシーズン2024-25の終了年,SUPPORTED,2026-09-30,
Batch 32 Wave 03,B32W3E0092,Career,C001451,organization_id,ORG000202,B32W3S0020,クラブ所属履歴 > 「2025-26 福島」,B.LEAGUE公式の所属履歴で在籍を確認（略称表記）,SUPPORTED,2026-09-30,
Batch 32 Wave 03,B32W3E0093,Career,C001451,organization_id,ORG000202,B32W3S0005,順位表 > クラブ「福島ファイヤーボンズ」（略称「福島」、club_detail TeamID=711）,公式順位表で略称とクラブ名・TeamIDの対応を確認,SUPPORTED,2026-09-30,
Batch 32 Wave 03,B32W3E0094,Career,C001451,start,2025,B32W3S0020,クラブ所属履歴 > 「2025-26 福島」,所属履歴の最初のシーズン2025-26の開始年,SUPPORTED,2026-09-30,
Batch 32 Wave 03,B32W3E0095,Career,C001451,end,2026,B32W3S0020,クラブ所属履歴 > 「2025-26 福島」,所属履歴の最後のシーズン2025-26の終了年,SUPPORTED,2026-09-30,
Batch 32 Wave 03,B32W3E0096,Career,C001452,organization_id,ORG000043,B32W3S0020,クラブ所属履歴 > 「2026-27 神戸」,B.LEAGUE公式の所属履歴で在籍を確認（略称表記）,SUPPORTED,2026-09-30,
Batch 32 Wave 03,B32W3E0097,Career,C001452,organization_id,ORG000043,B32W3S0006,順位表 > クラブ「神戸ストークス」（略称「神戸」、club_detail TeamID=718）,公式順位表で略称とクラブ名・TeamIDの対応を確認,SUPPORTED,2026-09-30,
Batch 32 Wave 03,B32W3E0098,Career,C001452,start,2026,B32W3S0020,クラブ所属履歴 > 「2026-27 神戸」,所属履歴の最初のシーズン2026-27の開始年,SUPPORTED,2026-09-30,
Batch 32 Wave 03,B32W3E0099,Career,C001452,organization_id,ORG000043,B32W3S0012,選手一覧 > 神戸 > 中野 司,2026-27シーズンの公式選手一覧で現所属を確認,SUPPORTED,2026-09-30,
Batch 32 Wave 03,B32W3E0100,Person,P000327,name,山口 颯斗,B32W3S0021,基本情報 > 選手名,B.LEAGUE公式プロフィールで氏名を確認,SUPPORTED,2026-09-30,
Batch 32 Wave 03,B32W3E0101,Person,P000327,birth_date,1998-10-01,B32W3S0021,基本情報 > 生年月日：1998年10月1日,B.LEAGUE公式プロフィールで生年月日を確認,SUPPORTED,2026-09-30,
Batch 32 Wave 03,B32W3E0102,Career,C001453,organization_id,ORG000047,B32W3S0021,クラブ所属履歴 > 「2019-20 宇都宮」,B.LEAGUE公式の所属履歴で在籍を確認（略称表記）,SUPPORTED,2026-09-30,
Batch 32 Wave 03,B32W3E0103,Career,C001453,organization_id,ORG000047,B32W3S0022,順位表 > クラブ「宇都宮ブレックス」（略称「宇都宮」、club_detail TeamID=703）,公式順位表で略称とクラブ名・TeamIDの対応を確認,SUPPORTED,2026-09-30,
Batch 32 Wave 03,B32W3E0104,Career,C001453,start,2019,B32W3S0021,クラブ所属履歴 > 「2019-20 宇都宮」,所属履歴の最初のシーズン2019-20の開始年,SUPPORTED,2026-09-30,
Batch 32 Wave 03,B32W3E0105,Career,C001453,end,2020,B32W3S0021,クラブ所属履歴 > 「2019-20 宇都宮」,所属履歴の最後のシーズン2019-20の終了年,SUPPORTED,2026-09-30,
Batch 32 Wave 03,B32W3E0106,Career,C001454,organization_id,ORG000092,B32W3S0021,クラブ所属履歴 > 「2020-21 北海道」〜「2021-22 北海道」,B.LEAGUE公式の所属履歴で在籍を確認（略称表記）,SUPPORTED,2026-09-30,
Batch 32 Wave 03,B32W3E0107,Career,C001454,organization_id,ORG000092,B32W3S0009,順位表 > クラブ「レバンガ北海道」（略称「北海道」、club_detail TeamID=702）,公式順位表で略称とクラブ名・TeamIDの対応を確認,SUPPORTED,2026-09-30,
Batch 32 Wave 03,B32W3E0108,Career,C001454,start,2020,B32W3S0021,クラブ所属履歴 > 「2020-21 北海道」,所属履歴の最初のシーズン2020-21の開始年,SUPPORTED,2026-09-30,
Batch 32 Wave 03,B32W3E0109,Career,C001454,end,2022,B32W3S0021,クラブ所属履歴 > 「2021-22 北海道」,所属履歴の最後のシーズン2021-22の終了年,SUPPORTED,2026-09-30,
Batch 32 Wave 03,B32W3E0110,Career,C001455,organization_id,ORG000103,B32W3S0021,クラブ所属履歴 > 「2022-23 茨城」〜「2023-24 茨城」,B.LEAGUE公式の所属履歴で在籍を確認（略称表記）,SUPPORTED,2026-09-30,
Batch 32 Wave 03,B32W3E0111,Career,C001455,organization_id,ORG000103,B32W3S0003,順位表 > クラブ「茨城ロボッツ」（略称「茨城」、club_detail TeamID=712）,公式順位表で略称とクラブ名・TeamIDの対応を確認,SUPPORTED,2026-09-30,
Batch 32 Wave 03,B32W3E0112,Career,C001455,start,2022,B32W3S0021,クラブ所属履歴 > 「2022-23 茨城」,所属履歴の最初のシーズン2022-23の開始年,SUPPORTED,2026-09-30,
Batch 32 Wave 03,B32W3E0113,Career,C001455,end,2024,B32W3S0021,クラブ所属履歴 > 「2023-24 茨城」,所属履歴の最後のシーズン2023-24の終了年,SUPPORTED,2026-09-30,
Batch 32 Wave 03,B32W3E0114,Career,C001456,organization_id,ORG000135,B32W3S0021,クラブ所属履歴 > 「2024-25 長崎」〜「2025-26 長崎」,B.LEAGUE公式の所属履歴で在籍を確認（略称表記）,SUPPORTED,2026-09-30,
Batch 32 Wave 03,B32W3E0115,Career,C001456,organization_id,ORG000135,B32W3S0023,順位表 > クラブ「長崎ヴェルカ」（略称「長崎」、club_detail TeamID=2488）,公式順位表で略称とクラブ名・TeamIDの対応を確認,SUPPORTED,2026-09-30,
Batch 32 Wave 03,B32W3E0116,Career,C001456,start,2024,B32W3S0021,クラブ所属履歴 > 「2024-25 長崎」,所属履歴の最初のシーズン2024-25の開始年,SUPPORTED,2026-09-30,
Batch 32 Wave 03,B32W3E0117,Career,C001456,end,2026,B32W3S0021,クラブ所属履歴 > 「2025-26 長崎」,所属履歴の最後のシーズン2025-26の終了年,SUPPORTED,2026-09-30,
Batch 32 Wave 03,B32W3E0118,Career,C001457,organization_id,ORG000043,B32W3S0021,クラブ所属履歴 > 「2026-27 神戸」,B.LEAGUE公式の所属履歴で在籍を確認（略称表記）,SUPPORTED,2026-09-30,
Batch 32 Wave 03,B32W3E0119,Career,C001457,organization_id,ORG000043,B32W3S0006,順位表 > クラブ「神戸ストークス」（略称「神戸」、club_detail TeamID=718）,公式順位表で略称とクラブ名・TeamIDの対応を確認,SUPPORTED,2026-09-30,
Batch 32 Wave 03,B32W3E0120,Career,C001457,start,2026,B32W3S0021,クラブ所属履歴 > 「2026-27 神戸」,所属履歴の最初のシーズン2026-27の開始年,SUPPORTED,2026-09-30,
Batch 32 Wave 03,B32W3E0121,Career,C001457,organization_id,ORG000043,B32W3S0012,選手一覧 > 神戸 > 山口 颯斗,2026-27シーズンの公式選手一覧で現所属を確認,SUPPORTED,2026-09-30,
Batch 32 Wave 03,B32W3E0122,Person,P000328,name,新井 翔太,B32W3S0024,基本情報 > 選手名,B.LEAGUE公式プロフィールで氏名を確認,SUPPORTED,2026-09-30,
Batch 32 Wave 03,B32W3E0123,Person,P000328,birth_date,2004-03-02,B32W3S0024,基本情報 > 生年月日：2004年3月2日,B.LEAGUE公式プロフィールで生年月日を確認,SUPPORTED,2026-09-30,
Batch 32 Wave 03,B32W3E0124,Career,C001458,organization_id,ORG000254,B32W3S0024,基本情報 > 出身校（高）：実践学園高等学校,B.LEAGUE公式プロフィールで出身校（高）を確認,SUPPORTED,2026-09-30,
Batch 32 Wave 03,B32W3E0125,Career,C001459,organization_id,ORG000030,B32W3S0024,基本情報 > 出身校（大）：青山学院大学,B.LEAGUE公式プロフィールで出身校（大）を確認,SUPPORTED,2026-09-30,
Batch 32 Wave 03,B32W3E0126,Career,C001460,organization_id,ORG000155,B32W3S0024,クラブ所属履歴 > 「2025-26 島根」〜「2026-27 島根」,B.LEAGUE公式の所属履歴で在籍を確認（略称表記）,SUPPORTED,2026-09-30,
Batch 32 Wave 03,B32W3E0127,Career,C001460,organization_id,ORG000155,B32W3S0025,順位表 > クラブ「島根スサノオマジック」（略称「島根」、club_detail TeamID=720）,公式順位表で略称とクラブ名・TeamIDの対応を確認,SUPPORTED,2026-09-30,
Batch 32 Wave 03,B32W3E0128,Career,C001460,start,2025,B32W3S0024,クラブ所属履歴 > 「2025-26 島根」,所属履歴の最初のシーズン2025-26の開始年,SUPPORTED,2026-09-30,
Batch 32 Wave 03,B32W3E0129,Career,C001460,organization_id,ORG000155,B32W3S0026,選手一覧 > 島根 > 新井 翔太,2026-27シーズンの公式選手一覧で現所属を確認,SUPPORTED,2026-09-30,
Batch 32 Wave 03,B32W3E0130,Person,P000329,name,井上 宗一郎,B32W3S0027,基本情報 > 選手名,B.LEAGUE公式プロフィールで氏名を確認,SUPPORTED,2026-09-30,
Batch 32 Wave 03,B32W3E0131,Person,P000329,birth_date,1999-05-07,B32W3S0027,基本情報 > 生年月日：1999年5月7日,B.LEAGUE公式プロフィールで生年月日を確認,SUPPORTED,2026-09-30,
Batch 32 Wave 03,B32W3E0132,Career,C001461,organization_id,ORG000127,B32W3S0027,基本情報 > 出身校（高）：福岡大学付属大濠高等学校,B.LEAGUE公式プロフィールで出身校（高）を確認,SUPPORTED,2026-09-30,
Batch 32 Wave 03,B32W3E0133,Career,C001462,organization_id,ORG000166,B32W3S0027,基本情報 > 出身校（大）：筑波大学,B.LEAGUE公式プロフィールで出身校（大）を確認,SUPPORTED,2026-09-30,
Batch 32 Wave 03,B32W3E0134,Career,C001463,organization_id,ORG000040,B32W3S0027,クラブ所属履歴 > 「2017-18 福岡」,B.LEAGUE公式の所属履歴で在籍を確認（略称表記）,SUPPORTED,2026-09-30,
Batch 32 Wave 03,B32W3E0135,Career,C001463,organization_id,ORG000040,B32W3S0028,順位表 > クラブ「ライジングゼファー福岡」（略称「福岡」、club_detail TeamID=753）,公式順位表で略称とクラブ名・TeamIDの対応を確認,SUPPORTED,2026-09-30,
Batch 32 Wave 03,B32W3E0136,Career,C001463,start,2017,B32W3S0027,クラブ所属履歴 > 「2017-18 福岡」,所属履歴の最初のシーズン2017-18の開始年,SUPPORTED,2026-09-30,
Batch 32 Wave 03,B32W3E0137,Career,C001463,end,2018,B32W3S0027,クラブ所属履歴 > 「2017-18 福岡」,所属履歴の最後のシーズン2017-18の終了年,SUPPORTED,2026-09-30,
Batch 32 Wave 03,B32W3E0138,Career,C001464,organization_id,ORG000097,B32W3S0027,クラブ所属履歴 > 「2020-21 三遠」,B.LEAGUE公式の所属履歴で在籍を確認（略称表記）,SUPPORTED,2026-09-30,
Batch 32 Wave 03,B32W3E0139,Career,C001464,organization_id,ORG000097,B32W3S0009,順位表 > クラブ「三遠ネオフェニックス」（略称「三遠」、club_detail TeamID=697）,公式順位表で略称とクラブ名・TeamIDの対応を確認,SUPPORTED,2026-09-30,
Batch 32 Wave 03,B32W3E0140,Career,C001464,start,2020,B32W3S0027,クラブ所属履歴 > 「2020-21 三遠」,所属履歴の最初のシーズン2020-21の開始年,SUPPORTED,2026-09-30,
Batch 32 Wave 03,B32W3E0141,Career,C001464,end,2021,B32W3S0027,クラブ所属履歴 > 「2020-21 三遠」,所属履歴の最後のシーズン2020-21の終了年,SUPPORTED,2026-09-30,
Batch 32 Wave 03,B32W3E0142,Career,C001465,organization_id,ORG000114,B32W3S0027,クラブ所属履歴 > 「2021-22 SR渋谷」〜「2022-23 SR渋谷」,B.LEAGUE公式の所属履歴で在籍を確認（略称表記）,SUPPORTED,2026-09-30,
Batch 32 Wave 03,B32W3E0143,Career,C001465,organization_id,ORG000114,B32W3S0002,順位表 > クラブ「サンロッカーズ渋谷」（略称「SR渋谷」、club_detail TeamID=726）,公式順位表で略称とクラブ名・TeamIDの対応を確認,SUPPORTED,2026-09-30,
Batch 32 Wave 03,B32W3E0144,Career,C001465,start,2021,B32W3S0027,クラブ所属履歴 > 「2021-22 SR渋谷」,所属履歴の最初のシーズン2021-22の開始年,SUPPORTED,2026-09-30,
Batch 32 Wave 03,B32W3E0145,Career,C001465,end,2023,B32W3S0027,クラブ所属履歴 > 「2022-23 SR渋谷」,所属履歴の最後のシーズン2022-23の終了年,SUPPORTED,2026-09-30,
Batch 32 Wave 03,B32W3E0146,Career,C001466,organization_id,ORG000190,B32W3S0027,クラブ所属履歴 > 「2023-24 越谷」〜「2024-25 越谷」,B.LEAGUE公式の所属履歴で在籍を確認（略称表記）,SUPPORTED,2026-09-30,
Batch 32 Wave 03,B32W3E0147,Career,C001466,organization_id,ORG000190,B32W3S0029,順位表 > クラブ「越谷アルファーズ」（略称「越谷」、club_detail TeamID=745）,公式順位表で略称とクラブ名・TeamIDの対応を確認,SUPPORTED,2026-09-30,
Batch 32 Wave 03,B32W3E0148,Career,C001466,start,2023,B32W3S0027,クラブ所属履歴 > 「2023-24 越谷」,所属履歴の最初のシーズン2023-24の開始年,SUPPORTED,2026-09-30,
Batch 32 Wave 03,B32W3E0149,Career,C001466,end,2025,B32W3S0027,クラブ所属履歴 > 「2024-25 越谷」,所属履歴の最後のシーズン2024-25の終了年,SUPPORTED,2026-09-30,
Batch 32 Wave 03,B32W3E0150,Career,C001467,organization_id,ORG000132,B32W3S0027,クラブ所属履歴 > 「2025-26 仙台」,B.LEAGUE公式の所属履歴で在籍を確認（略称表記）,SUPPORTED,2026-09-30,
Batch 32 Wave 03,B32W3E0151,Career,C001467,organization_id,ORG000132,B32W3S0025,順位表 > クラブ「仙台89ERS」（略称「仙台」、club_detail TeamID=692）,公式順位表で略称とクラブ名・TeamIDの対応を確認,SUPPORTED,2026-09-30,
Batch 32 Wave 03,B32W3E0152,Career,C001467,start,2025,B32W3S0027,クラブ所属履歴 > 「2025-26 仙台」,所属履歴の最初のシーズン2025-26の開始年,SUPPORTED,2026-09-30,
Batch 32 Wave 03,B32W3E0153,Career,C001467,end,2026,B32W3S0027,クラブ所属履歴 > 「2025-26 仙台」,所属履歴の最後のシーズン2025-26の終了年,SUPPORTED,2026-09-30,
Batch 32 Wave 03,B32W3E0154,Career,C001468,organization_id,ORG000155,B32W3S0027,クラブ所属履歴 > 「2026-27 島根」,B.LEAGUE公式の所属履歴で在籍を確認（略称表記）,SUPPORTED,2026-09-30,
Batch 32 Wave 03,B32W3E0155,Career,C001468,organization_id,ORG000155,B32W3S0006,順位表 > クラブ「島根スサノオマジック」（略称「島根」、club_detail TeamID=720）,公式順位表で略称とクラブ名・TeamIDの対応を確認,SUPPORTED,2026-09-30,
Batch 32 Wave 03,B32W3E0156,Career,C001468,start,2026,B32W3S0027,クラブ所属履歴 > 「2026-27 島根」,所属履歴の最初のシーズン2026-27の開始年,SUPPORTED,2026-09-30,
Batch 32 Wave 03,B32W3E0157,Career,C001468,organization_id,ORG000155,B32W3S0026,選手一覧 > 島根 > 井上 宗一郎,2026-27シーズンの公式選手一覧で現所属を確認,SUPPORTED,2026-09-30,
Batch 32 Wave 03,B32W3E0158,Person,P000330,name,北川 弘,B32W3S0030,基本情報 > 選手名,B.LEAGUE公式プロフィールで氏名を確認,SUPPORTED,2026-09-30,
Batch 32 Wave 03,B32W3E0159,Person,P000330,birth_date,1991-10-16,B32W3S0030,基本情報 > 生年月日：1991年10月16日,B.LEAGUE公式プロフィールで生年月日を確認,SUPPORTED,2026-09-30,
Batch 32 Wave 03,B32W3E0160,Career,C001469,organization_id,ORG000316,B32W3S0030,基本情報 > 出身校（高）：光泉高等学校(現・光泉カトリック高等学校),B.LEAGUE公式プロフィールで出身校（高）を確認,SUPPORTED,2026-09-30,プロフィール上の表記は「光泉高等学校(現・光泉カトリック高等学校)」
Batch 32 Wave 03,B32W3E0161,Career,C001470,organization_id,ORG000020,B32W3S0030,基本情報 > 出身校（大）：日本体育大学,B.LEAGUE公式プロフィールで出身校（大）を確認,SUPPORTED,2026-09-30,
Batch 32 Wave 03,B32W3E0162,Career,C001471,organization_id,ORG000110,B32W3S0030,クラブ所属履歴 > 「2016-17 広島」〜「2017-18 広島」,B.LEAGUE公式の所属履歴で在籍を確認（略称表記）,SUPPORTED,2026-09-30,
Batch 32 Wave 03,B32W3E0163,Career,C001471,organization_id,ORG000110,B32W3S0018,順位表 > クラブ「広島ドラゴンフライズ」（略称「広島」、club_detail TeamID=721）,公式順位表で略称とクラブ名・TeamIDの対応を確認,SUPPORTED,2026-09-30,
Batch 32 Wave 03,B32W3E0164,Career,C001471,start,2016,B32W3S0030,クラブ所属履歴 > 「2016-17 広島」,所属履歴の最初のシーズン2016-17の開始年,SUPPORTED,2026-09-30,
Batch 32 Wave 03,B32W3E0165,Career,C001471,end,2018,B32W3S0030,クラブ所属履歴 > 「2017-18 広島」,所属履歴の最後のシーズン2017-18の終了年,SUPPORTED,2026-09-30,
Batch 32 Wave 03,B32W3E0166,Career,C001472,organization_id,ORG000155,B32W3S0030,クラブ所属履歴 > 「2018-19 島根」〜「2026-27 島根」,B.LEAGUE公式の所属履歴で在籍を確認（略称表記）,SUPPORTED,2026-09-30,
Batch 32 Wave 03,B32W3E0167,Career,C001472,organization_id,ORG000155,B32W3S0031,順位表 > クラブ「島根スサノオマジック」（略称「島根」、club_detail TeamID=720）,公式順位表で略称とクラブ名・TeamIDの対応を確認,SUPPORTED,2026-09-30,
Batch 32 Wave 03,B32W3E0168,Career,C001472,start,2018,B32W3S0030,クラブ所属履歴 > 「2018-19 島根」,所属履歴の最初のシーズン2018-19の開始年,SUPPORTED,2026-09-30,
Batch 32 Wave 03,B32W3E0169,Career,C001472,organization_id,ORG000155,B32W3S0026,選手一覧 > 島根 > 北川 弘,2026-27シーズンの公式選手一覧で現所属を確認,SUPPORTED,2026-09-30,
Batch 32 Wave 03,B32W3E0170,Person,P000331,name,中村 太地,B32W3S0032,基本情報 > 選手名,B.LEAGUE公式プロフィールで氏名を確認,SUPPORTED,2026-09-30,
Batch 32 Wave 03,B32W3E0171,Person,P000331,birth_date,1997-06-29,B32W3S0032,基本情報 > 生年月日：1997年6月29日,B.LEAGUE公式プロフィールで生年月日を確認,SUPPORTED,2026-09-30,
Batch 32 Wave 03,B32W3E0172,Career,C001473,organization_id,ORG000127,B32W3S0032,基本情報 > 出身校（高）：福岡大学付属大濠高等学校,B.LEAGUE公式プロフィールで出身校（高）を確認,SUPPORTED,2026-09-30,
Batch 32 Wave 03,B32W3E0173,Career,C001474,organization_id,ORG000207,B32W3S0032,基本情報 > 出身校（大）：法政大学,B.LEAGUE公式プロフィールで出身校（大）を確認,SUPPORTED,2026-09-30,
Batch 32 Wave 03,B32W3E0174,Career,C001475,organization_id,ORG000130,B32W3S0032,クラブ所属履歴 > 「2016-17 三河」,B.LEAGUE公式の所属履歴で在籍を確認（略称表記）,SUPPORTED,2026-09-30,
Batch 32 Wave 03,B32W3E0175,Career,C001475,organization_id,ORG000130,B32W3S0033,順位表 > クラブ「シーホース三河」（略称「三河」、club_detail TeamID=728）,公式順位表で略称とクラブ名・TeamIDの対応を確認,SUPPORTED,2026-09-30,
Batch 32 Wave 03,B32W3E0176,Career,C001475,start,2016,B32W3S0032,クラブ所属履歴 > 「2016-17 三河」,所属履歴の最初のシーズン2016-17の開始年,SUPPORTED,2026-09-30,
Batch 32 Wave 03,B32W3E0177,Career,C001475,end,2017,B32W3S0032,クラブ所属履歴 > 「2016-17 三河」,所属履歴の最後のシーズン2016-17の終了年,SUPPORTED,2026-09-30,
Batch 32 Wave 03,B32W3E0178,Career,C001476,organization_id,ORG000149,B32W3S0032,クラブ所属履歴 > 「2017-18 富山」,B.LEAGUE公式の所属履歴で在籍を確認（略称表記）,SUPPORTED,2026-09-30,
Batch 32 Wave 03,B32W3E0179,Career,C001476,organization_id,ORG000149,B32W3S0034,順位表 > クラブ「富山グラウジーズ」（略称「富山」、club_detail TeamID=696）,公式順位表で略称とクラブ名・TeamIDの対応を確認,SUPPORTED,2026-09-30,
Batch 32 Wave 03,B32W3E0180,Career,C001476,start,2017,B32W3S0032,クラブ所属履歴 > 「2017-18 富山」,所属履歴の最初のシーズン2017-18の開始年,SUPPORTED,2026-09-30,
Batch 32 Wave 03,B32W3E0181,Career,C001476,end,2018,B32W3S0032,クラブ所属履歴 > 「2017-18 富山」,所属履歴の最後のシーズン2017-18の終了年,SUPPORTED,2026-09-30,
Batch 32 Wave 03,B32W3E0182,Career,C001477,organization_id,ORG000055,B32W3S0032,クラブ所属履歴 > 「2018-19 横浜」,B.LEAGUE公式の所属履歴で在籍を確認（略称表記）,SUPPORTED,2026-09-30,
Batch 32 Wave 03,B32W3E0183,Career,C001477,organization_id,ORG000055,B32W3S0016,順位表 > クラブ「横浜ビー・コルセアーズ」（略称「横浜」、club_detail TeamID=694）,公式順位表で略称とクラブ名・TeamIDの対応を確認,SUPPORTED,2026-09-30,
Batch 32 Wave 03,B32W3E0184,Career,C001477,start,2018,B32W3S0032,クラブ所属履歴 > 「2018-19 横浜」,所属履歴の最初のシーズン2018-19の開始年,SUPPORTED,2026-09-30,
Batch 32 Wave 03,B32W3E0185,Career,C001477,end,2019,B32W3S0032,クラブ所属履歴 > 「2018-19 横浜」,所属履歴の最後のシーズン2018-19の終了年,SUPPORTED,2026-09-30,
Batch 32 Wave 03,B32W3E0186,Career,C001478,organization_id,ORG000042,B32W3S0032,クラブ所属履歴 > 「2019-20 京都」,B.LEAGUE公式の所属履歴で在籍を確認（略称表記）,SUPPORTED,2026-09-30,
Batch 32 Wave 03,B32W3E0187,Career,C001478,organization_id,ORG000042,B32W3S0022,順位表 > クラブ「京都ハンナリーズ」（略称「京都」、club_detail TeamID=699）,公式順位表で略称とクラブ名・TeamIDの対応を確認,SUPPORTED,2026-09-30,
Batch 32 Wave 03,B32W3E0188,Career,C001478,start,2019,B32W3S0032,クラブ所属履歴 > 「2019-20 京都」,所属履歴の最初のシーズン2019-20の開始年,SUPPORTED,2026-09-30,
Batch 32 Wave 03,B32W3E0189,Career,C001478,end,2020,B32W3S0032,クラブ所属履歴 > 「2019-20 京都」,所属履歴の最後のシーズン2019-20の終了年,SUPPORTED,2026-09-30,
Batch 32 Wave 03,B32W3E0190,Career,C001479,organization_id,ORG000130,B32W3S0032,クラブ所属履歴 > 「2022-23 三河」〜「2023-24 三河」,B.LEAGUE公式の所属履歴で在籍を確認（略称表記）,SUPPORTED,2026-09-30,
Batch 32 Wave 03,B32W3E0191,Career,C001479,organization_id,ORG000130,B32W3S0003,順位表 > クラブ「シーホース三河」（略称「三河」、club_detail TeamID=728）,公式順位表で略称とクラブ名・TeamIDの対応を確認,SUPPORTED,2026-09-30,
Batch 32 Wave 03,B32W3E0192,Career,C001479,start,2022,B32W3S0032,クラブ所属履歴 > 「2022-23 三河」,所属履歴の最初のシーズン2022-23の開始年,SUPPORTED,2026-09-30,
Batch 32 Wave 03,B32W3E0193,Career,C001479,end,2024,B32W3S0032,クラブ所属履歴 > 「2023-24 三河」,所属履歴の最後のシーズン2023-24の終了年,SUPPORTED,2026-09-30,
Batch 32 Wave 03,B32W3E0194,Career,C001480,organization_id,ORG000040,B32W3S0032,クラブ所属履歴 > 「2024-25 福岡」,B.LEAGUE公式の所属履歴で在籍を確認（略称表記）,SUPPORTED,2026-09-30,
Batch 32 Wave 03,B32W3E0195,Career,C001480,organization_id,ORG000040,B32W3S0014,順位表 > クラブ「ライジングゼファー福岡」（略称「福岡」、club_detail TeamID=753）,公式順位表で略称とクラブ名・TeamIDの対応を確認,SUPPORTED,2026-09-30,
Batch 32 Wave 03,B32W3E0196,Career,C001480,start,2024,B32W3S0032,クラブ所属履歴 > 「2024-25 福岡」,所属履歴の最初のシーズン2024-25の開始年,SUPPORTED,2026-09-30,
Batch 32 Wave 03,B32W3E0197,Career,C001480,end,2025,B32W3S0032,クラブ所属履歴 > 「2024-25 福岡」,所属履歴の最後のシーズン2024-25の終了年,SUPPORTED,2026-09-30,
Batch 32 Wave 03,B32W3E0198,Career,C001481,organization_id,ORG000155,B32W3S0032,クラブ所属履歴 > 「2025-26 島根」〜「2026-27 島根」,B.LEAGUE公式の所属履歴で在籍を確認（略称表記）,SUPPORTED,2026-09-30,
Batch 32 Wave 03,B32W3E0199,Career,C001481,organization_id,ORG000155,B32W3S0025,順位表 > クラブ「島根スサノオマジック」（略称「島根」、club_detail TeamID=720）,公式順位表で略称とクラブ名・TeamIDの対応を確認,SUPPORTED,2026-09-30,
Batch 32 Wave 03,B32W3E0200,Career,C001481,start,2025,B32W3S0032,クラブ所属履歴 > 「2025-26 島根」,所属履歴の最初のシーズン2025-26の開始年,SUPPORTED,2026-09-30,
Batch 32 Wave 03,B32W3E0201,Career,C001481,organization_id,ORG000155,B32W3S0026,選手一覧 > 島根 > 中村 太地,2026-27シーズンの公式選手一覧で現所属を確認,SUPPORTED,2026-09-30,
Batch 32 Wave 03,B32W3E0202,Person,P000332,name,晴山 ケビン,B32W3S0035,基本情報 > 選手名,B.LEAGUE公式プロフィールで氏名を確認,SUPPORTED,2026-09-30,
Batch 32 Wave 03,B32W3E0203,Person,P000332,birth_date,1993-01-14,B32W3S0035,基本情報 > 生年月日：1993年1月14日,B.LEAGUE公式プロフィールで生年月日を確認,SUPPORTED,2026-09-30,
Batch 32 Wave 03,B32W3E0204,Career,C001482,organization_id,ORG000317,B32W3S0035,基本情報 > 出身校（高）：盛岡市立高等学校,B.LEAGUE公式プロフィールで出身校（高）を確認,SUPPORTED,2026-09-30,
Batch 32 Wave 03,B32W3E0205,Career,C001483,organization_id,ORG000015,B32W3S0035,基本情報 > 出身校（大）：東海大学,B.LEAGUE公式プロフィールで出身校（大）を確認,SUPPORTED,2026-09-30,
Batch 32 Wave 03,B32W3E0206,Career,C001484,organization_id,ORG000122,B32W3S0035,クラブ所属履歴 > 「2016-17 川崎」,B.LEAGUE公式の所属履歴で在籍を確認（略称表記）,SUPPORTED,2026-09-30,
Batch 32 Wave 03,B32W3E0207,Career,C001484,organization_id,ORG000122,B32W3S0033,順位表 > クラブ「川崎ブレイブサンダース」（略称「川崎」、club_detail TeamID=727）,公式順位表で略称とクラブ名・TeamIDの対応を確認,SUPPORTED,2026-09-30,
Batch 32 Wave 03,B32W3E0208,Career,C001484,start,2016,B32W3S0035,クラブ所属履歴 > 「2016-17 川崎」,所属履歴の最初のシーズン2016-17の開始年,SUPPORTED,2026-09-30,
Batch 32 Wave 03,B32W3E0209,Career,C001484,end,2017,B32W3S0035,クラブ所属履歴 > 「2016-17 川崎」,所属履歴の最後のシーズン2016-17の終了年,SUPPORTED,2026-09-30,
Batch 32 Wave 03,B32W3E0210,Career,C001485,organization_id,ORG000042,B32W3S0035,クラブ所属履歴 > 「2017-18 京都」〜「2018-19 京都」,B.LEAGUE公式の所属履歴で在籍を確認（略称表記）,SUPPORTED,2026-09-30,
Batch 32 Wave 03,B32W3E0211,Career,C001485,organization_id,ORG000042,B32W3S0034,順位表 > クラブ「京都ハンナリーズ」（略称「京都」、club_detail TeamID=699）,公式順位表で略称とクラブ名・TeamIDの対応を確認,SUPPORTED,2026-09-30,
Batch 32 Wave 03,B32W3E0212,Career,C001485,start,2017,B32W3S0035,クラブ所属履歴 > 「2017-18 京都」,所属履歴の最初のシーズン2017-18の開始年,SUPPORTED,2026-09-30,
Batch 32 Wave 03,B32W3E0213,Career,C001485,end,2019,B32W3S0035,クラブ所属履歴 > 「2018-19 京都」,所属履歴の最後のシーズン2018-19の終了年,SUPPORTED,2026-09-30,
Batch 32 Wave 03,B32W3E0214,Career,C001486,organization_id,ORG000118,B32W3S0035,クラブ所属履歴 > 「2019-20 千葉」,B.LEAGUE公式の所属履歴で在籍を確認（略称表記）,SUPPORTED,2026-09-30,
Batch 32 Wave 03,B32W3E0215,Career,C001486,organization_id,ORG000118,B32W3S0022,順位表 > クラブ「千葉ジェッツ」（略称「千葉」、club_detail TeamID=704）,公式順位表で略称とクラブ名・TeamIDの対応を確認,SUPPORTED,2026-09-30,
Batch 32 Wave 03,B32W3E0216,Career,C001486,start,2019,B32W3S0035,クラブ所属履歴 > 「2019-20 千葉」,所属履歴の最初のシーズン2019-20の開始年,SUPPORTED,2026-09-30,
Batch 32 Wave 03,B32W3E0217,Career,C001486,end,2020,B32W3S0035,クラブ所属履歴 > 「2019-20 千葉」,所属履歴の最後のシーズン2019-20の終了年,SUPPORTED,2026-09-30,
Batch 32 Wave 03,B32W3E0218,Career,C001487,organization_id,ORG000153,B32W3S0035,クラブ所属履歴 > 「2020-21 滋賀」,B.LEAGUE公式の所属履歴で在籍を確認（略称表記）,SUPPORTED,2026-09-30,
Batch 32 Wave 03,B32W3E0219,Career,C001487,organization_id,ORG000153,B32W3S0009,順位表 > クラブ「滋賀レイクスターズ」（略称「滋賀」、club_detail TeamID=698）,公式順位表で略称とクラブ名・TeamIDの対応を確認,SUPPORTED,2026-09-30,
Batch 32 Wave 03,B32W3E0220,Career,C001487,start,2020,B32W3S0035,クラブ所属履歴 > 「2020-21 滋賀」,所属履歴の最初のシーズン2020-21の開始年,SUPPORTED,2026-09-30,
Batch 32 Wave 03,B32W3E0221,Career,C001487,end,2021,B32W3S0035,クラブ所属履歴 > 「2020-21 滋賀」,所属履歴の最後のシーズン2020-21の終了年,SUPPORTED,2026-09-30,
Batch 32 Wave 03,B32W3E0222,Career,C001488,organization_id,ORG000149,B32W3S0035,クラブ所属履歴 > 「2021-22 富山」〜「2022-23 富山」,B.LEAGUE公式の所属履歴で在籍を確認（略称表記）,SUPPORTED,2026-09-30,
Batch 32 Wave 03,B32W3E0223,Career,C001488,organization_id,ORG000149,B32W3S0002,順位表 > クラブ「富山グラウジーズ」（略称「富山」、club_detail TeamID=696）,公式順位表で略称とクラブ名・TeamIDの対応を確認,SUPPORTED,2026-09-30,
Batch 32 Wave 03,B32W3E0224,Career,C001488,start,2021,B32W3S0035,クラブ所属履歴 > 「2021-22 富山」,所属履歴の最初のシーズン2021-22の開始年,SUPPORTED,2026-09-30,
Batch 32 Wave 03,B32W3E0225,Career,C001488,end,2023,B32W3S0035,クラブ所属履歴 > 「2022-23 富山」,所属履歴の最後のシーズン2022-23の終了年,SUPPORTED,2026-09-30,
Batch 32 Wave 03,B32W3E0226,Career,C001489,organization_id,ORG000155,B32W3S0035,クラブ所属履歴 > 「2023-24 島根」〜「2024-25 島根」,B.LEAGUE公式の所属履歴で在籍を確認（略称表記）,SUPPORTED,2026-09-30,
Batch 32 Wave 03,B32W3E0227,Career,C001489,organization_id,ORG000155,B32W3S0004,順位表 > クラブ「島根スサノオマジック」（略称「島根」、club_detail TeamID=720）,公式順位表で略称とクラブ名・TeamIDの対応を確認,SUPPORTED,2026-09-30,
Batch 32 Wave 03,B32W3E0228,Career,C001489,start,2023,B32W3S0035,クラブ所属履歴 > 「2023-24 島根」,所属履歴の最初のシーズン2023-24の開始年,SUPPORTED,2026-09-30,
Batch 32 Wave 03,B32W3E0229,Career,C001489,end,2025,B32W3S0035,クラブ所属履歴 > 「2024-25 島根」,所属履歴の最後のシーズン2024-25の終了年,SUPPORTED,2026-09-30,
Batch 32 Wave 03,B32W3E0230,Career,C001490,organization_id,ORG000110,B32W3S0035,クラブ所属履歴 > 「2025-26 広島」〜「2026-27 広島」,B.LEAGUE公式の所属履歴で在籍を確認（略称表記）,SUPPORTED,2026-09-30,
Batch 32 Wave 03,B32W3E0231,Career,C001490,organization_id,ORG000110,B32W3S0025,順位表 > クラブ「広島ドラゴンフライズ」（略称「広島」、club_detail TeamID=721）,公式順位表で略称とクラブ名・TeamIDの対応を確認,SUPPORTED,2026-09-30,
Batch 32 Wave 03,B32W3E0232,Career,C001490,start,2025,B32W3S0035,クラブ所属履歴 > 「2025-26 広島」,所属履歴の最初のシーズン2025-26の開始年,SUPPORTED,2026-09-30,
Batch 32 Wave 03,B32W3E0233,Career,C001490,organization_id,ORG000110,B32W3S0036,選手一覧 > 広島 > 晴山 ケビン,2026-27シーズンの公式選手一覧で現所属を確認,SUPPORTED,2026-09-30,
Batch 32 Wave 03,B32W3E0234,Person,P000333,name,松野 遥弥,B32W3S0037,基本情報 > 選手名,B.LEAGUE公式プロフィールで氏名を確認,SUPPORTED,2026-09-30,
Batch 32 Wave 03,B32W3E0235,Person,P000333,birth_date,2003-04-16,B32W3S0037,基本情報 > 生年月日：2003年4月16日,B.LEAGUE公式プロフィールで生年月日を確認,SUPPORTED,2026-09-30,
Batch 32 Wave 03,B32W3E0236,Career,C001491,organization_id,ORG000101,B32W3S0037,クラブ所属履歴 > 「2025-26 鹿児島」,B.LEAGUE公式の所属履歴で在籍を確認（略称表記）,SUPPORTED,2026-09-30,
Batch 32 Wave 03,B32W3E0237,Career,C001491,organization_id,ORG000101,B32W3S0005,順位表 > クラブ「鹿児島レブナイズ」（略称「鹿児島」、club_detail TeamID=725）,公式順位表で略称とクラブ名・TeamIDの対応を確認,SUPPORTED,2026-09-30,
Batch 32 Wave 03,B32W3E0238,Career,C001491,start,2025,B32W3S0037,クラブ所属履歴 > 「2025-26 鹿児島」,所属履歴の最初のシーズン2025-26の開始年,SUPPORTED,2026-09-30,
Batch 32 Wave 03,B32W3E0239,Career,C001491,end,2026,B32W3S0037,クラブ所属履歴 > 「2025-26 鹿児島」,所属履歴の最後のシーズン2025-26の終了年,SUPPORTED,2026-09-30,
Batch 32 Wave 03,B32W3E0240,Career,C001492,organization_id,ORG000110,B32W3S0037,クラブ所属履歴 > 「2026-27 広島」,B.LEAGUE公式の所属履歴で在籍を確認（略称表記）,SUPPORTED,2026-09-30,
Batch 32 Wave 03,B32W3E0241,Career,C001492,organization_id,ORG000110,B32W3S0006,順位表 > クラブ「広島ドラゴンフライズ」（略称「広島」、club_detail TeamID=721）,公式順位表で略称とクラブ名・TeamIDの対応を確認,SUPPORTED,2026-09-30,
Batch 32 Wave 03,B32W3E0242,Career,C001492,start,2026,B32W3S0037,クラブ所属履歴 > 「2026-27 広島」,所属履歴の最初のシーズン2026-27の開始年,SUPPORTED,2026-09-30,
Batch 32 Wave 03,B32W3E0243,Career,C001492,organization_id,ORG000110,B32W3S0036,選手一覧 > 広島 > 松野 遥弥,2026-27シーズンの公式選手一覧で現所属を確認,SUPPORTED,2026-09-30,
Batch 32 Wave 03,B32W3E0244,Person,P000334,name,三谷 桂司朗,B32W3S0038,基本情報 > 選手名,B.LEAGUE公式プロフィールで氏名を確認,SUPPORTED,2026-09-30,
Batch 32 Wave 03,B32W3E0245,Person,P000334,birth_date,2001-06-15,B32W3S0038,基本情報 > 生年月日：2001年6月15日,B.LEAGUE公式プロフィールで生年月日を確認,SUPPORTED,2026-09-30,
Batch 32 Wave 03,B32W3E0246,Career,C001493,organization_id,ORG000318,B32W3S0038,基本情報 > 出身校（高）：広島皆実高等学校,B.LEAGUE公式プロフィールで出身校（高）を確認,SUPPORTED,2026-09-30,
Batch 32 Wave 03,B32W3E0247,Career,C001494,organization_id,ORG000166,B32W3S0038,基本情報 > 出身校（大）：筑波大学,B.LEAGUE公式プロフィールで出身校（大）を確認,SUPPORTED,2026-09-30,
Batch 32 Wave 03,B32W3E0248,Career,C001495,organization_id,ORG000110,B32W3S0038,クラブ所属履歴 > 「2019-20 広島」,B.LEAGUE公式の所属履歴で在籍を確認（略称表記）,SUPPORTED,2026-09-30,
Batch 32 Wave 03,B32W3E0249,Career,C001495,organization_id,ORG000110,B32W3S0039,順位表 > クラブ「広島ドラゴンフライズ」（略称「広島」、club_detail TeamID=721）,公式順位表で略称とクラブ名・TeamIDの対応を確認,SUPPORTED,2026-09-30,
Batch 32 Wave 03,B32W3E0250,Career,C001495,start,2019,B32W3S0038,クラブ所属履歴 > 「2019-20 広島」,所属履歴の最初のシーズン2019-20の開始年,SUPPORTED,2026-09-30,
Batch 32 Wave 03,B32W3E0251,Career,C001495,end,2020,B32W3S0038,クラブ所属履歴 > 「2019-20 広島」,所属履歴の最後のシーズン2019-20の終了年,SUPPORTED,2026-09-30,
Batch 32 Wave 03,B32W3E0252,Career,C001496,organization_id,ORG000110,B32W3S0038,クラブ所属履歴 > 「2022-23 広島」〜「2026-27 広島」,B.LEAGUE公式の所属履歴で在籍を確認（略称表記）,SUPPORTED,2026-09-30,
Batch 32 Wave 03,B32W3E0253,Career,C001496,organization_id,ORG000110,B32W3S0003,順位表 > クラブ「広島ドラゴンフライズ」（略称「広島」、club_detail TeamID=721）,公式順位表で略称とクラブ名・TeamIDの対応を確認,SUPPORTED,2026-09-30,
Batch 32 Wave 03,B32W3E0254,Career,C001496,start,2022,B32W3S0038,クラブ所属履歴 > 「2022-23 広島」,所属履歴の最初のシーズン2022-23の開始年,SUPPORTED,2026-09-30,
Batch 32 Wave 03,B32W3E0255,Career,C001496,organization_id,ORG000110,B32W3S0036,選手一覧 > 広島 > 三谷 桂司朗,2026-27シーズンの公式選手一覧で現所属を確認,SUPPORTED,2026-09-30,
Batch 32 Wave 03,B32W3E0256,Person,P000335,name,メイヨ ニック,B32W3S0040,基本情報 > 選手名,B.LEAGUE公式プロフィールで氏名を確認,SUPPORTED,2026-09-30,
Batch 32 Wave 03,B32W3E0257,Person,P000335,birth_date,1997-08-18,B32W3S0040,基本情報 > 生年月日：1997年8月18日,B.LEAGUE公式プロフィールで生年月日を確認,SUPPORTED,2026-09-30,
Batch 32 Wave 03,B32W3E0258,Career,C001497,organization_id,ORG000319,B32W3S0040,基本情報 > 出身校（高）：Messalonskee,B.LEAGUE公式プロフィールで出身校（高）を確認,SUPPORTED,2026-09-30,
Batch 32 Wave 03,B32W3E0259,Career,C001498,organization_id,ORG000320,B32W3S0040,基本情報 > 出身校（大）：Eastern Kentucky,B.LEAGUE公式プロフィールで出身校（大）を確認,SUPPORTED,2026-09-30,
Batch 32 Wave 03,B32W3E0260,Career,C001499,organization_id,ORG000118,B32W3S0040,クラブ所属履歴 > 「2019-20 千葉」,B.LEAGUE公式の所属履歴で在籍を確認（略称表記）,SUPPORTED,2026-09-30,
Batch 32 Wave 03,B32W3E0261,Career,C001499,organization_id,ORG000118,B32W3S0022,順位表 > クラブ「千葉ジェッツ」（略称「千葉」、club_detail TeamID=704）,公式順位表で略称とクラブ名・TeamIDの対応を確認,SUPPORTED,2026-09-30,
Batch 32 Wave 03,B32W3E0262,Career,C001499,start,2019,B32W3S0040,クラブ所属履歴 > 「2019-20 千葉」,所属履歴の最初のシーズン2019-20の開始年,SUPPORTED,2026-09-30,
Batch 32 Wave 03,B32W3E0263,Career,C001499,end,2020,B32W3S0040,クラブ所属履歴 > 「2019-20 千葉」,所属履歴の最後のシーズン2019-20の終了年,SUPPORTED,2026-09-30,
Batch 32 Wave 03,B32W3E0264,Career,C001500,organization_id,ORG000092,B32W3S0040,クラブ所属履歴 > 「2020-21 北海道」,B.LEAGUE公式の所属履歴で在籍を確認（略称表記）,SUPPORTED,2026-09-30,
Batch 32 Wave 03,B32W3E0265,Career,C001500,organization_id,ORG000092,B32W3S0009,順位表 > クラブ「レバンガ北海道」（略称「北海道」、club_detail TeamID=702）,公式順位表で略称とクラブ名・TeamIDの対応を確認,SUPPORTED,2026-09-30,
Batch 32 Wave 03,B32W3E0266,Career,C001500,start,2020,B32W3S0040,クラブ所属履歴 > 「2020-21 北海道」,所属履歴の最初のシーズン2020-21の開始年,SUPPORTED,2026-09-30,
Batch 32 Wave 03,B32W3E0267,Career,C001500,end,2021,B32W3S0040,クラブ所属履歴 > 「2020-21 北海道」,所属履歴の最後のシーズン2020-21の終了年,SUPPORTED,2026-09-30,
Batch 32 Wave 03,B32W3E0268,Career,C001501,organization_id,ORG000110,B32W3S0040,クラブ所属履歴 > 「2021-22 広島」〜「2026-27 広島」,B.LEAGUE公式の所属履歴で在籍を確認（略称表記）,SUPPORTED,2026-09-30,
Batch 32 Wave 03,B32W3E0269,Career,C001501,organization_id,ORG000110,B32W3S0002,順位表 > クラブ「広島ドラゴンフライズ」（略称「広島」、club_detail TeamID=721）,公式順位表で略称とクラブ名・TeamIDの対応を確認,SUPPORTED,2026-09-30,
Batch 32 Wave 03,B32W3E0270,Career,C001501,start,2021,B32W3S0040,クラブ所属履歴 > 「2021-22 広島」,所属履歴の最初のシーズン2021-22の開始年,SUPPORTED,2026-09-30,
Batch 32 Wave 03,B32W3E0271,Career,C001501,organization_id,ORG000110,B32W3S0036,選手一覧 > 広島 > メイヨ ニック,2026-27シーズンの公式選手一覧で現所属を確認,SUPPORTED,2026-09-30,
Batch 32 Wave 03,B32W3E0272,Person,P000336,name,山崎 稜,B32W3S0041,基本情報 > 選手名,B.LEAGUE公式プロフィールで氏名を確認,SUPPORTED,2026-09-30,
Batch 32 Wave 03,B32W3E0273,Person,P000336,birth_date,1992-09-25,B32W3S0041,基本情報 > 生年月日：1992年9月25日,B.LEAGUE公式プロフィールで生年月日を確認,SUPPORTED,2026-09-30,
Batch 32 Wave 03,B32W3E0274,Career,C001502,organization_id,ORG000262,B32W3S0041,基本情報 > 出身校（高）：昌平高等学校,B.LEAGUE公式プロフィールで出身校（高）を確認,SUPPORTED,2026-09-30,
Batch 32 Wave 03,B32W3E0275,Career,C001503,organization_id,ORG000321,B32W3S0041,基本情報 > 出身校（大）：タコマ・コミュニティ大学,B.LEAGUE公式プロフィールで出身校（大）を確認,SUPPORTED,2026-09-30,
Batch 32 Wave 03,B32W3E0276,Career,C001504,organization_id,ORG000149,B32W3S0041,クラブ所属履歴 > 「2016-17 富山」,B.LEAGUE公式の所属履歴で在籍を確認（略称表記）,SUPPORTED,2026-09-30,
Batch 32 Wave 03,B32W3E0277,Career,C001504,organization_id,ORG000149,B32W3S0033,順位表 > クラブ「富山グラウジーズ」（略称「富山」、club_detail TeamID=696）,公式順位表で略称とクラブ名・TeamIDの対応を確認,SUPPORTED,2026-09-30,
Batch 32 Wave 03,B32W3E0278,Career,C001504,start,2016,B32W3S0041,クラブ所属履歴 > 「2016-17 富山」,所属履歴の最初のシーズン2016-17の開始年,SUPPORTED,2026-09-30,
Batch 32 Wave 03,B32W3E0279,Career,C001504,end,2017,B32W3S0041,クラブ所属履歴 > 「2016-17 富山」,所属履歴の最後のシーズン2016-17の終了年,SUPPORTED,2026-09-30,
Batch 32 Wave 03,B32W3E0280,Career,C001505,organization_id,ORG000047,B32W3S0041,クラブ所属履歴 > 「2017-18 栃木」〜「2019-20 宇都宮」,B.LEAGUE公式の所属履歴で在籍を確認（略称表記）,SUPPORTED,2026-09-30,
Batch 32 Wave 03,B32W3E0281,Career,C001505,organization_id,ORG000047,B32W3S0034,順位表 > クラブ「栃木ブレックス」（略称「栃木」、club_detail TeamID=703）,公式順位表で略称とクラブ名・TeamIDの対応を確認,SUPPORTED,2026-09-30,
Batch 32 Wave 03,B32W3E0282,Career,C001505,start,2017,B32W3S0041,クラブ所属履歴 > 「2017-18 栃木」,所属履歴の最初のシーズン2017-18の開始年,SUPPORTED,2026-09-30,
Batch 32 Wave 03,B32W3E0283,Career,C001505,end,2020,B32W3S0041,クラブ所属履歴 > 「2019-20 宇都宮」,所属履歴の最後のシーズン2019-20の終了年,SUPPORTED,2026-09-30,
Batch 32 Wave 03,B32W3E0284,Career,C001506,organization_id,ORG000143,B32W3S0041,クラブ所属履歴 > 「2020-21 群馬」〜「2022-23 群馬」,B.LEAGUE公式の所属履歴で在籍を確認（略称表記）,SUPPORTED,2026-09-30,
Batch 32 Wave 03,B32W3E0285,Career,C001506,organization_id,ORG000143,B32W3S0011,順位表 > クラブ「群馬クレインサンダーズ」（略称「群馬」、club_detail TeamID=713）,公式順位表で略称とクラブ名・TeamIDの対応を確認,SUPPORTED,2026-09-30,
Batch 32 Wave 03,B32W3E0286,Career,C001506,start,2020,B32W3S0041,クラブ所属履歴 > 「2020-21 群馬」,所属履歴の最初のシーズン2020-21の開始年,SUPPORTED,2026-09-30,
Batch 32 Wave 03,B32W3E0287,Career,C001506,end,2023,B32W3S0041,クラブ所属履歴 > 「2022-23 群馬」,所属履歴の最後のシーズン2022-23の終了年,SUPPORTED,2026-09-30,
Batch 32 Wave 03,B32W3E0288,Career,C001507,organization_id,ORG000110,B32W3S0041,クラブ所属履歴 > 「2023-24 広島」〜「2026-27 広島」,B.LEAGUE公式の所属履歴で在籍を確認（略称表記）,SUPPORTED,2026-09-30,
Batch 32 Wave 03,B32W3E0289,Career,C001507,organization_id,ORG000110,B32W3S0004,順位表 > クラブ「広島ドラゴンフライズ」（略称「広島」、club_detail TeamID=721）,公式順位表で略称とクラブ名・TeamIDの対応を確認,SUPPORTED,2026-09-30,
Batch 32 Wave 03,B32W3E0290,Career,C001507,start,2023,B32W3S0041,クラブ所属履歴 > 「2023-24 広島」,所属履歴の最初のシーズン2023-24の開始年,SUPPORTED,2026-09-30,
Batch 32 Wave 03,B32W3E0291,Career,C001507,organization_id,ORG000110,B32W3S0036,選手一覧 > 広島 > 山崎 稜,2026-27シーズンの公式選手一覧で現所属を確認,SUPPORTED,2026-09-30,
Batch 32 Wave 03,B32W3E0292,Person,P000337,name,ロバーツ ケイン,B32W3S0042,基本情報 > 選手名,B.LEAGUE公式プロフィールで氏名を確認,SUPPORTED,2026-09-30,
Batch 32 Wave 03,B32W3E0293,Person,P000337,birth_date,2002-07-05,B32W3S0042,基本情報 > 生年月日：2002年7月5日,B.LEAGUE公式プロフィールで生年月日を確認,SUPPORTED,2026-09-30,
Batch 32 Wave 03,B32W3E0294,Career,C001508,organization_id,ORG000046,B32W3S0042,クラブ所属履歴 > 「2020-21 東京Z」,B.LEAGUE公式の所属履歴で在籍を確認（略称表記）,SUPPORTED,2026-09-30,
Batch 32 Wave 03,B32W3E0295,Career,C001508,organization_id,ORG000046,B32W3S0011,順位表 > クラブ「アースフレンズ東京Z」（略称「東京Z」、club_detail TeamID=715）,公式順位表で略称とクラブ名・TeamIDの対応を確認,SUPPORTED,2026-09-30,
Batch 32 Wave 03,B32W3E0296,Career,C001508,start,2020,B32W3S0042,クラブ所属履歴 > 「2020-21 東京Z」,所属履歴の最初のシーズン2020-21の開始年,SUPPORTED,2026-09-30,
Batch 32 Wave 03,B32W3E0297,Career,C001508,end,2021,B32W3S0042,クラブ所属履歴 > 「2020-21 東京Z」,所属履歴の最後のシーズン2020-21の終了年,SUPPORTED,2026-09-30,
Batch 32 Wave 03,B32W3E0298,Career,C001509,organization_id,ORG000110,B32W3S0042,クラブ所属履歴 > 「2023-24 広島」〜「2026-27 広島」,B.LEAGUE公式の所属履歴で在籍を確認（略称表記）,SUPPORTED,2026-09-30,
Batch 32 Wave 03,B32W3E0299,Career,C001509,organization_id,ORG000110,B32W3S0004,順位表 > クラブ「広島ドラゴンフライズ」（略称「広島」、club_detail TeamID=721）,公式順位表で略称とクラブ名・TeamIDの対応を確認,SUPPORTED,2026-09-30,
Batch 32 Wave 03,B32W3E0300,Career,C001509,start,2023,B32W3S0042,クラブ所属履歴 > 「2023-24 広島」,所属履歴の最初のシーズン2023-24の開始年,SUPPORTED,2026-09-30,
Batch 32 Wave 03,B32W3E0301,Career,C001509,organization_id,ORG000110,B32W3S0036,選手一覧 > 広島 > ロバーツ ケイン,2026-27シーズンの公式選手一覧で現所属を確認,SUPPORTED,2026-09-30,
Batch 32 Wave 03,B32W3E0302,Person,P000338,name,大庭 圭太郎,B32W3S0043,基本情報 > 選手名,B.LEAGUE公式プロフィールで氏名を確認,SUPPORTED,2026-09-30,
Batch 32 Wave 03,B32W3E0303,Person,P000338,birth_date,2002-12-21,B32W3S0043,基本情報 > 生年月日：2002年12月21日,B.LEAGUE公式プロフィールで生年月日を確認,SUPPORTED,2026-09-30,
Batch 32 Wave 03,B32W3E0304,Career,C001510,organization_id,ORG000103,B32W3S0043,クラブ所属履歴 > 「2023-24 茨城」,B.LEAGUE公式の所属履歴で在籍を確認（略称表記）,SUPPORTED,2026-09-30,
Batch 32 Wave 03,B32W3E0305,Career,C001510,organization_id,ORG000103,B32W3S0004,順位表 > クラブ「茨城ロボッツ」（略称「茨城」、club_detail TeamID=712）,公式順位表で略称とクラブ名・TeamIDの対応を確認,SUPPORTED,2026-09-30,
Batch 32 Wave 03,B32W3E0306,Career,C001510,start,2023,B32W3S0043,クラブ所属履歴 > 「2023-24 茨城」,所属履歴の最初のシーズン2023-24の開始年,SUPPORTED,2026-09-30,
Batch 32 Wave 03,B32W3E0307,Career,C001510,end,2024,B32W3S0043,クラブ所属履歴 > 「2023-24 茨城」,所属履歴の最後のシーズン2023-24の終了年,SUPPORTED,2026-09-30,
Batch 32 Wave 03,B32W3E0308,Career,C001511,organization_id,ORG000153,B32W3S0043,クラブ所属履歴 > 「2024-25 滋賀」〜「2025-26 滋賀」,B.LEAGUE公式の所属履歴で在籍を確認（略称表記）,SUPPORTED,2026-09-30,
Batch 32 Wave 03,B32W3E0309,Career,C001511,organization_id,ORG000153,B32W3S0023,順位表 > クラブ「滋賀レイクス」（略称「滋賀」、club_detail TeamID=698）,公式順位表で略称とクラブ名・TeamIDの対応を確認,SUPPORTED,2026-09-30,
Batch 32 Wave 03,B32W3E0310,Career,C001511,start,2024,B32W3S0043,クラブ所属履歴 > 「2024-25 滋賀」,所属履歴の最初のシーズン2024-25の開始年,SUPPORTED,2026-09-30,
Batch 32 Wave 03,B32W3E0311,Career,C001511,end,2026,B32W3S0043,クラブ所属履歴 > 「2025-26 滋賀」,所属履歴の最後のシーズン2025-26の終了年,SUPPORTED,2026-09-30,
Batch 32 Wave 03,B32W3E0312,Career,C001512,organization_id,ORG000114,B32W3S0043,クラブ所属履歴 > 「2025-26 SR渋谷」〜「2026-27 東京SR」,B.LEAGUE公式の所属履歴で在籍を確認（略称表記）,SUPPORTED,2026-09-30,
Batch 32 Wave 03,B32W3E0313,Career,C001512,organization_id,ORG000114,B32W3S0025,順位表 > クラブ「サンロッカーズ渋谷」（略称「SR渋谷」、club_detail TeamID=726）,公式順位表で略称とクラブ名・TeamIDの対応を確認,SUPPORTED,2026-09-30,
Batch 32 Wave 03,B32W3E0314,Career,C001512,start,2025,B32W3S0043,クラブ所属履歴 > 「2025-26 SR渋谷」,所属履歴の最初のシーズン2025-26の開始年,SUPPORTED,2026-09-30,
Batch 32 Wave 03,B32W3E0315,Career,C001512,organization_id,ORG000114,B32W3S0044,選手一覧 > 東京SR > 大庭 圭太郎,2026-27シーズンの公式選手一覧で現所属を確認,SUPPORTED,2026-09-30,
Batch 32 Wave 03,B32W3E0316,Person,P000339,name,狩野 富成,B32W3S0045,基本情報 > 選手名,B.LEAGUE公式プロフィールで氏名を確認,SUPPORTED,2026-09-30,
Batch 32 Wave 03,B32W3E0317,Person,P000339,birth_date,2001-10-06,B32W3S0045,基本情報 > 生年月日：2001年10月6日,B.LEAGUE公式プロフィールで生年月日を確認,SUPPORTED,2026-09-30,
Batch 32 Wave 03,B32W3E0318,Career,C001513,organization_id,ORG000116,B32W3S0045,クラブ所属履歴 > 「2023-24 徳島」,B.LEAGUE公式の所属履歴で在籍を確認（略称表記）,SUPPORTED,2026-09-30,
Batch 32 Wave 03,B32W3E0319,Career,C001513,organization_id,ORG000116,B32W3S0046,順位表 > クラブ「徳島ガンバロウズ」（略称「徳島」、club_detail TeamID=2890）,公式順位表で略称とクラブ名・TeamIDの対応を確認,SUPPORTED,2026-09-30,
Batch 32 Wave 03,B32W3E0320,Career,C001513,start,2023,B32W3S0045,クラブ所属履歴 > 「2023-24 徳島」,所属履歴の最初のシーズン2023-24の開始年,SUPPORTED,2026-09-30,
Batch 32 Wave 03,B32W3E0321,Career,C001513,end,2024,B32W3S0045,クラブ所属履歴 > 「2023-24 徳島」,所属履歴の最後のシーズン2023-24の終了年,SUPPORTED,2026-09-30,
Batch 32 Wave 03,B32W3E0322,Career,C001514,organization_id,ORG000150,B32W3S0045,クラブ所属履歴 > 「2024-25 信州」,B.LEAGUE公式の所属履歴で在籍を確認（略称表記）,SUPPORTED,2026-09-30,
Batch 32 Wave 03,B32W3E0323,Career,C001514,organization_id,ORG000150,B32W3S0014,順位表 > クラブ「信州ブレイブウォリアーズ」（略称「信州」、club_detail TeamID=716）,公式順位表で略称とクラブ名・TeamIDの対応を確認,SUPPORTED,2026-09-30,
Batch 32 Wave 03,B32W3E0324,Career,C001514,start,2024,B32W3S0045,クラブ所属履歴 > 「2024-25 信州」,所属履歴の最初のシーズン2024-25の開始年,SUPPORTED,2026-09-30,
Batch 32 Wave 03,B32W3E0325,Career,C001514,end,2025,B32W3S0045,クラブ所属履歴 > 「2024-25 信州」,所属履歴の最後のシーズン2024-25の終了年,SUPPORTED,2026-09-30,
Batch 32 Wave 03,B32W3E0326,Career,C001515,organization_id,ORG000114,B32W3S0045,クラブ所属履歴 > 「2025-26 SR渋谷」〜「2026-27 東京SR」,B.LEAGUE公式の所属履歴で在籍を確認（略称表記）,SUPPORTED,2026-09-30,
Batch 32 Wave 03,B32W3E0327,Career,C001515,organization_id,ORG000114,B32W3S0025,順位表 > クラブ「サンロッカーズ渋谷」（略称「SR渋谷」、club_detail TeamID=726）,公式順位表で略称とクラブ名・TeamIDの対応を確認,SUPPORTED,2026-09-30,
Batch 32 Wave 03,B32W3E0328,Career,C001515,start,2025,B32W3S0045,クラブ所属履歴 > 「2025-26 SR渋谷」,所属履歴の最初のシーズン2025-26の開始年,SUPPORTED,2026-09-30,
Batch 32 Wave 03,B32W3E0329,Career,C001515,organization_id,ORG000114,B32W3S0044,選手一覧 > 東京SR > 狩野 富成,2026-27シーズンの公式選手一覧で現所属を確認,SUPPORTED,2026-09-30,
Batch 32 Wave 03,B32W3E0330,Person,P000340,name,永吉 佑也,B32W3S0047,基本情報 > 選手名,B.LEAGUE公式プロフィールで氏名を確認,SUPPORTED,2026-09-30,
Batch 32 Wave 03,B32W3E0331,Person,P000340,birth_date,1991-07-14,B32W3S0047,基本情報 > 生年月日：1991年7月14日,B.LEAGUE公式プロフィールで生年月日を確認,SUPPORTED,2026-09-30,
Batch 32 Wave 03,B32W3E0332,Career,C001516,organization_id,ORG000194,B32W3S0047,基本情報 > 出身校（高）：私立延岡学園高等学校,B.LEAGUE公式プロフィールで出身校（高）を確認,SUPPORTED,2026-09-30,
Batch 32 Wave 03,B32W3E0333,Career,C001517,organization_id,ORG000030,B32W3S0047,基本情報 > 出身校（大）：青山学院大学,B.LEAGUE公式プロフィールで出身校（大）を確認,SUPPORTED,2026-09-30,
Batch 32 Wave 03,B32W3E0334,Career,C001518,organization_id,ORG000122,B32W3S0047,クラブ所属履歴 > 「2016-17 川崎」,B.LEAGUE公式の所属履歴で在籍を確認（略称表記）,SUPPORTED,2026-09-30,
Batch 32 Wave 03,B32W3E0335,Career,C001518,organization_id,ORG000122,B32W3S0033,順位表 > クラブ「川崎ブレイブサンダース」（略称「川崎」、club_detail TeamID=727）,公式順位表で略称とクラブ名・TeamIDの対応を確認,SUPPORTED,2026-09-30,
Batch 32 Wave 03,B32W3E0336,Career,C001518,start,2016,B32W3S0047,クラブ所属履歴 > 「2016-17 川崎」,所属履歴の最初のシーズン2016-17の開始年,SUPPORTED,2026-09-30,
Batch 32 Wave 03,B32W3E0337,Career,C001518,end,2017,B32W3S0047,クラブ所属履歴 > 「2016-17 川崎」,所属履歴の最後のシーズン2016-17の終了年,SUPPORTED,2026-09-30,
Batch 32 Wave 03,B32W3E0338,Career,C001519,organization_id,ORG000042,B32W3S0047,クラブ所属履歴 > 「2017-18 京都」〜「2021-22 京都」,B.LEAGUE公式の所属履歴で在籍を確認（略称表記）,SUPPORTED,2026-09-30,
Batch 32 Wave 03,B32W3E0339,Career,C001519,organization_id,ORG000042,B32W3S0034,順位表 > クラブ「京都ハンナリーズ」（略称「京都」、club_detail TeamID=699）,公式順位表で略称とクラブ名・TeamIDの対応を確認,SUPPORTED,2026-09-30,
Batch 32 Wave 03,B32W3E0340,Career,C001519,start,2017,B32W3S0047,クラブ所属履歴 > 「2017-18 京都」,所属履歴の最初のシーズン2017-18の開始年,SUPPORTED,2026-09-30,
Batch 32 Wave 03,B32W3E0341,Career,C001519,end,2022,B32W3S0047,クラブ所属履歴 > 「2021-22 京都」,所属履歴の最後のシーズン2021-22の終了年,SUPPORTED,2026-09-30,
Batch 32 Wave 03,B32W3E0342,Career,C001520,organization_id,ORG000040,B32W3S0047,クラブ所属履歴 > 「2022-23 福岡」,B.LEAGUE公式の所属履歴で在籍を確認（略称表記）,SUPPORTED,2026-09-30,
Batch 32 Wave 03,B32W3E0343,Career,C001520,organization_id,ORG000040,B32W3S0048,順位表 > クラブ「ライジングゼファー福岡」（略称「福岡」、club_detail TeamID=753）,公式順位表で略称とクラブ名・TeamIDの対応を確認,SUPPORTED,2026-09-30,
Batch 32 Wave 03,B32W3E0344,Career,C001520,start,2022,B32W3S0047,クラブ所属履歴 > 「2022-23 福岡」,所属履歴の最初のシーズン2022-23の開始年,SUPPORTED,2026-09-30,
Batch 32 Wave 03,B32W3E0345,Career,C001520,end,2023,B32W3S0047,クラブ所属履歴 > 「2022-23 福岡」,所属履歴の最後のシーズン2022-23の終了年,SUPPORTED,2026-09-30,
Batch 32 Wave 03,B32W3E0346,Career,C001521,organization_id,ORG000114,B32W3S0047,クラブ所属履歴 > 「2023-24 SR渋谷」〜「2026-27 東京SR」,B.LEAGUE公式の所属履歴で在籍を確認（略称表記）,SUPPORTED,2026-09-30,
Batch 32 Wave 03,B32W3E0347,Career,C001521,organization_id,ORG000114,B32W3S0004,順位表 > クラブ「サンロッカーズ渋谷」（略称「SR渋谷」、club_detail TeamID=726）,公式順位表で略称とクラブ名・TeamIDの対応を確認,SUPPORTED,2026-09-30,
Batch 32 Wave 03,B32W3E0348,Career,C001521,start,2023,B32W3S0047,クラブ所属履歴 > 「2023-24 SR渋谷」,所属履歴の最初のシーズン2023-24の開始年,SUPPORTED,2026-09-30,
Batch 32 Wave 03,B32W3E0349,Career,C001521,organization_id,ORG000114,B32W3S0044,選手一覧 > 東京SR > 永吉 佑也,2026-27シーズンの公式選手一覧で現所属を確認,SUPPORTED,2026-09-30,
Batch 32 Wave 03,B32W3E0350,Person,P000341,name,野﨑 零也,B32W3S0049,基本情報 > 選手名,B.LEAGUE公式プロフィールで氏名を確認,SUPPORTED,2026-09-30,
Batch 32 Wave 03,B32W3E0351,Person,P000341,birth_date,1995-09-08,B32W3S0049,基本情報 > 生年月日：1995年9月8日,B.LEAGUE公式プロフィールで生年月日を確認,SUPPORTED,2026-09-30,
Batch 32 Wave 03,B32W3E0352,Career,C001522,organization_id,ORG000180,B32W3S0049,クラブ所属履歴 > 「2016-17 FE名古屋」〜「2018-19 FE名古屋」,B.LEAGUE公式の所属履歴で在籍を確認（略称表記）,SUPPORTED,2026-09-30,
Batch 32 Wave 03,B32W3E0353,Career,C001522,organization_id,ORG000180,B32W3S0018,順位表 > クラブ「Fイーグルス名古屋」（略称「FE名古屋」、club_detail TeamID=717）,公式順位表で略称とクラブ名・TeamIDの対応を確認,SUPPORTED,2026-09-30,
Batch 32 Wave 03,B32W3E0354,Career,C001522,start,2016,B32W3S0049,クラブ所属履歴 > 「2016-17 FE名古屋」,所属履歴の最初のシーズン2016-17の開始年,SUPPORTED,2026-09-30,
Batch 32 Wave 03,B32W3E0355,Career,C001522,end,2019,B32W3S0049,クラブ所属履歴 > 「2018-19 FE名古屋」,所属履歴の最後のシーズン2018-19の終了年,SUPPORTED,2026-09-30,
Batch 32 Wave 03,B32W3E0356,Career,C001523,organization_id,ORG000143,B32W3S0049,クラブ所属履歴 > 「2019-20 群馬」〜「2020-21 群馬」,B.LEAGUE公式の所属履歴で在籍を確認（略称表記）,SUPPORTED,2026-09-30,
Batch 32 Wave 03,B32W3E0357,Career,C001523,organization_id,ORG000143,B32W3S0039,順位表 > クラブ「群馬クレインサンダーズ」（略称「群馬」、club_detail TeamID=713）,公式順位表で略称とクラブ名・TeamIDの対応を確認,SUPPORTED,2026-09-30,
Batch 32 Wave 03,B32W3E0358,Career,C001523,start,2019,B32W3S0049,クラブ所属履歴 > 「2019-20 群馬」,所属履歴の最初のシーズン2019-20の開始年,SUPPORTED,2026-09-30,
Batch 32 Wave 03,B32W3E0359,Career,C001523,end,2021,B32W3S0049,クラブ所属履歴 > 「2020-21 群馬」,所属履歴の最後のシーズン2020-21の終了年,SUPPORTED,2026-09-30,
Batch 32 Wave 03,B32W3E0360,Career,C001524,organization_id,ORG000180,B32W3S0049,クラブ所属履歴 > 「2021-22 FE名古屋」〜「2022-23 FE名古屋」,B.LEAGUE公式の所属履歴で在籍を確認（略称表記）,SUPPORTED,2026-09-30,
Batch 32 Wave 03,B32W3E0361,Career,C001524,organization_id,ORG000180,B32W3S0050,順位表 > クラブ「ファイティングイーグルス名古屋」（略称「FE名古屋」、club_detail TeamID=717）,公式順位表で略称とクラブ名・TeamIDの対応を確認,SUPPORTED,2026-09-30,
Batch 32 Wave 03,B32W3E0362,Career,C001524,start,2021,B32W3S0049,クラブ所属履歴 > 「2021-22 FE名古屋」,所属履歴の最初のシーズン2021-22の開始年,SUPPORTED,2026-09-30,
Batch 32 Wave 03,B32W3E0363,Career,C001524,end,2023,B32W3S0049,クラブ所属履歴 > 「2022-23 FE名古屋」,所属履歴の最後のシーズン2022-23の終了年,SUPPORTED,2026-09-30,
Batch 32 Wave 03,B32W3E0364,Career,C001525,organization_id,ORG000122,B32W3S0049,クラブ所属履歴 > 「2023-24 川崎」〜「2024-25 川崎」,B.LEAGUE公式の所属履歴で在籍を確認（略称表記）,SUPPORTED,2026-09-30,
Batch 32 Wave 03,B32W3E0365,Career,C001525,organization_id,ORG000122,B32W3S0004,順位表 > クラブ「川崎ブレイブサンダース」（略称「川崎」、club_detail TeamID=727）,公式順位表で略称とクラブ名・TeamIDの対応を確認,SUPPORTED,2026-09-30,
Batch 32 Wave 03,B32W3E0366,Career,C001525,start,2023,B32W3S0049,クラブ所属履歴 > 「2023-24 川崎」,所属履歴の最初のシーズン2023-24の開始年,SUPPORTED,2026-09-30,
Batch 32 Wave 03,B32W3E0367,Career,C001525,end,2025,B32W3S0049,クラブ所属履歴 > 「2024-25 川崎」,所属履歴の最後のシーズン2024-25の終了年,SUPPORTED,2026-09-30,
Batch 32 Wave 03,B32W3E0368,Career,C001526,organization_id,ORG000114,B32W3S0049,クラブ所属履歴 > 「2025-26 SR渋谷」〜「2026-27 東京SR」,B.LEAGUE公式の所属履歴で在籍を確認（略称表記）,SUPPORTED,2026-09-30,
Batch 32 Wave 03,B32W3E0369,Career,C001526,organization_id,ORG000114,B32W3S0025,順位表 > クラブ「サンロッカーズ渋谷」（略称「SR渋谷」、club_detail TeamID=726）,公式順位表で略称とクラブ名・TeamIDの対応を確認,SUPPORTED,2026-09-30,
Batch 32 Wave 03,B32W3E0370,Career,C001526,start,2025,B32W3S0049,クラブ所属履歴 > 「2025-26 SR渋谷」,所属履歴の最初のシーズン2025-26の開始年,SUPPORTED,2026-09-30,
Batch 32 Wave 03,B32W3E0371,Career,C001526,organization_id,ORG000114,B32W3S0044,選手一覧 > 東京SR > 野﨑 零也,2026-27シーズンの公式選手一覧で現所属を確認,SUPPORTED,2026-09-30,
Batch 32 Wave 03,B32W3E0372,Person,P000342,name,ベンドラメ 礼生,B32W3S0051,基本情報 > 選手名,B.LEAGUE公式プロフィールで氏名を確認,SUPPORTED,2026-09-30,
Batch 32 Wave 03,B32W3E0373,Person,P000342,birth_date,1993-11-14,B32W3S0051,基本情報 > 生年月日：1993年11月14日,B.LEAGUE公式プロフィールで生年月日を確認,SUPPORTED,2026-09-30,
Batch 32 Wave 03,B32W3E0374,Career,C001527,organization_id,ORG000114,B32W3S0051,クラブ所属履歴 > 「2016-17 SR渋谷」〜「2026-27 東京SR」,B.LEAGUE公式の所属履歴で在籍を確認（略称表記）,SUPPORTED,2026-09-30,
Batch 32 Wave 03,B32W3E0375,Career,C001527,organization_id,ORG000114,B32W3S0033,順位表 > クラブ「サンロッカーズ渋谷」（略称「SR渋谷」、club_detail TeamID=726）,公式順位表で略称とクラブ名・TeamIDの対応を確認,SUPPORTED,2026-09-30,
Batch 32 Wave 03,B32W3E0376,Career,C001527,start,2016,B32W3S0051,クラブ所属履歴 > 「2016-17 SR渋谷」,所属履歴の最初のシーズン2016-17の開始年,SUPPORTED,2026-09-30,
Batch 32 Wave 03,B32W3E0377,Career,C001527,organization_id,ORG000114,B32W3S0044,選手一覧 > 東京SR > ベンドラメ 礼生,2026-27シーズンの公式選手一覧で現所属を確認,SUPPORTED,2026-09-30,
Batch 32 Wave 03,B32W3E0378,Person,P000343,name,ジョシュ・ホーキンソン,B32W3S0052,基本情報 > 選手名,B.LEAGUE公式プロフィールで氏名を確認,SUPPORTED,2026-09-30,
Batch 32 Wave 03,B32W3E0379,Person,P000343,birth_date,1995-06-23,B32W3S0052,基本情報 > 生年月日：1995年6月23日,B.LEAGUE公式プロフィールで生年月日を確認,SUPPORTED,2026-09-30,
Batch 32 Wave 03,B32W3E0380,Career,C001528,organization_id,ORG000180,B32W3S0052,クラブ所属履歴 > 「2017-18 FE名古屋」〜「2019-20 FE名古屋」,B.LEAGUE公式の所属履歴で在籍を確認（略称表記）,SUPPORTED,2026-09-30,
Batch 32 Wave 03,B32W3E0381,Career,C001528,organization_id,ORG000180,B32W3S0028,順位表 > クラブ「Fイーグルス名古屋」（略称「FE名古屋」、club_detail TeamID=717）,公式順位表で略称とクラブ名・TeamIDの対応を確認,SUPPORTED,2026-09-30,
Batch 32 Wave 03,B32W3E0382,Career,C001528,start,2017,B32W3S0052,クラブ所属履歴 > 「2017-18 FE名古屋」,所属履歴の最初のシーズン2017-18の開始年,SUPPORTED,2026-09-30,
Batch 32 Wave 03,B32W3E0383,Career,C001528,end,2020,B32W3S0052,クラブ所属履歴 > 「2019-20 FE名古屋」,所属履歴の最後のシーズン2019-20の終了年,SUPPORTED,2026-09-30,
Batch 32 Wave 03,B32W3E0384,Career,C001529,organization_id,ORG000150,B32W3S0052,クラブ所属履歴 > 「2020-21 信州」〜「2022-23 信州」,B.LEAGUE公式の所属履歴で在籍を確認（略称表記）,SUPPORTED,2026-09-30,
Batch 32 Wave 03,B32W3E0385,Career,C001529,organization_id,ORG000150,B32W3S0009,順位表 > クラブ「信州ブレイブウォリアーズ」（略称「信州」、club_detail TeamID=716）,公式順位表で略称とクラブ名・TeamIDの対応を確認,SUPPORTED,2026-09-30,
Batch 32 Wave 03,B32W3E0386,Career,C001529,start,2020,B32W3S0052,クラブ所属履歴 > 「2020-21 信州」,所属履歴の最初のシーズン2020-21の開始年,SUPPORTED,2026-09-30,
Batch 32 Wave 03,B32W3E0387,Career,C001529,end,2023,B32W3S0052,クラブ所属履歴 > 「2022-23 信州」,所属履歴の最後のシーズン2022-23の終了年,SUPPORTED,2026-09-30,
Batch 32 Wave 03,B32W3E0388,Career,C001530,organization_id,ORG000114,B32W3S0052,クラブ所属履歴 > 「2023-24 SR渋谷」〜「2026-27 東京SR」,B.LEAGUE公式の所属履歴で在籍を確認（略称表記）,SUPPORTED,2026-09-30,
Batch 32 Wave 03,B32W3E0389,Career,C001530,organization_id,ORG000114,B32W3S0004,順位表 > クラブ「サンロッカーズ渋谷」（略称「SR渋谷」、club_detail TeamID=726）,公式順位表で略称とクラブ名・TeamIDの対応を確認,SUPPORTED,2026-09-30,
Batch 32 Wave 03,B32W3E0390,Career,C001530,start,2023,B32W3S0052,クラブ所属履歴 > 「2023-24 SR渋谷」,所属履歴の最初のシーズン2023-24の開始年,SUPPORTED,2026-09-30,
Batch 32 Wave 03,B32W3E0391,Career,C001530,organization_id,ORG000114,B32W3S0044,選手一覧 > 東京SR > ジョシュ・ホーキンソン,2026-27シーズンの公式選手一覧で現所属を確認,SUPPORTED,2026-09-30,
Batch 32 Wave 03,B32W3E0392,Person,P000344,name,山際 爽吾,B32W3S0053,基本情報 > 選手名,B.LEAGUE公式プロフィールで氏名を確認,SUPPORTED,2026-09-30,
Batch 32 Wave 03,B32W3E0393,Person,P000344,birth_date,2002-04-12,B32W3S0053,基本情報 > 生年月日：2002年4月12日,B.LEAGUE公式プロフィールで生年月日を確認,SUPPORTED,2026-09-30,
Batch 32 Wave 03,B32W3E0394,Career,C001531,organization_id,ORG000173,B32W3S0053,クラブ所属履歴 > 「2024-25 岩手」〜「2025-26 岩手」,B.LEAGUE公式の所属履歴で在籍を確認（略称表記）,SUPPORTED,2026-09-30,
Batch 32 Wave 03,B32W3E0395,Career,C001531,organization_id,ORG000173,B32W3S0054,順位表 > クラブ「岩手ビッグブルズ」（略称「岩手」、club_detail TeamID=709）,公式順位表で略称とクラブ名・TeamIDの対応を確認,SUPPORTED,2026-09-30,
Batch 32 Wave 03,B32W3E0396,Career,C001531,start,2024,B32W3S0053,クラブ所属履歴 > 「2024-25 岩手」,所属履歴の最初のシーズン2024-25の開始年,SUPPORTED,2026-09-30,
Batch 32 Wave 03,B32W3E0397,Career,C001531,end,2026,B32W3S0053,クラブ所属履歴 > 「2025-26 岩手」,所属履歴の最後のシーズン2025-26の終了年,SUPPORTED,2026-09-30,
Batch 32 Wave 03,B32W3E0398,Career,C001532,organization_id,ORG000114,B32W3S0053,クラブ所属履歴 > 「2026-27 東京SR」,B.LEAGUE公式の所属履歴で在籍を確認（略称表記）,SUPPORTED,2026-09-30,
Batch 32 Wave 03,B32W3E0399,Career,C001532,organization_id,ORG000114,B32W3S0006,順位表 > クラブ「東京サンロッカーズ」（略称「東京SR」、club_detail TeamID=726）,公式順位表で略称とクラブ名・TeamIDの対応を確認,SUPPORTED,2026-09-30,
Batch 32 Wave 03,B32W3E0400,Career,C001532,start,2026,B32W3S0053,クラブ所属履歴 > 「2026-27 東京SR」,所属履歴の最初のシーズン2026-27の開始年,SUPPORTED,2026-09-30,
Batch 32 Wave 03,B32W3E0401,Career,C001532,organization_id,ORG000114,B32W3S0044,選手一覧 > 東京SR > 山際 爽吾,2026-27シーズンの公式選手一覧で現所属を確認,SUPPORTED,2026-09-30,
Batch 32 Wave 03,B32W3E0402,Person,P000345,name,山﨑 一渉,B32W3S0055,基本情報 > 選手名,B.LEAGUE公式プロフィールで氏名を確認,SUPPORTED,2026-09-30,
Batch 32 Wave 03,B32W3E0403,Person,P000345,birth_date,2003-07-10,B32W3S0055,基本情報 > 生年月日：2003年7月10日,B.LEAGUE公式プロフィールで生年月日を確認,SUPPORTED,2026-09-30,
Batch 32 Wave 03,B32W3E0404,Career,C001533,organization_id,ORG000114,B32W3S0055,クラブ所属履歴 > 「2026-27 東京SR」,B.LEAGUE公式の所属履歴で在籍を確認（略称表記）,SUPPORTED,2026-09-30,
Batch 32 Wave 03,B32W3E0405,Career,C001533,organization_id,ORG000114,B32W3S0006,順位表 > クラブ「東京サンロッカーズ」（略称「東京SR」、club_detail TeamID=726）,公式順位表で略称とクラブ名・TeamIDの対応を確認,SUPPORTED,2026-09-30,
Batch 32 Wave 03,B32W3E0406,Career,C001533,start,2026,B32W3S0055,クラブ所属履歴 > 「2026-27 東京SR」,所属履歴の最初のシーズン2026-27の開始年,SUPPORTED,2026-09-30,
Batch 32 Wave 03,B32W3E0407,Career,C001533,organization_id,ORG000114,B32W3S0044,選手一覧 > 東京SR > 山﨑 一渉,2026-27シーズンの公式選手一覧で現所属を確認,SUPPORTED,2026-09-30,
Batch 32 Wave 03,B32W3E0408,Person,P000346,name,荒谷 裕秀,B32W3S0056,基本情報 > 選手名,B.LEAGUE公式プロフィールで氏名を確認,SUPPORTED,2026-09-30,
Batch 32 Wave 03,B32W3E0409,Person,P000346,birth_date,1998-12-05,B32W3S0056,基本情報 > 生年月日：1998年12月5日,B.LEAGUE公式プロフィールで生年月日を確認,SUPPORTED,2026-09-30,
Batch 32 Wave 03,B32W3E0410,Career,C001534,organization_id,ORG000302,B32W3S0056,基本情報 > 出身校（高）：東北高等学校,B.LEAGUE公式プロフィールで出身校（高）を確認,SUPPORTED,2026-09-30,
Batch 32 Wave 03,B32W3E0411,Career,C001535,organization_id,ORG000208,B32W3S0056,基本情報 > 出身校（大）：白鴎大学,B.LEAGUE公式プロフィールで出身校（大）を確認,SUPPORTED,2026-09-30,
Batch 32 Wave 03,B32W3E0412,Career,C001536,organization_id,ORG000047,B32W3S0056,クラブ所属履歴 > 「2020-21 宇都宮」〜「2022-23 宇都宮」,B.LEAGUE公式の所属履歴で在籍を確認（略称表記）,SUPPORTED,2026-09-30,
Batch 32 Wave 03,B32W3E0413,Career,C001536,organization_id,ORG000047,B32W3S0009,順位表 > クラブ「宇都宮ブレックス」（略称「宇都宮」、club_detail TeamID=703）,公式順位表で略称とクラブ名・TeamIDの対応を確認,SUPPORTED,2026-09-30,
Batch 32 Wave 03,B32W3E0414,Career,C001536,start,2020,B32W3S0056,クラブ所属履歴 > 「2020-21 宇都宮」,所属履歴の最初のシーズン2020-21の開始年,SUPPORTED,2026-09-30,
Batch 32 Wave 03,B32W3E0415,Career,C001536,end,2023,B32W3S0056,クラブ所属履歴 > 「2022-23 宇都宮」,所属履歴の最後のシーズン2022-23の終了年,SUPPORTED,2026-09-30,
Batch 32 Wave 03,B32W3E0416,Career,C001537,organization_id,ORG000135,B32W3S0056,クラブ所属履歴 > 「2023-24 長崎」〜「2024-25 長崎」,B.LEAGUE公式の所属履歴で在籍を確認（略称表記）,SUPPORTED,2026-09-30,
Batch 32 Wave 03,B32W3E0417,Career,C001537,organization_id,ORG000135,B32W3S0004,順位表 > クラブ「長崎ヴェルカ」（略称「長崎」、club_detail TeamID=2488）,公式順位表で略称とクラブ名・TeamIDの対応を確認,SUPPORTED,2026-09-30,
Batch 32 Wave 03,B32W3E0418,Career,C001537,start,2023,B32W3S0056,クラブ所属履歴 > 「2023-24 長崎」,所属履歴の最初のシーズン2023-24の開始年,SUPPORTED,2026-09-30,
Batch 32 Wave 03,B32W3E0419,Career,C001537,end,2025,B32W3S0056,クラブ所属履歴 > 「2024-25 長崎」,所属履歴の最後のシーズン2024-25の終了年,SUPPORTED,2026-09-30,
Batch 32 Wave 03,B32W3E0420,Career,C001538,organization_id,ORG000132,B32W3S0056,クラブ所属履歴 > 「2024-25 仙台」〜「2025-26 仙台」,B.LEAGUE公式の所属履歴で在籍を確認（略称表記）,SUPPORTED,2026-09-30,
Batch 32 Wave 03,B32W3E0421,Career,C001538,organization_id,ORG000132,B32W3S0023,順位表 > クラブ「仙台89ERS」（略称「仙台」、club_detail TeamID=692）,公式順位表で略称とクラブ名・TeamIDの対応を確認,SUPPORTED,2026-09-30,
Batch 32 Wave 03,B32W3E0422,Career,C001538,start,2024,B32W3S0056,クラブ所属履歴 > 「2024-25 仙台」,所属履歴の最初のシーズン2024-25の開始年,SUPPORTED,2026-09-30,
Batch 32 Wave 03,B32W3E0423,Career,C001538,end,2026,B32W3S0056,クラブ所属履歴 > 「2025-26 仙台」,所属履歴の最後のシーズン2025-26の終了年,SUPPORTED,2026-09-30,
Batch 32 Wave 03,B32W3E0424,Career,C001539,organization_id,ORG000122,B32W3S0056,クラブ所属履歴 > 「2026-27 川崎」,B.LEAGUE公式の所属履歴で在籍を確認（略称表記）,SUPPORTED,2026-09-30,
Batch 32 Wave 03,B32W3E0425,Career,C001539,organization_id,ORG000122,B32W3S0006,順位表 > クラブ「川崎ブレイブサンダース」（略称「川崎」、club_detail TeamID=727）,公式順位表で略称とクラブ名・TeamIDの対応を確認,SUPPORTED,2026-09-30,
Batch 32 Wave 03,B32W3E0426,Career,C001539,start,2026,B32W3S0056,クラブ所属履歴 > 「2026-27 川崎」,所属履歴の最初のシーズン2026-27の開始年,SUPPORTED,2026-09-30,
Batch 32 Wave 03,B32W3E0427,Career,C001539,organization_id,ORG000122,B32W3S0057,選手一覧 > 川崎 > 荒谷 裕秀,2026-27シーズンの公式選手一覧で現所属を確認,SUPPORTED,2026-09-30,
Batch 32 Wave 03,B32W3E0428,Person,P000347,name,伊久江 ロイ英輝,B32W3S0058,基本情報 > 選手名,B.LEAGUE公式プロフィールで氏名を確認,SUPPORTED,2026-09-30,
Batch 32 Wave 03,B32W3E0429,Person,P000347,birth_date,2004-08-26,B32W3S0058,基本情報 > 生年月日：2004年8月26日,B.LEAGUE公式プロフィールで生年月日を確認,SUPPORTED,2026-09-30,
Batch 32 Wave 03,B32W3E0430,Career,C001540,organization_id,ORG000322,B32W3S0058,基本情報 > 出身校（高）：St. Mary’s International School / Tokyo Samurai,B.LEAGUE公式プロフィールで出身校（高）を確認,SUPPORTED,2026-09-30,
Batch 32 Wave 03,B32W3E0431,Career,C001541,organization_id,ORG000323,B32W3S0058,基本情報 > 出身校（大）：ハワイ大学マノア校,B.LEAGUE公式プロフィールで出身校（大）を確認,SUPPORTED,2026-09-30,
Batch 32 Wave 03,B32W3E0432,Career,C001542,organization_id,ORG000122,B32W3S0058,クラブ所属履歴 > 「2025-26 川崎」〜「2026-27 川崎」,B.LEAGUE公式の所属履歴で在籍を確認（略称表記）,SUPPORTED,2026-09-30,
Batch 32 Wave 03,B32W3E0433,Career,C001542,organization_id,ORG000122,B32W3S0025,順位表 > クラブ「川崎ブレイブサンダース」（略称「川崎」、club_detail TeamID=727）,公式順位表で略称とクラブ名・TeamIDの対応を確認,SUPPORTED,2026-09-30,
Batch 32 Wave 03,B32W3E0434,Career,C001542,start,2025,B32W3S0058,クラブ所属履歴 > 「2025-26 川崎」,所属履歴の最初のシーズン2025-26の開始年,SUPPORTED,2026-09-30,
Batch 32 Wave 03,B32W3E0435,Career,C001542,organization_id,ORG000122,B32W3S0057,選手一覧 > 川崎 > 伊久江 ロイ英輝,2026-27シーズンの公式選手一覧で現所属を確認,SUPPORTED,2026-09-30,
Batch 32 Wave 03,B32W3E0436,Person,P000348,name,アレックス・カーク,B32W3S0059,基本情報 > 選手名,B.LEAGUE公式プロフィールで氏名を確認,SUPPORTED,2026-09-30,
Batch 32 Wave 03,B32W3E0437,Person,P000348,birth_date,1991-11-14,B32W3S0059,基本情報 > 生年月日：1991年11月14日,B.LEAGUE公式プロフィールで生年月日を確認,SUPPORTED,2026-09-30,
Batch 32 Wave 03,B32W3E0438,Career,C001543,organization_id,ORG000324,B32W3S0059,基本情報 > 出身校（高）：Los Alamos High School,B.LEAGUE公式プロフィールで出身校（高）を確認,SUPPORTED,2026-09-30,
Batch 32 Wave 03,B32W3E0439,Career,C001544,organization_id,ORG000325,B32W3S0059,基本情報 > 出身校（大）：ニューメキシコ大学,B.LEAGUE公式プロフィールで出身校（大）を確認,SUPPORTED,2026-09-30,
Batch 32 Wave 03,B32W3E0440,Career,C001545,organization_id,ORG000109,B32W3S0059,クラブ所属履歴 > 「2017-18 A東京」〜「2022-23 A東京」,B.LEAGUE公式の所属履歴で在籍を確認（略称表記）,SUPPORTED,2026-09-30,
Batch 32 Wave 03,B32W3E0441,Career,C001545,organization_id,ORG000109,B32W3S0034,順位表 > クラブ「アルバルク東京」（略称「A東京」、club_detail TeamID=706）,公式順位表で略称とクラブ名・TeamIDの対応を確認,SUPPORTED,2026-09-30,
Batch 32 Wave 03,B32W3E0442,Career,C001545,start,2017,B32W3S0059,クラブ所属履歴 > 「2017-18 A東京」,所属履歴の最初のシーズン2017-18の開始年,SUPPORTED,2026-09-30,
Batch 32 Wave 03,B32W3E0443,Career,C001545,end,2023,B32W3S0059,クラブ所属履歴 > 「2022-23 A東京」,所属履歴の最後のシーズン2022-23の終了年,SUPPORTED,2026-09-30,
Batch 32 Wave 03,B32W3E0444,Career,C001546,organization_id,ORG000106,B32W3S0059,クラブ所属履歴 > 「2023-24 琉球」〜「2025-26 琉球」,B.LEAGUE公式の所属履歴で在籍を確認（略称表記）,SUPPORTED,2026-09-30,
Batch 32 Wave 03,B32W3E0445,Career,C001546,organization_id,ORG000106,B32W3S0004,順位表 > クラブ「琉球ゴールデンキングス」（略称「琉球」、club_detail TeamID=701）,公式順位表で略称とクラブ名・TeamIDの対応を確認,SUPPORTED,2026-09-30,
Batch 32 Wave 03,B32W3E0446,Career,C001546,start,2023,B32W3S0059,クラブ所属履歴 > 「2023-24 琉球」,所属履歴の最初のシーズン2023-24の開始年,SUPPORTED,2026-09-30,
Batch 32 Wave 03,B32W3E0447,Career,C001546,end,2026,B32W3S0059,クラブ所属履歴 > 「2025-26 琉球」,所属履歴の最後のシーズン2025-26の終了年,SUPPORTED,2026-09-30,
Batch 32 Wave 03,B32W3E0448,Career,C001547,organization_id,ORG000122,B32W3S0059,クラブ所属履歴 > 「2026-27 川崎」,B.LEAGUE公式の所属履歴で在籍を確認（略称表記）,SUPPORTED,2026-09-30,
Batch 32 Wave 03,B32W3E0449,Career,C001547,organization_id,ORG000122,B32W3S0006,順位表 > クラブ「川崎ブレイブサンダース」（略称「川崎」、club_detail TeamID=727）,公式順位表で略称とクラブ名・TeamIDの対応を確認,SUPPORTED,2026-09-30,
Batch 32 Wave 03,B32W3E0450,Career,C001547,start,2026,B32W3S0059,クラブ所属履歴 > 「2026-27 川崎」,所属履歴の最初のシーズン2026-27の開始年,SUPPORTED,2026-09-30,
Batch 32 Wave 03,B32W3E0451,Career,C001547,organization_id,ORG000122,B32W3S0057,選手一覧 > 川崎 > アレックス・カーク,2026-27シーズンの公式選手一覧で現所属を確認,SUPPORTED,2026-09-30,
Batch 32 Wave 03,B32W3E0452,Person,P000349,name,津山 尚大,B32W3S0060,基本情報 > 選手名,B.LEAGUE公式プロフィールで氏名を確認,SUPPORTED,2026-09-30,
Batch 32 Wave 03,B32W3E0453,Person,P000349,birth_date,1996-04-16,B32W3S0060,基本情報 > 生年月日：1996年4月16日,B.LEAGUE公式プロフィールで生年月日を確認,SUPPORTED,2026-09-30,
Batch 32 Wave 03,B32W3E0454,Career,C001548,organization_id,ORG000127,B32W3S0060,基本情報 > 出身校（高）：福岡大学付属大濠高等学校,B.LEAGUE公式プロフィールで出身校（高）を確認,SUPPORTED,2026-09-30,
Batch 32 Wave 03,B32W3E0455,Career,C001549,organization_id,ORG000106,B32W3S0060,クラブ所属履歴 > 「2016-17 琉球」〜「2017-18 琉球」,B.LEAGUE公式の所属履歴で在籍を確認（略称表記）,SUPPORTED,2026-09-30,
Batch 32 Wave 03,B32W3E0456,Career,C001549,organization_id,ORG000106,B32W3S0033,順位表 > クラブ「琉球ゴールデンキングス」（略称「琉球」、club_detail TeamID=701）,公式順位表で略称とクラブ名・TeamIDの対応を確認,SUPPORTED,2026-09-30,
Batch 32 Wave 03,B32W3E0457,Career,C001549,start,2016,B32W3S0060,クラブ所属履歴 > 「2016-17 琉球」,所属履歴の最初のシーズン2016-17の開始年,SUPPORTED,2026-09-30,
Batch 32 Wave 03,B32W3E0458,Career,C001549,end,2018,B32W3S0060,クラブ所属履歴 > 「2017-18 琉球」,所属履歴の最後のシーズン2017-18の終了年,SUPPORTED,2026-09-30,
Batch 32 Wave 03,B32W3E0459,Career,C001550,organization_id,ORG000040,B32W3S0060,クラブ所属履歴 > 「2018-19 福岡」,B.LEAGUE公式の所属履歴で在籍を確認（略称表記）,SUPPORTED,2026-09-30,
Batch 32 Wave 03,B32W3E0460,Career,C001550,organization_id,ORG000040,B32W3S0016,順位表 > クラブ「ライジングゼファー福岡」（略称「福岡」、club_detail TeamID=753）,公式順位表で略称とクラブ名・TeamIDの対応を確認,SUPPORTED,2026-09-30,
Batch 32 Wave 03,B32W3E0461,Career,C001550,start,2018,B32W3S0060,クラブ所属履歴 > 「2018-19 福岡」,所属履歴の最初のシーズン2018-19の開始年,SUPPORTED,2026-09-30,
Batch 32 Wave 03,B32W3E0462,Career,C001550,end,2019,B32W3S0060,クラブ所属履歴 > 「2018-19 福岡」,所属履歴の最後のシーズン2018-19の終了年,SUPPORTED,2026-09-30,
Batch 32 Wave 03,B32W3E0463,Career,C001551,organization_id,ORG000109,B32W3S0060,クラブ所属履歴 > 「2019-20 A東京」〜「2020-21 A東京」,B.LEAGUE公式の所属履歴で在籍を確認（略称表記）,SUPPORTED,2026-09-30,
Batch 32 Wave 03,B32W3E0464,Career,C001551,organization_id,ORG000109,B32W3S0022,順位表 > クラブ「アルバルク東京」（略称「A東京」、club_detail TeamID=706）,公式順位表で略称とクラブ名・TeamIDの対応を確認,SUPPORTED,2026-09-30,
Batch 32 Wave 03,B32W3E0465,Career,C001551,start,2019,B32W3S0060,クラブ所属履歴 > 「2019-20 A東京」,所属履歴の最初のシーズン2019-20の開始年,SUPPORTED,2026-09-30,
Batch 32 Wave 03,B32W3E0466,Career,C001551,end,2021,B32W3S0060,クラブ所属履歴 > 「2020-21 A東京」,所属履歴の最後のシーズン2020-21の終了年,SUPPORTED,2026-09-30,
Batch 32 Wave 03,B32W3E0467,Career,C001552,organization_id,ORG000097,B32W3S0060,クラブ所属履歴 > 「2021-22 三遠」,B.LEAGUE公式の所属履歴で在籍を確認（略称表記）,SUPPORTED,2026-09-30,
Batch 32 Wave 03,B32W3E0468,Career,C001552,organization_id,ORG000097,B32W3S0002,順位表 > クラブ「三遠ネオフェニックス」（略称「三遠」、club_detail TeamID=697）,公式順位表で略称とクラブ名・TeamIDの対応を確認,SUPPORTED,2026-09-30,
Batch 32 Wave 03,B32W3E0469,Career,C001552,start,2021,B32W3S0060,クラブ所属履歴 > 「2021-22 三遠」,所属履歴の最初のシーズン2021-22の開始年,SUPPORTED,2026-09-30,
Batch 32 Wave 03,B32W3E0470,Career,C001552,end,2022,B32W3S0060,クラブ所属履歴 > 「2021-22 三遠」,所属履歴の最後のシーズン2021-22の終了年,SUPPORTED,2026-09-30,
Batch 32 Wave 03,B32W3E0471,Career,C001553,organization_id,ORG000155,B32W3S0060,クラブ所属履歴 > 「2022-23 島根」〜「2024-25 島根」,B.LEAGUE公式の所属履歴で在籍を確認（略称表記）,SUPPORTED,2026-09-30,
Batch 32 Wave 03,B32W3E0472,Career,C001553,organization_id,ORG000155,B32W3S0003,順位表 > クラブ「島根スサノオマジック」（略称「島根」、club_detail TeamID=720）,公式順位表で略称とクラブ名・TeamIDの対応を確認,SUPPORTED,2026-09-30,
Batch 32 Wave 03,B32W3E0473,Career,C001553,start,2022,B32W3S0060,クラブ所属履歴 > 「2022-23 島根」,所属履歴の最初のシーズン2022-23の開始年,SUPPORTED,2026-09-30,
Batch 32 Wave 03,B32W3E0474,Career,C001553,end,2025,B32W3S0060,クラブ所属履歴 > 「2024-25 島根」,所属履歴の最後のシーズン2024-25の終了年,SUPPORTED,2026-09-30,
Batch 32 Wave 03,B32W3E0475,Career,C001554,organization_id,ORG000122,B32W3S0060,クラブ所属履歴 > 「2025-26 川崎」〜「2026-27 川崎」,B.LEAGUE公式の所属履歴で在籍を確認（略称表記）,SUPPORTED,2026-09-30,
Batch 32 Wave 03,B32W3E0476,Career,C001554,organization_id,ORG000122,B32W3S0025,順位表 > クラブ「川崎ブレイブサンダース」（略称「川崎」、club_detail TeamID=727）,公式順位表で略称とクラブ名・TeamIDの対応を確認,SUPPORTED,2026-09-30,
Batch 32 Wave 03,B32W3E0477,Career,C001554,start,2025,B32W3S0060,クラブ所属履歴 > 「2025-26 川崎」,所属履歴の最初のシーズン2025-26の開始年,SUPPORTED,2026-09-30,
Batch 32 Wave 03,B32W3E0478,Career,C001554,organization_id,ORG000122,B32W3S0057,選手一覧 > 川崎 > 津山 尚大,2026-27シーズンの公式選手一覧で現所属を確認,SUPPORTED,2026-09-30,
Batch 32 Wave 03,B32W3E0479,Person,P000350,name,長谷川 技,B32W3S0061,基本情報 > 選手名,B.LEAGUE公式プロフィールで氏名を確認,SUPPORTED,2026-09-30,
Batch 32 Wave 03,B32W3E0480,Person,P000350,birth_date,1989-07-21,B32W3S0061,基本情報 > 生年月日：1989年7月21日,B.LEAGUE公式プロフィールで生年月日を確認,SUPPORTED,2026-09-30,
Batch 32 Wave 03,B32W3E0481,Career,C001555,organization_id,ORG000159,B32W3S0061,基本情報 > 出身校（高）：秋田県立能代工業高等学校(現・秋田県立能代科学技術高等学校),B.LEAGUE公式プロフィールで出身校（高）を確認,SUPPORTED,2026-09-30,プロフィール上の表記は「秋田県立能代工業高等学校(現・秋田県立能代科学技術高等学校)」
Batch 32 Wave 03,B32W3E0482,Career,C001556,organization_id,ORG000031,B32W3S0061,基本情報 > 出身校（大）：拓殖大学,B.LEAGUE公式プロフィールで出身校（大）を確認,SUPPORTED,2026-09-30,
Batch 32 Wave 03,B32W3E0483,Career,C001557,organization_id,ORG000122,B32W3S0061,クラブ所属履歴 > 「2016-17 川崎」〜「2026-27 川崎」,B.LEAGUE公式の所属履歴で在籍を確認（略称表記）,SUPPORTED,2026-09-30,
Batch 32 Wave 03,B32W3E0484,Career,C001557,organization_id,ORG000122,B32W3S0033,順位表 > クラブ「川崎ブレイブサンダース」（略称「川崎」、club_detail TeamID=727）,公式順位表で略称とクラブ名・TeamIDの対応を確認,SUPPORTED,2026-09-30,
Batch 32 Wave 03,B32W3E0485,Career,C001557,start,2016,B32W3S0061,クラブ所属履歴 > 「2016-17 川崎」,所属履歴の最初のシーズン2016-17の開始年,SUPPORTED,2026-09-30,
Batch 32 Wave 03,B32W3E0486,Career,C001557,organization_id,ORG000122,B32W3S0057,選手一覧 > 川崎 > 長谷川 技,2026-27シーズンの公式選手一覧で現所属を確認,SUPPORTED,2026-09-30,
Batch 32 Wave 03,B32W3E0487,Person,P000351,name,石井 講祐,B32W3S0062,基本情報 > 選手名,B.LEAGUE公式プロフィールで氏名を確認,SUPPORTED,2026-09-30,
Batch 32 Wave 03,B32W3E0488,Person,P000351,birth_date,1987-09-29,B32W3S0062,基本情報 > 生年月日：1987年9月29日,B.LEAGUE公式プロフィールで生年月日を確認,SUPPORTED,2026-09-30,
Batch 32 Wave 03,B32W3E0489,Career,C001558,organization_id,ORG000326,B32W3S0062,基本情報 > 出身校（高）：千葉県立八千代高等学校,B.LEAGUE公式プロフィールで出身校（高）を確認,SUPPORTED,2026-09-30,
Batch 32 Wave 03,B32W3E0490,Career,C001559,organization_id,ORG000015,B32W3S0062,基本情報 > 出身校（大）：東海大学,B.LEAGUE公式プロフィールで出身校（大）を確認,SUPPORTED,2026-09-30,
Batch 32 Wave 03,B32W3E0491,Career,C001560,organization_id,ORG000118,B32W3S0062,クラブ所属履歴 > 「2016-17 千葉」〜「2018-19 千葉」,B.LEAGUE公式の所属履歴で在籍を確認（略称表記）,SUPPORTED,2026-09-30,
Batch 32 Wave 03,B32W3E0492,Career,C001560,organization_id,ORG000118,B32W3S0033,順位表 > クラブ「千葉ジェッツ」（略称「千葉」、club_detail TeamID=704）,公式順位表で略称とクラブ名・TeamIDの対応を確認,SUPPORTED,2026-09-30,
Batch 32 Wave 03,B32W3E0493,Career,C001560,start,2016,B32W3S0062,クラブ所属履歴 > 「2016-17 千葉」,所属履歴の最初のシーズン2016-17の開始年,SUPPORTED,2026-09-30,
Batch 32 Wave 03,B32W3E0494,Career,C001560,end,2019,B32W3S0062,クラブ所属履歴 > 「2018-19 千葉」,所属履歴の最後のシーズン2018-19の終了年,SUPPORTED,2026-09-30,
Batch 32 Wave 03,B32W3E0495,Career,C001561,organization_id,ORG000114,B32W3S0062,クラブ所属履歴 > 「2019-20 SR渋谷」〜「2022-23 SR渋谷」,B.LEAGUE公式の所属履歴で在籍を確認（略称表記）,SUPPORTED,2026-09-30,
Batch 32 Wave 03,B32W3E0496,Career,C001561,organization_id,ORG000114,B32W3S0022,順位表 > クラブ「サンロッカーズ渋谷」（略称「SR渋谷」、club_detail TeamID=726）,公式順位表で略称とクラブ名・TeamIDの対応を確認,SUPPORTED,2026-09-30,
Batch 32 Wave 03,B32W3E0497,Career,C001561,start,2019,B32W3S0062,クラブ所属履歴 > 「2019-20 SR渋谷」,所属履歴の最初のシーズン2019-20の開始年,SUPPORTED,2026-09-30,
Batch 32 Wave 03,B32W3E0498,Career,C001561,end,2023,B32W3S0062,クラブ所属履歴 > 「2022-23 SR渋谷」,所属履歴の最後のシーズン2022-23の終了年,SUPPORTED,2026-09-30,
Batch 32 Wave 03,B32W3E0499,Career,C001562,organization_id,ORG000130,B32W3S0062,クラブ所属履歴 > 「2023-24 三河」〜「2026-27 三河」,B.LEAGUE公式の所属履歴で在籍を確認（略称表記）,SUPPORTED,2026-09-30,
Batch 32 Wave 03,B32W3E0500,Career,C001562,organization_id,ORG000130,B32W3S0004,順位表 > クラブ「シーホース三河」（略称「三河」、club_detail TeamID=728）,公式順位表で略称とクラブ名・TeamIDの対応を確認,SUPPORTED,2026-09-30,
Batch 32 Wave 03,B32W3E0501,Career,C001562,start,2023,B32W3S0062,クラブ所属履歴 > 「2023-24 三河」,所属履歴の最初のシーズン2023-24の開始年,SUPPORTED,2026-09-30,
Batch 32 Wave 03,B32W3E0502,Career,C001562,organization_id,ORG000130,B32W3S0063,選手一覧 > 三河 > 石井 講祐,2026-27シーズンの公式選手一覧で現所属を確認,SUPPORTED,2026-09-30,
Batch 32 Wave 03,B32W3E0503,Person,P000352,name,久保田 義章,B32W3S0064,基本情報 > 選手名,B.LEAGUE公式プロフィールで氏名を確認,SUPPORTED,2026-09-30,
Batch 32 Wave 03,B32W3E0504,Person,P000352,birth_date,1997-10-05,B32W3S0064,基本情報 > 生年月日：1997年10月5日,B.LEAGUE公式プロフィールで生年月日を確認,SUPPORTED,2026-09-30,
Batch 32 Wave 03,B32W3E0505,Career,C001563,organization_id,ORG000327,B32W3S0064,基本情報 > 出身校（高）：折尾愛真高等学校,B.LEAGUE公式プロフィールで出身校（高）を確認,SUPPORTED,2026-09-30,
Batch 32 Wave 03,B32W3E0506,Career,C001564,organization_id,ORG000328,B32W3S0064,基本情報 > 出身校（大）：九州共立大学,B.LEAGUE公式プロフィールで出身校（大）を確認,SUPPORTED,2026-09-30,
Batch 32 Wave 03,B32W3E0507,Career,C001565,organization_id,ORG000042,B32W3S0064,クラブ所属履歴 > 「2019-20 京都」〜「2022-23 京都」,B.LEAGUE公式の所属履歴で在籍を確認（略称表記）,SUPPORTED,2026-09-30,
Batch 32 Wave 03,B32W3E0508,Career,C001565,organization_id,ORG000042,B32W3S0022,順位表 > クラブ「京都ハンナリーズ」（略称「京都」、club_detail TeamID=699）,公式順位表で略称とクラブ名・TeamIDの対応を確認,SUPPORTED,2026-09-30,
Batch 32 Wave 03,B32W3E0509,Career,C001565,start,2019,B32W3S0064,クラブ所属履歴 > 「2019-20 京都」,所属履歴の最初のシーズン2019-20の開始年,SUPPORTED,2026-09-30,
Batch 32 Wave 03,B32W3E0510,Career,C001565,end,2023,B32W3S0064,クラブ所属履歴 > 「2022-23 京都」,所属履歴の最後のシーズン2022-23の終了年,SUPPORTED,2026-09-30,
Batch 32 Wave 03,B32W3E0511,Career,C001566,organization_id,ORG000130,B32W3S0064,クラブ所属履歴 > 「2023-24 三河」〜「2026-27 三河」,B.LEAGUE公式の所属履歴で在籍を確認（略称表記）,SUPPORTED,2026-09-30,
Batch 32 Wave 03,B32W3E0512,Career,C001566,organization_id,ORG000130,B32W3S0004,順位表 > クラブ「シーホース三河」（略称「三河」、club_detail TeamID=728）,公式順位表で略称とクラブ名・TeamIDの対応を確認,SUPPORTED,2026-09-30,
Batch 32 Wave 03,B32W3E0513,Career,C001566,start,2023,B32W3S0064,クラブ所属履歴 > 「2023-24 三河」,所属履歴の最初のシーズン2023-24の開始年,SUPPORTED,2026-09-30,
Batch 32 Wave 03,B32W3E0514,Career,C001566,organization_id,ORG000130,B32W3S0063,選手一覧 > 三河 > 久保田 義章,2026-27シーズンの公式選手一覧で現所属を確認,SUPPORTED,2026-09-30,
Batch 32 Wave 03,B32W3E0515,Person,P000353,name,トーマス・ケネディ,B32W3S0065,基本情報 > 選手名,B.LEAGUE公式プロフィールで氏名を確認,SUPPORTED,2026-09-30,
Batch 32 Wave 03,B32W3E0516,Person,P000353,birth_date,1987-05-17,B32W3S0065,基本情報 > 生年月日：1987年5月17日,B.LEAGUE公式プロフィールで生年月日を確認,SUPPORTED,2026-09-30,
Batch 32 Wave 03,B32W3E0517,Career,C001567,organization_id,ORG000329,B32W3S0065,基本情報 > 出身校（高）：サウスイースト高等学校,B.LEAGUE公式プロフィールで出身校（高）を確認,SUPPORTED,2026-09-30,
Batch 32 Wave 03,B32W3E0518,Career,C001568,organization_id,ORG000330,B32W3S0065,基本情報 > 出身校（大）：デトロイトメルシー大学,B.LEAGUE公式プロフィールで出身校（大）を確認,SUPPORTED,2026-09-30,
Batch 32 Wave 03,B32W3E0519,Career,C001569,organization_id,ORG000143,B32W3S0065,クラブ所属履歴 > 「2016-17 群馬」〜「2018-19 群馬」,B.LEAGUE公式の所属履歴で在籍を確認（略称表記）,SUPPORTED,2026-09-30,
Batch 32 Wave 03,B32W3E0520,Career,C001569,organization_id,ORG000143,B32W3S0018,順位表 > クラブ「群馬クレインサンダーズ」（略称「群馬」、club_detail TeamID=713）,公式順位表で略称とクラブ名・TeamIDの対応を確認,SUPPORTED,2026-09-30,
Batch 32 Wave 03,B32W3E0521,Career,C001569,start,2016,B32W3S0065,クラブ所属履歴 > 「2016-17 群馬」,所属履歴の最初のシーズン2016-17の開始年,SUPPORTED,2026-09-30,
Batch 32 Wave 03,B32W3E0522,Career,C001569,end,2019,B32W3S0065,クラブ所属履歴 > 「2018-19 群馬」,所属履歴の最後のシーズン2018-19の終了年,SUPPORTED,2026-09-30,
Batch 32 Wave 03,B32W3E0523,Career,C001570,organization_id,ORG000110,B32W3S0065,クラブ所属履歴 > 「2019-20 広島」〜「2021-22 広島」,B.LEAGUE公式の所属履歴で在籍を確認（略称表記）,SUPPORTED,2026-09-30,
Batch 32 Wave 03,B32W3E0524,Career,C001570,organization_id,ORG000110,B32W3S0039,順位表 > クラブ「広島ドラゴンフライズ」（略称「広島」、club_detail TeamID=721）,公式順位表で略称とクラブ名・TeamIDの対応を確認,SUPPORTED,2026-09-30,
Batch 32 Wave 03,B32W3E0525,Career,C001570,start,2019,B32W3S0065,クラブ所属履歴 > 「2019-20 広島」,所属履歴の最初のシーズン2019-20の開始年,SUPPORTED,2026-09-30,
Batch 32 Wave 03,B32W3E0526,Career,C001570,end,2022,B32W3S0065,クラブ所属履歴 > 「2021-22 広島」,所属履歴の最後のシーズン2021-22の終了年,SUPPORTED,2026-09-30,
Batch 32 Wave 03,B32W3E0527,Career,C001571,organization_id,ORG000103,B32W3S0065,クラブ所属履歴 > 「2022-23 茨城」〜「2023-24 茨城」,B.LEAGUE公式の所属履歴で在籍を確認（略称表記）,SUPPORTED,2026-09-30,
Batch 32 Wave 03,B32W3E0528,Career,C001571,organization_id,ORG000103,B32W3S0003,順位表 > クラブ「茨城ロボッツ」（略称「茨城」、club_detail TeamID=712）,公式順位表で略称とクラブ名・TeamIDの対応を確認,SUPPORTED,2026-09-30,
Batch 32 Wave 03,B32W3E0529,Career,C001571,start,2022,B32W3S0065,クラブ所属履歴 > 「2022-23 茨城」,所属履歴の最初のシーズン2022-23の開始年,SUPPORTED,2026-09-30,
Batch 32 Wave 03,B32W3E0530,Career,C001571,end,2024,B32W3S0065,クラブ所属履歴 > 「2023-24 茨城」,所属履歴の最後のシーズン2023-24の終了年,SUPPORTED,2026-09-30,
Batch 32 Wave 03,B32W3E0531,Career,C001572,organization_id,ORG000149,B32W3S0065,クラブ所属履歴 > 「2024-25 富山」,B.LEAGUE公式の所属履歴で在籍を確認（略称表記）,SUPPORTED,2026-09-30,
Batch 32 Wave 03,B32W3E0532,Career,C001572,organization_id,ORG000149,B32W3S0014,順位表 > クラブ「富山グラウジーズ」（略称「富山」、club_detail TeamID=696）,公式順位表で略称とクラブ名・TeamIDの対応を確認,SUPPORTED,2026-09-30,
Batch 32 Wave 03,B32W3E0533,Career,C001572,start,2024,B32W3S0065,クラブ所属履歴 > 「2024-25 富山」,所属履歴の最初のシーズン2024-25の開始年,SUPPORTED,2026-09-30,
Batch 32 Wave 03,B32W3E0534,Career,C001572,end,2025,B32W3S0065,クラブ所属履歴 > 「2024-25 富山」,所属履歴の最後のシーズン2024-25の終了年,SUPPORTED,2026-09-30,
Batch 32 Wave 03,B32W3E0535,Career,C001573,organization_id,ORG000130,B32W3S0065,クラブ所属履歴 > 「2025-26 三河」〜「2026-27 三河」,B.LEAGUE公式の所属履歴で在籍を確認（略称表記）,SUPPORTED,2026-09-30,
Batch 32 Wave 03,B32W3E0536,Career,C001573,organization_id,ORG000130,B32W3S0025,順位表 > クラブ「シーホース三河」（略称「三河」、club_detail TeamID=728）,公式順位表で略称とクラブ名・TeamIDの対応を確認,SUPPORTED,2026-09-30,
Batch 32 Wave 03,B32W3E0537,Career,C001573,start,2025,B32W3S0065,クラブ所属履歴 > 「2025-26 三河」,所属履歴の最初のシーズン2025-26の開始年,SUPPORTED,2026-09-30,
Batch 32 Wave 03,B32W3E0538,Career,C001573,organization_id,ORG000130,B32W3S0063,選手一覧 > 三河 > トーマス・ケネディ,2026-27シーズンの公式選手一覧で現所属を確認,SUPPORTED,2026-09-30,
Batch 32 Wave 03,B32W3E0539,Person,P000354,name,小阪 彰久,B32W3S0066,基本情報 > 選手名,B.LEAGUE公式プロフィールで氏名を確認,SUPPORTED,2026-09-30,
Batch 32 Wave 03,B32W3E0540,Person,P000354,birth_date,1992-02-22,B32W3S0066,基本情報 > 生年月日：1992年2月22日,B.LEAGUE公式プロフィールで生年月日を確認,SUPPORTED,2026-09-30,
Batch 32 Wave 03,B32W3E0541,Career,C001574,organization_id,ORG000264,B32W3S0066,基本情報 > 出身校（高）：大阪学院大学高等学校,B.LEAGUE公式プロフィールで出身校（高）を確認,SUPPORTED,2026-09-30,
Batch 32 Wave 03,B32W3E0542,Career,C001575,organization_id,ORG000099,B32W3S0066,基本情報 > 出身校（大）：大阪学院大学,B.LEAGUE公式プロフィールで出身校（大）を確認,SUPPORTED,2026-09-30,
Batch 32 Wave 03,B32W3E0543,Career,C001576,organization_id,ORG000229,B32W3S0066,クラブ所属履歴 > 「2016-17 アイシンAW」,B.LEAGUE公式の所属履歴で在籍を確認（略称表記）,SUPPORTED,2026-09-30,
Batch 32 Wave 03,B32W3E0544,Career,C001576,organization_id,ORG000229,B32W3S0067,順位表 > クラブ「アイシン・エィ・ダブリュ アレイオンズ安城」（略称「アイシンAW」、club_detail TeamID=751）,公式順位表で略称とクラブ名・TeamIDの対応を確認,SUPPORTED,2026-09-30,
Batch 32 Wave 03,B32W3E0545,Career,C001576,start,2016,B32W3S0066,クラブ所属履歴 > 「2016-17 アイシンAW」,所属履歴の最初のシーズン2016-17の開始年,SUPPORTED,2026-09-30,
Batch 32 Wave 03,B32W3E0546,Career,C001576,end,2017,B32W3S0066,クラブ所属履歴 > 「2016-17 アイシンAW」,所属履歴の最後のシーズン2016-17の終了年,SUPPORTED,2026-09-30,
Batch 32 Wave 03,B32W3E0547,Career,C001577,organization_id,ORG000155,B32W3S0066,クラブ所属履歴 > 「2017-18 島根」〜「2018-19 島根」,B.LEAGUE公式の所属履歴で在籍を確認（略称表記）,SUPPORTED,2026-09-30,
Batch 32 Wave 03,B32W3E0548,Career,C001577,organization_id,ORG000155,B32W3S0034,順位表 > クラブ「島根スサノオマジック」（略称「島根」、club_detail TeamID=720）,公式順位表で略称とクラブ名・TeamIDの対応を確認,SUPPORTED,2026-09-30,
Batch 32 Wave 03,B32W3E0549,Career,C001577,start,2017,B32W3S0066,クラブ所属履歴 > 「2017-18 島根」,所属履歴の最初のシーズン2017-18の開始年,SUPPORTED,2026-09-30,
Batch 32 Wave 03,B32W3E0550,Career,C001577,end,2019,B32W3S0066,クラブ所属履歴 > 「2018-19 島根」,所属履歴の最後のシーズン2018-19の終了年,SUPPORTED,2026-09-30,
Batch 32 Wave 03,B32W3E0551,Career,C001578,organization_id,ORG000142,B32W3S0066,クラブ所属履歴 > 「2019-20 大阪」,B.LEAGUE公式の所属履歴で在籍を確認（略称表記）,SUPPORTED,2026-09-30,
Batch 32 Wave 03,B32W3E0552,Career,C001578,organization_id,ORG000142,B32W3S0022,順位表 > クラブ「大阪エヴェッサ」（略称「大阪」、club_detail TeamID=700）,公式順位表で略称とクラブ名・TeamIDの対応を確認,SUPPORTED,2026-09-30,
Batch 32 Wave 03,B32W3E0553,Career,C001578,start,2019,B32W3S0066,クラブ所属履歴 > 「2019-20 大阪」,所属履歴の最初のシーズン2019-20の開始年,SUPPORTED,2026-09-30,
Batch 32 Wave 03,B32W3E0554,Career,C001578,end,2020,B32W3S0066,クラブ所属履歴 > 「2019-20 大阪」,所属履歴の最後のシーズン2019-20の終了年,SUPPORTED,2026-09-30,
Batch 32 Wave 03,B32W3E0555,Career,C001579,organization_id,ORG000155,B32W3S0066,クラブ所属履歴 > 「2020-21 島根」〜「2021-22 島根」,B.LEAGUE公式の所属履歴で在籍を確認（略称表記）,SUPPORTED,2026-09-30,
Batch 32 Wave 03,B32W3E0556,Career,C001579,organization_id,ORG000155,B32W3S0009,順位表 > クラブ「島根スサノオマジック」（略称「島根」、club_detail TeamID=720）,公式順位表で略称とクラブ名・TeamIDの対応を確認,SUPPORTED,2026-09-30,
Batch 32 Wave 03,B32W3E0557,Career,C001579,start,2020,B32W3S0066,クラブ所属履歴 > 「2020-21 島根」,所属履歴の最初のシーズン2020-21の開始年,SUPPORTED,2026-09-30,
Batch 32 Wave 03,B32W3E0558,Career,C001579,end,2022,B32W3S0066,クラブ所属履歴 > 「2021-22 島根」,所属履歴の最後のシーズン2021-22の終了年,SUPPORTED,2026-09-30,
Batch 32 Wave 03,B32W3E0559,Career,C001580,organization_id,ORG000224,B32W3S0066,クラブ所属履歴 > 「2022-23 香川」,B.LEAGUE公式の所属履歴で在籍を確認（略称表記）,SUPPORTED,2026-09-30,
Batch 32 Wave 03,B32W3E0560,Career,C001580,organization_id,ORG000224,B32W3S0048,順位表 > クラブ「香川ファイブアローズ」（略称「香川」、club_detail TeamID=722）,公式順位表で略称とクラブ名・TeamIDの対応を確認,SUPPORTED,2026-09-30,
Batch 32 Wave 03,B32W3E0561,Career,C001580,start,2022,B32W3S0066,クラブ所属履歴 > 「2022-23 香川」,所属履歴の最初のシーズン2022-23の開始年,SUPPORTED,2026-09-30,
Batch 32 Wave 03,B32W3E0562,Career,C001580,end,2023,B32W3S0066,クラブ所属履歴 > 「2022-23 香川」,所属履歴の最後のシーズン2022-23の終了年,SUPPORTED,2026-09-30,
Batch 32 Wave 03,B32W3E0563,Career,C001581,organization_id,ORG000200,B32W3S0066,クラブ所属履歴 > 「2023-24 福井」〜「2025-26 福井」,B.LEAGUE公式の所属履歴で在籍を確認（略称表記）,SUPPORTED,2026-09-30,
Batch 32 Wave 03,B32W3E0564,Career,C001581,organization_id,ORG000200,B32W3S0046,順位表 > クラブ「福井ブローウィンズ」（略称「福井」、club_detail TeamID=2891）,公式順位表で略称とクラブ名・TeamIDの対応を確認,SUPPORTED,2026-09-30,
Batch 32 Wave 03,B32W3E0565,Career,C001581,start,2023,B32W3S0066,クラブ所属履歴 > 「2023-24 福井」,所属履歴の最初のシーズン2023-24の開始年,SUPPORTED,2026-09-30,
Batch 32 Wave 03,B32W3E0566,Career,C001581,end,2026,B32W3S0066,クラブ所属履歴 > 「2025-26 福井」,所属履歴の最後のシーズン2025-26の終了年,SUPPORTED,2026-09-30,
Batch 32 Wave 03,B32W3E0567,Career,C001582,organization_id,ORG000130,B32W3S0066,クラブ所属履歴 > 「2026-27 三河」,B.LEAGUE公式の所属履歴で在籍を確認（略称表記）,SUPPORTED,2026-09-30,
Batch 32 Wave 03,B32W3E0568,Career,C001582,organization_id,ORG000130,B32W3S0006,順位表 > クラブ「シーホース三河」（略称「三河」、club_detail TeamID=728）,公式順位表で略称とクラブ名・TeamIDの対応を確認,SUPPORTED,2026-09-30,
Batch 32 Wave 03,B32W3E0569,Career,C001582,start,2026,B32W3S0066,クラブ所属履歴 > 「2026-27 三河」,所属履歴の最初のシーズン2026-27の開始年,SUPPORTED,2026-09-30,
Batch 32 Wave 03,B32W3E0570,Career,C001582,organization_id,ORG000130,B32W3S0063,選手一覧 > 三河 > 小阪 彰久,2026-27シーズンの公式選手一覧で現所属を確認,SUPPORTED,2026-09-30,
Batch 32 Wave 03,B32W3E0571,Person,P000355,name,須田 侑太郎,B32W3S0068,基本情報 > 選手名,B.LEAGUE公式プロフィールで氏名を確認,SUPPORTED,2026-09-30,
Batch 32 Wave 03,B32W3E0572,Person,P000355,birth_date,1992-01-03,B32W3S0068,基本情報 > 生年月日：1992年1月3日,B.LEAGUE公式プロフィールで生年月日を確認,SUPPORTED,2026-09-30,
Batch 32 Wave 03,B32W3E0573,Career,C001583,organization_id,ORG000243,B32W3S0068,基本情報 > 出身校（高）：東海大学付属第四高等学校(現・東海大学付属札幌高等学校),B.LEAGUE公式プロフィールで出身校（高）を確認,SUPPORTED,2026-09-30,プロフィール上の表記は「東海大学付属第四高等学校(現・東海大学付属札幌高等学校)」
Batch 32 Wave 03,B32W3E0574,Career,C001584,organization_id,ORG000015,B32W3S0068,基本情報 > 出身校（大）：東海大学,B.LEAGUE公式プロフィールで出身校（大）を確認,SUPPORTED,2026-09-30,
Batch 32 Wave 03,B32W3E0575,Career,C001585,organization_id,ORG000047,B32W3S0068,クラブ所属履歴 > 「2016-17 栃木」,B.LEAGUE公式の所属履歴で在籍を確認（略称表記）,SUPPORTED,2026-09-30,
Batch 32 Wave 03,B32W3E0576,Career,C001585,organization_id,ORG000047,B32W3S0033,順位表 > クラブ「栃木ブレックス」（略称「栃木」、club_detail TeamID=703）,公式順位表で略称とクラブ名・TeamIDの対応を確認,SUPPORTED,2026-09-30,
Batch 32 Wave 03,B32W3E0577,Career,C001585,start,2016,B32W3S0068,クラブ所属履歴 > 「2016-17 栃木」,所属履歴の最初のシーズン2016-17の開始年,SUPPORTED,2026-09-30,
Batch 32 Wave 03,B32W3E0578,Career,C001585,end,2017,B32W3S0068,クラブ所属履歴 > 「2016-17 栃木」,所属履歴の最後のシーズン2016-17の終了年,SUPPORTED,2026-09-30,
Batch 32 Wave 03,B32W3E0579,Career,C001586,organization_id,ORG000106,B32W3S0068,クラブ所属履歴 > 「2017-18 琉球」〜「2018-19 琉球」,B.LEAGUE公式の所属履歴で在籍を確認（略称表記）,SUPPORTED,2026-09-30,
Batch 32 Wave 03,B32W3E0580,Career,C001586,organization_id,ORG000106,B32W3S0034,順位表 > クラブ「琉球ゴールデンキングス」（略称「琉球」、club_detail TeamID=701）,公式順位表で略称とクラブ名・TeamIDの対応を確認,SUPPORTED,2026-09-30,
Batch 32 Wave 03,B32W3E0581,Career,C001586,start,2017,B32W3S0068,クラブ所属履歴 > 「2017-18 琉球」,所属履歴の最初のシーズン2017-18の開始年,SUPPORTED,2026-09-30,
Batch 32 Wave 03,B32W3E0582,Career,C001586,end,2019,B32W3S0068,クラブ所属履歴 > 「2018-19 琉球」,所属履歴の最後のシーズン2018-19の終了年,SUPPORTED,2026-09-30,
Batch 32 Wave 03,B32W3E0583,Career,C001587,organization_id,ORG000109,B32W3S0068,クラブ所属履歴 > 「2019-20 A東京」〜「2020-21 A東京」,B.LEAGUE公式の所属履歴で在籍を確認（略称表記）,SUPPORTED,2026-09-30,
Batch 32 Wave 03,B32W3E0584,Career,C001587,organization_id,ORG000109,B32W3S0022,順位表 > クラブ「アルバルク東京」（略称「A東京」、club_detail TeamID=706）,公式順位表で略称とクラブ名・TeamIDの対応を確認,SUPPORTED,2026-09-30,
Batch 32 Wave 03,B32W3E0585,Career,C001587,start,2019,B32W3S0068,クラブ所属履歴 > 「2019-20 A東京」,所属履歴の最初のシーズン2019-20の開始年,SUPPORTED,2026-09-30,
Batch 32 Wave 03,B32W3E0586,Career,C001587,end,2021,B32W3S0068,クラブ所属履歴 > 「2020-21 A東京」,所属履歴の最後のシーズン2020-21の終了年,SUPPORTED,2026-09-30,
Batch 32 Wave 03,B32W3E0587,Career,C001588,organization_id,ORG000054,B32W3S0068,クラブ所属履歴 > 「2021-22 名古屋D」〜「2023-24 名古屋D」,B.LEAGUE公式の所属履歴で在籍を確認（略称表記）,SUPPORTED,2026-09-30,
Batch 32 Wave 03,B32W3E0588,Career,C001588,organization_id,ORG000054,B32W3S0002,順位表 > クラブ「名古屋ダイヤモンドドルフィンズ」（略称「名古屋D」、club_detail TeamID=729）,公式順位表で略称とクラブ名・TeamIDの対応を確認,SUPPORTED,2026-09-30,
Batch 32 Wave 03,B32W3E0589,Career,C001588,start,2021,B32W3S0068,クラブ所属履歴 > 「2021-22 名古屋D」,所属履歴の最初のシーズン2021-22の開始年,SUPPORTED,2026-09-30,
Batch 32 Wave 03,B32W3E0590,Career,C001588,end,2024,B32W3S0068,クラブ所属履歴 > 「2023-24 名古屋D」,所属履歴の最後のシーズン2023-24の終了年,SUPPORTED,2026-09-30,
Batch 32 Wave 03,B32W3E0591,Career,C001589,organization_id,ORG000130,B32W3S0068,クラブ所属履歴 > 「2024-25 三河」〜「2026-27 三河」,B.LEAGUE公式の所属履歴で在籍を確認（略称表記）,SUPPORTED,2026-09-30,
Batch 32 Wave 03,B32W3E0592,Career,C001589,organization_id,ORG000130,B32W3S0023,順位表 > クラブ「シーホース三河」（略称「三河」、club_detail TeamID=728）,公式順位表で略称とクラブ名・TeamIDの対応を確認,SUPPORTED,2026-09-30,
Batch 32 Wave 03,B32W3E0593,Career,C001589,start,2024,B32W3S0068,クラブ所属履歴 > 「2024-25 三河」,所属履歴の最初のシーズン2024-25の開始年,SUPPORTED,2026-09-30,
Batch 32 Wave 03,B32W3E0594,Career,C001589,organization_id,ORG000130,B32W3S0063,選手一覧 > 三河 > 須田 侑太郎,2026-27シーズンの公式選手一覧で現所属を確認,SUPPORTED,2026-09-30,
Batch 32 Wave 03,B32W3E0595,Person,P000356,name,長野 誠史,B32W3S0069,基本情報 > 選手名,B.LEAGUE公式プロフィールで氏名を確認,SUPPORTED,2026-09-30,
Batch 32 Wave 03,B32W3E0596,Person,P000356,birth_date,1995-07-07,B32W3S0069,基本情報 > 生年月日：1995年7月7日,B.LEAGUE公式プロフィールで生年月日を確認,SUPPORTED,2026-09-30,
Batch 32 Wave 03,B32W3E0597,Career,C001590,organization_id,ORG000331,B32W3S0069,基本情報 > 出身校（高）：金沢高等学校,B.LEAGUE公式プロフィールで出身校（高）を確認,SUPPORTED,2026-09-30,
Batch 32 Wave 03,B32W3E0598,Career,C001591,organization_id,ORG000095,B32W3S0069,基本情報 > 出身校（大）：東海大学九州,B.LEAGUE公式プロフィールで出身校（大）を確認,SUPPORTED,2026-09-30,
Batch 32 Wave 03,B32W3E0599,Career,C001592,organization_id,ORG000142,B32W3S0069,クラブ所属履歴 > 「2018-19 大阪」,B.LEAGUE公式の所属履歴で在籍を確認（略称表記）,SUPPORTED,2026-09-30,
Batch 32 Wave 03,B32W3E0600,Career,C001592,organization_id,ORG000142,B32W3S0016,順位表 > クラブ「大阪エヴェッサ」（略称「大阪」、club_detail TeamID=700）,公式順位表で略称とクラブ名・TeamIDの対応を確認,SUPPORTED,2026-09-30,
Batch 32 Wave 03,B32W3E0601,Career,C001592,start,2018,B32W3S0069,クラブ所属履歴 > 「2018-19 大阪」,所属履歴の最初のシーズン2018-19の開始年,SUPPORTED,2026-09-30,
Batch 32 Wave 03,B32W3E0602,Career,C001592,end,2019,B32W3S0069,クラブ所属履歴 > 「2018-19 大阪」,所属履歴の最後のシーズン2018-19の終了年,SUPPORTED,2026-09-30,
Batch 32 Wave 03,B32W3E0603,Career,C001593,organization_id,ORG000130,B32W3S0069,クラブ所属履歴 > 「2019-20 三河」〜「2026-27 三河」,B.LEAGUE公式の所属履歴で在籍を確認（略称表記）,SUPPORTED,2026-09-30,
Batch 32 Wave 03,B32W3E0604,Career,C001593,organization_id,ORG000130,B32W3S0022,順位表 > クラブ「シーホース三河」（略称「三河」、club_detail TeamID=728）,公式順位表で略称とクラブ名・TeamIDの対応を確認,SUPPORTED,2026-09-30,
Batch 32 Wave 03,B32W3E0605,Career,C001593,start,2019,B32W3S0069,クラブ所属履歴 > 「2019-20 三河」,所属履歴の最初のシーズン2019-20の開始年,SUPPORTED,2026-09-30,
Batch 32 Wave 03,B32W3E0606,Career,C001593,organization_id,ORG000130,B32W3S0063,選手一覧 > 三河 > 長野 誠史,2026-27シーズンの公式選手一覧で現所属を確認,SUPPORTED,2026-09-30,
Batch 32 Wave 03,B32W3E0607,Person,P000357,name,今村 佳太,B32W3S0070,基本情報 > 選手名,B.LEAGUE公式プロフィールで氏名を確認,SUPPORTED,2026-09-30,
Batch 32 Wave 03,B32W3E0608,Person,P000357,birth_date,1996-01-25,B32W3S0070,基本情報 > 生年月日：1996年1月25日,B.LEAGUE公式プロフィールで生年月日を確認,SUPPORTED,2026-09-30,
Batch 32 Wave 03,B32W3E0609,Career,C001594,organization_id,ORG000332,B32W3S0070,基本情報 > 出身校（高）：新潟県立長岡工業高等学校,B.LEAGUE公式プロフィールで出身校（高）を確認,SUPPORTED,2026-09-30,
Batch 32 Wave 03,B32W3E0610,Career,C001595,organization_id,ORG000105,B32W3S0070,基本情報 > 出身校（大）：新潟経営大学,B.LEAGUE公式プロフィールで出身校（大）を確認,SUPPORTED,2026-09-30,
Batch 32 Wave 03,B32W3E0611,Career,C001596,organization_id,ORG000052,B32W3S0070,クラブ所属履歴 > 「2017-18 新潟」〜「2019-20 新潟」,B.LEAGUE公式の所属履歴で在籍を確認（略称表記）,SUPPORTED,2026-09-30,
Batch 32 Wave 03,B32W3E0612,Career,C001596,organization_id,ORG000052,B32W3S0034,順位表 > クラブ「新潟アルビレックスBB」（略称「新潟」、club_detail TeamID=695）,公式順位表で略称とクラブ名・TeamIDの対応を確認,SUPPORTED,2026-09-30,
Batch 32 Wave 03,B32W3E0613,Career,C001596,start,2017,B32W3S0070,クラブ所属履歴 > 「2017-18 新潟」,所属履歴の最初のシーズン2017-18の開始年,SUPPORTED,2026-09-30,
Batch 32 Wave 03,B32W3E0614,Career,C001596,end,2020,B32W3S0070,クラブ所属履歴 > 「2019-20 新潟」,所属履歴の最後のシーズン2019-20の終了年,SUPPORTED,2026-09-30,
Batch 32 Wave 03,B32W3E0615,Career,C001597,organization_id,ORG000106,B32W3S0070,クラブ所属履歴 > 「2020-21 琉球」〜「2023-24 琉球」,B.LEAGUE公式の所属履歴で在籍を確認（略称表記）,SUPPORTED,2026-09-30,
Batch 32 Wave 03,B32W3E0616,Career,C001597,organization_id,ORG000106,B32W3S0009,順位表 > クラブ「琉球ゴールデンキングス」（略称「琉球」、club_detail TeamID=701）,公式順位表で略称とクラブ名・TeamIDの対応を確認,SUPPORTED,2026-09-30,
Batch 32 Wave 03,B32W3E0617,Career,C001597,start,2020,B32W3S0070,クラブ所属履歴 > 「2020-21 琉球」,所属履歴の最初のシーズン2020-21の開始年,SUPPORTED,2026-09-30,
Batch 32 Wave 03,B32W3E0618,Career,C001597,end,2024,B32W3S0070,クラブ所属履歴 > 「2023-24 琉球」,所属履歴の最後のシーズン2023-24の終了年,SUPPORTED,2026-09-30,
Batch 32 Wave 03,B32W3E0619,Career,C001598,organization_id,ORG000054,B32W3S0070,クラブ所属履歴 > 「2024-25 名古屋D」〜「2026-27 名古屋D」,B.LEAGUE公式の所属履歴で在籍を確認（略称表記）,SUPPORTED,2026-09-30,
Batch 32 Wave 03,B32W3E0620,Career,C001598,organization_id,ORG000054,B32W3S0023,順位表 > クラブ「名古屋ダイヤモンドドルフィンズ」（略称「名古屋D」、club_detail TeamID=729）,公式順位表で略称とクラブ名・TeamIDの対応を確認,SUPPORTED,2026-09-30,
Batch 32 Wave 03,B32W3E0621,Career,C001598,start,2024,B32W3S0070,クラブ所属履歴 > 「2024-25 名古屋D」,所属履歴の最初のシーズン2024-25の開始年,SUPPORTED,2026-09-30,
Batch 32 Wave 03,B32W3E0622,Career,C001598,organization_id,ORG000054,B32W3S0071,選手一覧 > 名古屋D > 今村 佳太,2026-27シーズンの公式選手一覧で現所属を確認,SUPPORTED,2026-09-30,
Batch 32 Wave 03,B32W3E0623,Person,P000358,name,加藤 嵩都,B32W3S0072,基本情報 > 選手名,B.LEAGUE公式プロフィールで氏名を確認,SUPPORTED,2026-09-30,
Batch 32 Wave 03,B32W3E0624,Person,P000358,birth_date,2000-01-15,B32W3S0072,基本情報 > 生年月日：2000年1月15日,B.LEAGUE公式プロフィールで生年月日を確認,SUPPORTED,2026-09-30,
Batch 32 Wave 03,B32W3E0625,Career,C001599,organization_id,ORG000333,B32W3S0072,基本情報 > 出身校（高）：東北生活文化大学高等学校,B.LEAGUE公式プロフィールで出身校（高）を確認,SUPPORTED,2026-09-30,
Batch 32 Wave 03,B32W3E0626,Career,C001600,organization_id,ORG000199,B32W3S0072,基本情報 > 出身校（大）：明星大学,B.LEAGUE公式プロフィールで出身校（大）を確認,SUPPORTED,2026-09-30,
Batch 32 Wave 03,B32W3E0627,Career,C001601,organization_id,ORG000067,B32W3S0072,クラブ所属履歴 > 「2021-22 熊本」,B.LEAGUE公式の所属履歴で在籍を確認（略称表記）,SUPPORTED,2026-09-30,
Batch 32 Wave 03,B32W3E0628,Career,C001601,organization_id,ORG000067,B32W3S0050,順位表 > クラブ「熊本ヴォルターズ」（略称「熊本」、club_detail TeamID=724）,公式順位表で略称とクラブ名・TeamIDの対応を確認,SUPPORTED,2026-09-30,
Batch 32 Wave 03,B32W3E0629,Career,C001601,start,2021,B32W3S0072,クラブ所属履歴 > 「2021-22 熊本」,所属履歴の最初のシーズン2021-22の開始年,SUPPORTED,2026-09-30,
Batch 32 Wave 03,B32W3E0630,Career,C001601,end,2022,B32W3S0072,クラブ所属履歴 > 「2021-22 熊本」,所属履歴の最後のシーズン2021-22の終了年,SUPPORTED,2026-09-30,
Batch 32 Wave 03,B32W3E0631,Career,C001602,organization_id,ORG000202,B32W3S0072,クラブ所属履歴 > 「2023-24 福島」,B.LEAGUE公式の所属履歴で在籍を確認（略称表記）,SUPPORTED,2026-09-30,
Batch 32 Wave 03,B32W3E0632,Career,C001602,organization_id,ORG000202,B32W3S0029,順位表 > クラブ「福島ファイヤーボンズ」（略称「福島」、club_detail TeamID=711）,公式順位表で略称とクラブ名・TeamIDの対応を確認,SUPPORTED,2026-09-30,
Batch 32 Wave 03,B32W3E0633,Career,C001602,start,2023,B32W3S0072,クラブ所属履歴 > 「2023-24 福島」,所属履歴の最初のシーズン2023-24の開始年,SUPPORTED,2026-09-30,
Batch 32 Wave 03,B32W3E0634,Career,C001602,end,2024,B32W3S0072,クラブ所属履歴 > 「2023-24 福島」,所属履歴の最後のシーズン2023-24の終了年,SUPPORTED,2026-09-30,
Batch 32 Wave 03,B32W3E0635,Career,C001603,organization_id,ORG000054,B32W3S0072,クラブ所属履歴 > 「2024-25 名古屋D」〜「2026-27 名古屋D」,B.LEAGUE公式の所属履歴で在籍を確認（略称表記）,SUPPORTED,2026-09-30,
Batch 32 Wave 03,B32W3E0636,Career,C001603,organization_id,ORG000054,B32W3S0023,順位表 > クラブ「名古屋ダイヤモンドドルフィンズ」（略称「名古屋D」、club_detail TeamID=729）,公式順位表で略称とクラブ名・TeamIDの対応を確認,SUPPORTED,2026-09-30,
Batch 32 Wave 03,B32W3E0637,Career,C001603,start,2024,B32W3S0072,クラブ所属履歴 > 「2024-25 名古屋D」,所属履歴の最初のシーズン2024-25の開始年,SUPPORTED,2026-09-30,
Batch 32 Wave 03,B32W3E0638,Career,C001603,organization_id,ORG000054,B32W3S0071,選手一覧 > 名古屋D > 加藤 嵩都,2026-27シーズンの公式選手一覧で現所属を確認,SUPPORTED,2026-09-30,
Batch 32 Wave 04,B32W4E0001,Person,P000359,name,中東 泰斗,B32W4S0001,基本情報 > 選手名,B.LEAGUE公式プロフィールで氏名を確認,SUPPORTED,2026-09-30,
Batch 32 Wave 04,B32W4E0002,Person,P000359,birth_date,1992-06-18,B32W4S0001,基本情報 > 生年月日：1992年6月18日,B.LEAGUE公式プロフィールで生年月日を確認,SUPPORTED,2026-09-30,
Batch 32 Wave 04,B32W4E0003,Career,C001604,organization_id,ORG000316,B32W4S0001,基本情報 > 出身校（高）：光泉高等学校(現・光泉カトリック高等学校),B.LEAGUE公式プロフィールで出身校（高）を確認,SUPPORTED,2026-09-30,プロフィール上の表記は「光泉高等学校(現・光泉カトリック高等学校)」
Batch 32 Wave 04,B32W4E0004,Career,C001605,organization_id,ORG000124,B32W4S0001,基本情報 > 出身校（大）：明治大学,B.LEAGUE公式プロフィールで出身校（大）を確認,SUPPORTED,2026-09-30,
Batch 32 Wave 04,B32W4E0005,Career,C001606,organization_id,ORG000054,B32W4S0001,クラブ所属履歴 > 「2016-17 名古屋D」〜「2026-27 名古屋D」,B.LEAGUE公式の所属履歴で在籍を確認（略称表記）,SUPPORTED,2026-09-30,
Batch 32 Wave 04,B32W4E0006,Career,C001606,organization_id,ORG000054,B32W4S0002,順位表 > クラブ「名古屋ダイヤモンドドルフィンズ」（略称「名古屋D」、club_detail TeamID=729）,公式順位表で略称とクラブ名・TeamIDの対応を確認,SUPPORTED,2026-09-30,
Batch 32 Wave 04,B32W4E0007,Career,C001606,start,2016,B32W4S0001,クラブ所属履歴 > 「2016-17 名古屋D」,所属履歴の最初のシーズン2016-17の開始年,SUPPORTED,2026-09-30,
Batch 32 Wave 04,B32W4E0008,Career,C001606,organization_id,ORG000054,B32W4S0003,選手一覧 > 名古屋D > 中東 泰斗,2026-27シーズンの公式選手一覧で現所属を確認,SUPPORTED,2026-09-30,
Batch 32 Wave 04,B32W4E0009,Person,P000360,name,ジェイク幸輝・ホルツ,B32W4S0004,基本情報 > 選手名,B.LEAGUE公式プロフィールで氏名を確認,SUPPORTED,2026-09-30,
Batch 32 Wave 04,B32W4E0010,Person,P000360,birth_date,2002-01-03,B32W4S0004,基本情報 > 生年月日：2002年1月3日,B.LEAGUE公式プロフィールで生年月日を確認,SUPPORTED,2026-09-30,
Batch 32 Wave 04,B32W4E0011,Career,C001607,organization_id,ORG000334,B32W4S0004,基本情報 > 出身校（高）：アメリカ・ハワイ州 Damien Memorial School,B.LEAGUE公式プロフィールで出身校（高）を確認,SUPPORTED,2026-09-30,
Batch 32 Wave 04,B32W4E0012,Career,C001608,organization_id,ORG000335,B32W4S0004,基本情報 > 出身校（大）：アメリカ・ワシントン州 Whitworth University,B.LEAGUE公式プロフィールで出身校（大）を確認,SUPPORTED,2026-09-30,
Batch 32 Wave 04,B32W4E0013,Career,C001609,organization_id,ORG000054,B32W4S0004,クラブ所属履歴 > 「2025-26 名古屋D」〜「2026-27 名古屋D」,B.LEAGUE公式の所属履歴で在籍を確認（略称表記）,SUPPORTED,2026-09-30,
Batch 32 Wave 04,B32W4E0014,Career,C001609,organization_id,ORG000054,B32W4S0005,順位表 > クラブ「名古屋ダイヤモンドドルフィンズ」（略称「名古屋D」、club_detail TeamID=729）,公式順位表で略称とクラブ名・TeamIDの対応を確認,SUPPORTED,2026-09-30,
Batch 32 Wave 04,B32W4E0015,Career,C001609,start,2025,B32W4S0004,クラブ所属履歴 > 「2025-26 名古屋D」,所属履歴の最初のシーズン2025-26の開始年,SUPPORTED,2026-09-30,
Batch 32 Wave 04,B32W4E0016,Career,C001609,organization_id,ORG000054,B32W4S0003,選手一覧 > 名古屋D > ジェイク幸輝・ホルツ,2026-27シーズンの公式選手一覧で現所属を確認,SUPPORTED,2026-09-30,
Batch 32 Wave 04,B32W4E0017,Person,P000361,name,アイザイア・マーフィー,B32W4S0006,基本情報 > 選手名,B.LEAGUE公式プロフィールで氏名を確認,SUPPORTED,2026-09-30,
Batch 32 Wave 04,B32W4E0018,Person,P000361,birth_date,1998-04-10,B32W4S0006,基本情報 > 生年月日：1998年4月10日,B.LEAGUE公式プロフィールで生年月日を確認,SUPPORTED,2026-09-30,
Batch 32 Wave 04,B32W4E0019,Career,C001610,organization_id,ORG000336,B32W4S0006,基本情報 > 出身校（高）：シェネガ高等学校,B.LEAGUE公式プロフィールで出身校（高）を確認,SUPPORTED,2026-09-30,
Batch 32 Wave 04,B32W4E0020,Career,C001611,organization_id,ORG000337,B32W4S0006,基本情報 > 出身校（大）：イースタン・ニューメキシコ大学,B.LEAGUE公式プロフィールで出身校（大）を確認,SUPPORTED,2026-09-30,
Batch 32 Wave 04,B32W4E0021,Career,C001612,organization_id,ORG000110,B32W4S0006,クラブ所属履歴 > 「2020-21 広島」〜「2023-24 広島」,B.LEAGUE公式の所属履歴で在籍を確認（略称表記）,SUPPORTED,2026-09-30,
Batch 32 Wave 04,B32W4E0022,Career,C001612,organization_id,ORG000110,B32W4S0007,順位表 > クラブ「広島ドラゴンフライズ」（略称「広島」、club_detail TeamID=721）,公式順位表で略称とクラブ名・TeamIDの対応を確認,SUPPORTED,2026-09-30,
Batch 32 Wave 04,B32W4E0023,Career,C001612,start,2020,B32W4S0006,クラブ所属履歴 > 「2020-21 広島」,所属履歴の最初のシーズン2020-21の開始年,SUPPORTED,2026-09-30,
Batch 32 Wave 04,B32W4E0024,Career,C001612,end,2024,B32W4S0006,クラブ所属履歴 > 「2023-24 広島」,所属履歴の最後のシーズン2023-24の終了年,SUPPORTED,2026-09-30,
Batch 32 Wave 04,B32W4E0025,Career,C001613,organization_id,ORG000054,B32W4S0006,クラブ所属履歴 > 「2024-25 名古屋D」〜「2026-27 名古屋D」,B.LEAGUE公式の所属履歴で在籍を確認（略称表記）,SUPPORTED,2026-09-30,
Batch 32 Wave 04,B32W4E0026,Career,C001613,organization_id,ORG000054,B32W4S0008,順位表 > クラブ「名古屋ダイヤモンドドルフィンズ」（略称「名古屋D」、club_detail TeamID=729）,公式順位表で略称とクラブ名・TeamIDの対応を確認,SUPPORTED,2026-09-30,
Batch 32 Wave 04,B32W4E0027,Career,C001613,start,2024,B32W4S0006,クラブ所属履歴 > 「2024-25 名古屋D」,所属履歴の最初のシーズン2024-25の開始年,SUPPORTED,2026-09-30,
Batch 32 Wave 04,B32W4E0028,Career,C001613,organization_id,ORG000054,B32W4S0003,選手一覧 > 名古屋D > アイザイア・マーフィー,2026-27シーズンの公式選手一覧で現所属を確認,SUPPORTED,2026-09-30,
Batch 32 Wave 04,B32W4E0029,Person,P000362,name,若野 瑛太,B32W4S0009,基本情報 > 選手名,B.LEAGUE公式プロフィールで氏名を確認,SUPPORTED,2026-09-30,
Batch 32 Wave 04,B32W4E0030,Person,P000362,birth_date,2007-06-13,B32W4S0009,基本情報 > 生年月日：2007年6月13日,B.LEAGUE公式プロフィールで生年月日を確認,SUPPORTED,2026-09-30,
Batch 32 Wave 04,B32W4E0031,Career,C001614,organization_id,ORG000338,B32W4S0009,基本情報 > 出身校（高）：至学館高等学校,B.LEAGUE公式プロフィールで出身校（高）を確認,SUPPORTED,2026-09-30,
Batch 32 Wave 04,B32W4E0032,Career,C001615,organization_id,ORG000054,B32W4S0009,クラブ所属履歴 > 「2023-24 名古屋D」〜「2026-27 名古屋D」,B.LEAGUE公式の所属履歴で在籍を確認（略称表記）,SUPPORTED,2026-09-30,
Batch 32 Wave 04,B32W4E0033,Career,C001615,organization_id,ORG000054,B32W4S0010,順位表 > クラブ「名古屋ダイヤモンドドルフィンズ」（略称「名古屋D」、club_detail TeamID=729）,公式順位表で略称とクラブ名・TeamIDの対応を確認,SUPPORTED,2026-09-30,
Batch 32 Wave 04,B32W4E0034,Career,C001615,start,2023,B32W4S0009,クラブ所属履歴 > 「2023-24 名古屋D」,所属履歴の最初のシーズン2023-24の開始年,SUPPORTED,2026-09-30,
Batch 32 Wave 04,B32W4E0035,Career,C001615,organization_id,ORG000054,B32W4S0003,選手一覧 > 名古屋D > 若野 瑛太,2026-27シーズンの公式選手一覧で現所属を確認,SUPPORTED,2026-09-30,
Batch 32 Wave 04,B32W4E0036,Person,P000363,name,井上 諒汰,B32W4S0011,基本情報 > 選手名,B.LEAGUE公式プロフィールで氏名を確認,SUPPORTED,2026-09-30,
Batch 32 Wave 04,B32W4E0037,Person,P000363,birth_date,1995-04-19,B32W4S0011,基本情報 > 生年月日：1995年4月19日,B.LEAGUE公式プロフィールで生年月日を確認,SUPPORTED,2026-09-30,
Batch 32 Wave 04,B32W4E0038,Career,C001616,organization_id,ORG000297,B32W4S0011,基本情報 > 出身校（高）：東海大学付属第三高等学校,B.LEAGUE公式プロフィールで出身校（高）を確認,SUPPORTED,2026-09-30,
Batch 32 Wave 04,B32W4E0039,Career,C001617,organization_id,ORG000301,B32W4S0011,基本情報 > 出身校（大）：関西大学,B.LEAGUE公式プロフィールで出身校（大）を確認,SUPPORTED,2026-09-30,
Batch 32 Wave 04,B32W4E0040,Career,C001618,organization_id,ORG000048,B32W4S0011,クラブ所属履歴 > 「2019-20 佐賀」〜「2026-27 佐賀」,B.LEAGUE公式の所属履歴で在籍を確認（略称表記）,SUPPORTED,2026-09-30,
Batch 32 Wave 04,B32W4E0041,Career,C001618,organization_id,ORG000048,B32W4S0012,順位表 > クラブ「佐賀バルーナーズ」（略称「佐賀」、club_detail TeamID=1638）,公式順位表で略称とクラブ名・TeamIDの対応を確認,SUPPORTED,2026-09-30,
Batch 32 Wave 04,B32W4E0042,Career,C001618,start,2019,B32W4S0011,クラブ所属履歴 > 「2019-20 佐賀」,所属履歴の最初のシーズン2019-20の開始年,SUPPORTED,2026-09-30,
Batch 32 Wave 04,B32W4E0043,Career,C001618,organization_id,ORG000048,B32W4S0013,選手一覧 > 佐賀 > 井上 諒汰,2026-27シーズンの公式選手一覧で現所属を確認,SUPPORTED,2026-09-30,
Batch 32 Wave 04,B32W4E0044,Person,P000364,name,岸田 篤生,B32W4S0014,基本情報 > 選手名,B.LEAGUE公式プロフィールで氏名を確認,SUPPORTED,2026-09-30,
Batch 32 Wave 04,B32W4E0045,Person,P000364,birth_date,1995-10-28,B32W4S0014,基本情報 > 生年月日：1995年10月28日,B.LEAGUE公式プロフィールで生年月日を確認,SUPPORTED,2026-09-30,
Batch 32 Wave 04,B32W4E0046,Career,C001619,organization_id,ORG000339,B32W4S0014,基本情報 > 出身校（高）：鳥取県立鳥取東高等学校,B.LEAGUE公式プロフィールで出身校（高）を確認,SUPPORTED,2026-09-30,
Batch 32 Wave 04,B32W4E0047,Career,C001620,organization_id,ORG000340,B32W4S0014,基本情報 > 出身校（大）：大阪体育大学,B.LEAGUE公式プロフィールで出身校（大）を確認,SUPPORTED,2026-09-30,
Batch 32 Wave 04,B32W4E0048,Career,C001621,organization_id,ORG000042,B32W4S0014,クラブ所属履歴 > 「2018-19 京都」,B.LEAGUE公式の所属履歴で在籍を確認（略称表記）,SUPPORTED,2026-09-30,
Batch 32 Wave 04,B32W4E0049,Career,C001621,organization_id,ORG000042,B32W4S0015,順位表 > クラブ「京都ハンナリーズ」（略称「京都」、club_detail TeamID=699）,公式順位表で略称とクラブ名・TeamIDの対応を確認,SUPPORTED,2026-09-30,
Batch 32 Wave 04,B32W4E0050,Career,C001621,start,2018,B32W4S0014,クラブ所属履歴 > 「2018-19 京都」,所属履歴の最初のシーズン2018-19の開始年,SUPPORTED,2026-09-30,
Batch 32 Wave 04,B32W4E0051,Career,C001621,end,2019,B32W4S0014,クラブ所属履歴 > 「2018-19 京都」,所属履歴の最後のシーズン2018-19の終了年,SUPPORTED,2026-09-30,
Batch 32 Wave 04,B32W4E0052,Career,C001622,organization_id,ORG000043,B32W4S0014,クラブ所属履歴 > 「2019-20 西宮」〜「2020-21 西宮」,B.LEAGUE公式の所属履歴で在籍を確認（略称表記）,SUPPORTED,2026-09-30,
Batch 32 Wave 04,B32W4E0053,Career,C001622,organization_id,ORG000043,B32W4S0016,順位表 > クラブ「西宮ストークス」（略称「西宮」、club_detail TeamID=718）,公式順位表で略称とクラブ名・TeamIDの対応を確認,SUPPORTED,2026-09-30,
Batch 32 Wave 04,B32W4E0054,Career,C001622,start,2019,B32W4S0014,クラブ所属履歴 > 「2019-20 西宮」,所属履歴の最初のシーズン2019-20の開始年,SUPPORTED,2026-09-30,
Batch 32 Wave 04,B32W4E0055,Career,C001622,end,2021,B32W4S0014,クラブ所属履歴 > 「2020-21 西宮」,所属履歴の最後のシーズン2020-21の終了年,SUPPORTED,2026-09-30,
Batch 32 Wave 04,B32W4E0056,Career,C001623,organization_id,ORG000048,B32W4S0014,クラブ所属履歴 > 「2021-22 佐賀」〜「2026-27 佐賀」,B.LEAGUE公式の所属履歴で在籍を確認（略称表記）,SUPPORTED,2026-09-30,
Batch 32 Wave 04,B32W4E0057,Career,C001623,organization_id,ORG000048,B32W4S0017,順位表 > クラブ「佐賀バルーナーズ」（略称「佐賀」、club_detail TeamID=1638）,公式順位表で略称とクラブ名・TeamIDの対応を確認,SUPPORTED,2026-09-30,
Batch 32 Wave 04,B32W4E0058,Career,C001623,start,2021,B32W4S0014,クラブ所属履歴 > 「2021-22 佐賀」,所属履歴の最初のシーズン2021-22の開始年,SUPPORTED,2026-09-30,
Batch 32 Wave 04,B32W4E0059,Career,C001623,organization_id,ORG000048,B32W4S0013,選手一覧 > 佐賀 > 岸田 篤生,2026-27シーズンの公式選手一覧で現所属を確認,SUPPORTED,2026-09-30,
Batch 32 Wave 04,B32W4E0060,Person,P000365,name,角田 太輝,B32W4S0018,基本情報 > 選手名,B.LEAGUE公式プロフィールで氏名を確認,SUPPORTED,2026-09-30,
Batch 32 Wave 04,B32W4E0061,Person,P000365,birth_date,1999-09-28,B32W4S0018,基本情報 > 生年月日：1999年9月28日,B.LEAGUE公式プロフィールで生年月日を確認,SUPPORTED,2026-09-30,
Batch 32 Wave 04,B32W4E0062,Career,C001624,organization_id,ORG000154,B32W4S0018,基本情報 > 出身校（高）：佐賀県立佐賀北高等学校,B.LEAGUE公式プロフィールで出身校（高）を確認,SUPPORTED,2026-09-30,
Batch 32 Wave 04,B32W4E0063,Career,C001625,organization_id,ORG000208,B32W4S0018,基本情報 > 出身校（大）：白鴎大学,B.LEAGUE公式プロフィールで出身校（大）を確認,SUPPORTED,2026-09-30,
Batch 32 Wave 04,B32W4E0064,Career,C001626,organization_id,ORG000048,B32W4S0018,クラブ所属履歴 > 「2021-22 佐賀」〜「2026-27 佐賀」,B.LEAGUE公式の所属履歴で在籍を確認（略称表記）,SUPPORTED,2026-09-30,
Batch 32 Wave 04,B32W4E0065,Career,C001626,organization_id,ORG000048,B32W4S0017,順位表 > クラブ「佐賀バルーナーズ」（略称「佐賀」、club_detail TeamID=1638）,公式順位表で略称とクラブ名・TeamIDの対応を確認,SUPPORTED,2026-09-30,
Batch 32 Wave 04,B32W4E0066,Career,C001626,start,2021,B32W4S0018,クラブ所属履歴 > 「2021-22 佐賀」,所属履歴の最初のシーズン2021-22の開始年,SUPPORTED,2026-09-30,
Batch 32 Wave 04,B32W4E0067,Career,C001626,organization_id,ORG000048,B32W4S0013,選手一覧 > 佐賀 > 角田 太輝,2026-27シーズンの公式選手一覧で現所属を確認,SUPPORTED,2026-09-30,
Batch 32 Wave 04,B32W4E0068,Person,P000366,name,武富 楓太,B32W4S0019,基本情報 > 選手名,B.LEAGUE公式プロフィールで氏名を確認,SUPPORTED,2026-09-30,
Batch 32 Wave 04,B32W4E0069,Person,P000366,birth_date,2003-11-05,B32W4S0019,基本情報 > 生年月日：2003年11月5日,B.LEAGUE公式プロフィールで生年月日を確認,SUPPORTED,2026-09-30,
Batch 32 Wave 04,B32W4E0070,Career,C001627,organization_id,ORG000341,B32W4S0019,基本情報 > 出身校（高）：佐賀東高等学校,B.LEAGUE公式プロフィールで出身校（高）を確認,SUPPORTED,2026-09-30,
Batch 32 Wave 04,B32W4E0071,Career,C001628,organization_id,ORG000095,B32W4S0019,基本情報 > 出身校（大）：東海大学九州,B.LEAGUE公式プロフィールで出身校（大）を確認,SUPPORTED,2026-09-30,
Batch 32 Wave 04,B32W4E0072,Career,C001629,organization_id,ORG000048,B32W4S0019,クラブ所属履歴 > 「2025-26 佐賀」〜「2026-27 佐賀」,B.LEAGUE公式の所属履歴で在籍を確認（略称表記）,SUPPORTED,2026-09-30,
Batch 32 Wave 04,B32W4E0073,Career,C001629,organization_id,ORG000048,B32W4S0005,順位表 > クラブ「佐賀バルーナーズ」（略称「佐賀」、club_detail TeamID=1638）,公式順位表で略称とクラブ名・TeamIDの対応を確認,SUPPORTED,2026-09-30,
Batch 32 Wave 04,B32W4E0074,Career,C001629,start,2025,B32W4S0019,クラブ所属履歴 > 「2025-26 佐賀」,所属履歴の最初のシーズン2025-26の開始年,SUPPORTED,2026-09-30,
Batch 32 Wave 04,B32W4E0075,Career,C001629,organization_id,ORG000048,B32W4S0013,選手一覧 > 佐賀 > 武富 楓太,2026-27シーズンの公式選手一覧で現所属を確認,SUPPORTED,2026-09-30,
Batch 32 Wave 04,B32W4E0076,Person,P000367,name,富山 仁貴,B32W4S0020,基本情報 > 選手名,B.LEAGUE公式プロフィールで氏名を確認,SUPPORTED,2026-09-30,
Batch 32 Wave 04,B32W4E0077,Person,P000367,birth_date,2003-03-18,B32W4S0020,基本情報 > 生年月日：2003年3月18日,B.LEAGUE公式プロフィールで生年月日を確認,SUPPORTED,2026-09-30,
Batch 32 Wave 04,B32W4E0078,Career,C001630,organization_id,ORG000342,B32W4S0020,基本情報 > 出身校（高）：兵庫県立淡路三原高等学校,B.LEAGUE公式プロフィールで出身校（高）を確認,SUPPORTED,2026-09-30,
Batch 32 Wave 04,B32W4E0079,Career,C001631,organization_id,ORG000128,B32W4S0020,基本情報 > 出身校（大）：大東文化大学,B.LEAGUE公式プロフィールで出身校（大）を確認,SUPPORTED,2026-09-30,
Batch 32 Wave 04,B32W4E0080,Career,C001632,organization_id,ORG000048,B32W4S0020,クラブ所属履歴 > 「2024-25 佐賀」〜「2026-27 佐賀」,B.LEAGUE公式の所属履歴で在籍を確認（略称表記）,SUPPORTED,2026-09-30,
Batch 32 Wave 04,B32W4E0081,Career,C001632,organization_id,ORG000048,B32W4S0008,順位表 > クラブ「佐賀バルーナーズ」（略称「佐賀」、club_detail TeamID=1638）,公式順位表で略称とクラブ名・TeamIDの対応を確認,SUPPORTED,2026-09-30,
Batch 32 Wave 04,B32W4E0082,Career,C001632,start,2024,B32W4S0020,クラブ所属履歴 > 「2024-25 佐賀」,所属履歴の最初のシーズン2024-25の開始年,SUPPORTED,2026-09-30,
Batch 32 Wave 04,B32W4E0083,Career,C001632,organization_id,ORG000048,B32W4S0013,選手一覧 > 佐賀 > 富山 仁貴,2026-27シーズンの公式選手一覧で現所属を確認,SUPPORTED,2026-09-30,
Batch 32 Wave 04,B32W4E0084,Person,P000368,name,橋本 晃佑,B32W4S0021,基本情報 > 選手名,B.LEAGUE公式プロフィールで氏名を確認,SUPPORTED,2026-09-30,
Batch 32 Wave 04,B32W4E0085,Person,P000368,birth_date,1993-05-06,B32W4S0021,基本情報 > 生年月日：1993年5月6日,B.LEAGUE公式プロフィールで生年月日を確認,SUPPORTED,2026-09-30,
Batch 32 Wave 04,B32W4E0086,Career,C001633,organization_id,ORG000234,B32W4S0021,基本情報 > 出身校（高）：栃木県立宇都宮工業高等学校,B.LEAGUE公式プロフィールで出身校（高）を確認,SUPPORTED,2026-09-30,
Batch 32 Wave 04,B32W4E0087,Career,C001634,organization_id,ORG000015,B32W4S0021,基本情報 > 出身校（大）：東海大学,B.LEAGUE公式プロフィールで出身校（大）を確認,SUPPORTED,2026-09-30,
Batch 32 Wave 04,B32W4E0088,Career,C001635,organization_id,ORG000047,B32W4S0021,クラブ所属履歴 > 「2016-17 栃木」〜「2019-20 宇都宮」,B.LEAGUE公式の所属履歴で在籍を確認（略称表記）,SUPPORTED,2026-09-30,
Batch 32 Wave 04,B32W4E0089,Career,C001635,organization_id,ORG000047,B32W4S0002,順位表 > クラブ「栃木ブレックス」（略称「栃木」、club_detail TeamID=703）,公式順位表で略称とクラブ名・TeamIDの対応を確認,SUPPORTED,2026-09-30,
Batch 32 Wave 04,B32W4E0090,Career,C001635,start,2016,B32W4S0021,クラブ所属履歴 > 「2016-17 栃木」,所属履歴の最初のシーズン2016-17の開始年,SUPPORTED,2026-09-30,
Batch 32 Wave 04,B32W4E0091,Career,C001635,end,2020,B32W4S0021,クラブ所属履歴 > 「2019-20 宇都宮」,所属履歴の最後のシーズン2019-20の終了年,SUPPORTED,2026-09-30,
Batch 32 Wave 04,B32W4E0092,Career,C001636,organization_id,ORG000149,B32W4S0021,クラブ所属履歴 > 「2020-21 富山」,B.LEAGUE公式の所属履歴で在籍を確認（略称表記）,SUPPORTED,2026-09-30,
Batch 32 Wave 04,B32W4E0093,Career,C001636,organization_id,ORG000149,B32W4S0007,順位表 > クラブ「富山グラウジーズ」（略称「富山」、club_detail TeamID=696）,公式順位表で略称とクラブ名・TeamIDの対応を確認,SUPPORTED,2026-09-30,
Batch 32 Wave 04,B32W4E0094,Career,C001636,start,2020,B32W4S0021,クラブ所属履歴 > 「2020-21 富山」,所属履歴の最初のシーズン2020-21の開始年,SUPPORTED,2026-09-30,
Batch 32 Wave 04,B32W4E0095,Career,C001636,end,2021,B32W4S0021,クラブ所属履歴 > 「2020-21 富山」,所属履歴の最後のシーズン2020-21の終了年,SUPPORTED,2026-09-30,
Batch 32 Wave 04,B32W4E0096,Career,C001637,organization_id,ORG000130,B32W4S0021,クラブ所属履歴 > 「2021-22 三河」〜「2023-24 三河」,B.LEAGUE公式の所属履歴で在籍を確認（略称表記）,SUPPORTED,2026-09-30,
Batch 32 Wave 04,B32W4E0097,Career,C001637,organization_id,ORG000130,B32W4S0022,順位表 > クラブ「シーホース三河」（略称「三河」、club_detail TeamID=728）,公式順位表で略称とクラブ名・TeamIDの対応を確認,SUPPORTED,2026-09-30,
Batch 32 Wave 04,B32W4E0098,Career,C001637,start,2021,B32W4S0021,クラブ所属履歴 > 「2021-22 三河」,所属履歴の最初のシーズン2021-22の開始年,SUPPORTED,2026-09-30,
Batch 32 Wave 04,B32W4E0099,Career,C001637,end,2024,B32W4S0021,クラブ所属履歴 > 「2023-24 三河」,所属履歴の最後のシーズン2023-24の終了年,SUPPORTED,2026-09-30,
Batch 32 Wave 04,B32W4E0100,Career,C001638,organization_id,ORG000040,B32W4S0021,クラブ所属履歴 > 「2024-25 福岡」,B.LEAGUE公式の所属履歴で在籍を確認（略称表記）,SUPPORTED,2026-09-30,
Batch 32 Wave 04,B32W4E0101,Career,C001638,organization_id,ORG000040,B32W4S0023,順位表 > クラブ「ライジングゼファー福岡」（略称「福岡」、club_detail TeamID=753）,公式順位表で略称とクラブ名・TeamIDの対応を確認,SUPPORTED,2026-09-30,
Batch 32 Wave 04,B32W4E0102,Career,C001638,start,2024,B32W4S0021,クラブ所属履歴 > 「2024-25 福岡」,所属履歴の最初のシーズン2024-25の開始年,SUPPORTED,2026-09-30,
Batch 32 Wave 04,B32W4E0103,Career,C001638,end,2025,B32W4S0021,クラブ所属履歴 > 「2024-25 福岡」,所属履歴の最後のシーズン2024-25の終了年,SUPPORTED,2026-09-30,
Batch 32 Wave 04,B32W4E0104,Career,C001639,organization_id,ORG000048,B32W4S0021,クラブ所属履歴 > 「2025-26 佐賀」〜「2026-27 佐賀」,B.LEAGUE公式の所属履歴で在籍を確認（略称表記）,SUPPORTED,2026-09-30,
Batch 32 Wave 04,B32W4E0105,Career,C001639,organization_id,ORG000048,B32W4S0005,順位表 > クラブ「佐賀バルーナーズ」（略称「佐賀」、club_detail TeamID=1638）,公式順位表で略称とクラブ名・TeamIDの対応を確認,SUPPORTED,2026-09-30,
Batch 32 Wave 04,B32W4E0106,Career,C001639,start,2025,B32W4S0021,クラブ所属履歴 > 「2025-26 佐賀」,所属履歴の最初のシーズン2025-26の開始年,SUPPORTED,2026-09-30,
Batch 32 Wave 04,B32W4E0107,Career,C001639,organization_id,ORG000048,B32W4S0013,選手一覧 > 佐賀 > 橋本 晃佑,2026-27シーズンの公式選手一覧で現所属を確認,SUPPORTED,2026-09-30,
Batch 32 Wave 04,B32W4E0108,Person,P000369,name,青木 ブレイク,B32W4S0024,基本情報 > 選手名,B.LEAGUE公式プロフィールで氏名を確認,SUPPORTED,2026-09-30,
Batch 32 Wave 04,B32W4E0109,Person,P000369,birth_date,1993-11-13,B32W4S0024,基本情報 > 生年月日：1993年11月13日,B.LEAGUE公式プロフィールで生年月日を確認,SUPPORTED,2026-09-30,
Batch 32 Wave 04,B32W4E0110,Career,C001640,organization_id,ORG000343,B32W4S0024,基本情報 > 出身校（高）：アーツ&テクノロジー高等学校,B.LEAGUE公式プロフィールで出身校（高）を確認,SUPPORTED,2026-09-30,
Batch 32 Wave 04,B32W4E0111,Career,C001641,organization_id,ORG000344,B32W4S0024,基本情報 > 出身校（大）：ニューヨーク市立大学シティカレッジ,B.LEAGUE公式プロフィールで出身校（大）を確認,SUPPORTED,2026-09-30,
Batch 32 Wave 04,B32W4E0112,Career,C001642,organization_id,ORG000149,B32W4S0024,クラブ所属履歴 > 「2017-18 富山」,B.LEAGUE公式の所属履歴で在籍を確認（略称表記）,SUPPORTED,2026-09-30,
Batch 32 Wave 04,B32W4E0113,Career,C001642,organization_id,ORG000149,B32W4S0025,順位表 > クラブ「富山グラウジーズ」（略称「富山」、club_detail TeamID=696）,公式順位表で略称とクラブ名・TeamIDの対応を確認,SUPPORTED,2026-09-30,
Batch 32 Wave 04,B32W4E0114,Career,C001642,start,2017,B32W4S0024,クラブ所属履歴 > 「2017-18 富山」,所属履歴の最初のシーズン2017-18の開始年,SUPPORTED,2026-09-30,
Batch 32 Wave 04,B32W4E0115,Career,C001642,end,2018,B32W4S0024,クラブ所属履歴 > 「2017-18 富山」,所属履歴の最後のシーズン2017-18の終了年,SUPPORTED,2026-09-30,
Batch 32 Wave 04,B32W4E0116,Career,C001643,organization_id,ORG000040,B32W4S0024,クラブ所属履歴 > 「2018-19 福岡」〜「2019-20 福岡」,B.LEAGUE公式の所属履歴で在籍を確認（略称表記）,SUPPORTED,2026-09-30,
Batch 32 Wave 04,B32W4E0117,Career,C001643,organization_id,ORG000040,B32W4S0015,順位表 > クラブ「ライジングゼファー福岡」（略称「福岡」、club_detail TeamID=753）,公式順位表で略称とクラブ名・TeamIDの対応を確認,SUPPORTED,2026-09-30,
Batch 32 Wave 04,B32W4E0118,Career,C001643,start,2018,B32W4S0024,クラブ所属履歴 > 「2018-19 福岡」,所属履歴の最初のシーズン2018-19の開始年,SUPPORTED,2026-09-30,
Batch 32 Wave 04,B32W4E0119,Career,C001643,end,2020,B32W4S0024,クラブ所属履歴 > 「2019-20 福岡」,所属履歴の最後のシーズン2019-20の終了年,SUPPORTED,2026-09-30,
Batch 32 Wave 04,B32W4E0120,Career,C001644,organization_id,ORG000111,B32W4S0024,クラブ所属履歴 > 「2020-21 八王子」,B.LEAGUE公式の所属履歴で在籍を確認（略称表記）,SUPPORTED,2026-09-30,
Batch 32 Wave 04,B32W4E0121,Career,C001644,organization_id,ORG000111,B32W4S0026,順位表 > クラブ「東京八王子ビートレインズ」（略称「八王子」、club_detail TeamID=749）,公式順位表で略称とクラブ名・TeamIDの対応を確認,SUPPORTED,2026-09-30,
Batch 32 Wave 04,B32W4E0122,Career,C001644,start,2020,B32W4S0024,クラブ所属履歴 > 「2020-21 八王子」,所属履歴の最初のシーズン2020-21の開始年,SUPPORTED,2026-09-30,
Batch 32 Wave 04,B32W4E0123,Career,C001644,end,2021,B32W4S0024,クラブ所属履歴 > 「2020-21 八王子」,所属履歴の最後のシーズン2020-21の終了年,SUPPORTED,2026-09-30,
Batch 32 Wave 04,B32W4E0124,Career,C001645,organization_id,ORG000205,B32W4S0024,クラブ所属履歴 > 「2021-22 金沢」,B.LEAGUE公式の所属履歴で在籍を確認（略称表記）,SUPPORTED,2026-09-30,
Batch 32 Wave 04,B32W4E0125,Career,C001645,organization_id,ORG000205,B32W4S0027,順位表 > クラブ「金沢武士団」（略称「金沢」、club_detail TeamID=750）,公式順位表で略称とクラブ名・TeamIDの対応を確認,SUPPORTED,2026-09-30,
Batch 32 Wave 04,B32W4E0126,Career,C001645,start,2021,B32W4S0024,クラブ所属履歴 > 「2021-22 金沢」,所属履歴の最初のシーズン2021-22の開始年,SUPPORTED,2026-09-30,
Batch 32 Wave 04,B32W4E0127,Career,C001645,end,2022,B32W4S0024,クラブ所属履歴 > 「2021-22 金沢」,所属履歴の最後のシーズン2021-22の終了年,SUPPORTED,2026-09-30,
Batch 32 Wave 04,B32W4E0128,Career,C001646,organization_id,ORG000163,B32W4S0024,クラブ所属履歴 > 「2022-23 湘南」,B.LEAGUE公式の所属履歴で在籍を確認（略称表記）,SUPPORTED,2026-09-30,
Batch 32 Wave 04,B32W4E0129,Career,C001646,organization_id,ORG000163,B32W4S0028,順位表 > クラブ「湘南ユナイテッドBC」（略称「湘南」、club_detail TeamID=2728）,公式順位表で略称とクラブ名・TeamIDの対応を確認,SUPPORTED,2026-09-30,
Batch 32 Wave 04,B32W4E0130,Career,C001646,start,2022,B32W4S0024,クラブ所属履歴 > 「2022-23 湘南」,所属履歴の最初のシーズン2022-23の開始年,SUPPORTED,2026-09-30,
Batch 32 Wave 04,B32W4E0131,Career,C001646,end,2023,B32W4S0024,クラブ所属履歴 > 「2022-23 湘南」,所属履歴の最後のシーズン2022-23の終了年,SUPPORTED,2026-09-30,
Batch 32 Wave 04,B32W4E0132,Career,C001647,organization_id,ORG000225,B32W4S0024,クラブ所属履歴 > 「2023-24 豊田合成」,B.LEAGUE公式の所属履歴で在籍を確認（略称表記）,SUPPORTED,2026-09-30,
Batch 32 Wave 04,B32W4E0133,Career,C001647,organization_id,ORG000225,B32W4S0029,順位表 > クラブ「豊田合成スコーピオンズ」（略称「豊田合成」、club_detail TeamID=752）,公式順位表で略称とクラブ名・TeamIDの対応を確認,SUPPORTED,2026-09-30,
Batch 32 Wave 04,B32W4E0134,Career,C001647,start,2023,B32W4S0024,クラブ所属履歴 > 「2023-24 豊田合成」,所属履歴の最初のシーズン2023-24の開始年,SUPPORTED,2026-09-30,
Batch 32 Wave 04,B32W4E0135,Career,C001647,end,2024,B32W4S0024,クラブ所属履歴 > 「2023-24 豊田合成」,所属履歴の最後のシーズン2023-24の終了年,SUPPORTED,2026-09-30,
Batch 32 Wave 04,B32W4E0136,Career,C001648,organization_id,ORG000116,B32W4S0024,クラブ所属履歴 > 「2023-24 徳島」〜「2024-25 徳島」,B.LEAGUE公式の所属履歴で在籍を確認（略称表記）,SUPPORTED,2026-09-30,
Batch 32 Wave 04,B32W4E0137,Career,C001648,organization_id,ORG000116,B32W4S0029,順位表 > クラブ「徳島ガンバロウズ」（略称「徳島」、club_detail TeamID=2890）,公式順位表で略称とクラブ名・TeamIDの対応を確認,SUPPORTED,2026-09-30,
Batch 32 Wave 04,B32W4E0138,Career,C001648,start,2023,B32W4S0024,クラブ所属履歴 > 「2023-24 徳島」,所属履歴の最初のシーズン2023-24の開始年,SUPPORTED,2026-09-30,
Batch 32 Wave 04,B32W4E0139,Career,C001648,end,2025,B32W4S0024,クラブ所属履歴 > 「2024-25 徳島」,所属履歴の最後のシーズン2024-25の終了年,SUPPORTED,2026-09-30,
Batch 32 Wave 04,B32W4E0140,Career,C001649,organization_id,ORG000047,B32W4S0024,クラブ所属履歴 > 「2025-26 宇都宮」,B.LEAGUE公式の所属履歴で在籍を確認（略称表記）,SUPPORTED,2026-09-30,
Batch 32 Wave 04,B32W4E0141,Career,C001649,organization_id,ORG000047,B32W4S0005,順位表 > クラブ「宇都宮ブレックス」（略称「宇都宮」、club_detail TeamID=703）,公式順位表で略称とクラブ名・TeamIDの対応を確認,SUPPORTED,2026-09-30,
Batch 32 Wave 04,B32W4E0142,Career,C001649,start,2025,B32W4S0024,クラブ所属履歴 > 「2025-26 宇都宮」,所属履歴の最初のシーズン2025-26の開始年,SUPPORTED,2026-09-30,
Batch 32 Wave 04,B32W4E0143,Career,C001649,end,2026,B32W4S0024,クラブ所属履歴 > 「2025-26 宇都宮」,所属履歴の最後のシーズン2025-26の終了年,SUPPORTED,2026-09-30,
Batch 32 Wave 04,B32W4E0144,Career,C001650,organization_id,ORG000144,B32W4S0024,クラブ所属履歴 > 「2026-27 A千葉」,B.LEAGUE公式の所属履歴で在籍を確認（略称表記）,SUPPORTED,2026-09-30,
Batch 32 Wave 04,B32W4E0145,Career,C001650,organization_id,ORG000144,B32W4S0030,順位表 > クラブ「アルティーリ千葉」（略称「A千葉」、club_detail TeamID=2486）,公式順位表で略称とクラブ名・TeamIDの対応を確認,SUPPORTED,2026-09-30,
Batch 32 Wave 04,B32W4E0146,Career,C001650,start,2026,B32W4S0024,クラブ所属履歴 > 「2026-27 A千葉」,所属履歴の最初のシーズン2026-27の開始年,SUPPORTED,2026-09-30,
Batch 32 Wave 04,B32W4E0147,Career,C001650,organization_id,ORG000144,B32W4S0031,選手一覧 > A千葉 > 青木 ブレイク,2026-27シーズンの公式選手一覧で現所属を確認,SUPPORTED,2026-09-30,
Batch 32 Wave 04,B32W4E0148,Person,P000370,name,エヴァンス ルーク,B32W4S0032,基本情報 > 選手名,B.LEAGUE公式プロフィールで氏名を確認,SUPPORTED,2026-09-30,
Batch 32 Wave 04,B32W4E0149,Person,P000370,birth_date,1991-03-16,B32W4S0032,基本情報 > 生年月日：1991年3月16日,B.LEAGUE公式プロフィールで生年月日を確認,SUPPORTED,2026-09-30,
Batch 32 Wave 04,B32W4E0150,Career,C001651,organization_id,ORG000345,B32W4S0032,基本情報 > 出身校（高）：エル・カミノ・ハイ・スクール,B.LEAGUE公式プロフィールで出身校（高）を確認,SUPPORTED,2026-09-30,
Batch 32 Wave 04,B32W4E0151,Career,C001652,organization_id,ORG000346,B32W4S0032,基本情報 > 出身校（大）：カリフォルニアバプティスト大学,B.LEAGUE公式プロフィールで出身校（大）を確認,SUPPORTED,2026-09-30,
Batch 32 Wave 04,B32W4E0152,Career,C001653,organization_id,ORG000090,B32W4S0032,クラブ所属履歴 > 「2016-17 東京EX」,B.LEAGUE公式の所属履歴で在籍を確認（略称表記）,SUPPORTED,2026-09-30,
Batch 32 Wave 04,B32W4E0153,Career,C001653,organization_id,ORG000090,B32W4S0033,順位表 > クラブ「東京エクセレンス」（略称「東京EX」、club_detail TeamID=714）,公式順位表で略称とクラブ名・TeamIDの対応を確認,SUPPORTED,2026-09-30,
Batch 32 Wave 04,B32W4E0154,Career,C001653,start,2016,B32W4S0032,クラブ所属履歴 > 「2016-17 東京EX」,所属履歴の最初のシーズン2016-17の開始年,SUPPORTED,2026-09-30,
Batch 32 Wave 04,B32W4E0155,Career,C001653,end,2017,B32W4S0032,クラブ所属履歴 > 「2016-17 東京EX」,所属履歴の最後のシーズン2016-17の終了年,SUPPORTED,2026-09-30,
Batch 32 Wave 04,B32W4E0156,Career,C001654,organization_id,ORG000046,B32W4S0032,クラブ所属履歴 > 「2017-18 東京Z」,B.LEAGUE公式の所属履歴で在籍を確認（略称表記）,SUPPORTED,2026-09-30,
Batch 32 Wave 04,B32W4E0157,Career,C001654,organization_id,ORG000046,B32W4S0034,順位表 > クラブ「アースフレンズ東京Z」（略称「東京Z」、club_detail TeamID=715）,公式順位表で略称とクラブ名・TeamIDの対応を確認,SUPPORTED,2026-09-30,
Batch 32 Wave 04,B32W4E0158,Career,C001654,start,2017,B32W4S0032,クラブ所属履歴 > 「2017-18 東京Z」,所属履歴の最初のシーズン2017-18の開始年,SUPPORTED,2026-09-30,
Batch 32 Wave 04,B32W4E0159,Career,C001654,end,2018,B32W4S0032,クラブ所属履歴 > 「2017-18 東京Z」,所属履歴の最後のシーズン2017-18の終了年,SUPPORTED,2026-09-30,
Batch 32 Wave 04,B32W4E0160,Career,C001655,organization_id,ORG000190,B32W4S0032,クラブ所属履歴 > 「2018-19 越谷」,B.LEAGUE公式の所属履歴で在籍を確認（略称表記）,SUPPORTED,2026-09-30,
Batch 32 Wave 04,B32W4E0161,Career,C001655,organization_id,ORG000190,B32W4S0035,順位表 > クラブ「大塚商会越谷アルファーズ」（略称「越谷」、club_detail TeamID=745）,公式順位表で略称とクラブ名・TeamIDの対応を確認,SUPPORTED,2026-09-30,
Batch 32 Wave 04,B32W4E0162,Career,C001655,start,2018,B32W4S0032,クラブ所属履歴 > 「2018-19 越谷」,所属履歴の最初のシーズン2018-19の開始年,SUPPORTED,2026-09-30,
Batch 32 Wave 04,B32W4E0163,Career,C001655,end,2019,B32W4S0032,クラブ所属履歴 > 「2018-19 越谷」,所属履歴の最後のシーズン2018-19の終了年,SUPPORTED,2026-09-30,
Batch 32 Wave 04,B32W4E0164,Career,C001656,organization_id,ORG000225,B32W4S0032,クラブ所属履歴 > 「2019-20 豊田合成」,B.LEAGUE公式の所属履歴で在籍を確認（略称表記）,SUPPORTED,2026-09-30,
Batch 32 Wave 04,B32W4E0165,Career,C001656,organization_id,ORG000225,B32W4S0012,順位表 > クラブ「豊田合成スコーピオンズ」（略称「豊田合成」、club_detail TeamID=752）,公式順位表で略称とクラブ名・TeamIDの対応を確認,SUPPORTED,2026-09-30,
Batch 32 Wave 04,B32W4E0166,Career,C001656,start,2019,B32W4S0032,クラブ所属履歴 > 「2019-20 豊田合成」,所属履歴の最初のシーズン2019-20の開始年,SUPPORTED,2026-09-30,
Batch 32 Wave 04,B32W4E0167,Career,C001656,end,2020,B32W4S0032,クラブ所属履歴 > 「2019-20 豊田合成」,所属履歴の最後のシーズン2019-20の終了年,SUPPORTED,2026-09-30,
Batch 32 Wave 04,B32W4E0168,Career,C001657,organization_id,ORG000155,B32W4S0032,クラブ所属履歴 > 「2020-21 島根」,B.LEAGUE公式の所属履歴で在籍を確認（略称表記）,SUPPORTED,2026-09-30,
Batch 32 Wave 04,B32W4E0169,Career,C001657,organization_id,ORG000155,B32W4S0007,順位表 > クラブ「島根スサノオマジック」（略称「島根」、club_detail TeamID=720）,公式順位表で略称とクラブ名・TeamIDの対応を確認,SUPPORTED,2026-09-30,
Batch 32 Wave 04,B32W4E0170,Career,C001657,start,2020,B32W4S0032,クラブ所属履歴 > 「2020-21 島根」,所属履歴の最初のシーズン2020-21の開始年,SUPPORTED,2026-09-30,
Batch 32 Wave 04,B32W4E0171,Career,C001657,end,2021,B32W4S0032,クラブ所属履歴 > 「2020-21 島根」,所属履歴の最後のシーズン2020-21の終了年,SUPPORTED,2026-09-30,
Batch 32 Wave 04,B32W4E0172,Career,C001658,organization_id,ORG000227,B32W4S0032,クラブ所属履歴 > 「2020-21 静岡」,B.LEAGUE公式の所属履歴で在籍を確認（略称表記）,SUPPORTED,2026-09-30,
Batch 32 Wave 04,B32W4E0173,Career,C001658,organization_id,ORG000227,B32W4S0026,順位表 > クラブ「ベルテックス静岡」（略称「静岡」、club_detail TeamID=1637）,公式順位表で略称とクラブ名・TeamIDの対応を確認,SUPPORTED,2026-09-30,
Batch 32 Wave 04,B32W4E0174,Career,C001658,start,2020,B32W4S0032,クラブ所属履歴 > 「2020-21 静岡」,所属履歴の最初のシーズン2020-21の開始年,SUPPORTED,2026-09-30,
Batch 32 Wave 04,B32W4E0175,Career,C001658,end,2021,B32W4S0032,クラブ所属履歴 > 「2020-21 静岡」,所属履歴の最後のシーズン2020-21の終了年,SUPPORTED,2026-09-30,
Batch 32 Wave 04,B32W4E0176,Career,C001659,organization_id,ORG000180,B32W4S0032,クラブ所属履歴 > 「2021-22 FE名古屋」〜「2023-24 FE名古屋」,B.LEAGUE公式の所属履歴で在籍を確認（略称表記）,SUPPORTED,2026-09-30,
Batch 32 Wave 04,B32W4E0177,Career,C001659,organization_id,ORG000180,B32W4S0017,順位表 > クラブ「ファイティングイーグルス名古屋」（略称「FE名古屋」、club_detail TeamID=717）,公式順位表で略称とクラブ名・TeamIDの対応を確認,SUPPORTED,2026-09-30,
Batch 32 Wave 04,B32W4E0178,Career,C001659,start,2021,B32W4S0032,クラブ所属履歴 > 「2021-22 FE名古屋」,所属履歴の最初のシーズン2021-22の開始年,SUPPORTED,2026-09-30,
Batch 32 Wave 04,B32W4E0179,Career,C001659,end,2024,B32W4S0032,クラブ所属履歴 > 「2023-24 FE名古屋」,所属履歴の最後のシーズン2023-24の終了年,SUPPORTED,2026-09-30,
Batch 32 Wave 04,B32W4E0180,Career,C001660,organization_id,ORG000155,B32W4S0032,クラブ所属履歴 > 「2024-25 島根」,B.LEAGUE公式の所属履歴で在籍を確認（略称表記）,SUPPORTED,2026-09-30,
Batch 32 Wave 04,B32W4E0181,Career,C001660,organization_id,ORG000155,B32W4S0008,順位表 > クラブ「島根スサノオマジック」（略称「島根」、club_detail TeamID=720）,公式順位表で略称とクラブ名・TeamIDの対応を確認,SUPPORTED,2026-09-30,
Batch 32 Wave 04,B32W4E0182,Career,C001660,start,2024,B32W4S0032,クラブ所属履歴 > 「2024-25 島根」,所属履歴の最初のシーズン2024-25の開始年,SUPPORTED,2026-09-30,
Batch 32 Wave 04,B32W4E0183,Career,C001660,end,2025,B32W4S0032,クラブ所属履歴 > 「2024-25 島根」,所属履歴の最後のシーズン2024-25の終了年,SUPPORTED,2026-09-30,
Batch 32 Wave 04,B32W4E0184,Career,C001661,organization_id,ORG000144,B32W4S0032,クラブ所属履歴 > 「2025-26 A千葉」〜「2026-27 A千葉」,B.LEAGUE公式の所属履歴で在籍を確認（略称表記）,SUPPORTED,2026-09-30,
Batch 32 Wave 04,B32W4E0185,Career,C001661,organization_id,ORG000144,B32W4S0005,順位表 > クラブ「アルティーリ千葉」（略称「A千葉」、club_detail TeamID=2486）,公式順位表で略称とクラブ名・TeamIDの対応を確認,SUPPORTED,2026-09-30,
Batch 32 Wave 04,B32W4E0186,Career,C001661,start,2025,B32W4S0032,クラブ所属履歴 > 「2025-26 A千葉」,所属履歴の最初のシーズン2025-26の開始年,SUPPORTED,2026-09-30,
Batch 32 Wave 04,B32W4E0187,Career,C001661,organization_id,ORG000144,B32W4S0031,選手一覧 > A千葉 > エヴァンス ルーク,2026-27シーズンの公式選手一覧で現所属を確認,SUPPORTED,2026-09-30,
Batch 32 Wave 04,B32W4E0188,Person,P000371,name,木田 貴明,B32W4S0036,基本情報 > 選手名,B.LEAGUE公式プロフィールで氏名を確認,SUPPORTED,2026-09-30,
Batch 32 Wave 04,B32W4E0189,Person,P000371,birth_date,1995-07-16,B32W4S0036,基本情報 > 生年月日：1995年7月16日,B.LEAGUE公式プロフィールで生年月日を確認,SUPPORTED,2026-09-30,
Batch 32 Wave 04,B32W4E0190,Career,C001662,organization_id,ORG000331,B32W4S0036,基本情報 > 出身校（高）：金沢高等学校,B.LEAGUE公式プロフィールで出身校（高）を確認,SUPPORTED,2026-09-30,
Batch 32 Wave 04,B32W4E0191,Career,C001663,organization_id,ORG000030,B32W4S0036,基本情報 > 出身校（大）：青山学院大学,B.LEAGUE公式プロフィールで出身校（大）を確認,SUPPORTED,2026-09-30,
Batch 32 Wave 04,B32W4E0192,Career,C001664,organization_id,ORG000205,B32W4S0036,クラブ所属履歴 > 「2017-18 金沢」〜「2018-19 金沢」,B.LEAGUE公式の所属履歴で在籍を確認（略称表記）,SUPPORTED,2026-09-30,
Batch 32 Wave 04,B32W4E0193,Career,C001664,organization_id,ORG000205,B32W4S0034,順位表 > クラブ「金沢武士団」（略称「金沢」、club_detail TeamID=750）,公式順位表で略称とクラブ名・TeamIDの対応を確認,SUPPORTED,2026-09-30,
Batch 32 Wave 04,B32W4E0194,Career,C001664,start,2017,B32W4S0036,クラブ所属履歴 > 「2017-18 金沢」,所属履歴の最初のシーズン2017-18の開始年,SUPPORTED,2026-09-30,
Batch 32 Wave 04,B32W4E0195,Career,C001664,end,2019,B32W4S0036,クラブ所属履歴 > 「2018-19 金沢」,所属履歴の最後のシーズン2018-19の終了年,SUPPORTED,2026-09-30,
Batch 32 Wave 04,B32W4E0196,Career,C001665,organization_id,ORG000067,B32W4S0036,クラブ所属履歴 > 「2019-20 熊本」〜「2021-22 熊本」,B.LEAGUE公式の所属履歴で在籍を確認（略称表記）,SUPPORTED,2026-09-30,
Batch 32 Wave 04,B32W4E0197,Career,C001665,organization_id,ORG000067,B32W4S0016,順位表 > クラブ「熊本ヴォルターズ」（略称「熊本」、club_detail TeamID=724）,公式順位表で略称とクラブ名・TeamIDの対応を確認,SUPPORTED,2026-09-30,
Batch 32 Wave 04,B32W4E0198,Career,C001665,start,2019,B32W4S0036,クラブ所属履歴 > 「2019-20 熊本」,所属履歴の最初のシーズン2019-20の開始年,SUPPORTED,2026-09-30,
Batch 32 Wave 04,B32W4E0199,Career,C001665,end,2022,B32W4S0036,クラブ所属履歴 > 「2021-22 熊本」,所属履歴の最後のシーズン2021-22の終了年,SUPPORTED,2026-09-30,
Batch 32 Wave 04,B32W4E0200,Career,C001666,organization_id,ORG000144,B32W4S0036,クラブ所属履歴 > 「2022-23 A千葉」〜「2026-27 A千葉」,B.LEAGUE公式の所属履歴で在籍を確認（略称表記）,SUPPORTED,2026-09-30,
Batch 32 Wave 04,B32W4E0201,Career,C001666,organization_id,ORG000144,B32W4S0037,順位表 > クラブ「アルティーリ千葉」（略称「A千葉」、club_detail TeamID=2486）,公式順位表で略称とクラブ名・TeamIDの対応を確認,SUPPORTED,2026-09-30,
Batch 32 Wave 04,B32W4E0202,Career,C001666,start,2022,B32W4S0036,クラブ所属履歴 > 「2022-23 A千葉」,所属履歴の最初のシーズン2022-23の開始年,SUPPORTED,2026-09-30,
Batch 32 Wave 04,B32W4E0203,Career,C001666,organization_id,ORG000144,B32W4S0031,選手一覧 > A千葉 > 木田 貴明,2026-27シーズンの公式選手一覧で現所属を確認,SUPPORTED,2026-09-30,
Batch 32 Wave 04,B32W4E0204,Person,P000372,name,熊谷 尚也,B32W4S0038,基本情報 > 選手名,B.LEAGUE公式プロフィールで氏名を確認,SUPPORTED,2026-09-30,
Batch 32 Wave 04,B32W4E0205,Person,P000372,birth_date,1990-11-16,B32W4S0038,基本情報 > 生年月日：1990年11月16日,B.LEAGUE公式プロフィールで生年月日を確認,SUPPORTED,2026-09-30,
Batch 32 Wave 04,B32W4E0206,Career,C001667,organization_id,ORG000347,B32W4S0038,基本情報 > 出身校（高）：九州産業大学付属九州産業高等学校,B.LEAGUE公式プロフィールで出身校（高）を確認,SUPPORTED,2026-09-30,
Batch 32 Wave 04,B32W4E0207,Career,C001668,organization_id,ORG000020,B32W4S0038,基本情報 > 出身校（大）：日本体育大学,B.LEAGUE公式プロフィールで出身校（大）を確認,SUPPORTED,2026-09-30,
Batch 32 Wave 04,B32W4E0208,Career,C001669,organization_id,ORG000047,B32W4S0038,クラブ所属履歴 > 「2016-17 栃木」,B.LEAGUE公式の所属履歴で在籍を確認（略称表記）,SUPPORTED,2026-09-30,
Batch 32 Wave 04,B32W4E0209,Career,C001669,organization_id,ORG000047,B32W4S0002,順位表 > クラブ「栃木ブレックス」（略称「栃木」、club_detail TeamID=703）,公式順位表で略称とクラブ名・TeamIDの対応を確認,SUPPORTED,2026-09-30,
Batch 32 Wave 04,B32W4E0210,Career,C001669,start,2016,B32W4S0038,クラブ所属履歴 > 「2016-17 栃木」,所属履歴の最初のシーズン2016-17の開始年,SUPPORTED,2026-09-30,
Batch 32 Wave 04,B32W4E0211,Career,C001669,end,2017,B32W4S0038,クラブ所属履歴 > 「2016-17 栃木」,所属履歴の最後のシーズン2016-17の終了年,SUPPORTED,2026-09-30,
Batch 32 Wave 04,B32W4E0212,Career,C001670,organization_id,ORG000142,B32W4S0038,クラブ所属履歴 > 「2017-18 大阪」〜「2018-19 大阪」,B.LEAGUE公式の所属履歴で在籍を確認（略称表記）,SUPPORTED,2026-09-30,
Batch 32 Wave 04,B32W4E0213,Career,C001670,organization_id,ORG000142,B32W4S0025,順位表 > クラブ「大阪エヴェッサ」（略称「大阪」、club_detail TeamID=700）,公式順位表で略称とクラブ名・TeamIDの対応を確認,SUPPORTED,2026-09-30,
Batch 32 Wave 04,B32W4E0214,Career,C001670,start,2017,B32W4S0038,クラブ所属履歴 > 「2017-18 大阪」,所属履歴の最初のシーズン2017-18の開始年,SUPPORTED,2026-09-30,
Batch 32 Wave 04,B32W4E0215,Career,C001670,end,2019,B32W4S0038,クラブ所属履歴 > 「2018-19 大阪」,所属履歴の最後のシーズン2018-19の終了年,SUPPORTED,2026-09-30,
Batch 32 Wave 04,B32W4E0216,Career,C001671,organization_id,ORG000122,B32W4S0038,クラブ所属履歴 > 「2019-20 川崎」〜「2022-23 川崎」,B.LEAGUE公式の所属履歴で在籍を確認（略称表記）,SUPPORTED,2026-09-30,
Batch 32 Wave 04,B32W4E0217,Career,C001671,organization_id,ORG000122,B32W4S0039,順位表 > クラブ「川崎ブレイブサンダース」（略称「川崎」、club_detail TeamID=727）,公式順位表で略称とクラブ名・TeamIDの対応を確認,SUPPORTED,2026-09-30,
Batch 32 Wave 04,B32W4E0218,Career,C001671,start,2019,B32W4S0038,クラブ所属履歴 > 「2019-20 川崎」,所属履歴の最初のシーズン2019-20の開始年,SUPPORTED,2026-09-30,
Batch 32 Wave 04,B32W4E0219,Career,C001671,end,2023,B32W4S0038,クラブ所属履歴 > 「2022-23 川崎」,所属履歴の最後のシーズン2022-23の終了年,SUPPORTED,2026-09-30,
Batch 32 Wave 04,B32W4E0220,Career,C001672,organization_id,ORG000144,B32W4S0038,クラブ所属履歴 > 「2023-24 A千葉」〜「2026-27 A千葉」,B.LEAGUE公式の所属履歴で在籍を確認（略称表記）,SUPPORTED,2026-09-30,
Batch 32 Wave 04,B32W4E0221,Career,C001672,organization_id,ORG000144,B32W4S0040,順位表 > クラブ「アルティーリ千葉」（略称「A千葉」、club_detail TeamID=2486）,公式順位表で略称とクラブ名・TeamIDの対応を確認,SUPPORTED,2026-09-30,
Batch 32 Wave 04,B32W4E0222,Career,C001672,start,2023,B32W4S0038,クラブ所属履歴 > 「2023-24 A千葉」,所属履歴の最初のシーズン2023-24の開始年,SUPPORTED,2026-09-30,
Batch 32 Wave 04,B32W4E0223,Career,C001672,organization_id,ORG000144,B32W4S0031,選手一覧 > A千葉 > 熊谷 尚也,2026-27シーズンの公式選手一覧で現所属を確認,SUPPORTED,2026-09-30,
Batch 32 Wave 04,B32W4E0224,Person,P000373,name,黒川 虎徹,B32W4S0041,基本情報 > 選手名,B.LEAGUE公式プロフィールで氏名を確認,SUPPORTED,2026-09-30,
Batch 32 Wave 04,B32W4E0225,Person,P000373,birth_date,2001-04-08,B32W4S0041,基本情報 > 生年月日：2001年4月8日,B.LEAGUE公式プロフィールで生年月日を確認,SUPPORTED,2026-09-30,
Batch 32 Wave 04,B32W4E0226,Career,C001673,organization_id,ORG000297,B32W4S0041,基本情報 > 出身校（高）：東海大学付属諏訪高等学校,B.LEAGUE公式プロフィールで出身校（高）を確認,SUPPORTED,2026-09-30,
Batch 32 Wave 04,B32W4E0227,Career,C001674,organization_id,ORG000015,B32W4S0041,基本情報 > 出身校（大）：東海大学,B.LEAGUE公式プロフィールで出身校（大）を確認,SUPPORTED,2026-09-30,
Batch 32 Wave 04,B32W4E0228,Career,C001675,organization_id,ORG000144,B32W4S0041,クラブ所属履歴 > 「2023-24 A千葉」〜「2026-27 A千葉」,B.LEAGUE公式の所属履歴で在籍を確認（略称表記）,SUPPORTED,2026-09-30,
Batch 32 Wave 04,B32W4E0229,Career,C001675,organization_id,ORG000144,B32W4S0040,順位表 > クラブ「アルティーリ千葉」（略称「A千葉」、club_detail TeamID=2486）,公式順位表で略称とクラブ名・TeamIDの対応を確認,SUPPORTED,2026-09-30,
Batch 32 Wave 04,B32W4E0230,Career,C001675,start,2023,B32W4S0041,クラブ所属履歴 > 「2023-24 A千葉」,所属履歴の最初のシーズン2023-24の開始年,SUPPORTED,2026-09-30,
Batch 32 Wave 04,B32W4E0231,Career,C001675,organization_id,ORG000144,B32W4S0031,選手一覧 > A千葉 > 黒川 虎徹,2026-27シーズンの公式選手一覧で現所属を確認,SUPPORTED,2026-09-30,
Batch 32 Wave 04,B32W4E0232,Person,P000374,name,杉本 慶,B32W4S0042,基本情報 > 選手名,B.LEAGUE公式プロフィールで氏名を確認,SUPPORTED,2026-09-30,
Batch 32 Wave 04,B32W4E0233,Person,P000374,birth_date,1992-07-09,B32W4S0042,基本情報 > 生年月日：1992年7月9日,B.LEAGUE公式プロフィールで生年月日を確認,SUPPORTED,2026-09-30,
Batch 32 Wave 04,B32W4E0234,Career,C001676,organization_id,ORG000316,B32W4S0042,基本情報 > 出身校（高）：光泉高等学校(現・光泉カトリック高等学校),B.LEAGUE公式プロフィールで出身校（高）を確認,SUPPORTED,2026-09-30,プロフィール上の表記は「光泉高等学校(現・光泉カトリック高等学校)」
Batch 32 Wave 04,B32W4E0235,Career,C001677,organization_id,ORG000189,B32W4S0042,基本情報 > 出身校（大）：中京大学,B.LEAGUE公式プロフィールで出身校（大）を確認,SUPPORTED,2026-09-30,
Batch 32 Wave 04,B32W4E0236,Career,C001678,organization_id,ORG000180,B32W4S0042,クラブ所属履歴 > 「2016-17 FE名古屋」〜「2020-21 FE名古屋」,B.LEAGUE公式の所属履歴で在籍を確認（略称表記）,SUPPORTED,2026-09-30,
Batch 32 Wave 04,B32W4E0237,Career,C001678,organization_id,ORG000180,B32W4S0033,順位表 > クラブ「Fイーグルス名古屋」（略称「FE名古屋」、club_detail TeamID=717）,公式順位表で略称とクラブ名・TeamIDの対応を確認,SUPPORTED,2026-09-30,
Batch 32 Wave 04,B32W4E0238,Career,C001678,start,2016,B32W4S0042,クラブ所属履歴 > 「2016-17 FE名古屋」,所属履歴の最初のシーズン2016-17の開始年,SUPPORTED,2026-09-30,
Batch 32 Wave 04,B32W4E0239,Career,C001678,end,2021,B32W4S0042,クラブ所属履歴 > 「2020-21 FE名古屋」,所属履歴の最後のシーズン2020-21の終了年,SUPPORTED,2026-09-30,
Batch 32 Wave 04,B32W4E0240,Career,C001679,organization_id,ORG000144,B32W4S0042,クラブ所属履歴 > 「2021-22 A千葉」〜「2026-27 A千葉」,B.LEAGUE公式の所属履歴で在籍を確認（略称表記）,SUPPORTED,2026-09-30,
Batch 32 Wave 04,B32W4E0241,Career,C001679,organization_id,ORG000144,B32W4S0027,順位表 > クラブ「アルティーリ千葉」（略称「A千葉」、club_detail TeamID=2486）,公式順位表で略称とクラブ名・TeamIDの対応を確認,SUPPORTED,2026-09-30,
Batch 32 Wave 04,B32W4E0242,Career,C001679,start,2021,B32W4S0042,クラブ所属履歴 > 「2021-22 A千葉」,所属履歴の最初のシーズン2021-22の開始年,SUPPORTED,2026-09-30,
Batch 32 Wave 04,B32W4E0243,Career,C001679,organization_id,ORG000144,B32W4S0031,選手一覧 > A千葉 > 杉本 慶,2026-27シーズンの公式選手一覧で現所属を確認,SUPPORTED,2026-09-30,
Batch 32 Wave 04,B32W4E0244,Person,P000375,name,長谷川 智也,B32W4S0043,基本情報 > 選手名,B.LEAGUE公式プロフィールで氏名を確認,SUPPORTED,2026-09-30,
Batch 32 Wave 04,B32W4E0245,Person,P000375,birth_date,1989-04-22,B32W4S0043,基本情報 > 生年月日：1989年4月22日,B.LEAGUE公式プロフィールで生年月日を確認,SUPPORTED,2026-09-30,
Batch 32 Wave 04,B32W4E0246,Career,C001680,organization_id,ORG000348,B32W4S0043,基本情報 > 出身校（高）：新潟県立新潟商業高等学校,B.LEAGUE公式プロフィールで出身校（高）を確認,SUPPORTED,2026-09-30,
Batch 32 Wave 04,B32W4E0247,Career,C001681,organization_id,ORG000207,B32W4S0043,基本情報 > 出身校（大）：法政大学,B.LEAGUE公式プロフィールで出身校（大）を確認,SUPPORTED,2026-09-30,
Batch 32 Wave 04,B32W4E0248,Career,C001682,organization_id,ORG000130,B32W4S0043,クラブ所属履歴 > 「2016-17 三河」,B.LEAGUE公式の所属履歴で在籍を確認（略称表記）,SUPPORTED,2026-09-30,
Batch 32 Wave 04,B32W4E0249,Career,C001682,organization_id,ORG000130,B32W4S0002,順位表 > クラブ「シーホース三河」（略称「三河」、club_detail TeamID=728）,公式順位表で略称とクラブ名・TeamIDの対応を確認,SUPPORTED,2026-09-30,
Batch 32 Wave 04,B32W4E0250,Career,C001682,start,2016,B32W4S0043,クラブ所属履歴 > 「2016-17 三河」,所属履歴の最初のシーズン2016-17の開始年,SUPPORTED,2026-09-30,
Batch 32 Wave 04,B32W4E0251,Career,C001682,end,2017,B32W4S0043,クラブ所属履歴 > 「2016-17 三河」,所属履歴の最後のシーズン2016-17の終了年,SUPPORTED,2026-09-30,
Batch 32 Wave 04,B32W4E0252,Career,C001683,organization_id,ORG000114,B32W4S0043,クラブ所属履歴 > 「2017-18 SR渋谷」〜「2018-19 SR渋谷」,B.LEAGUE公式の所属履歴で在籍を確認（略称表記）,SUPPORTED,2026-09-30,
Batch 32 Wave 04,B32W4E0253,Career,C001683,organization_id,ORG000114,B32W4S0025,順位表 > クラブ「サンロッカーズ渋谷」（略称「SR渋谷」、club_detail TeamID=726）,公式順位表で略称とクラブ名・TeamIDの対応を確認,SUPPORTED,2026-09-30,
Batch 32 Wave 04,B32W4E0254,Career,C001683,start,2017,B32W4S0043,クラブ所属履歴 > 「2017-18 SR渋谷」,所属履歴の最初のシーズン2017-18の開始年,SUPPORTED,2026-09-30,
Batch 32 Wave 04,B32W4E0255,Career,C001683,end,2019,B32W4S0043,クラブ所属履歴 > 「2018-19 SR渋谷」,所属履歴の最後のシーズン2018-19の終了年,SUPPORTED,2026-09-30,
Batch 32 Wave 04,B32W4E0256,Career,C001684,organization_id,ORG000142,B32W4S0043,クラブ所属履歴 > 「2019-20 大阪」,B.LEAGUE公式の所属履歴で在籍を確認（略称表記）,SUPPORTED,2026-09-30,
Batch 32 Wave 04,B32W4E0257,Career,C001684,organization_id,ORG000142,B32W4S0039,順位表 > クラブ「大阪エヴェッサ」（略称「大阪」、club_detail TeamID=700）,公式順位表で略称とクラブ名・TeamIDの対応を確認,SUPPORTED,2026-09-30,
Batch 32 Wave 04,B32W4E0258,Career,C001684,start,2019,B32W4S0043,クラブ所属履歴 > 「2019-20 大阪」,所属履歴の最初のシーズン2019-20の開始年,SUPPORTED,2026-09-30,
Batch 32 Wave 04,B32W4E0259,Career,C001684,end,2020,B32W4S0043,クラブ所属履歴 > 「2019-20 大阪」,所属履歴の最後のシーズン2019-20の終了年,SUPPORTED,2026-09-30,
Batch 32 Wave 04,B32W4E0260,Career,C001685,organization_id,ORG000190,B32W4S0043,クラブ所属履歴 > 「2020-21 越谷」〜「2023-24 越谷」,B.LEAGUE公式の所属履歴で在籍を確認（略称表記）,SUPPORTED,2026-09-30,
Batch 32 Wave 04,B32W4E0261,Career,C001685,organization_id,ORG000190,B32W4S0044,順位表 > クラブ「越谷アルファーズ」（略称「越谷」、club_detail TeamID=745）,公式順位表で略称とクラブ名・TeamIDの対応を確認,SUPPORTED,2026-09-30,
Batch 32 Wave 04,B32W4E0262,Career,C001685,start,2020,B32W4S0043,クラブ所属履歴 > 「2020-21 越谷」,所属履歴の最初のシーズン2020-21の開始年,SUPPORTED,2026-09-30,
Batch 32 Wave 04,B32W4E0263,Career,C001685,end,2024,B32W4S0043,クラブ所属履歴 > 「2023-24 越谷」,所属履歴の最後のシーズン2023-24の終了年,SUPPORTED,2026-09-30,
Batch 32 Wave 04,B32W4E0264,Career,C001686,organization_id,ORG000144,B32W4S0043,クラブ所属履歴 > 「2024-25 A千葉」〜「2026-27 A千葉」,B.LEAGUE公式の所属履歴で在籍を確認（略称表記）,SUPPORTED,2026-09-30,
Batch 32 Wave 04,B32W4E0265,Career,C001686,organization_id,ORG000144,B32W4S0023,順位表 > クラブ「アルティーリ千葉」（略称「A千葉」、club_detail TeamID=2486）,公式順位表で略称とクラブ名・TeamIDの対応を確認,SUPPORTED,2026-09-30,
Batch 32 Wave 04,B32W4E0266,Career,C001686,start,2024,B32W4S0043,クラブ所属履歴 > 「2024-25 A千葉」,所属履歴の最初のシーズン2024-25の開始年,SUPPORTED,2026-09-30,
Batch 32 Wave 04,B32W4E0267,Career,C001686,organization_id,ORG000144,B32W4S0031,選手一覧 > A千葉 > 長谷川 智也,2026-27シーズンの公式選手一覧で現所属を確認,SUPPORTED,2026-09-30,
Batch 32 Wave 04,B32W4E0268,Person,P000376,name,大友 隆太郎,B32W4S0045,基本情報 > 選手名,B.LEAGUE公式プロフィールで氏名を確認,SUPPORTED,2026-09-30,
Batch 32 Wave 04,B32W4E0269,Person,P000376,birth_date,1994-04-04,B32W4S0045,基本情報 > 生年月日：1994年4月4日,B.LEAGUE公式プロフィールで生年月日を確認,SUPPORTED,2026-09-30,
Batch 32 Wave 04,B32W4E0270,Career,C001687,organization_id,ORG000103,B32W4S0045,クラブ所属履歴 > 「2016-17 茨城」〜「2017-18 茨城」,B.LEAGUE公式の所属履歴で在籍を確認（略称表記）,SUPPORTED,2026-09-30,
Batch 32 Wave 04,B32W4E0271,Career,C001687,organization_id,ORG000103,B32W4S0033,順位表 > クラブ「茨城ロボッツ」（略称「茨城」、club_detail TeamID=712）,公式順位表で略称とクラブ名・TeamIDの対応を確認,SUPPORTED,2026-09-30,
Batch 32 Wave 04,B32W4E0272,Career,C001687,start,2016,B32W4S0045,クラブ所属履歴 > 「2016-17 茨城」,所属履歴の最初のシーズン2016-17の開始年,SUPPORTED,2026-09-30,
Batch 32 Wave 04,B32W4E0273,Career,C001687,end,2018,B32W4S0045,クラブ所属履歴 > 「2017-18 茨城」,所属履歴の最後のシーズン2017-18の終了年,SUPPORTED,2026-09-30,
Batch 32 Wave 04,B32W4E0274,Career,C001688,organization_id,ORG000227,B32W4S0045,クラブ所属履歴 > 「2020-21 静岡」〜「2023-24 静岡」,B.LEAGUE公式の所属履歴で在籍を確認（略称表記）,SUPPORTED,2026-09-30,
Batch 32 Wave 04,B32W4E0275,Career,C001688,organization_id,ORG000227,B32W4S0026,順位表 > クラブ「ベルテックス静岡」（略称「静岡」、club_detail TeamID=1637）,公式順位表で略称とクラブ名・TeamIDの対応を確認,SUPPORTED,2026-09-30,
Batch 32 Wave 04,B32W4E0276,Career,C001688,start,2020,B32W4S0045,クラブ所属履歴 > 「2020-21 静岡」,所属履歴の最初のシーズン2020-21の開始年,SUPPORTED,2026-09-30,
Batch 32 Wave 04,B32W4E0277,Career,C001688,end,2024,B32W4S0045,クラブ所属履歴 > 「2023-24 静岡」,所属履歴の最後のシーズン2023-24の終了年,SUPPORTED,2026-09-30,
Batch 32 Wave 04,B32W4E0278,Career,C001689,organization_id,ORG000091,B32W4S0045,クラブ所属履歴 > 「2024-25 愛媛」,B.LEAGUE公式の所属履歴で在籍を確認（略称表記）,SUPPORTED,2026-09-30,
Batch 32 Wave 04,B32W4E0279,Career,C001689,organization_id,ORG000091,B32W4S0023,順位表 > クラブ「愛媛オレンジバイキングス」（略称「愛媛」、club_detail TeamID=723）,公式順位表で略称とクラブ名・TeamIDの対応を確認,SUPPORTED,2026-09-30,
Batch 32 Wave 04,B32W4E0280,Career,C001689,start,2024,B32W4S0045,クラブ所属履歴 > 「2024-25 愛媛」,所属履歴の最初のシーズン2024-25の開始年,SUPPORTED,2026-09-30,
Batch 32 Wave 04,B32W4E0281,Career,C001689,end,2025,B32W4S0045,クラブ所属履歴 > 「2024-25 愛媛」,所属履歴の最後のシーズン2024-25の終了年,SUPPORTED,2026-09-30,
Batch 32 Wave 04,B32W4E0282,Career,C001690,organization_id,ORG000223,B32W4S0045,クラブ所属履歴 > 「2025-26 東京U」,B.LEAGUE公式の所属履歴で在籍を確認（略称表記）,SUPPORTED,2026-09-30,
Batch 32 Wave 04,B32W4E0283,Career,C001690,organization_id,ORG000223,B32W4S0046,順位表 > クラブ「東京ユナイテッドバスケットボールクラブ」（略称「東京U」、club_detail TeamID=2725）,公式順位表で略称とクラブ名・TeamIDの対応を確認,SUPPORTED,2026-09-30,
Batch 32 Wave 04,B32W4E0284,Career,C001690,start,2025,B32W4S0045,クラブ所属履歴 > 「2025-26 東京U」,所属履歴の最初のシーズン2025-26の開始年,SUPPORTED,2026-09-30,
Batch 32 Wave 04,B32W4E0285,Career,C001690,end,2026,B32W4S0045,クラブ所属履歴 > 「2025-26 東京U」,所属履歴の最後のシーズン2025-26の終了年,SUPPORTED,2026-09-30,
Batch 32 Wave 04,B32W4E0286,Career,C001691,organization_id,ORG000135,B32W4S0045,クラブ所属履歴 > 「2026-27 長崎」,B.LEAGUE公式の所属履歴で在籍を確認（略称表記）,SUPPORTED,2026-09-30,
Batch 32 Wave 04,B32W4E0287,Career,C001691,organization_id,ORG000135,B32W4S0030,順位表 > クラブ「長崎ヴェルカ」（略称「長崎」、club_detail TeamID=2488）,公式順位表で略称とクラブ名・TeamIDの対応を確認,SUPPORTED,2026-09-30,
Batch 32 Wave 04,B32W4E0288,Career,C001691,start,2026,B32W4S0045,クラブ所属履歴 > 「2026-27 長崎」,所属履歴の最初のシーズン2026-27の開始年,SUPPORTED,2026-09-30,
Batch 32 Wave 04,B32W4E0289,Career,C001691,organization_id,ORG000135,B32W4S0047,選手一覧 > 長崎 > 大友 隆太郎,2026-27シーズンの公式選手一覧で現所属を確認,SUPPORTED,2026-09-30,
Batch 32 Wave 04,B32W4E0290,Person,P000377,name,髙比良 寛治,B32W4S0048,基本情報 > 選手名,B.LEAGUE公式プロフィールで氏名を確認,SUPPORTED,2026-09-30,
Batch 32 Wave 04,B32W4E0291,Person,P000377,birth_date,1993-09-14,B32W4S0048,基本情報 > 生年月日：1993年9月14日,B.LEAGUE公式プロフィールで生年月日を確認,SUPPORTED,2026-09-30,
Batch 32 Wave 04,B32W4E0292,Career,C001692,organization_id,ORG000349,B32W4S0048,基本情報 > 出身校（高）：福岡市立福岡西陵高等学校,B.LEAGUE公式プロフィールで出身校（高）を確認,SUPPORTED,2026-09-30,
Batch 32 Wave 04,B32W4E0293,Career,C001693,organization_id,ORG000268,B32W4S0048,基本情報 > 出身校（大）：芦屋大学,B.LEAGUE公式プロフィールで出身校（大）を確認,SUPPORTED,2026-09-30,
Batch 32 Wave 04,B32W4E0294,Career,C001694,organization_id,ORG000101,B32W4S0048,クラブ所属履歴 > 「2017-18 鹿児島」,B.LEAGUE公式の所属履歴で在籍を確認（略称表記）,SUPPORTED,2026-09-30,
Batch 32 Wave 04,B32W4E0295,Career,C001694,organization_id,ORG000101,B32W4S0049,順位表 > クラブ「鹿児島レブナイズ」（略称「鹿児島」、club_detail TeamID=725）,公式順位表で略称とクラブ名・TeamIDの対応を確認,SUPPORTED,2026-09-30,
Batch 32 Wave 04,B32W4E0296,Career,C001694,start,2017,B32W4S0048,クラブ所属履歴 > 「2017-18 鹿児島」,所属履歴の最初のシーズン2017-18の開始年,SUPPORTED,2026-09-30,
Batch 32 Wave 04,B32W4E0297,Career,C001694,end,2018,B32W4S0048,クラブ所属履歴 > 「2017-18 鹿児島」,所属履歴の最後のシーズン2017-18の終了年,SUPPORTED,2026-09-30,
Batch 32 Wave 04,B32W4E0298,Career,C001695,organization_id,ORG000224,B32W4S0048,クラブ所属履歴 > 「2018-19 香川」〜「2020-21 香川」,B.LEAGUE公式の所属履歴で在籍を確認（略称表記）,SUPPORTED,2026-09-30,
Batch 32 Wave 04,B32W4E0299,Career,C001695,organization_id,ORG000224,B32W4S0050,順位表 > クラブ「香川ファイブアローズ」（略称「香川」、club_detail TeamID=722）,公式順位表で略称とクラブ名・TeamIDの対応を確認,SUPPORTED,2026-09-30,
Batch 32 Wave 04,B32W4E0300,Career,C001695,start,2018,B32W4S0048,クラブ所属履歴 > 「2018-19 香川」,所属履歴の最初のシーズン2018-19の開始年,SUPPORTED,2026-09-30,
Batch 32 Wave 04,B32W4E0301,Career,C001695,end,2021,B32W4S0048,クラブ所属履歴 > 「2020-21 香川」,所属履歴の最後のシーズン2020-21の終了年,SUPPORTED,2026-09-30,
Batch 32 Wave 04,B32W4E0302,Career,C001696,organization_id,ORG000135,B32W4S0048,クラブ所属履歴 > 「2021-22 長崎」〜「2024-25 長崎」,B.LEAGUE公式の所属履歴で在籍を確認（略称表記）,SUPPORTED,2026-09-30,
Batch 32 Wave 04,B32W4E0303,Career,C001696,organization_id,ORG000135,B32W4S0027,順位表 > クラブ「長崎ヴェルカ」（略称「長崎」、club_detail TeamID=2488）,公式順位表で略称とクラブ名・TeamIDの対応を確認,SUPPORTED,2026-09-30,
Batch 32 Wave 04,B32W4E0304,Career,C001696,start,2021,B32W4S0048,クラブ所属履歴 > 「2021-22 長崎」,所属履歴の最初のシーズン2021-22の開始年,SUPPORTED,2026-09-30,
Batch 32 Wave 04,B32W4E0305,Career,C001696,end,2025,B32W4S0048,クラブ所属履歴 > 「2024-25 長崎」,所属履歴の最後のシーズン2024-25の終了年,SUPPORTED,2026-09-30,
Batch 32 Wave 04,B32W4E0306,Career,C001697,organization_id,ORG000137,B32W4S0048,クラブ所属履歴 > 「2025-26 秋田」,B.LEAGUE公式の所属履歴で在籍を確認（略称表記）,SUPPORTED,2026-09-30,
Batch 32 Wave 04,B32W4E0307,Career,C001697,organization_id,ORG000137,B32W4S0005,順位表 > クラブ「秋田ノーザンハピネッツ」（略称「秋田」、club_detail TeamID=693）,公式順位表で略称とクラブ名・TeamIDの対応を確認,SUPPORTED,2026-09-30,
Batch 32 Wave 04,B32W4E0308,Career,C001697,start,2025,B32W4S0048,クラブ所属履歴 > 「2025-26 秋田」,所属履歴の最初のシーズン2025-26の開始年,SUPPORTED,2026-09-30,
Batch 32 Wave 04,B32W4E0309,Career,C001697,end,2026,B32W4S0048,クラブ所属履歴 > 「2025-26 秋田」,所属履歴の最後のシーズン2025-26の終了年,SUPPORTED,2026-09-30,
Batch 32 Wave 04,B32W4E0310,Career,C001698,organization_id,ORG000135,B32W4S0048,クラブ所属履歴 > 「2026-27 長崎」,B.LEAGUE公式の所属履歴で在籍を確認（略称表記）,SUPPORTED,2026-09-30,
Batch 32 Wave 04,B32W4E0311,Career,C001698,organization_id,ORG000135,B32W4S0030,順位表 > クラブ「長崎ヴェルカ」（略称「長崎」、club_detail TeamID=2488）,公式順位表で略称とクラブ名・TeamIDの対応を確認,SUPPORTED,2026-09-30,
Batch 32 Wave 04,B32W4E0312,Career,C001698,start,2026,B32W4S0048,クラブ所属履歴 > 「2026-27 長崎」,所属履歴の最初のシーズン2026-27の開始年,SUPPORTED,2026-09-30,
Batch 32 Wave 04,B32W4E0313,Career,C001698,organization_id,ORG000135,B32W4S0047,選手一覧 > 長崎 > 髙比良 寛治,2026-27シーズンの公式選手一覧で現所属を確認,SUPPORTED,2026-09-30,
Batch 32 Wave 04,B32W4E0314,Person,P000378,name,田中 流嘉州,B32W4S0051,基本情報 > 選手名,B.LEAGUE公式プロフィールで氏名を確認,SUPPORTED,2026-09-30,
Batch 32 Wave 04,B32W4E0315,Person,P000378,birth_date,2003-12-11,B32W4S0051,基本情報 > 生年月日：2003年12月11日,B.LEAGUE公式プロフィールで生年月日を確認,SUPPORTED,2026-09-30,
Batch 32 Wave 04,B32W4E0316,Career,C001699,organization_id,ORG000135,B32W4S0051,クラブ所属履歴 > 「2025-26 長崎」〜「2026-27 長崎」,B.LEAGUE公式の所属履歴で在籍を確認（略称表記）,SUPPORTED,2026-09-30,
Batch 32 Wave 04,B32W4E0317,Career,C001699,organization_id,ORG000135,B32W4S0005,順位表 > クラブ「長崎ヴェルカ」（略称「長崎」、club_detail TeamID=2488）,公式順位表で略称とクラブ名・TeamIDの対応を確認,SUPPORTED,2026-09-30,
Batch 32 Wave 04,B32W4E0318,Career,C001699,start,2025,B32W4S0051,クラブ所属履歴 > 「2025-26 長崎」,所属履歴の最初のシーズン2025-26の開始年,SUPPORTED,2026-09-30,
Batch 32 Wave 04,B32W4E0319,Career,C001699,organization_id,ORG000135,B32W4S0047,選手一覧 > 長崎 > 田中 流嘉州,2026-27シーズンの公式選手一覧で現所属を確認,SUPPORTED,2026-09-30,
Batch 32 Wave 04,B32W4E0320,Person,P000379,name,土屋 アリスター時生,B32W4S0052,基本情報 > 選手名,B.LEAGUE公式プロフィールで氏名を確認,SUPPORTED,2026-09-30,
Batch 32 Wave 04,B32W4E0321,Person,P000379,birth_date,1995-12-31,B32W4S0052,基本情報 > 生年月日：1995年12月31日,B.LEAGUE公式プロフィールで生年月日を確認,SUPPORTED,2026-09-30,
Batch 32 Wave 04,B32W4E0322,Career,C001700,organization_id,ORG000350,B32W4S0052,基本情報 > 出身校（高）：神戸市立葺合高等学校,B.LEAGUE公式プロフィールで出身校（高）を確認,SUPPORTED,2026-09-30,
Batch 32 Wave 04,B32W4E0323,Career,C001701,organization_id,ORG000351,B32W4S0052,基本情報 > 出身校（大）：大阪教育大学,B.LEAGUE公式プロフィールで出身校（大）を確認,SUPPORTED,2026-09-30,
Batch 32 Wave 04,B32W4E0324,Career,C001702,organization_id,ORG000043,B32W4S0052,クラブ所属履歴 > 「2016-17 西宮」〜「2019-20 西宮」,B.LEAGUE公式の所属履歴で在籍を確認（略称表記）,SUPPORTED,2026-09-30,
Batch 32 Wave 04,B32W4E0325,Career,C001702,organization_id,ORG000043,B32W4S0033,順位表 > クラブ「西宮ストークス」（略称「西宮」、club_detail TeamID=718）,公式順位表で略称とクラブ名・TeamIDの対応を確認,SUPPORTED,2026-09-30,
Batch 32 Wave 04,B32W4E0326,Career,C001702,start,2016,B32W4S0052,クラブ所属履歴 > 「2016-17 西宮」,所属履歴の最初のシーズン2016-17の開始年,SUPPORTED,2026-09-30,
Batch 32 Wave 04,B32W4E0327,Career,C001702,end,2020,B32W4S0052,クラブ所属履歴 > 「2019-20 西宮」,所属履歴の最後のシーズン2019-20の終了年,SUPPORTED,2026-09-30,
Batch 32 Wave 04,B32W4E0328,Career,C001703,organization_id,ORG000142,B32W4S0052,クラブ所属履歴 > 「2020-21 大阪」,B.LEAGUE公式の所属履歴で在籍を確認（略称表記）,SUPPORTED,2026-09-30,
Batch 32 Wave 04,B32W4E0329,Career,C001703,organization_id,ORG000142,B32W4S0007,順位表 > クラブ「大阪エヴェッサ」（略称「大阪」、club_detail TeamID=700）,公式順位表で略称とクラブ名・TeamIDの対応を確認,SUPPORTED,2026-09-30,
Batch 32 Wave 04,B32W4E0330,Career,C001703,start,2020,B32W4S0052,クラブ所属履歴 > 「2020-21 大阪」,所属履歴の最初のシーズン2020-21の開始年,SUPPORTED,2026-09-30,
Batch 32 Wave 04,B32W4E0331,Career,C001703,end,2021,B32W4S0052,クラブ所属履歴 > 「2020-21 大阪」,所属履歴の最後のシーズン2020-21の終了年,SUPPORTED,2026-09-30,
Batch 32 Wave 04,B32W4E0332,Career,C001704,organization_id,ORG000055,B32W4S0052,クラブ所属履歴 > 「2021-22 横浜BC」,B.LEAGUE公式の所属履歴で在籍を確認（略称表記）,SUPPORTED,2026-09-30,
Batch 32 Wave 04,B32W4E0333,Career,C001704,organization_id,ORG000055,B32W4S0022,順位表 > クラブ「横浜ビー・コルセアーズ」（略称「横浜」、club_detail TeamID=694）,公式順位表で略称とクラブ名・TeamIDの対応を確認,SUPPORTED,2026-09-30,
Batch 32 Wave 04,B32W4E0334,Career,C001704,start,2021,B32W4S0052,クラブ所属履歴 > 「2021-22 横浜BC」,所属履歴の最初のシーズン2021-22の開始年,SUPPORTED,2026-09-30,
Batch 32 Wave 04,B32W4E0335,Career,C001704,end,2022,B32W4S0052,クラブ所属履歴 > 「2021-22 横浜BC」,所属履歴の最後のシーズン2021-22の終了年,SUPPORTED,2026-09-30,
Batch 32 Wave 04,B32W4E0336,Career,C001705,organization_id,ORG000097,B32W4S0052,クラブ所属履歴 > 「2022-23 三遠」,B.LEAGUE公式の所属履歴で在籍を確認（略称表記）,SUPPORTED,2026-09-30,
Batch 32 Wave 04,B32W4E0337,Career,C001705,organization_id,ORG000097,B32W4S0053,順位表 > クラブ「三遠ネオフェニックス」（略称「三遠」、club_detail TeamID=697）,公式順位表で略称とクラブ名・TeamIDの対応を確認,SUPPORTED,2026-09-30,
Batch 32 Wave 04,B32W4E0338,Career,C001705,start,2022,B32W4S0052,クラブ所属履歴 > 「2022-23 三遠」,所属履歴の最初のシーズン2022-23の開始年,SUPPORTED,2026-09-30,
Batch 32 Wave 04,B32W4E0339,Career,C001705,end,2023,B32W4S0052,クラブ所属履歴 > 「2022-23 三遠」,所属履歴の最後のシーズン2022-23の終了年,SUPPORTED,2026-09-30,
Batch 32 Wave 04,B32W4E0340,Career,C001706,organization_id,ORG000142,B32W4S0052,クラブ所属履歴 > 「2023-24 大阪」,B.LEAGUE公式の所属履歴で在籍を確認（略称表記）,SUPPORTED,2026-09-30,
Batch 32 Wave 04,B32W4E0341,Career,C001706,organization_id,ORG000142,B32W4S0010,順位表 > クラブ「大阪エヴェッサ」（略称「大阪」、club_detail TeamID=700）,公式順位表で略称とクラブ名・TeamIDの対応を確認,SUPPORTED,2026-09-30,
Batch 32 Wave 04,B32W4E0342,Career,C001706,start,2023,B32W4S0052,クラブ所属履歴 > 「2023-24 大阪」,所属履歴の最初のシーズン2023-24の開始年,SUPPORTED,2026-09-30,
Batch 32 Wave 04,B32W4E0343,Career,C001706,end,2024,B32W4S0052,クラブ所属履歴 > 「2023-24 大阪」,所属履歴の最後のシーズン2023-24の終了年,SUPPORTED,2026-09-30,
Batch 32 Wave 04,B32W4E0344,Career,C001707,organization_id,ORG000137,B32W4S0052,クラブ所属履歴 > 「2024-25 秋田」〜「2025-26 秋田」,B.LEAGUE公式の所属履歴で在籍を確認（略称表記）,SUPPORTED,2026-09-30,
Batch 32 Wave 04,B32W4E0345,Career,C001707,organization_id,ORG000137,B32W4S0008,順位表 > クラブ「秋田ノーザンハピネッツ」（略称「秋田」、club_detail TeamID=693）,公式順位表で略称とクラブ名・TeamIDの対応を確認,SUPPORTED,2026-09-30,
Batch 32 Wave 04,B32W4E0346,Career,C001707,start,2024,B32W4S0052,クラブ所属履歴 > 「2024-25 秋田」,所属履歴の最初のシーズン2024-25の開始年,SUPPORTED,2026-09-30,
Batch 32 Wave 04,B32W4E0347,Career,C001707,end,2026,B32W4S0052,クラブ所属履歴 > 「2025-26 秋田」,所属履歴の最後のシーズン2025-26の終了年,SUPPORTED,2026-09-30,
Batch 32 Wave 04,B32W4E0348,Career,C001708,organization_id,ORG000135,B32W4S0052,クラブ所属履歴 > 「2026-27 長崎」,B.LEAGUE公式の所属履歴で在籍を確認（略称表記）,SUPPORTED,2026-09-30,
Batch 32 Wave 04,B32W4E0349,Career,C001708,organization_id,ORG000135,B32W4S0030,順位表 > クラブ「長崎ヴェルカ」（略称「長崎」、club_detail TeamID=2488）,公式順位表で略称とクラブ名・TeamIDの対応を確認,SUPPORTED,2026-09-30,
Batch 32 Wave 04,B32W4E0350,Career,C001708,start,2026,B32W4S0052,クラブ所属履歴 > 「2026-27 長崎」,所属履歴の最初のシーズン2026-27の開始年,SUPPORTED,2026-09-30,
Batch 32 Wave 04,B32W4E0351,Career,C001708,organization_id,ORG000135,B32W4S0047,選手一覧 > 長崎 > 土屋 アリスター時生,2026-27シーズンの公式選手一覧で現所属を確認,SUPPORTED,2026-09-30,
Batch 32 Wave 04,B32W4E0352,Person,P000380,name,永野 威旺,B32W4S0054,基本情報 > 選手名,B.LEAGUE公式プロフィールで氏名を確認,SUPPORTED,2026-09-30,
Batch 32 Wave 04,B32W4E0353,Person,P000380,birth_date,2002-07-07,B32W4S0054,基本情報 > 生年月日：2002年7月7日,B.LEAGUE公式プロフィールで生年月日を確認,SUPPORTED,2026-09-30,
Batch 32 Wave 04,B32W4E0354,Career,C001709,organization_id,ORG000352,B32W4S0054,基本情報 > 出身校（高）：長崎東高等学校,B.LEAGUE公式プロフィールで出身校（高）を確認,SUPPORTED,2026-09-30,
Batch 32 Wave 04,B32W4E0355,Career,C001710,organization_id,ORG000214,B32W4S0054,基本情報 > 出身校（大）：名古屋学院大学,B.LEAGUE公式プロフィールで出身校（大）を確認,SUPPORTED,2026-09-30,
Batch 32 Wave 04,B32W4E0356,Career,C001711,organization_id,ORG000052,B32W4S0054,クラブ所属履歴 > 「2023-24 新潟」,B.LEAGUE公式の所属履歴で在籍を確認（略称表記）,SUPPORTED,2026-09-30,
Batch 32 Wave 04,B32W4E0357,Career,C001711,organization_id,ORG000052,B32W4S0040,順位表 > クラブ「新潟アルビレックスBB」（略称「新潟」、club_detail TeamID=695）,公式順位表で略称とクラブ名・TeamIDの対応を確認,SUPPORTED,2026-09-30,
Batch 32 Wave 04,B32W4E0358,Career,C001711,start,2023,B32W4S0054,クラブ所属履歴 > 「2023-24 新潟」,所属履歴の最初のシーズン2023-24の開始年,SUPPORTED,2026-09-30,
Batch 32 Wave 04,B32W4E0359,Career,C001711,end,2024,B32W4S0054,クラブ所属履歴 > 「2023-24 新潟」,所属履歴の最後のシーズン2023-24の終了年,SUPPORTED,2026-09-30,
Batch 32 Wave 04,B32W4E0360,Career,C001712,organization_id,ORG000135,B32W4S0054,クラブ所属履歴 > 「2024-25 長崎」,B.LEAGUE公式の所属履歴で在籍を確認（略称表記）,SUPPORTED,2026-09-30,
Batch 32 Wave 04,B32W4E0361,Career,C001712,organization_id,ORG000135,B32W4S0008,順位表 > クラブ「長崎ヴェルカ」（略称「長崎」、club_detail TeamID=2488）,公式順位表で略称とクラブ名・TeamIDの対応を確認,SUPPORTED,2026-09-30,
Batch 32 Wave 04,B32W4E0362,Career,C001712,start,2024,B32W4S0054,クラブ所属履歴 > 「2024-25 長崎」,所属履歴の最初のシーズン2024-25の開始年,SUPPORTED,2026-09-30,
Batch 32 Wave 04,B32W4E0363,Career,C001712,end,2025,B32W4S0054,クラブ所属履歴 > 「2024-25 長崎」,所属履歴の最後のシーズン2024-25の終了年,SUPPORTED,2026-09-30,
Batch 32 Wave 04,B32W4E0364,Career,C001713,organization_id,ORG000090,B32W4S0054,クラブ所属履歴 > 「2025-26 横浜EX」,B.LEAGUE公式の所属履歴で在籍を確認（略称表記）,SUPPORTED,2026-09-30,
Batch 32 Wave 04,B32W4E0365,Career,C001713,organization_id,ORG000090,B32W4S0055,順位表 > クラブ「横浜エクセレンス」（略称「横浜EX」、club_detail TeamID=714）,公式順位表で略称とクラブ名・TeamIDの対応を確認,SUPPORTED,2026-09-30,
Batch 32 Wave 04,B32W4E0366,Career,C001713,start,2025,B32W4S0054,クラブ所属履歴 > 「2025-26 横浜EX」,所属履歴の最初のシーズン2025-26の開始年,SUPPORTED,2026-09-30,
Batch 32 Wave 04,B32W4E0367,Career,C001713,end,2026,B32W4S0054,クラブ所属履歴 > 「2025-26 横浜EX」,所属履歴の最後のシーズン2025-26の終了年,SUPPORTED,2026-09-30,
Batch 32 Wave 04,B32W4E0368,Career,C001714,organization_id,ORG000135,B32W4S0054,クラブ所属履歴 > 「2026-27 長崎」,B.LEAGUE公式の所属履歴で在籍を確認（略称表記）,SUPPORTED,2026-09-30,
Batch 32 Wave 04,B32W4E0369,Career,C001714,organization_id,ORG000135,B32W4S0030,順位表 > クラブ「長崎ヴェルカ」（略称「長崎」、club_detail TeamID=2488）,公式順位表で略称とクラブ名・TeamIDの対応を確認,SUPPORTED,2026-09-30,
Batch 32 Wave 04,B32W4E0370,Career,C001714,start,2026,B32W4S0054,クラブ所属履歴 > 「2026-27 長崎」,所属履歴の最初のシーズン2026-27の開始年,SUPPORTED,2026-09-30,
Batch 32 Wave 04,B32W4E0371,Career,C001714,organization_id,ORG000135,B32W4S0047,選手一覧 > 長崎 > 永野 威旺,2026-27シーズンの公式選手一覧で現所属を確認,SUPPORTED,2026-09-30,
Batch 32 Wave 04,B32W4E0372,Person,P000381,name,森川 正明,B32W4S0056,基本情報 > 選手名,B.LEAGUE公式プロフィールで氏名を確認,SUPPORTED,2026-09-30,
Batch 32 Wave 04,B32W4E0373,Person,P000381,birth_date,1992-03-07,B32W4S0056,基本情報 > 生年月日：1992年3月7日,B.LEAGUE公式プロフィールで生年月日を確認,SUPPORTED,2026-09-30,
Batch 32 Wave 04,B32W4E0374,Career,C001715,organization_id,ORG000353,B32W4S0056,基本情報 > 出身校（高）：福井県立福井商業高等学校,B.LEAGUE公式プロフィールで出身校（高）を確認,SUPPORTED,2026-09-30,
Batch 32 Wave 04,B32W4E0375,Career,C001716,organization_id,ORG000354,B32W4S0056,基本情報 > 出身校（大）：愛知学泉大学,B.LEAGUE公式プロフィールで出身校（大）を確認,SUPPORTED,2026-09-30,
Batch 32 Wave 04,B32W4E0376,Career,C001717,organization_id,ORG000130,B32W4S0056,クラブ所属履歴 > 「2016-17 三河」〜「2019-20 三河」,B.LEAGUE公式の所属履歴で在籍を確認（略称表記）,SUPPORTED,2026-09-30,
Batch 32 Wave 04,B32W4E0377,Career,C001717,organization_id,ORG000130,B32W4S0002,順位表 > クラブ「シーホース三河」（略称「三河」、club_detail TeamID=728）,公式順位表で略称とクラブ名・TeamIDの対応を確認,SUPPORTED,2026-09-30,
Batch 32 Wave 04,B32W4E0378,Career,C001717,start,2016,B32W4S0056,クラブ所属履歴 > 「2016-17 三河」,所属履歴の最初のシーズン2016-17の開始年,SUPPORTED,2026-09-30,
Batch 32 Wave 04,B32W4E0379,Career,C001717,end,2020,B32W4S0056,クラブ所属履歴 > 「2019-20 三河」,所属履歴の最後のシーズン2019-20の終了年,SUPPORTED,2026-09-30,
Batch 32 Wave 04,B32W4E0380,Career,C001718,organization_id,ORG000055,B32W4S0056,クラブ所属履歴 > 「2020-21 横浜BC」〜「2022-23 横浜BC」,B.LEAGUE公式の所属履歴で在籍を確認（略称表記）,SUPPORTED,2026-09-30,
Batch 32 Wave 04,B32W4E0381,Career,C001718,organization_id,ORG000055,B32W4S0007,順位表 > クラブ「横浜ビー・コルセアーズ」（略称「横浜」、club_detail TeamID=694）,公式順位表で略称とクラブ名・TeamIDの対応を確認,SUPPORTED,2026-09-30,
Batch 32 Wave 04,B32W4E0382,Career,C001718,start,2020,B32W4S0056,クラブ所属履歴 > 「2020-21 横浜BC」,所属履歴の最初のシーズン2020-21の開始年,SUPPORTED,2026-09-30,
Batch 32 Wave 04,B32W4E0383,Career,C001718,end,2023,B32W4S0056,クラブ所属履歴 > 「2022-23 横浜BC」,所属履歴の最後のシーズン2022-23の終了年,SUPPORTED,2026-09-30,
Batch 32 Wave 04,B32W4E0384,Career,C001719,organization_id,ORG000135,B32W4S0056,クラブ所属履歴 > 「2023-24 長崎」〜「2026-27 長崎」,B.LEAGUE公式の所属履歴で在籍を確認（略称表記）,SUPPORTED,2026-09-30,
Batch 32 Wave 04,B32W4E0385,Career,C001719,organization_id,ORG000135,B32W4S0010,順位表 > クラブ「長崎ヴェルカ」（略称「長崎」、club_detail TeamID=2488）,公式順位表で略称とクラブ名・TeamIDの対応を確認,SUPPORTED,2026-09-30,
Batch 32 Wave 04,B32W4E0386,Career,C001719,start,2023,B32W4S0056,クラブ所属履歴 > 「2023-24 長崎」,所属履歴の最初のシーズン2023-24の開始年,SUPPORTED,2026-09-30,
Batch 32 Wave 04,B32W4E0387,Career,C001719,organization_id,ORG000135,B32W4S0047,選手一覧 > 長崎 > 森川 正明,2026-27シーズンの公式選手一覧で現所属を確認,SUPPORTED,2026-09-30,
Batch 7（再確認）,B7E0001,Person,P000083,name,富樫勇樹,B7S0001,基本情報 > 選手名,B.LEAGUE公式の選手名,SUPPORTED,2026-09-23,
Batch 7（再確認）,B7E0003,Person,P000083,birth_date,1993-07-30,B7S0001,基本情報 > 生年月日,B.LEAGUE公式の生年月日,SUPPORTED,2026-09-23,
Batch 7（再確認）,B7E0002,Person,P000083,name_en,Yuki Togashi,B7S0001,基本情報 > 英語表記,B.LEAGUE公式の英語表記,SUPPORTED,2026-09-23,
Batch 7（再確認）,B7E0008,Person,P000084,name,比江島慎,B7S0002,選手プロフィール > 選手名,B.LEAGUE公式の選手名,SUPPORTED,2026-09-23,
Batch 7（再確認）,B7E0010,Person,P000084,birth_date,1990-08-11,B7S0002,選手プロフィール > 生年月日,B.LEAGUE公式の生年月日,SUPPORTED,2026-09-23,
Batch 7（再確認）,B7E0009,Person,P000084,name_en,Makoto Hiejima,B7S0002,選手プロフィール > 英語表記,B.LEAGUE公式の英語表記,SUPPORTED,2026-09-23,
Batch 7（再確認）,B7E0027,Person,P000086,name,齋藤拓実,B7S0005,選手プロフィール > 選手名,B.LEAGUE公式の選手名,SUPPORTED,2026-09-23,
Batch 7（再確認）,B7E0029,Person,P000086,birth_date,1995-08-11,B7S0005,選手プロフィール > 生年月日,B.LEAGUE公式の生年月日,SUPPORTED,2026-09-23,
Batch 7（再確認）,B7E0028,Person,P000086,name_en,Takumi Saito,B7S0005,選手プロフィール > 英語表記,B.LEAGUE公式の英語表記,SUPPORTED,2026-09-23,
Batch 7（再確認）,B7E0036,Person,P000087,name,田中大貴,B7S0009,基本情報 > 選手名,B.LEAGUE公式の選手名,SUPPORTED,2026-09-23,
Batch 7（再確認）,B7E0037,Person,P000087,birth_date,1991-09-03,B7S0009,基本情報 > 生年月日,B.LEAGUE公式の生年月日,SUPPORTED,2026-09-23,
Batch 7（再確認）,B7E0044,Person,P000088,name,岸本隆一,B7S0013,選手プロフィール > 選手名,B.LEAGUE公式の選手名,SUPPORTED,2026-09-23,
Batch 7（再確認）,B7E0045,Person,P000088,birth_date,1990-05-17,B7S0013,選手プロフィール > 生年月日,B.LEAGUE公式の生年月日,SUPPORTED,2026-09-23,
Batch 7（再確認）,B7E0052,Person,P000089,name,西田優大,B7S0017,基本情報 > 選手名,クラブ公式の選手名,SUPPORTED,2026-09-23,
Batch 7（再確認）,B7E0053,Person,P000089,birth_date,1999-03-13,B7S0017,基本情報 > 生年月日,クラブ公式の生年月日,SUPPORTED,2026-09-23,
Batch 7（再確認）,B7E0060,Person,P000090,name,金丸晃輔,B7S0018,基本情報 > 選手名,B.LEAGUE公式の選手名,SUPPORTED,2026-09-23,
Batch 7（再確認）,B7E0061,Person,P000090,birth_date,1989-03-08,B7S0019,選手情報 > 生年月日,クラブ公式の生年月日,SUPPORTED,2026-09-23,
Batch 7（再確認）,B7E0068,Person,P000091,name,安藤周人,B7S0022,基本情報 > 選手名,B.LEAGUE公式の選手名,SUPPORTED,2026-09-23,
Batch 7（再確認）,B7E0069,Person,P000091,birth_date,1994-06-13,B7S0022,基本情報 > 生年月日,B.LEAGUE公式の生年月日,SUPPORTED,2026-09-23,
Batch 7（再確認）,B7E0076,Person,P000092,name,片岡大晴,B7S0023,基本情報 > 選手名,B.LEAGUE公式の選手名,SUPPORTED,2026-09-23,
Batch 7（再確認）,B7E0077,Person,P000092,birth_date,1985-12-24,B7S0023,基本情報 > 生年月日,B.LEAGUE公式の生年月日,SUPPORTED,2026-09-23,
Batch 7（再確認）,B7E0084,Person,P000093,name,松脇圭志,B7S0024,基本情報 > 選手名,B.LEAGUE公式の選手名,SUPPORTED,2026-09-23,
Batch 7（再確認）,B7E0085,Person,P000093,birth_date,1997-05-15,B7S0024,基本情報 > 生年月日,B.LEAGUE公式の生年月日,SUPPORTED,2026-09-23,
Batch 7（再確認）,B7E0092,Person,P000094,name,星川堅信,B7S0025,基本情報 > 選手名,B.LEAGUE公式の選手名,SUPPORTED,2026-09-23,
Batch 7（再確認）,B7E0093,Person,P000094,birth_date,2001-11-01,B7S0025,基本情報 > 生年月日,B.LEAGUE公式の生年月日,SUPPORTED,2026-09-23,
Batch 7（再確認）,B7E0131,Person,P000095,name,田口成浩,B7S0039,基本情報 > 選手名,B.LEAGUE公式の選手名,SUPPORTED,2026-09-23,
Batch 7（再確認）,B7E0132,Person,P000095,birth_date,1990-03-25,B7S0039,基本情報 > 生年月日,B.LEAGUE公式の生年月日,SUPPORTED,2026-09-23,
Batch 7（再確認）,B7E0139,Person,P000096,name,竹内譲次,B7S0040,基本情報 > 選手名,B.LEAGUE公式の選手名,SUPPORTED,2026-09-23,
Batch 7（再確認）,B7E0140,Person,P000096,birth_date,1985-01-29,B7S0040,基本情報 > 生年月日,B.LEAGUE公式の生年月日,SUPPORTED,2026-09-23,
Batch 7（再確認）,B7E0147,Person,P000097,name,辻直人,B7S0041,基本情報 > 選手名,B.LEAGUE公式の選手名,SUPPORTED,2026-09-23,
Batch 7（再確認）,B7E0148,Person,P000097,birth_date,1989-09-08,B7S0041,基本情報 > 生年月日1989年9月8日,B.LEAGUE公式の生年月日,SUPPORTED,2026-09-23,
Batch 7（再確認）,B7E0155,Person,P000098,name,安藤誓哉,B7S0042,基本情報 > 選手名,B.LEAGUE公式の選手名,SUPPORTED,2026-09-23,
Batch 7（再確認）,B7E0156,Person,P000098,birth_date,1992-07-15,B7S0042,基本情報 > 生年月日1992年7月15日,B.LEAGUE公式の生年月日,SUPPORTED,2026-09-23,
Batch 7（再確認）,B7E0163,Person,P000099,name,水戸健史,B7S0043,基本情報 > 選手名,B.LEAGUE公式の選手名,SUPPORTED,2026-09-23,
Batch 7（再確認）,B7E0164,Person,P000099,birth_date,1985-04-23,B7S0043,基本情報 > 生年月日1985年4月23日,B.LEAGUE公式の生年月日,SUPPORTED,2026-09-23,
Batch 7（再確認）,B7E0169,Person,P000100,name,古川孝敏,B7S0044,基本情報 > 選手名,B.LEAGUE公式の選手名,SUPPORTED,2026-09-23,
Batch 7（再確認）,B7E0170,Person,P000100,birth_date,1987-10-20,B7S0044,基本情報 > 生年月日1987年10月20日,B.LEAGUE公式の生年月日,SUPPORTED,2026-09-23,
Batch 7（再確認）,B7E0175,Person,P000101,name,田原隆徳,B7S0045,基本情報 > 選手名,B.LEAGUE公式の選手名,SUPPORTED,2026-09-23,
Batch 7（再確認）,B7E0176,Person,P000101,birth_date,1994-04-25,B7S0045,基本情報 > 生年月日1994年4月25日,B.LEAGUE公式の生年月日,SUPPORTED,2026-09-23,
Batch 7（再確認）,B7E0183,Person,P000102,name,白濱僚祐,B7S0046,基本情報 > 選手名,B.LEAGUE公式の選手名,SUPPORTED,2026-09-23,
Batch 7（再確認）,B7E0184,Person,P000102,birth_date,1991-08-29,B7S0046,基本情報 > 生年月日1991年8月29日,B.LEAGUE公式の生年月日,SUPPORTED,2026-09-23,
Batch 7（再確認）,B7E0191,Person,P000103,name,渡邊雄太,B7S0047,選手名,bleague.jp選手プロフィールで氏名を確認,SUPPORTED,2026-09-23,
Batch 7（再確認）,B7E0192,Person,P000103,date_of_birth,1994-10-13,B7S0047,生年月日 > 1994年10月13日,bleague.jp選手プロフィールで生年月日を確認,SUPPORTED,2026-09-23,
Batch 7（再確認）,B7E0202,Person,P000105,name,田臥勇太,B7S0051,選手名,bleague.jp選手プロフィールで氏名を確認,SUPPORTED,2026-09-23,
Batch 7（再確認）,B7E0203,Person,P000105,date_of_birth,1980-10-05,B7S0051,生年月日 > 1980年10月5日,bleague.jp選手プロフィールで生年月日を確認,SUPPORTED,2026-09-23,
Batch 7（再確認）,B7E0207,Person,P000106,name,富永啓生,B7S0052,選手名,bleague.jp選手プロフィールで氏名を確認,SUPPORTED,2026-09-23,
Batch 7（再確認）,B7E0208,Person,P000106,date_of_birth,2001-02-01,B7S0052,生年月日 > 2001年2月1日,bleague.jp選手プロフィールで生年月日を確認,SUPPORTED,2026-09-23,
Batch 7（再確認）,B7E0224,Person,P000107,name,馬場雄大,B7S0057,選手名,bleague.jp選手プロフィールで氏名を確認,SUPPORTED,2026-09-23,
Batch 7（再確認）,B7E0225,Person,P000107,date_of_birth,1995-11-07,B7S0057,生年月日 > 1995年11月7日,bleague.jp選手プロフィールで生年月日を確認,SUPPORTED,2026-09-23,
Batch 7（再確認）,B7E0229,Person,P000108,name,佐々木隆成,B7S0059,選手名,bleague.jp選手プロフィールで氏名を確認,SUPPORTED,2026-09-23,
Batch 7（再確認）,B7E0230,Person,P000108,date_of_birth,1996-05-02,B7S0059,生年月日 > 1996年5月2日,bleague.jp選手プロフィールで生年月日を確認,SUPPORTED,2026-09-23,
Batch 7（再確認）,B7E0235,Person,P000109,name,シェーファーアヴィ幸樹,B7S0061,選手名,bleague.jp選手プロフィールで氏名を確認,SUPPORTED,2026-09-23,
Batch 7（再確認）,B7E0236,Person,P000109,date_of_birth,1998-01-28,B7S0061,生年月日 > 1998年1月28日,bleague.jp選手プロフィールで生年月日を確認,SUPPORTED,2026-09-23,
Batch 7（再確認）,B7E0004,Career,C000299,organization_id,ORG000117,B7S0001,プロフィール > 出身校（高）,B.LEAGUE公式プロフィールの出身校欄,SUPPORTED,2026-09-23,開志国際高等学校との在籍関係（先後・重複の有無）は未確認。公式ページに記載があるのはモントロス・クリスチャン高等学校のみ
Batch 7（再確認）,B7E0100,Career,C000299,organization_id,ORG000117,B7S0026,本文 > モントローズ・クリスチャン高校に進学,Wikipediaによる独立した出身校記述。開志国際高等学校への言及なし,SUPPORTED,2026-09-23,開志国際高等学校との関係は本ソースでも確認できず。単独情報の懸念は解消と判断
Batch 7（再確認）,B7E0101,Career,C000299,organization_id,ORG000117,B7S0027,本文 > 渡米しワシントンDC郊外にあるモントロス・クリスチャン高校へ進学した,JBA公式コラムによる独立した出身校記述。開志国際高等学校への言及なし,SUPPORTED,2026-09-23,公式団体(JBA)記事のため信頼性が高い
Batch 7（再確認）,B7E0128,Career,C000299,organization_id,ORG000117,B7S0026,経歴 > 中学卒業後にアメリカへ留学し、モントロス・クリスチャン高等学校（メリーランド州）に進学,Wikipediaの経歴節に開志国際高等学校への言及は一切なく、渡米してモントロス・クリスチャン高校に進学したとのみ記載,SUPPORTED,2026-09-23,開志国際高等学校という校名はWikipedia本文中に登場しない
Batch 7（再確認）,B7E0129,Career,C000299,organization_id,ORG000117,B7S0037,本文 > 「中学卒業と同時にアメリカへ渡りました」,Yahoo!スポーツナビでも中学卒業後は直接渡米したとの記述で、開志国際高等学校への言及なし（独立した第2ソース）,SUPPORTED,2026-09-23,開志国際高等学校という校名はこの記事にも登場しない
Batch 7（再確認）,B7W11E0155,Career,C000299,organization_id,ORG000117,B7W11S0037,基本情報 > 出身校（高）：モントロス・クリスチャン高等学校,最新のB.LEAGUE公式プロフィールでも出身校（高）を確認（再確認）,SUPPORTED,2026-09-30,
Batch 7（再確認）,B7E0005,Career,C000299,role,Player,B7S0001,プロフィール > 出身校（高）,選手として掲載,SUPPORTED,2026-09-23,
Batch 7（再確認）,B7E0011,Career,C000290,organization_id,ORG000119,B7S0002,プロフィール > 出身校（高）,B.LEAGUE公式プロフィールの出身校欄,SUPPORTED,2026-09-23,
Batch 7（再確認）,B7W11E0145,Career,C000290,organization_id,ORG000119,B7W11S0036,基本情報 > 出身校（高）：洛南高等学校,最新のB.LEAGUE公式プロフィールでも出身校（高）を確認（再確認）,SUPPORTED,2026-09-30,
Batch 7（再確認）,B7E0012,Career,C000290,role,Player,B7S0002,プロフィール > 出身校（高）,選手として掲載,SUPPORTED,2026-09-23,
Batch 7（再確認）,B7E0013,Career,C000291,organization_id,ORG000030,B7S0002,プロフィール > 出身校（大）,B.LEAGUE公式プロフィールの出身校欄,SUPPORTED,2026-09-23,
Batch 7（再確認）,B7W11E0146,Career,C000291,organization_id,ORG000030,B7W11S0036,基本情報 > 出身校（大）：青山学院大学,最新のB.LEAGUE公式プロフィールでも出身校（大）を確認（再確認）,SUPPORTED,2026-09-30,
Batch 7（再確認）,B7E0014,Career,C000291,role,Player,B7S0002,プロフィール > 出身校（大）,選手として掲載,SUPPORTED,2026-09-23,
Batch 7（再確認）,B7E0030,Career,C000293,organization_id,ORG000123,B7S0007,記事本文 > 桐光学園高校,専門媒体記事による桐光学園高校在籍の記述,SUPPORTED,2026-09-23,専門媒体単独。学校・大会公式資料による直接確認はまだ
Batch 7（再確認）,B7E0109,Career,C000293,organization_id,ORG000123,B7S0005,出身校欄 > 桐光学園高等学校,B.LEAGUE公式選手プロフィールの出身校欄（既存ソース、高校org確認への引用漏れを補足）,SUPPORTED,2026-09-23,
Batch 7（再確認）,B7E0110,Career,C000293,organization_id,ORG000123,B7S0028,本文 > 桐光学園に進学,Wikipediaによる独立した出身校記述,SUPPORTED,2026-09-23,
Batch 7（再確認）,B7W11E0238,Career,C000293,organization_id,ORG000123,B7W11S0054,基本情報 > 出身校（高）：桐光学園高等学校,最新のB.LEAGUE公式プロフィールでも出身校（高）を確認（再確認）,SUPPORTED,2026-09-30,
Batch 7（再確認）,B7E0031,Career,C000293,role,Player,B7S0007,記事本文 > 高校2年次にインターハイ・ウインターカップ出場,専門媒体記事による在籍中の実績記述,SUPPORTED,2026-09-23,専門媒体単独。学校・大会公式資料による直接確認はまだ
Batch 7（再確認）,B7E0032,Career,C000294,organization_id,ORG000124,B7S0006,選手プロフィール > 出身校,名古屋ダイヤモンドドルフィンズ公式プロフィールの出身校欄,SUPPORTED,2026-09-23,
Batch 7（再確認）,B7W11E0239,Career,C000294,organization_id,ORG000124,B7W11S0054,基本情報 > 出身校（大）：明治大学,最新のB.LEAGUE公式プロフィールでも出身校（大）を確認（再確認）,SUPPORTED,2026-09-30,
Batch 7（再確認）,B7E0033,Career,C000294,role,Player,B7S0006,選手プロフィール > 出身校,選手として掲載,SUPPORTED,2026-09-23,
Batch 7（再確認）,B7E0112,Career,C000294,start,2014,B7S0029,本文 > 2014年5月時点で1年生（営１）と明記,明大スポーツ新聞部記事により2014年度入学を直接確認,SUPPORTED,2026-09-23,
Batch 7（再確認）,B7E0038,Career,C000301,organization_id,ORG000125,B7S0011,検索結果 > 田中大貴,B.LEAGUE公式「ワタシノB.LEAGUE」の出身校タグ一覧に掲載,SUPPORTED,2026-09-23,
Batch 7（再確認）,B7W11E0214,Career,C000301,organization_id,ORG000125,B7W11S0050,基本情報 > 出身校（高）：長崎県立長崎西高等学校,最新のB.LEAGUE公式プロフィールでも出身校（高）を確認（再確認）,SUPPORTED,2026-09-30,
Batch 7（再確認）,B7E0039,Career,C000301,role,Player,B7S0011,検索結果 > 田中大貴,選手として掲載,SUPPORTED,2026-09-23,
Batch 7（再確認）,B7E0116,Career,C000301,start,2007,B7S0032,本文 > 2007年4月、長崎西高校に進学,Wikipediaによる入学年の直接記述,SUPPORTED,2026-09-23,
Batch 7（再確認）,B7E0040,Career,C000302,organization_id,ORG000015,B7S0009,プロフィール > 出身校,B.LEAGUE公式プロフィールの出身校欄,SUPPORTED,2026-09-23,
Batch 7（再確認）,B7W11E0215,Career,C000302,organization_id,ORG000015,B7W11S0050,基本情報 > 出身校（大）：東海大学,最新のB.LEAGUE公式プロフィールでも出身校（大）を確認（再確認）,SUPPORTED,2026-09-30,
Batch 7（再確認）,B7E0041,Career,C000302,role,Player,B7S0009,プロフィール > 出身校,選手として掲載,SUPPORTED,2026-09-23,
Batch 7（再確認）,B7E0118,Career,C000302,start,2010,B7S0032,本文 > 2010年4月、東海大学に進学,Wikipediaによる入学年の直接記述,SUPPORTED,2026-09-23,
Batch 7（再確認）,B7E0046,Career,C000304,organization_id,ORG000126,B7S0015,検索結果：1人 > 岸本隆一,B.LEAGUE公式「ワタシノB.LEAGUE」の出身校タグ一覧に掲載,SUPPORTED,2026-09-23,
Batch 7（再確認）,B7W11E0099,Career,C000304,organization_id,ORG000126,B7W11S0025,基本情報 > 出身校（高）：沖縄県立北中城高等学校,最新のB.LEAGUE公式プロフィールでも出身校（高）を確認（再確認）,SUPPORTED,2026-09-30,
Batch 7（再確認）,B7E0047,Career,C000304,role,Player,B7S0015,検索結果：1人 > 岸本隆一,選手として掲載,SUPPORTED,2026-09-23,
Batch 7（再確認）,B7E0048,Career,C000305,organization_id,ORG000128,B7S0014,学歴 > 大東文化大学,京都ハンナリーズ公式の契約発表記事内の経歴紹介,SUPPORTED,2026-09-23,
Batch 7（再確認）,B7W11E0100,Career,C000305,organization_id,ORG000128,B7W11S0025,基本情報 > 出身校（大）：大東文化大学,最新のB.LEAGUE公式プロフィールでも出身校（大）を確認（再確認）,SUPPORTED,2026-09-30,
Batch 7（再確認）,B7E0049,Career,C000305,role,Player,B7S0014,学歴 > 大東文化大学,選手として掲載,SUPPORTED,2026-09-23,
Batch 7（再確認）,B7E0054,Career,C000307,organization_id,ORG000127,B7S0017,経歴概要 > 高校で大濠高校に進学,クラブ公式選手プロフィールの経歴概要,SUPPORTED,2026-09-23,
Batch 7（再確認）,B7W11E0224,Career,C000307,organization_id,ORG000127,B7W11S0052,基本情報 > 出身校（高）：福岡大学付属大濠高等学校,最新のB.LEAGUE公式プロフィールでも出身校（高）を確認（再確認）,SUPPORTED,2026-09-30,
Batch 7（再確認）,B7E0055,Career,C000307,role,Player,B7S0017,経歴概要 > 高校で大濠高校に進学,選手として掲載,SUPPORTED,2026-09-23,
Batch 7（再確認）,B7E0056,Career,C000308,organization_id,ORG000015,B7S0017,経歴概要 > 大学では東海大学でプレー,クラブ公式選手プロフィールの経歴概要,SUPPORTED,2026-09-23,
Batch 7（再確認）,B7W11E0225,Career,C000308,organization_id,ORG000015,B7W11S0052,基本情報 > 出身校（大）：東海大学,最新のB.LEAGUE公式プロフィールでも出身校（大）を確認（再確認）,SUPPORTED,2026-09-30,
Batch 7（再確認）,B7E0057,Career,C000308,role,Player,B7S0017,経歴概要 > 大学では東海大学でプレー,選手として掲載,SUPPORTED,2026-09-23,
Batch 7（再確認）,B7E0062,Career,C000310,organization_id,ORG000127,B7S0021,本文 > 高校進学時、大濠高校への進学を決定,専門媒体記事による大濠高校在籍の記述,SUPPORTED,2026-09-23,専門媒体単独。学校・大会公式資料・B.LEAGUE公式「ワタシノB.LEAGUE」タグ一覧のいずれでも直接確認はまだ
Batch 7（再確認）,B7E0122,Career,C000310,organization_id,ORG000127,B7S0018,出身校欄 > 福岡大学附属大濠高等学校,B.LEAGUE公式選手プロフィールの出身校欄（既存ソース、高校org確認への引用漏れを補足）,SUPPORTED,2026-09-23,
Batch 7（再確認）,B7W11E0252,Career,C000310,organization_id,ORG000127,B7W11S0056,基本情報 > 出身校（高）：福岡大学附属大濠高等学校,最新のB.LEAGUE公式プロフィールでも出身校（高）を確認（再確認）,SUPPORTED,2026-09-30,
Batch 7（再確認）,B7E0063,Career,C000310,role,Player,B7S0021,本文 > 高校では1年生からメンバー入り,専門媒体記事による在籍中の実績記述,SUPPORTED,2026-09-23,専門媒体単独。学校・大会公式資料による直接確認はまだ
Batch 7（再確認）,B7E0064,Career,C000311,organization_id,ORG000124,B7S0020,記事本文 > 2011年政治経済学部卒,明治大学公式インタビューサイトの卒業年・学部記載,SUPPORTED,2026-09-23,
Batch 7（再確認）,B7W11E0253,Career,C000311,organization_id,ORG000124,B7W11S0056,基本情報 > 出身校（大）：明治大学,最新のB.LEAGUE公式プロフィールでも出身校（大）を確認（再確認）,SUPPORTED,2026-09-30,
Batch 7（再確認）,B7E0065,Career,C000311,role,Player,B7S0020,記事冒頭 > 明大在学時にはバスケットボール部主将を務め,明治大学公式インタビューサイトの記述,SUPPORTED,2026-09-23,
Batch 7（再確認）,B7E0123,Career,C000311,end,2011,B7S0020,本文 > 金丸 晃輔さん〈2011年政治経済学部卒〉,Meiji NOW（明治大学公式インタビューサイト）による卒業年の直接記述,SUPPORTED,2026-09-23,
Batch 7（再確認）,B7E0070,Career,C000313,organization_id,ORG000131,B7S0022,プロフィール > 出身校,B.LEAGUE公式プロフィールの出身校欄,SUPPORTED,2026-09-23,
Batch 7（再確認）,B7W11E0166,Career,C000313,organization_id,ORG000131,B7W11S0041,基本情報 > 出身校（高）：三重県立四日市工業高等学校,最新のB.LEAGUE公式プロフィールでも出身校（高）を確認（再確認）,SUPPORTED,2026-09-30,
Batch 7（再確認）,B7E0071,Career,C000313,role,Player,B7S0022,プロフィール > 出身校,選手として掲載,SUPPORTED,2026-09-23,
Batch 7（再確認）,B7E0072,Career,C000314,organization_id,ORG000030,B7S0022,プロフィール > 大学,B.LEAGUE公式プロフィールの大学欄,SUPPORTED,2026-09-23,
Batch 7（再確認）,B7W11E0167,Career,C000314,organization_id,ORG000030,B7W11S0041,基本情報 > 出身校（大）：青山学院大学,最新のB.LEAGUE公式プロフィールでも出身校（大）を確認（再確認）,SUPPORTED,2026-09-30,
Batch 7（再確認）,B7E0073,Career,C000314,role,Player,B7S0022,プロフィール > 大学,選手として掲載,SUPPORTED,2026-09-23,
Batch 7（再確認）,B7E0078,Career,C000316,organization_id,ORG000133,B7S0023,プロフィール > 出身校,B.LEAGUE公式プロフィールの出身校欄,SUPPORTED,2026-09-23,
Batch 7（再確認）,B7W11E0001,Career,C000316,organization_id,ORG000133,B7W11S0001,基本情報 > 出身校（高）：仙台市立仙台高等学校,最新のB.LEAGUE公式プロフィールでも出身校（高）を確認（再確認）,SUPPORTED,2026-09-30,
Batch 7（再確認）,B7E0079,Career,C000316,role,Player,B7S0023,プロフィール > 出身校,選手として掲載,SUPPORTED,2026-09-23,
Batch 7（再確認）,B7E0080,Career,C000317,organization_id,ORG000093,B7S0023,プロフィール > 大学,B.LEAGUE公式プロフィールの大学欄,SUPPORTED,2026-09-23,
Batch 7（再確認）,B7W11E0002,Career,C000317,organization_id,ORG000093,B7W11S0001,基本情報 > 出身校（大）：白鴎大学,最新のB.LEAGUE公式プロフィールでも出身校（大）を確認（再確認）,SUPPORTED,2026-09-30,
Batch 7（再確認）,B7E0081,Career,C000317,role,Player,B7S0023,プロフィール > 大学,選手として掲載,SUPPORTED,2026-09-23,
Batch 7（再確認）,B7E0086,Career,C000319,organization_id,ORG000134,B7S0024,プロフィール > 出身校,B.LEAGUE公式プロフィールの出身校欄,SUPPORTED,2026-09-23,
Batch 7（再確認）,B7W11E0119,Career,C000319,organization_id,ORG000134,B7W11S0029,基本情報 > 出身校（高）：学校法人土浦日本大学学園土浦日本大学高等学校,最新のB.LEAGUE公式プロフィールでも出身校（高）を確認（再確認）,SUPPORTED,2026-09-30,
Batch 7（再確認）,B7E0087,Career,C000319,role,Player,B7S0024,プロフィール > 出身校,選手として掲載,SUPPORTED,2026-09-23,
Batch 7（再確認）,B7E0088,Career,C000320,organization_id,ORG000121,B7S0024,プロフィール > 大学,B.LEAGUE公式プロフィールの大学欄,SUPPORTED,2026-09-23,
Batch 7（再確認）,B7W11E0120,Career,C000320,organization_id,ORG000121,B7W11S0029,基本情報 > 出身校（大）：日本大学,最新のB.LEAGUE公式プロフィールでも出身校（大）を確認（再確認）,SUPPORTED,2026-09-30,
Batch 7（再確認）,B7E0089,Career,C000320,role,Player,B7S0024,プロフィール > 大学,選手として掲載,SUPPORTED,2026-09-23,
Batch 7（再確認）,B7E0094,Career,C000322,organization_id,ORG000119,B7S0025,プロフィール > 出身校,B.LEAGUE公式プロフィールの出身校欄,SUPPORTED,2026-09-23,
Batch 7（再確認）,B7W11E0302,Career,C000322,organization_id,ORG000119,B7W11S0062,基本情報 > 出身校（高）：洛南高等学校,最新のB.LEAGUE公式プロフィールでも出身校（高）を確認（再確認）,SUPPORTED,2026-09-30,
Batch 7（再確認）,B7E0095,Career,C000322,role,Player,B7S0025,プロフィール > 出身校,選手として掲載,SUPPORTED,2026-09-23,
Batch 7（再確認）,B7E0096,Career,C000323,organization_id,ORG000136,B7S0025,プロフィール > 大学,B.LEAGUE公式プロフィールの大学欄,SUPPORTED,2026-09-23,
Batch 7（再確認）,B7W11E0303,Career,C000323,organization_id,ORG000136,B7W11S0062,基本情報 > 出身校（大）：早稲田大学,最新のB.LEAGUE公式プロフィールでも出身校（大）を確認（再確認）,SUPPORTED,2026-09-30,
Batch 7（再確認）,B7E0097,Career,C000323,role,Player,B7S0025,プロフィール > 大学,選手として掲載,SUPPORTED,2026-09-23,
Batch 7（再確認）,B7E0103,Career,C000325,organization_id,ORG000137,B7S0026,本文 > アーリーエントリー制度を用いて秋田ノーザンハピネッツに入団,Wikipediaにより2012年12月〜2014年6月の秋田ノーザンハピネッツ在籍を確認,SUPPORTED,2026-09-23,
Batch 7（再確認）,B7E0104,Career,C000325,start,2012,B7S0026,本文 > 秋田ノーザンハピネッツ（2012年12月〜2014年6月）,同上,SUPPORTED,2026-09-23,
Batch 7（再確認）,B7E0105,Career,C000325,end,2014,B7S0026,本文 > 秋田ノーザンハピネッツ（2012年12月〜2014年6月）,同上,SUPPORTED,2026-09-23,
Batch 7（再確認）,B7E0106,Career,C000326,organization_id,ORG000138,B7S0026,本文 > テキサス・レジェンズ（NBA傘下Dリーグ、2014年11月〜2015年2月）,Wikipediaにより2014年11月〜2015年2月の在籍を確認（NBA下部組織Dリーグ）,SUPPORTED,2026-09-23,
Batch 7（再確認）,B7E0107,Career,C000326,start,2014,B7S0026,本文 > 2014年秋に契約し、11月17日に到着,同上,SUPPORTED,2026-09-23,
Batch 7（再確認）,B7E0108,Career,C000326,end,2015,B7S0026,本文 > 2月の足首捻挫後は回復が思わしくなかった,同上,SUPPORTED,2026-09-23,
Batch 7（再確認）,B7E0125,Career,C000330,organization_id,ORG000141,B7S0026,経歴 > 新発田市立本丸中学校でミニバスから育ち、中学3年時に全国大会で優勝,Wikipediaにより出身中学校（新発田市立本丸中学校）を確認,SUPPORTED,2026-09-23,
Batch 7（再確認）,B7E0126,Career,C000330,organization_id,ORG000141,B7S0037,本文 > 「本丸中学校（新潟県新発田市立）」に在籍、中3時に全中初優勝,Yahoo!スポーツナビの記事でも同じ中学校名を確認（独立した第2ソース）,SUPPORTED,2026-09-23,
Batch 7（再確認）,B7E0127,Career,C000330,role,Player,B7S0026,経歴 > バスケットボール部に所属,同上,SUPPORTED,2026-09-23,
Batch 7（再確認）,B7E0133,Career,C000331,organization_id,ORG000146,B7S0039,プロフィール > 出身校（高）：明桜高等学校(現・ノースアジア大学明桜高等学校),B.LEAGUE公式プロフィールの出身校欄。現校名はノースアジア大学明桜高等学校だが、本人在学当時の名称（明桜高等学校）で登録,SUPPORTED,2026-09-23,
Batch 7（再確認）,B7W11E0041,Career,C000331,organization_id,ORG000146,B7W11S0012,基本情報 > 出身校（高）：明桜高等学校(現・ノースアジア大学明桜高等学校),最新のB.LEAGUE公式プロフィールでも出身校（高）を確認（再確認）,SUPPORTED,2026-09-30,
Batch 7（再確認）,B7E0134,Career,C000331,role,Player,B7S0039,プロフィール > 出身校（高）,選手として掲載,SUPPORTED,2026-09-23,
Batch 7（再確認）,B7E0135,Career,C000332,organization_id,ORG000145,B7S0039,プロフィール > 出身校（大）：富士大学,B.LEAGUE公式プロフィールの大学欄,SUPPORTED,2026-09-23,
Batch 7（再確認）,B7W11E0042,Career,C000332,organization_id,ORG000145,B7W11S0012,基本情報 > 出身校（大）：富士大学,最新のB.LEAGUE公式プロフィールでも出身校（大）を確認（再確認）,SUPPORTED,2026-09-30,
Batch 7（再確認）,B7E0136,Career,C000332,role,Player,B7S0039,プロフィール > 出身校（大）,選手として掲載,SUPPORTED,2026-09-23,
Batch 7（再確認）,B7E0141,Career,C000334,organization_id,ORG000119,B7S0040,Wikipedia > 経歴 > 出身高校：洛南高等学校,B.LEAGUE公式プロフィールに出身校欄の記載がなかったため、Wikipediaで確認,SUPPORTED,2026-09-23,
Batch 7（再確認）,B7W11E0109,Career,C000334,organization_id,ORG000119,B7W11S0027,基本情報 > 出身校（高）：洛南高等学校,最新のB.LEAGUE公式プロフィールでも出身校（高）を確認（再確認）,SUPPORTED,2026-09-30,
Batch 7（再確認）,B7E0142,Career,C000334,role,Player,B7S0040,同上,選手として在籍,SUPPORTED,2026-09-23,
Batch 7（再確認）,B7E0143,Career,C000335,organization_id,ORG000015,B7S0040,Wikipedia > 経歴 > 出身大学：東海大学,B.LEAGUE公式プロフィールに大学欄の記載がなかったため、Wikipediaで確認,SUPPORTED,2026-09-23,
Batch 7（再確認）,B7W11E0110,Career,C000335,organization_id,ORG000015,B7W11S0027,基本情報 > 出身校（大）：東海大学,最新のB.LEAGUE公式プロフィールでも出身校（大）を確認（再確認）,SUPPORTED,2026-09-30,
Batch 7（再確認）,B7E0144,Career,C000335,role,Player,B7S0040,同上,選手として在籍,SUPPORTED,2026-09-23,
Batch 7（再確認）,B7E0149,Career,C000337,organization_id,ORG000119,B7S0041,Wikipedia > 経歴 > 出身高校：洛南高等学校,B.LEAGUE公式プロフィールに出身校欄の記載がなかったため、Wikipediaで確認,SUPPORTED,2026-09-23,
Batch 7（再確認）,B7W11E0176,Career,C000337,organization_id,ORG000119,B7W11S0043,基本情報 > 出身校（高）：洛南高等学校,最新のB.LEAGUE公式プロフィールでも出身校（高）を確認（再確認）,SUPPORTED,2026-09-30,
Batch 7（再確認）,B7E0150,Career,C000337,role,Player,B7S0041,同上,選手として在籍,SUPPORTED,2026-09-23,
Batch 7（再確認）,B7E0151,Career,C000338,organization_id,ORG000030,B7S0041,Wikipedia > 経歴 > 出身大学：青山学院大学,B.LEAGUE公式プロフィールに大学欄の記載がなかったため、Wikipediaで確認,SUPPORTED,2026-09-23,
Batch 7（再確認）,B7W11E0177,Career,C000338,organization_id,ORG000030,B7W11S0043,基本情報 > 出身校（大）：青山学院大学,最新のB.LEAGUE公式プロフィールでも出身校（大）を確認（再確認）,SUPPORTED,2026-09-30,
Batch 7（再確認）,B7E0152,Career,C000338,role,Player,B7S0041,同上,選手として在籍,SUPPORTED,2026-09-23,
Batch 7（再確認）,B7E0157,Career,C000340,organization_id,ORG000147,B7S0042,Wikipedia > 経歴 > 出身高校：明成高校（仙台大学附属明成高等学校）,B.LEAGUE公式プロフィールに出身校欄の記載がなかったため、Wikipediaで確認。同校は2020年に仙台大学附属明成高等学校へ改称しており、本人在学当時の名称（明成高等学校）で登録,SUPPORTED,2026-09-23,学校名の改称時期(2020年)は本人卒業後と考えられるため、当時の名称で登録
Batch 7（再確認）,B7W11E0270,Career,C000340,organization_id,ORG000147,B7W11S0058,基本情報 > 出身校（高）：明成高等学校(現・仙台大学附属明成高等学校),最新のB.LEAGUE公式プロフィールでも出身校（高）を確認（再確認）,SUPPORTED,2026-09-30,
Batch 7（再確認）,B7E0158,Career,C000340,role,Player,B7S0042,同上,選手として在籍,SUPPORTED,2026-09-23,
Batch 7（再確認）,B7E0159,Career,C000341,organization_id,ORG000124,B7S0042,Wikipedia > 経歴 > 出身大学：明治大学,B.LEAGUE公式プロフィールに大学欄の記載がなかったため、Wikipediaで確認,SUPPORTED,2026-09-23,
Batch 7（再確認）,B7W11E0271,Career,C000341,organization_id,ORG000124,B7W11S0058,基本情報 > 出身校（大）：明治大学,最新のB.LEAGUE公式プロフィールでも出身校（大）を確認（再確認）,SUPPORTED,2026-09-30,
Batch 7（再確認）,B7E0160,Career,C000341,role,Player,B7S0042,同上,選手として在籍,SUPPORTED,2026-09-23,
Batch 7（再確認）,B7E0165,Career,C000343,organization_id,ORG000148,B7S0043,プロフィール > 出身校（大）：近畿大学,B.LEAGUE公式プロフィールの大学欄。出身校（高）欄は「-」で高校名の記載なし,SUPPORTED,2026-09-23,出身高校はプロフィール上「-」で未記載のため登録せず
Batch 7（再確認）,B7E0166,Career,C000343,role,Player,B7S0043,プロフィール > 出身校（大）,選手として在籍,SUPPORTED,2026-09-23,
Batch 7（再確認）,B7E0171,Career,C000345,organization_id,ORG000015,B7S0044,プロフィール > 出身校（大）：東海大学,B.LEAGUE公式プロフィールの大学欄。出身校（高）の項目自体が存在しない,SUPPORTED,2026-09-23,プロフィールに出身校（高）の項目がないため登録せず
Batch 7（再確認）,B7W11E0183,Career,C000345,organization_id,ORG000015,B7W11S0046,基本情報 > 出身校（大）：東海大学,最新のB.LEAGUE公式プロフィールでも出身校（大）を確認（再確認）,SUPPORTED,2026-09-30,
Batch 7（再確認）,B7E0172,Career,C000345,role,Player,B7S0044,プロフィール > 出身校（大）,選手として在籍,SUPPORTED,2026-09-23,
Batch 7（再確認）,B7E0177,Career,C000347,organization_id,ORG000151,B7S0045,プロフィール > 出身校（高）：北海道恵庭南高等学校,B.LEAGUE公式プロフィールの出身校欄,SUPPORTED,2026-09-23,
Batch 7（再確認）,B7W11E0073,Career,C000347,organization_id,ORG000151,B7W11S0020,基本情報 > 出身校（高）：北海道恵庭南高等学校,最新のB.LEAGUE公式プロフィールでも出身校（高）を確認（再確認）,SUPPORTED,2026-09-30,
Batch 7（再確認）,B7E0178,Career,C000347,role,Player,B7S0045,プロフィール > 出身校（高）,選手として在籍,SUPPORTED,2026-09-23,
Batch 7（再確認）,B7E0179,Career,C000348,organization_id,ORG000152,B7S0045,プロフィール > 出身校（大）：札幌大学,B.LEAGUE公式プロフィールの大学欄,SUPPORTED,2026-09-23,
Batch 7（再確認）,B7W11E0074,Career,C000348,organization_id,ORG000152,B7W11S0020,基本情報 > 出身校（大）：札幌大学,最新のB.LEAGUE公式プロフィールでも出身校（大）を確認（再確認）,SUPPORTED,2026-09-30,
Batch 7（再確認）,B7E0180,Career,C000348,role,Player,B7S0045,プロフィール > 出身校（大）,選手として在籍,SUPPORTED,2026-09-23,
Batch 7（再確認）,B7E0185,Career,C000350,organization_id,ORG000154,B7S0046,プロフィール > 出身校（高）：佐賀県立佐賀北高等学校,B.LEAGUE公式プロフィールの出身校欄,SUPPORTED,2026-09-23,
Batch 7（再確認）,B7W11E0204,Career,C000350,organization_id,ORG000154,B7W11S0048,基本情報 > 出身校（高）：佐賀県立佐賀北高等学校,最新のB.LEAGUE公式プロフィールでも出身校（高）を確認（再確認）,SUPPORTED,2026-09-30,
Batch 7（再確認）,B7E0186,Career,C000350,role,Player,B7S0046,プロフィール > 出身校（高）,選手として在籍,SUPPORTED,2026-09-23,
Batch 7（再確認）,B7E0187,Career,C000351,organization_id,ORG000093,B7S0046,プロフィール > 出身校（大）：白鴎大学,B.LEAGUE公式プロフィールの大学欄。表記は「白鴎大学」（鴎）だが、Master ORG000093の登録表記「白鷗大学」（鷗）と同一機関の異体字表記のため、既存表記のまま登録,SUPPORTED,2026-09-23,「鴎」と「鷗」は異体字。既存ORG000093の表記に合わせた
Batch 7（再確認）,B7W11E0205,Career,C000351,organization_id,ORG000093,B7W11S0048,基本情報 > 出身校（大）：白鴎大学,最新のB.LEAGUE公式プロフィールでも出身校（大）を確認（再確認）,SUPPORTED,2026-09-30,
Batch 7（再確認）,B7E0188,Career,C000351,role,Player,B7S0046,プロフィール > 出身校（大）,選手として在籍,SUPPORTED,2026-09-23,
Batch 7（再確認）,B7E0193,Career,C000353,organization_id,ORG000156,B7S0047,出身校 > 尽誠学園高等学校,bleague.jp選手プロフィールで出身高校を確認,SUPPORTED,2026-09-23,
Batch 7（再確認）,B7W11E0160,Career,C000353,organization_id,ORG000156,B7W11S0039,基本情報 > 出身校（高）：尽誠学園高等学校,最新のB.LEAGUE公式プロフィールでも出身校（高）を確認（再確認）,SUPPORTED,2026-09-30,
Batch 7（再確認）,B7E0194,Career,C000354,organization_id,ORG000157,B7S0047,出身校 > ジョージ・ワシントン大学,bleague.jp選手プロフィールで出身大学を確認,SUPPORTED,2026-09-23,
Batch 7（再確認）,B7W11E0161,Career,C000354,organization_id,ORG000157,B7W11S0039,基本情報 > 出身校（大）：ジョージ・ワシントン大学,最新のB.LEAGUE公式プロフィールでも出身校（大）を確認（再確認）,SUPPORTED,2026-09-30,
Batch 7（再確認）,B7E0204,Career,C000359,organization_id,ORG000159,B7S0051,出身校 > 秋田県立能代工業高等学校（現・秋田県立能代科学技術高等学校）,bleague.jp選手プロフィールで出身高校を確認。同プロフィール自身が現校名（能代科学技術）への改称を注記しているため、在籍当時の校名である秋田県立能代工業高等学校で登録（改称後の現校名は不使用）,SUPPORTED,2026-09-23,
Batch 7（再確認）,B7W11E0139,Career,C000359,organization_id,ORG000159,B7W11S0034,基本情報 > 出身校（高）：秋田県立能代工業高等学校(現・秋田県立能代科学技術高等学校),最新のB.LEAGUE公式プロフィールでも出身校（高）を確認（再確認）,SUPPORTED,2026-09-30,
Batch 7（再確認）,B7E0205,Career,C000360,organization_id,ORG000160,B7S0051,出身校 > ブリガムヤング大学ハワイ校,bleague.jp選手プロフィールで出身大学を確認,SUPPORTED,2026-09-23,
Batch 7（再確認）,B7W11E0140,Career,C000360,organization_id,ORG000160,B7W11S0034,基本情報 > 出身校（大）：ブリガムヤング大学ハワイ校,最新のB.LEAGUE公式プロフィールでも出身校（大）を確認（再確認）,SUPPORTED,2026-09-30,
Batch 7（再確認）,B7E0209,Career,C000362,organization_id,ORG000161,B7S0052,出身校 > 桜丘高等学校,bleague.jp選手プロフィールで出身高校を確認,SUPPORTED,2026-09-23,
Batch 7（再確認）,B7W11E0133,Career,C000362,organization_id,ORG000161,B7W11S0031,基本情報 > 出身校（高）：桜丘高等学校,最新のB.LEAGUE公式プロフィールでも出身校（高）を確認（再確認）,SUPPORTED,2026-09-30,
Batch 7（再確認）,B7E0210,Career,C000363,organization_id,ORG000162,B7S0052,出身校 > ネブラスカ大学,bleague.jp選手プロフィールで出身大学を確認,SUPPORTED,2026-09-23,
Batch 7（再確認）,B7W11E0134,Career,C000363,organization_id,ORG000162,B7W11S0031,基本情報 > 出身校（大）：ネブラスカ大学,最新のB.LEAGUE公式プロフィールでも出身校（大）を確認（再確認）,SUPPORTED,2026-09-30,
Batch 7（再確認）,B7E0212,Career,C000366,organization_id,ORG000164,B7S0053,経歴 > 「2012年4月、東芝ブレイブサンダースに入団」,Wikipediaで東芝ブレイブサンダース入団を確認,SUPPORTED,2026-09-23,
Batch 7（再確認）,B7E0213,Career,C000366,start,2012,B7S0053,同上,入団年（2012年）を確認,SUPPORTED,2026-09-23,
Batch 7（再確認）,B7E0215,Career,C000367,organization_id,ORG000122,B7S0054,クラブ所属履歴 > 2016-17〜2020-21：川崎ブレイブサンダース,bleague.jp公式のクラブ所属履歴で2016-17〜2020-21シーズンの川崎ブレイブサンダース在籍を確認,SUPPORTED,2026-09-23,
Batch 7（再確認）,B7E0216,Career,C000367,organization_id,ORG000122,B7S0055,SEASON別CLUB一覧 > 2016-2017〜2020-2021：川崎,バスケットボールキングの選手成績ページでも同シーズン区間の川崎在籍を確認（独立した第2ソース）,SUPPORTED,2026-09-23,
Batch 7（再確認）,B7E0217,Career,C000367,start,2016,B7S0054,同上（bleague.jp所属履歴の初出シーズン2016-17）,B.LEAGUE開幕（2016-17シーズン）時点で川崎ブレイブサンダース名義だったことを確認,SUPPORTED,2026-09-23,
Batch 7（再確認）,B7E0218,Career,C000367,end,2021,B7S0053,経歴 > 「2021年5月31日、川崎を退団」し、「同年6月2日に広島ドラゴンフライズへの移籍が発表」,Wikipediaで川崎退団の正確な日付を確認,SUPPORTED,2026-09-23,
Batch 7（再確認）,B7E0219,Career,C000368,organization_id,ORG000110,B7S0053,経歴 > 「同年6月2日に広島ドラゴンフライズへの移籍が発表」,Wikipediaで広島ドラゴンフライズへの移籍を確認,SUPPORTED,2026-09-23,
Batch 7（再確認）,B7E0220,Career,C000368,organization_id,ORG000110,B7S0054,クラブ所属履歴 > 2021-22〜2022-23：広島ドラゴンフライズ,bleague.jp公式のクラブ所属履歴でも同シーズン区間の広島在籍を確認（独立した第2ソース）,SUPPORTED,2026-09-23,
Batch 7（再確認）,B7E0221,Career,C000368,start,2021,B7S0053,同上,移籍発表日（2021年6月2日）から開始年を確認,SUPPORTED,2026-09-23,
Batch 7（再確認）,B7E0222,Career,C000368,end,2023,B7S0053,経歴 > 「2023年5月24日に広島ドラゴンフライズを退団することが発表され、同年6月8日に群馬クレインサンダーズへの加入が決定」,Wikipediaで広島退団の正確な日付を確認,SUPPORTED,2026-09-23,
Batch 7（再確認）,B7E0226,Career,C000369,organization_id,ORG000165,B7S0057,出身校 > 富山第一高校,bleague.jp選手プロフィールで出身高校を確認,SUPPORTED,2026-09-23,
Batch 7（再確認）,B7W11E0292,Career,C000369,organization_id,ORG000165,B7W11S0060,基本情報 > 出身校（高）：富山第一高校,最新のB.LEAGUE公式プロフィールでも出身校（高）を確認（再確認）,SUPPORTED,2026-09-30,
Batch 7（再確認）,B7E0227,Career,C000370,organization_id,ORG000166,B7S0057,出身校 > 筑波大学,bleague.jp選手プロフィールで出身大学を確認,SUPPORTED,2026-09-23,
Batch 7（再確認）,B7W11E0293,Career,C000370,organization_id,ORG000166,B7W11S0060,基本情報 > 出身校（大）：筑波大学,最新のB.LEAGUE公式プロフィールでも出身校（大）を確認（再確認）,SUPPORTED,2026-09-30,
Batch 7（再確認）,B7E0231,Career,C000372,organization_id,ORG000167,B7S0058,本文 > 「山口県立豊浦高等学校から天理大学へ進学」,Wikipediaで出身高校を確認。bleague.jp公式プロフィール・バスケットボールキングの選手ページのいずれにも出身高校の記載がなく、現時点でWikipedia以外の裏付けが取れていない,SUPPORTED,2026-09-23,出身高校（山口県立豊浦高等学校）を裏付ける一次資料（学校公式・大会公式ロスター等）または公式プロフィールでの言及が未確認。現状はWikipedia単独
Batch 7（再確認）,B7W11E0059,Career,C000372,organization_id,ORG000167,B7W11S0017,基本情報 > 出身校（高）：山口県立豊浦高等学校,最新のB.LEAGUE公式プロフィールでも出身校（高）を確認（再確認）,SUPPORTED,2026-09-30,
Batch 7（再確認）,B7E0232,Career,C000373,organization_id,ORG000168,B7S0058,本文 > 「天理大学へ進学」,Wikipediaで出身大学を確認,SUPPORTED,2026-09-23,
Batch 7（再確認）,B7E0233,Career,C000373,organization_id,ORG000168,B7S0060,出身校（出身大学） > 天理大学,バスケットボールキングの選手プロフィールでも出身大学を確認（独立した第2ソース）,SUPPORTED,2026-09-23,
Batch 7（再確認）,B7W11E0060,Career,C000373,organization_id,ORG000168,B7W11S0017,基本情報 > 出身校（大）：天理大学,最新のB.LEAGUE公式プロフィールでも出身校（大）を確認（再確認）,SUPPORTED,2026-09-30,
Batch 7（再確認）,B7E0237,Career,C000375,organization_id,ORG000169,B7S0062,本文 > 「NCAAディビジョン1の名門ジョージア工科大学へ入学した」,Wikipediaで出身大学を確認,SUPPORTED,2026-09-23,
Batch 7（再確認）,B7E0238,Career,C000375,organization_id,ORG000169,B7S0063,本文 > 「NCAAディビジョン1に所属するバスケットボール名門校」ジョージア工科大学、専攻は物理学,jpsk.jpのインタビュー記事でも出身大学を確認（独立した第2ソース）,SUPPORTED,2026-09-23,
Batch 7（再確認）,B7W11E0024,Career,C000375,organization_id,ORG000169,B7W11S0008,基本情報 > 出身校（大）：ジョージア工科大学,最新のB.LEAGUE公式プロフィールでも出身校（大）を確認（再確認）,SUPPORTED,2026-09-30,
Batch 7（再確認）,B7W11E0003,Career,C001720,organization_id,ORG000132,B7W11S0001,クラブ所属履歴 > 「2016-17 仙台」,B.LEAGUE公式の所属履歴で在籍を確認（略称表記）,SUPPORTED,2026-09-30,
Batch 7（再確認）,B7W11E0004,Career,C001720,organization_id,ORG000132,B7W11S0002,順位表 > クラブ「仙台89ERS」（略称「仙台」、club_detail TeamID=692）,公式順位表で略称とクラブ名・TeamIDの対応を確認,SUPPORTED,2026-09-30,
Batch 7（再確認）,B7W11E0005,Career,C001720,start,2016,B7W11S0001,クラブ所属履歴 > 「2016-17 仙台」,所属履歴の最初のシーズン2016-17の開始年,SUPPORTED,2026-09-30,
Batch 7（再確認）,B7W11E0006,Career,C001720,end,2017,B7W11S0001,クラブ所属履歴 > 「2016-17 仙台」,所属履歴の最後のシーズン2016-17の終了年,SUPPORTED,2026-09-30,
Batch 7（再確認）,B7W11E0007,Career,C001721,organization_id,ORG000042,B7W11S0001,クラブ所属履歴 > 「2017-18 京都」〜「2018-19 京都」,B.LEAGUE公式の所属履歴で在籍を確認（略称表記）,SUPPORTED,2026-09-30,
Batch 7（再確認）,B7W11E0008,Career,C001721,organization_id,ORG000042,B7W11S0003,順位表 > クラブ「京都ハンナリーズ」（略称「京都」、club_detail TeamID=699）,公式順位表で略称とクラブ名・TeamIDの対応を確認,SUPPORTED,2026-09-30,
Batch 7（再確認）,B7W11E0009,Career,C001721,start,2017,B7W11S0001,クラブ所属履歴 > 「2017-18 京都」,所属履歴の最初のシーズン2017-18の開始年,SUPPORTED,2026-09-30,
Batch 7（再確認）,B7W11E0010,Career,C001721,end,2019,B7W11S0001,クラブ所属履歴 > 「2018-19 京都」,所属履歴の最後のシーズン2018-19の終了年,SUPPORTED,2026-09-30,
Batch 7（再確認）,B7W11E0011,Career,C001722,organization_id,ORG000132,B7W11S0001,クラブ所属履歴 > 「2019-20 仙台」〜「2024-25 仙台」,B.LEAGUE公式の所属履歴で在籍を確認（略称表記）,SUPPORTED,2026-09-30,
Batch 7（再確認）,B7W11E0012,Career,C001722,organization_id,ORG000132,B7W11S0004,順位表 > クラブ「仙台89ERS」（略称「仙台」、club_detail TeamID=692）,公式順位表で略称とクラブ名・TeamIDの対応を確認,SUPPORTED,2026-09-30,
Batch 7（再確認）,B7W11E0013,Career,C001722,start,2019,B7W11S0001,クラブ所属履歴 > 「2019-20 仙台」,所属履歴の最初のシーズン2019-20の開始年,SUPPORTED,2026-09-30,
Batch 7（再確認）,B7W11E0014,Career,C001722,end,2025,B7W11S0001,クラブ所属履歴 > 「2024-25 仙台」,所属履歴の最後のシーズン2024-25の終了年,SUPPORTED,2026-09-30,
Batch 7（再確認）,B7W11E0015,Career,C001723,organization_id,ORG000183,B7W11S0001,クラブ所属履歴 > 「2025-26 埼玉」,B.LEAGUE公式の所属履歴で在籍を確認（略称表記）,SUPPORTED,2026-09-30,
Batch 7（再確認）,B7W11E0016,Career,C001723,organization_id,ORG000183,B7W11S0005,順位表 > クラブ「さいたまブロンコス」（略称「埼玉」、club_detail TeamID=744）,公式順位表で略称とクラブ名・TeamIDの対応を確認,SUPPORTED,2026-09-30,
Batch 7（再確認）,B7W11E0017,Career,C001723,start,2025,B7W11S0001,クラブ所属履歴 > 「2025-26 埼玉」,所属履歴の最初のシーズン2025-26の開始年,SUPPORTED,2026-09-30,
Batch 7（再確認）,B7W11E0018,Career,C001723,end,2026,B7W11S0001,クラブ所属履歴 > 「2025-26 埼玉」,所属履歴の最後のシーズン2025-26の終了年,SUPPORTED,2026-09-30,
Batch 7（再確認）,B7W11E0019,Career,C001724,organization_id,ORG000132,B7W11S0001,クラブ所属履歴 > 「2026-27 仙台」,B.LEAGUE公式の所属履歴で在籍を確認（略称表記）,SUPPORTED,2026-09-30,
Batch 7（再確認）,B7W11E0020,Career,C001724,organization_id,ORG000132,B7W11S0006,順位表 > クラブ「仙台89ERS」（略称「仙台」、club_detail TeamID=692）,公式順位表で略称とクラブ名・TeamIDの対応を確認,SUPPORTED,2026-09-30,
Batch 7（再確認）,B7W11E0022,Career,C001724,organization_id,ORG000132,B7W11S0007,選手一覧 > 仙台 > 片岡 大晴,2026-27シーズンの公式選手一覧で現所属を確認,SUPPORTED,2026-09-30,
Batch 7（再確認）,B7W11E0021,Career,C001724,start,2026,B7W11S0001,クラブ所属履歴 > 「2026-27 仙台」,所属履歴の最初のシーズン2026-27の開始年,SUPPORTED,2026-09-30,
Batch 7（再確認）,B7W11E0023,Career,C001725,organization_id,ORG000355,B7W11S0008,基本情報 > 出身校（高）：セントメリーズインターナショナルスクール,B.LEAGUE公式プロフィールで出身校（高）を確認,SUPPORTED,2026-09-30,
Batch 7（再確認）,B7W11E0025,Career,C001726,organization_id,ORG000109,B7W11S0008,クラブ所属履歴 > 「2018-19 A東京」,B.LEAGUE公式の所属履歴で在籍を確認（略称表記）,SUPPORTED,2026-09-30,
Batch 7（再確認）,B7W11E0026,Career,C001726,organization_id,ORG000109,B7W11S0009,順位表 > クラブ「アルバルク東京」（略称「A東京」、club_detail TeamID=706）,公式順位表で略称とクラブ名・TeamIDの対応を確認,SUPPORTED,2026-09-30,
Batch 7（再確認）,B7W11E0027,Career,C001726,start,2018,B7W11S0008,クラブ所属履歴 > 「2018-19 A東京」,所属履歴の最初のシーズン2018-19の開始年,SUPPORTED,2026-09-30,
Batch 7（再確認）,B7W11E0028,Career,C001726,end,2019,B7W11S0008,クラブ所属履歴 > 「2018-19 A東京」,所属履歴の最後のシーズン2018-19の終了年,SUPPORTED,2026-09-30,
Batch 7（再確認）,B7W11E0029,Career,C001727,organization_id,ORG000153,B7W11S0008,クラブ所属履歴 > 「2019-20 滋賀」,B.LEAGUE公式の所属履歴で在籍を確認（略称表記）,SUPPORTED,2026-09-30,
Batch 7（再確認）,B7W11E0030,Career,C001727,organization_id,ORG000153,B7W11S0010,順位表 > クラブ「滋賀レイクスターズ」（略称「滋賀」、club_detail TeamID=698）,公式順位表で略称とクラブ名・TeamIDの対応を確認,SUPPORTED,2026-09-30,
Batch 7（再確認）,B7W11E0031,Career,C001727,start,2019,B7W11S0008,クラブ所属履歴 > 「2019-20 滋賀」,所属履歴の最初のシーズン2019-20の開始年,SUPPORTED,2026-09-30,
Batch 7（再確認）,B7W11E0032,Career,C001727,end,2020,B7W11S0008,クラブ所属履歴 > 「2019-20 滋賀」,所属履歴の最後のシーズン2019-20の終了年,SUPPORTED,2026-09-30,
Batch 7（再確認）,B7W11E0033,Career,C001728,organization_id,ORG000130,B7W11S0008,クラブ所属履歴 > 「2020-21 三河」〜「2025-26 三河」,B.LEAGUE公式の所属履歴で在籍を確認（略称表記）,SUPPORTED,2026-09-30,
Batch 7（再確認）,B7W11E0034,Career,C001728,organization_id,ORG000130,B7W11S0011,順位表 > クラブ「シーホース三河」（略称「三河」、club_detail TeamID=728）,公式順位表で略称とクラブ名・TeamIDの対応を確認,SUPPORTED,2026-09-30,
Batch 7（再確認）,B7W11E0035,Career,C001728,start,2020,B7W11S0008,クラブ所属履歴 > 「2020-21 三河」,所属履歴の最初のシーズン2020-21の開始年,SUPPORTED,2026-09-30,
Batch 7（再確認）,B7W11E0036,Career,C001728,end,2026,B7W11S0008,クラブ所属履歴 > 「2025-26 三河」,所属履歴の最後のシーズン2025-26の終了年,SUPPORTED,2026-09-30,
Batch 7（再確認）,B7W11E0037,Career,C001729,organization_id,ORG000132,B7W11S0008,クラブ所属履歴 > 「2026-27 仙台」,B.LEAGUE公式の所属履歴で在籍を確認（略称表記）,SUPPORTED,2026-09-30,
Batch 7（再確認）,B7W11E0038,Career,C001729,organization_id,ORG000132,B7W11S0006,順位表 > クラブ「仙台89ERS」（略称「仙台」、club_detail TeamID=692）,公式順位表で略称とクラブ名・TeamIDの対応を確認,SUPPORTED,2026-09-30,
Batch 7（再確認）,B7W11E0040,Career,C001729,organization_id,ORG000132,B7W11S0007,選手一覧 > 仙台 > シェーファー アヴィ幸樹,2026-27シーズンの公式選手一覧で現所属を確認,SUPPORTED,2026-09-30,
Batch 7（再確認）,B7W11E0039,Career,C001729,start,2026,B7W11S0008,クラブ所属履歴 > 「2026-27 仙台」,所属履歴の最初のシーズン2026-27の開始年,SUPPORTED,2026-09-30,
Batch 7（再確認）,B7W11E0043,Career,C001730,organization_id,ORG000137,B7W11S0012,クラブ所属履歴 > 「2016-17 秋田」〜「2017-18 秋田」,B.LEAGUE公式の所属履歴で在籍を確認（略称表記）,SUPPORTED,2026-09-30,
Batch 7（再確認）,B7W11E0044,Career,C001730,organization_id,ORG000137,B7W11S0002,順位表 > クラブ「秋田ノーザンハピネッツ」（略称「秋田」、club_detail TeamID=693）,公式順位表で略称とクラブ名・TeamIDの対応を確認,SUPPORTED,2026-09-30,
Batch 7（再確認）,B7W11E0045,Career,C001730,start,2016,B7W11S0012,クラブ所属履歴 > 「2016-17 秋田」,所属履歴の最初のシーズン2016-17の開始年,SUPPORTED,2026-09-30,
Batch 7（再確認）,B7W11E0046,Career,C001730,end,2018,B7W11S0012,クラブ所属履歴 > 「2017-18 秋田」,所属履歴の最後のシーズン2017-18の終了年,SUPPORTED,2026-09-30,
Batch 7（再確認）,B7W11E0047,Career,C001731,organization_id,ORG000118,B7W11S0012,クラブ所属履歴 > 「2018-19 千葉」〜「2020-21 千葉J」,B.LEAGUE公式の所属履歴で在籍を確認（略称表記）,SUPPORTED,2026-09-30,
Batch 7（再確認）,B7W11E0048,Career,C001731,organization_id,ORG000118,B7W11S0009,順位表 > クラブ「千葉ジェッツ」（略称「千葉」、club_detail TeamID=704）,公式順位表で略称とクラブ名・TeamIDの対応を確認,SUPPORTED,2026-09-30,
Batch 7（再確認）,B7W11E0049,Career,C001731,start,2018,B7W11S0012,クラブ所属履歴 > 「2018-19 千葉」,所属履歴の最初のシーズン2018-19の開始年,SUPPORTED,2026-09-30,
Batch 7（再確認）,B7W11E0050,Career,C001731,end,2021,B7W11S0012,クラブ所属履歴 > 「2020-21 千葉J」,所属履歴の最後のシーズン2020-21の終了年,SUPPORTED,2026-09-30,
Batch 7（再確認）,B7W11E0051,Career,C001732,organization_id,ORG000137,B7W11S0012,クラブ所属履歴 > 「2021-22 秋田」〜「2026-27 秋田」,B.LEAGUE公式の所属履歴で在籍を確認（略称表記）,SUPPORTED,2026-09-30,
Batch 7（再確認）,B7W11E0052,Career,C001732,organization_id,ORG000137,B7W11S0013,順位表 > クラブ「秋田ノーザンハピネッツ」（略称「秋田」、club_detail TeamID=693）,公式順位表で略称とクラブ名・TeamIDの対応を確認,SUPPORTED,2026-09-30,
Batch 7（再確認）,B7W11E0054,Career,C001732,organization_id,ORG000137,B7W11S0014,選手一覧 > 秋田 > 田口 成浩,2026-27シーズンの公式選手一覧で現所属を確認,SUPPORTED,2026-09-30,
Batch 7（再確認）,B7W11E0053,Career,C001732,start,2021,B7W11S0012,クラブ所属履歴 > 「2021-22 秋田」,所属履歴の最初のシーズン2021-22の開始年,SUPPORTED,2026-09-30,
Batch 7（再確認）,B7W11E0055,Career,C001733,organization_id,ORG000149,B7W11S0015,クラブ所属履歴 > 「2016-17 富山」〜「2026-27 富山」,B.LEAGUE公式の所属履歴で在籍を確認（略称表記）,SUPPORTED,2026-09-30,
Batch 7（再確認）,B7W11E0056,Career,C001733,organization_id,ORG000149,B7W11S0002,順位表 > クラブ「富山グラウジーズ」（略称「富山」、club_detail TeamID=696）,公式順位表で略称とクラブ名・TeamIDの対応を確認,SUPPORTED,2026-09-30,
Batch 7（再確認）,B7W11E0058,Career,C001733,organization_id,ORG000149,B7W11S0016,選手一覧 > 富山 > 水戸 健史,2026-27シーズンの公式選手一覧で現所属を確認,SUPPORTED,2026-09-30,
Batch 7（再確認）,B7W11E0057,Career,C001733,start,2016,B7W11S0015,クラブ所属履歴 > 「2016-17 富山」,所属履歴の最初のシーズン2016-17の開始年,SUPPORTED,2026-09-30,
Batch 7（再確認）,B7W11E0061,Career,C001734,organization_id,ORG000142,B7W11S0017,クラブ所属履歴 > 「2018-19 大阪」,B.LEAGUE公式の所属履歴で在籍を確認（略称表記）,SUPPORTED,2026-09-30,
Batch 7（再確認）,B7W11E0062,Career,C001734,organization_id,ORG000142,B7W11S0009,順位表 > クラブ「大阪エヴェッサ」（略称「大阪」、club_detail TeamID=700）,公式順位表で略称とクラブ名・TeamIDの対応を確認,SUPPORTED,2026-09-30,
Batch 7（再確認）,B7W11E0063,Career,C001734,start,2018,B7W11S0017,クラブ所属履歴 > 「2018-19 大阪」,所属履歴の最初のシーズン2018-19の開始年,SUPPORTED,2026-09-30,
Batch 7（再確認）,B7W11E0064,Career,C001734,end,2019,B7W11S0017,クラブ所属履歴 > 「2018-19 大阪」,所属履歴の最後のシーズン2018-19の終了年,SUPPORTED,2026-09-30,
Batch 7（再確認）,B7W11E0065,Career,C001735,organization_id,ORG000067,B7W11S0017,クラブ所属履歴 > 「2019-20 熊本」〜「2021-22 熊本」,B.LEAGUE公式の所属履歴で在籍を確認（略称表記）,SUPPORTED,2026-09-30,
Batch 7（再確認）,B7W11E0066,Career,C001735,organization_id,ORG000067,B7W11S0004,順位表 > クラブ「熊本ヴォルターズ」（略称「熊本」、club_detail TeamID=724）,公式順位表で略称とクラブ名・TeamIDの対応を確認,SUPPORTED,2026-09-30,
Batch 7（再確認）,B7W11E0067,Career,C001735,start,2019,B7W11S0017,クラブ所属履歴 > 「2019-20 熊本」,所属履歴の最初のシーズン2019-20の開始年,SUPPORTED,2026-09-30,
Batch 7（再確認）,B7W11E0068,Career,C001735,end,2022,B7W11S0017,クラブ所属履歴 > 「2021-22 熊本」,所属履歴の最後のシーズン2021-22の終了年,SUPPORTED,2026-09-30,
Batch 7（再確認）,B7W11E0069,Career,C001736,organization_id,ORG000097,B7W11S0017,クラブ所属履歴 > 「2022-23 三遠」〜「2026-27 三遠」,B.LEAGUE公式の所属履歴で在籍を確認（略称表記）,SUPPORTED,2026-09-30,
Batch 7（再確認）,B7W11E0070,Career,C001736,organization_id,ORG000097,B7W11S0018,順位表 > クラブ「三遠ネオフェニックス」（略称「三遠」、club_detail TeamID=697）,公式順位表で略称とクラブ名・TeamIDの対応を確認,SUPPORTED,2026-09-30,
Batch 7（再確認）,B7W11E0072,Career,C001736,organization_id,ORG000097,B7W11S0019,選手一覧 > 三遠 > 佐々木 隆成,2026-27シーズンの公式選手一覧で現所属を確認,SUPPORTED,2026-09-30,
Batch 7（再確認）,B7W11E0071,Career,C001736,start,2022,B7W11S0017,クラブ所属履歴 > 「2022-23 三遠」,所属履歴の最初のシーズン2022-23の開始年,SUPPORTED,2026-09-30,
Batch 7（再確認）,B7W11E0075,Career,C001737,organization_id,ORG000092,B7W11S0020,クラブ所属履歴 > 「2016-17 北海道」〜「2017-18 北海道」,B.LEAGUE公式の所属履歴で在籍を確認（略称表記）,SUPPORTED,2026-09-30,
Batch 7（再確認）,B7W11E0076,Career,C001737,organization_id,ORG000092,B7W11S0002,順位表 > クラブ「レバンガ北海道」（略称「北海道」、club_detail TeamID=702）,公式順位表で略称とクラブ名・TeamIDの対応を確認,SUPPORTED,2026-09-30,
Batch 7（再確認）,B7W11E0077,Career,C001737,start,2016,B7W11S0020,クラブ所属履歴 > 「2016-17 北海道」,所属履歴の最初のシーズン2016-17の開始年,SUPPORTED,2026-09-30,
Batch 7（再確認）,B7W11E0078,Career,C001737,end,2018,B7W11S0020,クラブ所属履歴 > 「2017-18 北海道」,所属履歴の最後のシーズン2017-18の終了年,SUPPORTED,2026-09-30,
Batch 7（再確認）,B7W11E0079,Career,C001738,organization_id,ORG000047,B7W11S0020,クラブ所属履歴 > 「2018-19 栃木」〜「2019-20 宇都宮」,B.LEAGUE公式の所属履歴で在籍を確認（略称表記）,SUPPORTED,2026-09-30,
Batch 7（再確認）,B7W11E0080,Career,C001738,organization_id,ORG000047,B7W11S0009,順位表 > クラブ「栃木ブレックス」（略称「栃木」、club_detail TeamID=703）,公式順位表で略称とクラブ名・TeamIDの対応を確認,SUPPORTED,2026-09-30,
Batch 7（再確認）,B7W11E0081,Career,C001738,start,2018,B7W11S0020,クラブ所属履歴 > 「2018-19 栃木」,所属履歴の最初のシーズン2018-19の開始年,SUPPORTED,2026-09-30,
Batch 7（再確認）,B7W11E0082,Career,C001738,end,2020,B7W11S0020,クラブ所属履歴 > 「2019-20 宇都宮」,所属履歴の最後のシーズン2019-20の終了年,SUPPORTED,2026-09-30,
Batch 7（再確認）,B7W11E0083,Career,C001739,organization_id,ORG000142,B7W11S0020,クラブ所属履歴 > 「2019-20 大阪」,B.LEAGUE公式の所属履歴で在籍を確認（略称表記）,SUPPORTED,2026-09-30,
Batch 7（再確認）,B7W11E0084,Career,C001739,organization_id,ORG000142,B7W11S0010,順位表 > クラブ「大阪エヴェッサ」（略称「大阪」、club_detail TeamID=700）,公式順位表で略称とクラブ名・TeamIDの対応を確認,SUPPORTED,2026-09-30,
Batch 7（再確認）,B7W11E0085,Career,C001739,start,2019,B7W11S0020,クラブ所属履歴 > 「2019-20 大阪」,所属履歴の最初のシーズン2019-20の開始年,SUPPORTED,2026-09-30,
Batch 7（再確認）,B7W11E0086,Career,C001739,end,2020,B7W11S0020,クラブ所属履歴 > 「2019-20 大阪」,所属履歴の最後のシーズン2019-20の終了年,SUPPORTED,2026-09-30,
Batch 7（再確認）,B7W11E0087,Career,C001740,organization_id,ORG000143,B7W11S0020,クラブ所属履歴 > 「2020-21 群馬」,B.LEAGUE公式の所属履歴で在籍を確認（略称表記）,SUPPORTED,2026-09-30,
Batch 7（再確認）,B7W11E0088,Career,C001740,organization_id,ORG000143,B7W11S0021,順位表 > クラブ「群馬クレインサンダーズ」（略称「群馬」、club_detail TeamID=713）,公式順位表で略称とクラブ名・TeamIDの対応を確認,SUPPORTED,2026-09-30,
Batch 7（再確認）,B7W11E0089,Career,C001740,start,2020,B7W11S0020,クラブ所属履歴 > 「2020-21 群馬」,所属履歴の最初のシーズン2020-21の開始年,SUPPORTED,2026-09-30,
Batch 7（再確認）,B7W11E0090,Career,C001740,end,2021,B7W11S0020,クラブ所属履歴 > 「2020-21 群馬」,所属履歴の最後のシーズン2020-21の終了年,SUPPORTED,2026-09-30,
Batch 7（再確認）,B7W11E0091,Career,C001741,organization_id,ORG000181,B7W11S0020,クラブ所属履歴 > 「2021-22 山形」〜「2022-23 山形」,B.LEAGUE公式の所属履歴で在籍を確認（略称表記）,SUPPORTED,2026-09-30,
Batch 7（再確認）,B7W11E0092,Career,C001741,organization_id,ORG000181,B7W11S0022,順位表 > クラブ「山形ワイヴァンズ」（略称「山形」、club_detail TeamID=710）,公式順位表で略称とクラブ名・TeamIDの対応を確認,SUPPORTED,2026-09-30,
Batch 7（再確認）,B7W11E0093,Career,C001741,start,2021,B7W11S0020,クラブ所属履歴 > 「2021-22 山形」,所属履歴の最初のシーズン2021-22の開始年,SUPPORTED,2026-09-30,
Batch 7（再確認）,B7W11E0094,Career,C001741,end,2023,B7W11S0020,クラブ所属履歴 > 「2022-23 山形」,所属履歴の最後のシーズン2022-23の終了年,SUPPORTED,2026-09-30,
Batch 7（再確認）,B7W11E0095,Career,C001742,organization_id,ORG000153,B7W11S0020,クラブ所属履歴 > 「2023-24 滋賀」〜「2026-27 滋賀」,B.LEAGUE公式の所属履歴で在籍を確認（略称表記）,SUPPORTED,2026-09-30,
Batch 7（再確認）,B7W11E0096,Career,C001742,organization_id,ORG000153,B7W11S0023,順位表 > クラブ「滋賀レイクス」（略称「滋賀」、club_detail TeamID=698）,公式順位表で略称とクラブ名・TeamIDの対応を確認,SUPPORTED,2026-09-30,
Batch 7（再確認）,B7W11E0098,Career,C001742,organization_id,ORG000153,B7W11S0024,選手一覧 > 滋賀 > 田原 隆徳,2026-27シーズンの公式選手一覧で現所属を確認,SUPPORTED,2026-09-30,
Batch 7（再確認）,B7W11E0097,Career,C001742,start,2023,B7W11S0020,クラブ所属履歴 > 「2023-24 滋賀」,所属履歴の最初のシーズン2023-24の開始年,SUPPORTED,2026-09-30,
Batch 7（再確認）,B7W11E0101,Career,C001743,organization_id,ORG000106,B7W11S0025,クラブ所属履歴 > 「2016-17 琉球」〜「2025-26 琉球」,B.LEAGUE公式の所属履歴で在籍を確認（略称表記）,SUPPORTED,2026-09-30,
Batch 7（再確認）,B7W11E0102,Career,C001743,organization_id,ORG000106,B7W11S0002,順位表 > クラブ「琉球ゴールデンキングス」（略称「琉球」、club_detail TeamID=701）,公式順位表で略称とクラブ名・TeamIDの対応を確認,SUPPORTED,2026-09-30,
Batch 7（再確認）,B7W11E0103,Career,C001743,start,2016,B7W11S0025,クラブ所属履歴 > 「2016-17 琉球」,所属履歴の最初のシーズン2016-17の開始年,SUPPORTED,2026-09-30,
Batch 7（再確認）,B7W11E0104,Career,C001743,end,2026,B7W11S0025,クラブ所属履歴 > 「2025-26 琉球」,所属履歴の最後のシーズン2025-26の終了年,SUPPORTED,2026-09-30,
Batch 7（再確認）,B7W11E0105,Career,C001744,organization_id,ORG000042,B7W11S0025,クラブ所属履歴 > 「2026-27 京都」,B.LEAGUE公式の所属履歴で在籍を確認（略称表記）,SUPPORTED,2026-09-30,
Batch 7（再確認）,B7W11E0106,Career,C001744,organization_id,ORG000042,B7W11S0006,順位表 > クラブ「京都ハンナリーズ」（略称「京都」、club_detail TeamID=699）,公式順位表で略称とクラブ名・TeamIDの対応を確認,SUPPORTED,2026-09-30,
Batch 7（再確認）,B7W11E0108,Career,C001744,organization_id,ORG000042,B7W11S0026,選手一覧 > 京都 > 岸本 隆一,2026-27シーズンの公式選手一覧で現所属を確認,SUPPORTED,2026-09-30,
Batch 7（再確認）,B7W11E0107,Career,C001744,start,2026,B7W11S0025,クラブ所属履歴 > 「2026-27 京都」,所属履歴の最初のシーズン2026-27の開始年,SUPPORTED,2026-09-30,
Batch 7（再確認）,B7W11E0111,Career,C001745,organization_id,ORG000109,B7W11S0027,クラブ所属履歴 > 「2016-17 A東京」〜「2020-21 A東京」,B.LEAGUE公式の所属履歴で在籍を確認（略称表記）,SUPPORTED,2026-09-30,
Batch 7（再確認）,B7W11E0112,Career,C001745,organization_id,ORG000109,B7W11S0002,順位表 > クラブ「アルバルク東京」（略称「A東京」、club_detail TeamID=706）,公式順位表で略称とクラブ名・TeamIDの対応を確認,SUPPORTED,2026-09-30,
Batch 7（再確認）,B7W11E0113,Career,C001745,start,2016,B7W11S0027,クラブ所属履歴 > 「2016-17 A東京」,所属履歴の最初のシーズン2016-17の開始年,SUPPORTED,2026-09-30,
Batch 7（再確認）,B7W11E0114,Career,C001745,end,2021,B7W11S0027,クラブ所属履歴 > 「2020-21 A東京」,所属履歴の最後のシーズン2020-21の終了年,SUPPORTED,2026-09-30,
Batch 7（再確認）,B7W11E0115,Career,C001746,organization_id,ORG000142,B7W11S0027,クラブ所属履歴 > 「2021-22 大阪」〜「2026-27 大阪」,B.LEAGUE公式の所属履歴で在籍を確認（略称表記）,SUPPORTED,2026-09-30,
Batch 7（再確認）,B7W11E0116,Career,C001746,organization_id,ORG000142,B7W11S0013,順位表 > クラブ「大阪エヴェッサ」（略称「大阪」、club_detail TeamID=700）,公式順位表で略称とクラブ名・TeamIDの対応を確認,SUPPORTED,2026-09-30,
Batch 7（再確認）,B7W11E0118,Career,C001746,organization_id,ORG000142,B7W11S0028,選手一覧 > 大阪 > 竹内 譲次,2026-27シーズンの公式選手一覧で現所属を確認,SUPPORTED,2026-09-30,
Batch 7（再確認）,B7W11E0117,Career,C001746,start,2021,B7W11S0027,クラブ所属履歴 > 「2021-22 大阪」,所属履歴の最初のシーズン2021-22の開始年,SUPPORTED,2026-09-30,
Batch 7（再確認）,B7W11E0121,Career,C001747,organization_id,ORG000149,B7W11S0029,クラブ所属履歴 > 「2019-20 富山」〜「2020-21 富山」,B.LEAGUE公式の所属履歴で在籍を確認（略称表記）,SUPPORTED,2026-09-30,
Batch 7（再確認）,B7W11E0122,Career,C001747,organization_id,ORG000149,B7W11S0010,順位表 > クラブ「富山グラウジーズ」（略称「富山」、club_detail TeamID=696）,公式順位表で略称とクラブ名・TeamIDの対応を確認,SUPPORTED,2026-09-30,
Batch 7（再確認）,B7W11E0123,Career,C001747,start,2019,B7W11S0029,クラブ所属履歴 > 「2019-20 富山」,所属履歴の最初のシーズン2019-20の開始年,SUPPORTED,2026-09-30,
Batch 7（再確認）,B7W11E0124,Career,C001747,end,2021,B7W11S0029,クラブ所属履歴 > 「2020-21 富山」,所属履歴の最後のシーズン2020-21の終了年,SUPPORTED,2026-09-30,
Batch 7（再確認）,B7W11E0125,Career,C001748,organization_id,ORG000097,B7W11S0029,クラブ所属履歴 > 「2021-22 三遠」,B.LEAGUE公式の所属履歴で在籍を確認（略称表記）,SUPPORTED,2026-09-30,
Batch 7（再確認）,B7W11E0126,Career,C001748,organization_id,ORG000097,B7W11S0013,順位表 > クラブ「三遠ネオフェニックス」（略称「三遠」、club_detail TeamID=697）,公式順位表で略称とクラブ名・TeamIDの対応を確認,SUPPORTED,2026-09-30,
Batch 7（再確認）,B7W11E0127,Career,C001748,start,2021,B7W11S0029,クラブ所属履歴 > 「2021-22 三遠」,所属履歴の最初のシーズン2021-22の開始年,SUPPORTED,2026-09-30,
Batch 7（再確認）,B7W11E0128,Career,C001748,end,2022,B7W11S0029,クラブ所属履歴 > 「2021-22 三遠」,所属履歴の最後のシーズン2021-22の終了年,SUPPORTED,2026-09-30,
Batch 7（再確認）,B7W11E0129,Career,C001749,organization_id,ORG000106,B7W11S0029,クラブ所属履歴 > 「2022-23 琉球」〜「2026-27 琉球」,B.LEAGUE公式の所属履歴で在籍を確認（略称表記）,SUPPORTED,2026-09-30,
Batch 7（再確認）,B7W11E0130,Career,C001749,organization_id,ORG000106,B7W11S0018,順位表 > クラブ「琉球ゴールデンキングス」（略称「琉球」、club_detail TeamID=701）,公式順位表で略称とクラブ名・TeamIDの対応を確認,SUPPORTED,2026-09-30,
Batch 7（再確認）,B7W11E0132,Career,C001749,organization_id,ORG000106,B7W11S0030,選手一覧 > 琉球 > 松脇 圭志,2026-27シーズンの公式選手一覧で現所属を確認,SUPPORTED,2026-09-30,
Batch 7（再確認）,B7W11E0131,Career,C001749,start,2022,B7W11S0029,クラブ所属履歴 > 「2022-23 琉球」,所属履歴の最初のシーズン2022-23の開始年,SUPPORTED,2026-09-30,
Batch 7（再確認）,B7W11E0135,Career,C001750,organization_id,ORG000092,B7W11S0031,クラブ所属履歴 > 「2025-26 北海道」〜「2026-27 北海道」,B.LEAGUE公式の所属履歴で在籍を確認（略称表記）,SUPPORTED,2026-09-30,
Batch 7（再確認）,B7W11E0136,Career,C001750,organization_id,ORG000092,B7W11S0032,順位表 > クラブ「レバンガ北海道」（略称「北海道」、club_detail TeamID=702）,公式順位表で略称とクラブ名・TeamIDの対応を確認,SUPPORTED,2026-09-30,
Batch 7（再確認）,B7W11E0138,Career,C001750,organization_id,ORG000092,B7W11S0033,選手一覧 > 北海道 > 富永 啓生,2026-27シーズンの公式選手一覧で現所属を確認,SUPPORTED,2026-09-30,
Batch 7（再確認）,B7W11E0137,Career,C001750,start,2025,B7W11S0031,クラブ所属履歴 > 「2025-26 北海道」,所属履歴の最初のシーズン2025-26の開始年,SUPPORTED,2026-09-30,
Batch 7（再確認）,B7W11E0141,Career,C001751,organization_id,ORG000047,B7W11S0034,クラブ所属履歴 > 「2016-17 栃木」〜「2026-27 宇都宮」,B.LEAGUE公式の所属履歴で在籍を確認（略称表記）,SUPPORTED,2026-09-30,
Batch 7（再確認）,B7W11E0142,Career,C001751,organization_id,ORG000047,B7W11S0002,順位表 > クラブ「栃木ブレックス」（略称「栃木」、club_detail TeamID=703）,公式順位表で略称とクラブ名・TeamIDの対応を確認,SUPPORTED,2026-09-30,
Batch 7（再確認）,B7W11E0144,Career,C001751,organization_id,ORG000047,B7W11S0035,選手一覧 > 宇都宮 > 田臥 勇太,2026-27シーズンの公式選手一覧で現所属を確認,SUPPORTED,2026-09-30,
Batch 7（再確認）,B7W11E0143,Career,C001751,start,2016,B7W11S0034,クラブ所属履歴 > 「2016-17 栃木」,所属履歴の最初のシーズン2016-17の開始年,SUPPORTED,2026-09-30,
Batch 7（再確認）,B7W11E0147,Career,C001752,organization_id,ORG000130,B7W11S0036,クラブ所属履歴 > 「2016-17 三河」〜「2017-18 三河」,B.LEAGUE公式の所属履歴で在籍を確認（略称表記）,SUPPORTED,2026-09-30,
Batch 7（再確認）,B7W11E0148,Career,C001752,organization_id,ORG000130,B7W11S0002,順位表 > クラブ「シーホース三河」（略称「三河」、club_detail TeamID=728）,公式順位表で略称とクラブ名・TeamIDの対応を確認,SUPPORTED,2026-09-30,
Batch 7（再確認）,B7W11E0149,Career,C001752,start,2016,B7W11S0036,クラブ所属履歴 > 「2016-17 三河」,所属履歴の最初のシーズン2016-17の開始年,SUPPORTED,2026-09-30,
Batch 7（再確認）,B7W11E0150,Career,C001752,end,2018,B7W11S0036,クラブ所属履歴 > 「2017-18 三河」,所属履歴の最後のシーズン2017-18の終了年,SUPPORTED,2026-09-30,
Batch 7（再確認）,B7W11E0151,Career,C001753,organization_id,ORG000047,B7W11S0036,クラブ所属履歴 > 「2018-19 栃木」〜「2026-27 宇都宮」,B.LEAGUE公式の所属履歴で在籍を確認（略称表記）,SUPPORTED,2026-09-30,
Batch 7（再確認）,B7W11E0152,Career,C001753,organization_id,ORG000047,B7W11S0009,順位表 > クラブ「栃木ブレックス」（略称「栃木」、club_detail TeamID=703）,公式順位表で略称とクラブ名・TeamIDの対応を確認,SUPPORTED,2026-09-30,
Batch 7（再確認）,B7W11E0154,Career,C001753,organization_id,ORG000047,B7W11S0035,選手一覧 > 宇都宮 > 比江島 慎,2026-27シーズンの公式選手一覧で現所属を確認,SUPPORTED,2026-09-30,
Batch 7（再確認）,B7W11E0153,Career,C001753,start,2018,B7W11S0036,クラブ所属履歴 > 「2018-19 栃木」,所属履歴の最初のシーズン2018-19の開始年,SUPPORTED,2026-09-30,
Batch 7（再確認）,B7W11E0156,Career,C001754,organization_id,ORG000118,B7W11S0037,クラブ所属履歴 > 「2016-17 千葉」〜「2026-27 千葉J」,B.LEAGUE公式の所属履歴で在籍を確認（略称表記）,SUPPORTED,2026-09-30,
Batch 7（再確認）,B7W11E0157,Career,C001754,organization_id,ORG000118,B7W11S0002,順位表 > クラブ「千葉ジェッツ」（略称「千葉」、club_detail TeamID=704）,公式順位表で略称とクラブ名・TeamIDの対応を確認,SUPPORTED,2026-09-30,
Batch 7（再確認）,B7W11E0159,Career,C001754,organization_id,ORG000118,B7W11S0038,選手一覧 > 千葉J > 富樫 勇樹,2026-27シーズンの公式選手一覧で現所属を確認,SUPPORTED,2026-09-30,
Batch 7（再確認）,B7W11E0158,Career,C001754,start,2016,B7W11S0037,クラブ所属履歴 > 「2016-17 千葉」,所属履歴の最初のシーズン2016-17の開始年,SUPPORTED,2026-09-30,
Batch 7（再確認）,B7W11E0162,Career,C001755,organization_id,ORG000118,B7W11S0039,クラブ所属履歴 > 「2024-25 千葉J」〜「2026-27 千葉J」,B.LEAGUE公式の所属履歴で在籍を確認（略称表記）,SUPPORTED,2026-09-30,
Batch 7（再確認）,B7W11E0163,Career,C001755,organization_id,ORG000118,B7W11S0040,順位表 > クラブ「千葉ジェッツ」（略称「千葉J」、club_detail TeamID=704）,公式順位表で略称とクラブ名・TeamIDの対応を確認,SUPPORTED,2026-09-30,
Batch 7（再確認）,B7W11E0165,Career,C001755,organization_id,ORG000118,B7W11S0038,選手一覧 > 千葉J > 渡邊 雄太,2026-27シーズンの公式選手一覧で現所属を確認,SUPPORTED,2026-09-30,
Batch 7（再確認）,B7W11E0164,Career,C001755,start,2024,B7W11S0039,クラブ所属履歴 > 「2024-25 千葉J」,所属履歴の最初のシーズン2024-25の開始年,SUPPORTED,2026-09-30,
Batch 7（再確認）,B7W11E0168,Career,C001756,organization_id,ORG000054,B7W11S0041,クラブ所属履歴 > 「2016-17 名古屋D」〜「2020-21 名古屋D」,B.LEAGUE公式の所属履歴で在籍を確認（略称表記）,SUPPORTED,2026-09-30,
Batch 7（再確認）,B7W11E0169,Career,C001756,organization_id,ORG000054,B7W11S0002,順位表 > クラブ「名古屋ダイヤモンドドルフィンズ」（略称「名古屋D」、club_detail TeamID=729）,公式順位表で略称とクラブ名・TeamIDの対応を確認,SUPPORTED,2026-09-30,
Batch 7（再確認）,B7W11E0170,Career,C001756,start,2016,B7W11S0041,クラブ所属履歴 > 「2016-17 名古屋D」,所属履歴の最初のシーズン2016-17の開始年,SUPPORTED,2026-09-30,
Batch 7（再確認）,B7W11E0171,Career,C001756,end,2021,B7W11S0041,クラブ所属履歴 > 「2020-21 名古屋D」,所属履歴の最後のシーズン2020-21の終了年,SUPPORTED,2026-09-30,
Batch 7（再確認）,B7W11E0172,Career,C001757,organization_id,ORG000109,B7W11S0041,クラブ所属履歴 > 「2021-22 A東京」〜「2026-27 A東京」,B.LEAGUE公式の所属履歴で在籍を確認（略称表記）,SUPPORTED,2026-09-30,
Batch 7（再確認）,B7W11E0173,Career,C001757,organization_id,ORG000109,B7W11S0013,順位表 > クラブ「アルバルク東京」（略称「A東京」、club_detail TeamID=706）,公式順位表で略称とクラブ名・TeamIDの対応を確認,SUPPORTED,2026-09-30,
Batch 7（再確認）,B7W11E0175,Career,C001757,organization_id,ORG000109,B7W11S0042,選手一覧 > A東京 > 安藤 周人,2026-27シーズンの公式選手一覧で現所属を確認,SUPPORTED,2026-09-30,
Batch 7（再確認）,B7W11E0174,Career,C001757,start,2021,B7W11S0041,クラブ所属履歴 > 「2021-22 A東京」,所属履歴の最初のシーズン2021-22の開始年,SUPPORTED,2026-09-30,
Batch 7（再確認）,B7W11E0178,Career,C001758,organization_id,ORG000143,B7W11S0043,クラブ所属履歴 > 「2023-24 群馬」〜「2026-27 群馬」,B.LEAGUE公式の所属履歴で在籍を確認（略称表記）,SUPPORTED,2026-09-30,
Batch 7（再確認）,B7W11E0179,Career,C001758,organization_id,ORG000143,B7W11S0044,順位表 > クラブ「群馬クレインサンダーズ」（略称「群馬」、club_detail TeamID=713）,公式順位表で略称とクラブ名・TeamIDの対応を確認,SUPPORTED,2026-09-30,
Batch 7（再確認）,B7W11E0181,Career,C001758,organization_id,ORG000143,B7W11S0045,選手一覧 > 群馬 > 辻 直人,2026-27シーズンの公式選手一覧で現所属を確認,SUPPORTED,2026-09-30,
Batch 7（再確認）,B7W11E0180,Career,C001758,start,2023,B7W11S0043,クラブ所属履歴 > 「2023-24 群馬」,所属履歴の最初のシーズン2023-24の開始年,SUPPORTED,2026-09-30,
Batch 7（再確認）,B7W11E0182,Career,C001759,organization_id,ORG000356,B7W11S0046,基本情報 > 出身校（高）：御影工業高等学校(現・神戸市立科学技術高等学校),B.LEAGUE公式プロフィールで出身校（高）を確認,SUPPORTED,2026-09-30,プロフィール上の表記は「御影工業高等学校(現・神戸市立科学技術高等学校)」
Batch 7（再確認）,B7W11E0184,Career,C001760,organization_id,ORG000047,B7W11S0046,クラブ所属履歴 > 「2016-17 栃木」,B.LEAGUE公式の所属履歴で在籍を確認（略称表記）,SUPPORTED,2026-09-30,
Batch 7（再確認）,B7W11E0185,Career,C001760,organization_id,ORG000047,B7W11S0002,順位表 > クラブ「栃木ブレックス」（略称「栃木」、club_detail TeamID=703）,公式順位表で略称とクラブ名・TeamIDの対応を確認,SUPPORTED,2026-09-30,
Batch 7（再確認）,B7W11E0186,Career,C001760,start,2016,B7W11S0046,クラブ所属履歴 > 「2016-17 栃木」,所属履歴の最初のシーズン2016-17の開始年,SUPPORTED,2026-09-30,
Batch 7（再確認）,B7W11E0187,Career,C001760,end,2017,B7W11S0046,クラブ所属履歴 > 「2016-17 栃木」,所属履歴の最後のシーズン2016-17の終了年,SUPPORTED,2026-09-30,
Batch 7（再確認）,B7W11E0188,Career,C001761,organization_id,ORG000106,B7W11S0046,クラブ所属履歴 > 「2017-18 琉球」〜「2018-19 琉球」,B.LEAGUE公式の所属履歴で在籍を確認（略称表記）,SUPPORTED,2026-09-30,
Batch 7（再確認）,B7W11E0189,Career,C001761,organization_id,ORG000106,B7W11S0003,順位表 > クラブ「琉球ゴールデンキングス」（略称「琉球」、club_detail TeamID=701）,公式順位表で略称とクラブ名・TeamIDの対応を確認,SUPPORTED,2026-09-30,
Batch 7（再確認）,B7W11E0190,Career,C001761,start,2017,B7W11S0046,クラブ所属履歴 > 「2017-18 琉球」,所属履歴の最初のシーズン2017-18の開始年,SUPPORTED,2026-09-30,
Batch 7（再確認）,B7W11E0191,Career,C001761,end,2019,B7W11S0046,クラブ所属履歴 > 「2018-19 琉球」,所属履歴の最後のシーズン2018-19の終了年,SUPPORTED,2026-09-30,
Batch 7（再確認）,B7W11E0192,Career,C001762,organization_id,ORG000137,B7W11S0046,クラブ所属履歴 > 「2019-20 秋田」〜「2023-24 秋田」,B.LEAGUE公式の所属履歴で在籍を確認（略称表記）,SUPPORTED,2026-09-30,
Batch 7（再確認）,B7W11E0193,Career,C001762,organization_id,ORG000137,B7W11S0010,順位表 > クラブ「秋田ノーザンハピネッツ」（略称「秋田」、club_detail TeamID=693）,公式順位表で略称とクラブ名・TeamIDの対応を確認,SUPPORTED,2026-09-30,
Batch 7（再確認）,B7W11E0194,Career,C001762,start,2019,B7W11S0046,クラブ所属履歴 > 「2019-20 秋田」,所属履歴の最初のシーズン2019-20の開始年,SUPPORTED,2026-09-30,
Batch 7（再確認）,B7W11E0195,Career,C001762,end,2024,B7W11S0046,クラブ所属履歴 > 「2023-24 秋田」,所属履歴の最後のシーズン2023-24の終了年,SUPPORTED,2026-09-30,
Batch 7（再確認）,B7W11E0196,Career,C001763,organization_id,ORG000042,B7W11S0046,クラブ所属履歴 > 「2024-25 京都」〜「2025-26 京都」,B.LEAGUE公式の所属履歴で在籍を確認（略称表記）,SUPPORTED,2026-09-30,
Batch 7（再確認）,B7W11E0197,Career,C001763,organization_id,ORG000042,B7W11S0040,順位表 > クラブ「京都ハンナリーズ」（略称「京都」、club_detail TeamID=699）,公式順位表で略称とクラブ名・TeamIDの対応を確認,SUPPORTED,2026-09-30,
Batch 7（再確認）,B7W11E0198,Career,C001763,start,2024,B7W11S0046,クラブ所属履歴 > 「2024-25 京都」,所属履歴の最初のシーズン2024-25の開始年,SUPPORTED,2026-09-30,
Batch 7（再確認）,B7W11E0199,Career,C001763,end,2026,B7W11S0046,クラブ所属履歴 > 「2025-26 京都」,所属履歴の最後のシーズン2025-26の終了年,SUPPORTED,2026-09-30,
Batch 7（再確認）,B7W11E0200,Career,C001764,organization_id,ORG000150,B7W11S0046,クラブ所属履歴 > 「2026-27 信州」,B.LEAGUE公式の所属履歴で在籍を確認（略称表記）,SUPPORTED,2026-09-30,
Batch 7（再確認）,B7W11E0201,Career,C001764,organization_id,ORG000150,B7W11S0006,順位表 > クラブ「信州ブレイブウォリアーズ」（略称「信州」、club_detail TeamID=716）,公式順位表で略称とクラブ名・TeamIDの対応を確認,SUPPORTED,2026-09-30,
Batch 7（再確認）,B7W11E0203,Career,C001764,organization_id,ORG000150,B7W11S0047,選手一覧 > 信州 > 古川 孝敏,2026-27シーズンの公式選手一覧で現所属を確認,SUPPORTED,2026-09-30,
Batch 7（再確認）,B7W11E0202,Career,C001764,start,2026,B7W11S0046,クラブ所属履歴 > 「2026-27 信州」,所属履歴の最初のシーズン2026-27の開始年,SUPPORTED,2026-09-30,
Batch 7（再確認）,B7W11E0206,Career,C001765,organization_id,ORG000137,B7W11S0048,クラブ所属履歴 > 「2016-17 秋田」〜「2019-20 秋田」,B.LEAGUE公式の所属履歴で在籍を確認（略称表記）,SUPPORTED,2026-09-30,
Batch 7（再確認）,B7W11E0207,Career,C001765,organization_id,ORG000137,B7W11S0002,順位表 > クラブ「秋田ノーザンハピネッツ」（略称「秋田」、club_detail TeamID=693）,公式順位表で略称とクラブ名・TeamIDの対応を確認,SUPPORTED,2026-09-30,
Batch 7（再確認）,B7W11E0208,Career,C001765,start,2016,B7W11S0048,クラブ所属履歴 > 「2016-17 秋田」,所属履歴の最初のシーズン2016-17の開始年,SUPPORTED,2026-09-30,
Batch 7（再確認）,B7W11E0209,Career,C001765,end,2020,B7W11S0048,クラブ所属履歴 > 「2019-20 秋田」,所属履歴の最後のシーズン2019-20の終了年,SUPPORTED,2026-09-30,
Batch 7（再確認）,B7W11E0210,Career,C001766,organization_id,ORG000155,B7W11S0048,クラブ所属履歴 > 「2020-21 島根」〜「2026-27 島根」,B.LEAGUE公式の所属履歴で在籍を確認（略称表記）,SUPPORTED,2026-09-30,
Batch 7（再確認）,B7W11E0211,Career,C001766,organization_id,ORG000155,B7W11S0011,順位表 > クラブ「島根スサノオマジック」（略称「島根」、club_detail TeamID=720）,公式順位表で略称とクラブ名・TeamIDの対応を確認,SUPPORTED,2026-09-30,
Batch 7（再確認）,B7W11E0213,Career,C001766,organization_id,ORG000155,B7W11S0049,選手一覧 > 島根 > 白濱 僚祐,2026-27シーズンの公式選手一覧で現所属を確認,SUPPORTED,2026-09-30,
Batch 7（再確認）,B7W11E0212,Career,C001766,start,2020,B7W11S0048,クラブ所属履歴 > 「2020-21 島根」,所属履歴の最初のシーズン2020-21の開始年,SUPPORTED,2026-09-30,
Batch 7（再確認）,B7W11E0216,Career,C001767,organization_id,ORG000109,B7W11S0050,クラブ所属履歴 > 「2016-17 A東京」〜「2022-23 A東京」,B.LEAGUE公式の所属履歴で在籍を確認（略称表記）,SUPPORTED,2026-09-30,
Batch 7（再確認）,B7W11E0217,Career,C001767,organization_id,ORG000109,B7W11S0002,順位表 > クラブ「アルバルク東京」（略称「A東京」、club_detail TeamID=706）,公式順位表で略称とクラブ名・TeamIDの対応を確認,SUPPORTED,2026-09-30,
Batch 7（再確認）,B7W11E0218,Career,C001767,start,2016,B7W11S0050,クラブ所属履歴 > 「2016-17 A東京」,所属履歴の最初のシーズン2016-17の開始年,SUPPORTED,2026-09-30,
Batch 7（再確認）,B7W11E0219,Career,C001767,end,2023,B7W11S0050,クラブ所属履歴 > 「2022-23 A東京」,所属履歴の最後のシーズン2022-23の終了年,SUPPORTED,2026-09-30,
Batch 7（再確認）,B7W11E0220,Career,C001768,organization_id,ORG000114,B7W11S0050,クラブ所属履歴 > 「2023-24 SR渋谷」〜「2026-27 東京SR」,B.LEAGUE公式の所属履歴で在籍を確認（略称表記）,SUPPORTED,2026-09-30,
Batch 7（再確認）,B7W11E0221,Career,C001768,organization_id,ORG000114,B7W11S0044,順位表 > クラブ「サンロッカーズ渋谷」（略称「SR渋谷」、club_detail TeamID=726）,公式順位表で略称とクラブ名・TeamIDの対応を確認,SUPPORTED,2026-09-30,
Batch 7（再確認）,B7W11E0223,Career,C001768,organization_id,ORG000114,B7W11S0051,選手一覧 > 東京SR > 田中 大貴,2026-27シーズンの公式選手一覧で現所属を確認,SUPPORTED,2026-09-30,
Batch 7（再確認）,B7W11E0222,Career,C001768,start,2023,B7W11S0050,クラブ所属履歴 > 「2023-24 SR渋谷」,所属履歴の最初のシーズン2023-24の開始年,SUPPORTED,2026-09-30,
Batch 7（再確認）,B7W11E0226,Career,C001769,organization_id,ORG000054,B7W11S0052,クラブ所属履歴 > 「2019-20 名古屋D」,B.LEAGUE公式の所属履歴で在籍を確認（略称表記）,SUPPORTED,2026-09-30,
Batch 7（再確認）,B7W11E0227,Career,C001769,organization_id,ORG000054,B7W11S0010,順位表 > クラブ「名古屋ダイヤモンドドルフィンズ」（略称「名古屋D」、club_detail TeamID=729）,公式順位表で略称とクラブ名・TeamIDの対応を確認,SUPPORTED,2026-09-30,
Batch 7（再確認）,B7W11E0228,Career,C001769,start,2019,B7W11S0052,クラブ所属履歴 > 「2019-20 名古屋D」,所属履歴の最初のシーズン2019-20の開始年,SUPPORTED,2026-09-30,
Batch 7（再確認）,B7W11E0229,Career,C001769,end,2020,B7W11S0052,クラブ所属履歴 > 「2019-20 名古屋D」,所属履歴の最後のシーズン2019-20の終了年,SUPPORTED,2026-09-30,
Batch 7（再確認）,B7W11E0230,Career,C001770,organization_id,ORG000052,B7W11S0052,クラブ所属履歴 > 「2020-21 新潟」,B.LEAGUE公式の所属履歴で在籍を確認（略称表記）,SUPPORTED,2026-09-30,
Batch 7（再確認）,B7W11E0231,Career,C001770,organization_id,ORG000052,B7W11S0011,順位表 > クラブ「新潟アルビレックスBB」（略称「新潟」、club_detail TeamID=695）,公式順位表で略称とクラブ名・TeamIDの対応を確認,SUPPORTED,2026-09-30,
Batch 7（再確認）,B7W11E0232,Career,C001770,start,2020,B7W11S0052,クラブ所属履歴 > 「2020-21 新潟」,所属履歴の最初のシーズン2020-21の開始年,SUPPORTED,2026-09-30,
Batch 7（再確認）,B7W11E0233,Career,C001770,end,2021,B7W11S0052,クラブ所属履歴 > 「2020-21 新潟」,所属履歴の最後のシーズン2020-21の終了年,SUPPORTED,2026-09-30,
Batch 7（再確認）,B7W11E0234,Career,C001771,organization_id,ORG000130,B7W11S0052,クラブ所属履歴 > 「2021-22 三河」〜「2026-27 三河」,B.LEAGUE公式の所属履歴で在籍を確認（略称表記）,SUPPORTED,2026-09-30,
Batch 7（再確認）,B7W11E0235,Career,C001771,organization_id,ORG000130,B7W11S0013,順位表 > クラブ「シーホース三河」（略称「三河」、club_detail TeamID=728）,公式順位表で略称とクラブ名・TeamIDの対応を確認,SUPPORTED,2026-09-30,
Batch 7（再確認）,B7W11E0237,Career,C001771,organization_id,ORG000130,B7W11S0053,選手一覧 > 三河 > 西田 優大,2026-27シーズンの公式選手一覧で現所属を確認,SUPPORTED,2026-09-30,
Batch 7（再確認）,B7W11E0236,Career,C001771,start,2021,B7W11S0052,クラブ所属履歴 > 「2021-22 三河」,所属履歴の最初のシーズン2021-22の開始年,SUPPORTED,2026-09-30,
Batch 7（再確認）,B7W11E0240,Career,C001772,organization_id,ORG000109,B7W11S0054,クラブ所属履歴 > 「2017-18 A東京」〜「2018-19 A東京」,B.LEAGUE公式の所属履歴で在籍を確認（略称表記）,SUPPORTED,2026-09-30,
Batch 7（再確認）,B7W11E0241,Career,C001772,organization_id,ORG000109,B7W11S0003,順位表 > クラブ「アルバルク東京」（略称「A東京」、club_detail TeamID=706）,公式順位表で略称とクラブ名・TeamIDの対応を確認,SUPPORTED,2026-09-30,
Batch 7（再確認）,B7W11E0242,Career,C001772,start,2017,B7W11S0054,クラブ所属履歴 > 「2017-18 A東京」,所属履歴の最初のシーズン2017-18の開始年,SUPPORTED,2026-09-30,
Batch 7（再確認）,B7W11E0243,Career,C001772,end,2019,B7W11S0054,クラブ所属履歴 > 「2018-19 A東京」,所属履歴の最後のシーズン2018-19の終了年,SUPPORTED,2026-09-30,
Batch 7（再確認）,B7W11E0244,Career,C001773,organization_id,ORG000153,B7W11S0054,クラブ所属履歴 > 「2019-20 滋賀」,B.LEAGUE公式の所属履歴で在籍を確認（略称表記）,SUPPORTED,2026-09-30,
Batch 7（再確認）,B7W11E0245,Career,C001773,organization_id,ORG000153,B7W11S0010,順位表 > クラブ「滋賀レイクスターズ」（略称「滋賀」、club_detail TeamID=698）,公式順位表で略称とクラブ名・TeamIDの対応を確認,SUPPORTED,2026-09-30,
Batch 7（再確認）,B7W11E0246,Career,C001773,start,2019,B7W11S0054,クラブ所属履歴 > 「2019-20 滋賀」,所属履歴の最初のシーズン2019-20の開始年,SUPPORTED,2026-09-30,
Batch 7（再確認）,B7W11E0247,Career,C001773,end,2020,B7W11S0054,クラブ所属履歴 > 「2019-20 滋賀」,所属履歴の最後のシーズン2019-20の終了年,SUPPORTED,2026-09-30,
Batch 7（再確認）,B7W11E0248,Career,C001774,organization_id,ORG000054,B7W11S0054,クラブ所属履歴 > 「2020-21 名古屋D」〜「2026-27 名古屋D」,B.LEAGUE公式の所属履歴で在籍を確認（略称表記）,SUPPORTED,2026-09-30,
Batch 7（再確認）,B7W11E0249,Career,C001774,organization_id,ORG000054,B7W11S0011,順位表 > クラブ「名古屋ダイヤモンドドルフィンズ」（略称「名古屋D」、club_detail TeamID=729）,公式順位表で略称とクラブ名・TeamIDの対応を確認,SUPPORTED,2026-09-30,
Batch 7（再確認）,B7W11E0251,Career,C001774,organization_id,ORG000054,B7W11S0055,選手一覧 > 名古屋D > 齋藤 拓実,2026-27シーズンの公式選手一覧で現所属を確認,SUPPORTED,2026-09-30,
Batch 7（再確認）,B7W11E0250,Career,C001774,start,2020,B7W11S0054,クラブ所属履歴 > 「2020-21 名古屋D」,所属履歴の最初のシーズン2020-21の開始年,SUPPORTED,2026-09-30,
Batch 7（再確認）,B7W11E0254,Career,C001775,organization_id,ORG000130,B7W11S0056,クラブ所属履歴 > 「2016-17 三河」〜「2020-21 三河」,B.LEAGUE公式の所属履歴で在籍を確認（略称表記）,SUPPORTED,2026-09-30,
Batch 7（再確認）,B7W11E0255,Career,C001775,organization_id,ORG000130,B7W11S0002,順位表 > クラブ「シーホース三河」（略称「三河」、club_detail TeamID=728）,公式順位表で略称とクラブ名・TeamIDの対応を確認,SUPPORTED,2026-09-30,
Batch 7（再確認）,B7W11E0256,Career,C001775,start,2016,B7W11S0056,クラブ所属履歴 > 「2016-17 三河」,所属履歴の最初のシーズン2016-17の開始年,SUPPORTED,2026-09-30,
Batch 7（再確認）,B7W11E0257,Career,C001775,end,2021,B7W11S0056,クラブ所属履歴 > 「2020-21 三河」,所属履歴の最後のシーズン2020-21の終了年,SUPPORTED,2026-09-30,
Batch 7（再確認）,B7W11E0258,Career,C001776,organization_id,ORG000155,B7W11S0056,クラブ所属履歴 > 「2021-22 島根」,B.LEAGUE公式の所属履歴で在籍を確認（略称表記）,SUPPORTED,2026-09-30,
Batch 7（再確認）,B7W11E0259,Career,C001776,organization_id,ORG000155,B7W11S0013,順位表 > クラブ「島根スサノオマジック」（略称「島根」、club_detail TeamID=720）,公式順位表で略称とクラブ名・TeamIDの対応を確認,SUPPORTED,2026-09-30,
Batch 7（再確認）,B7W11E0260,Career,C001776,start,2021,B7W11S0056,クラブ所属履歴 > 「2021-22 島根」,所属履歴の最初のシーズン2021-22の開始年,SUPPORTED,2026-09-30,
Batch 7（再確認）,B7W11E0261,Career,C001776,end,2022,B7W11S0056,クラブ所属履歴 > 「2021-22 島根」,所属履歴の最後のシーズン2021-22の終了年,SUPPORTED,2026-09-30,
Batch 7（再確認）,B7W11E0262,Career,C001777,organization_id,ORG000097,B7W11S0056,クラブ所属履歴 > 「2022-23 三遠」〜「2023-24 三遠」,B.LEAGUE公式の所属履歴で在籍を確認（略称表記）,SUPPORTED,2026-09-30,
Batch 7（再確認）,B7W11E0263,Career,C001777,organization_id,ORG000097,B7W11S0018,順位表 > クラブ「三遠ネオフェニックス」（略称「三遠」、club_detail TeamID=697）,公式順位表で略称とクラブ名・TeamIDの対応を確認,SUPPORTED,2026-09-30,
Batch 7（再確認）,B7W11E0264,Career,C001777,start,2022,B7W11S0056,クラブ所属履歴 > 「2022-23 三遠」,所属履歴の最初のシーズン2022-23の開始年,SUPPORTED,2026-09-30,
Batch 7（再確認）,B7W11E0265,Career,C001777,end,2024,B7W11S0056,クラブ所属履歴 > 「2023-24 三遠」,所属履歴の最後のシーズン2023-24の終了年,SUPPORTED,2026-09-30,
Batch 7（再確認）,B7W11E0266,Career,C001778,organization_id,ORG000048,B7W11S0056,クラブ所属履歴 > 「2024-25 佐賀」〜「2026-27 佐賀」,B.LEAGUE公式の所属履歴で在籍を確認（略称表記）,SUPPORTED,2026-09-30,
Batch 7（再確認）,B7W11E0267,Career,C001778,organization_id,ORG000048,B7W11S0040,順位表 > クラブ「佐賀バルーナーズ」（略称「佐賀」、club_detail TeamID=1638）,公式順位表で略称とクラブ名・TeamIDの対応を確認,SUPPORTED,2026-09-30,
Batch 7（再確認）,B7W11E0269,Career,C001778,organization_id,ORG000048,B7W11S0057,選手一覧 > 佐賀 > 金丸 晃輔,2026-27シーズンの公式選手一覧で現所属を確認,SUPPORTED,2026-09-30,
Batch 7（再確認）,B7W11E0268,Career,C001778,start,2024,B7W11S0056,クラブ所属履歴 > 「2024-25 佐賀」,所属履歴の最初のシーズン2024-25の開始年,SUPPORTED,2026-09-30,
Batch 7（再確認）,B7W11E0272,Career,C001779,organization_id,ORG000137,B7W11S0058,クラブ所属履歴 > 「2016-17 秋田」,B.LEAGUE公式の所属履歴で在籍を確認（略称表記）,SUPPORTED,2026-09-30,
Batch 7（再確認）,B7W11E0273,Career,C001779,organization_id,ORG000137,B7W11S0002,順位表 > クラブ「秋田ノーザンハピネッツ」（略称「秋田」、club_detail TeamID=693）,公式順位表で略称とクラブ名・TeamIDの対応を確認,SUPPORTED,2026-09-30,
Batch 7（再確認）,B7W11E0274,Career,C001779,start,2016,B7W11S0058,クラブ所属履歴 > 「2016-17 秋田」,所属履歴の最初のシーズン2016-17の開始年,SUPPORTED,2026-09-30,
Batch 7（再確認）,B7W11E0275,Career,C001779,end,2017,B7W11S0058,クラブ所属履歴 > 「2016-17 秋田」,所属履歴の最後のシーズン2016-17の終了年,SUPPORTED,2026-09-30,
Batch 7（再確認）,B7W11E0276,Career,C001780,organization_id,ORG000109,B7W11S0058,クラブ所属履歴 > 「2017-18 A東京」〜「2020-21 A東京」,B.LEAGUE公式の所属履歴で在籍を確認（略称表記）,SUPPORTED,2026-09-30,
Batch 7（再確認）,B7W11E0277,Career,C001780,organization_id,ORG000109,B7W11S0003,順位表 > クラブ「アルバルク東京」（略称「A東京」、club_detail TeamID=706）,公式順位表で略称とクラブ名・TeamIDの対応を確認,SUPPORTED,2026-09-30,
Batch 7（再確認）,B7W11E0278,Career,C001780,start,2017,B7W11S0058,クラブ所属履歴 > 「2017-18 A東京」,所属履歴の最初のシーズン2017-18の開始年,SUPPORTED,2026-09-30,
Batch 7（再確認）,B7W11E0279,Career,C001780,end,2021,B7W11S0058,クラブ所属履歴 > 「2020-21 A東京」,所属履歴の最後のシーズン2020-21の終了年,SUPPORTED,2026-09-30,
Batch 7（再確認）,B7W11E0280,Career,C001781,organization_id,ORG000155,B7W11S0058,クラブ所属履歴 > 「2021-22 島根」〜「2024-25 島根」,B.LEAGUE公式の所属履歴で在籍を確認（略称表記）,SUPPORTED,2026-09-30,
Batch 7（再確認）,B7W11E0281,Career,C001781,organization_id,ORG000155,B7W11S0013,順位表 > クラブ「島根スサノオマジック」（略称「島根」、club_detail TeamID=720）,公式順位表で略称とクラブ名・TeamIDの対応を確認,SUPPORTED,2026-09-30,
Batch 7（再確認）,B7W11E0282,Career,C001781,start,2021,B7W11S0058,クラブ所属履歴 > 「2021-22 島根」,所属履歴の最初のシーズン2021-22の開始年,SUPPORTED,2026-09-30,
Batch 7（再確認）,B7W11E0283,Career,C001781,end,2025,B7W11S0058,クラブ所属履歴 > 「2024-25 島根」,所属履歴の最後のシーズン2024-25の終了年,SUPPORTED,2026-09-30,
Batch 7（再確認）,B7W11E0284,Career,C001782,organization_id,ORG000055,B7W11S0058,クラブ所属履歴 > 「2025-26 横浜BC」,B.LEAGUE公式の所属履歴で在籍を確認（略称表記）,SUPPORTED,2026-09-30,
Batch 7（再確認）,B7W11E0285,Career,C001782,organization_id,ORG000055,B7W11S0032,順位表 > クラブ「横浜ビー・コルセアーズ」（略称「横浜BC」、club_detail TeamID=694）,公式順位表で略称とクラブ名・TeamIDの対応を確認,SUPPORTED,2026-09-30,
Batch 7（再確認）,B7W11E0286,Career,C001782,start,2025,B7W11S0058,クラブ所属履歴 > 「2025-26 横浜BC」,所属履歴の最初のシーズン2025-26の開始年,SUPPORTED,2026-09-30,
Batch 7（再確認）,B7W11E0287,Career,C001782,end,2026,B7W11S0058,クラブ所属履歴 > 「2025-26 横浜BC」,所属履歴の最後のシーズン2025-26の終了年,SUPPORTED,2026-09-30,
Batch 7（再確認）,B7W11E0288,Career,C001783,organization_id,ORG000144,B7W11S0058,クラブ所属履歴 > 「2026-27 A千葉」,B.LEAGUE公式の所属履歴で在籍を確認（略称表記）,SUPPORTED,2026-09-30,
Batch 7（再確認）,B7W11E0289,Career,C001783,organization_id,ORG000144,B7W11S0006,順位表 > クラブ「アルティーリ千葉」（略称「A千葉」、club_detail TeamID=2486）,公式順位表で略称とクラブ名・TeamIDの対応を確認,SUPPORTED,2026-09-30,
Batch 7（再確認）,B7W11E0291,Career,C001783,organization_id,ORG000144,B7W11S0059,選手一覧 > A千葉 > 安藤 誓哉,2026-27シーズンの公式選手一覧で現所属を確認,SUPPORTED,2026-09-30,
Batch 7（再確認）,B7W11E0290,Career,C001783,start,2026,B7W11S0058,クラブ所属履歴 > 「2026-27 A千葉」,所属履歴の最初のシーズン2026-27の開始年,SUPPORTED,2026-09-30,
Batch 7（再確認）,B7W11E0294,Career,C001784,organization_id,ORG000109,B7W11S0060,クラブ所属履歴 > 「2017-18 A東京」〜「2018-19 A東京」,B.LEAGUE公式の所属履歴で在籍を確認（略称表記）,SUPPORTED,2026-09-30,
Batch 7（再確認）,B7W11E0295,Career,C001784,organization_id,ORG000109,B7W11S0003,順位表 > クラブ「アルバルク東京」（略称「A東京」、club_detail TeamID=706）,公式順位表で略称とクラブ名・TeamIDの対応を確認,SUPPORTED,2026-09-30,
Batch 7（再確認）,B7W11E0296,Career,C001784,start,2017,B7W11S0060,クラブ所属履歴 > 「2017-18 A東京」,所属履歴の最初のシーズン2017-18の開始年,SUPPORTED,2026-09-30,
Batch 7（再確認）,B7W11E0297,Career,C001784,end,2019,B7W11S0060,クラブ所属履歴 > 「2018-19 A東京」,所属履歴の最後のシーズン2018-19の終了年,SUPPORTED,2026-09-30,
Batch 7（再確認）,B7W11E0298,Career,C001785,organization_id,ORG000135,B7W11S0060,クラブ所属履歴 > 「2023-24 長崎」〜「2026-27 長崎」,B.LEAGUE公式の所属履歴で在籍を確認（略称表記）,SUPPORTED,2026-09-30,
Batch 7（再確認）,B7W11E0299,Career,C001785,organization_id,ORG000135,B7W11S0044,順位表 > クラブ「長崎ヴェルカ」（略称「長崎」、club_detail TeamID=2488）,公式順位表で略称とクラブ名・TeamIDの対応を確認,SUPPORTED,2026-09-30,
Batch 7（再確認）,B7W11E0301,Career,C001785,organization_id,ORG000135,B7W11S0061,選手一覧 > 長崎 > 馬場 雄大,2026-27シーズンの公式選手一覧で現所属を確認,SUPPORTED,2026-09-30,
Batch 7（再確認）,B7W11E0300,Career,C001785,start,2023,B7W11S0060,クラブ所属履歴 > 「2023-24 長崎」,所属履歴の最初のシーズン2023-24の開始年,SUPPORTED,2026-09-30,
Batch 7（再確認）,B7W11E0304,Career,C001786,organization_id,ORG000047,B7W11S0062,クラブ所属履歴 > 「2020-21 宇都宮」〜「2021-22 宇都宮」,B.LEAGUE公式の所属履歴で在籍を確認（略称表記）,SUPPORTED,2026-09-30,
Batch 7（再確認）,B7W11E0305,Career,C001786,organization_id,ORG000047,B7W11S0011,順位表 > クラブ「宇都宮ブレックス」（略称「宇都宮」、club_detail TeamID=703）,公式順位表で略称とクラブ名・TeamIDの対応を確認,SUPPORTED,2026-09-30,
Batch 7（再確認）,B7W11E0306,Career,C001786,start,2020,B7W11S0062,クラブ所属履歴 > 「2020-21 宇都宮」,所属履歴の最初のシーズン2020-21の開始年,SUPPORTED,2026-09-30,
Batch 7（再確認）,B7W11E0307,Career,C001786,end,2022,B7W11S0062,クラブ所属履歴 > 「2021-22 宇都宮」,所属履歴の最後のシーズン2021-22の終了年,SUPPORTED,2026-09-30,
Batch 7（再確認）,B7W11E0308,Career,C001787,organization_id,ORG000190,B7W11S0062,クラブ所属履歴 > 「2023-24 越谷」〜「2024-25 越谷」,B.LEAGUE公式の所属履歴で在籍を確認（略称表記）,SUPPORTED,2026-09-30,
Batch 7（再確認）,B7W11E0309,Career,C001787,organization_id,ORG000190,B7W11S0023,順位表 > クラブ「越谷アルファーズ」（略称「越谷」、club_detail TeamID=745）,公式順位表で略称とクラブ名・TeamIDの対応を確認,SUPPORTED,2026-09-30,
Batch 7（再確認）,B7W11E0310,Career,C001787,start,2023,B7W11S0062,クラブ所属履歴 > 「2023-24 越谷」,所属履歴の最初のシーズン2023-24の開始年,SUPPORTED,2026-09-30,
Batch 7（再確認）,B7W11E0311,Career,C001787,end,2025,B7W11S0062,クラブ所属履歴 > 「2024-25 越谷」,所属履歴の最後のシーズン2024-25の終了年,SUPPORTED,2026-09-30,
Batch 7（再確認）,B7W11E0312,Career,C001788,organization_id,ORG000135,B7W11S0062,クラブ所属履歴 > 「2025-26 長崎」〜「2026-27 長崎」,B.LEAGUE公式の所属履歴で在籍を確認（略称表記）,SUPPORTED,2026-09-30,
Batch 7（再確認）,B7W11E0313,Career,C001788,organization_id,ORG000135,B7W11S0032,順位表 > クラブ「長崎ヴェルカ」（略称「長崎」、club_detail TeamID=2488）,公式順位表で略称とクラブ名・TeamIDの対応を確認,SUPPORTED,2026-09-30,
Batch 7（再確認）,B7W11E0315,Career,C001788,organization_id,ORG000135,B7W11S0061,選手一覧 > 長崎 > 星川 堅信,2026-27シーズンの公式選手一覧で現所属を確認,SUPPORTED,2026-09-30,
Batch 7（再確認）,B7W11E0314,Career,C001788,start,2025,B7W11S0062,クラブ所属履歴 > 「2025-26 長崎」,所属履歴の最初のシーズン2025-26の開始年,SUPPORTED,2026-09-30,
