source_id,title,publisher,url,accessed_at
B10W1S0001,ワタシノB.LEAGUE選手一覧 | 洛南高等学校,B.LEAGUE,https://www.bleague.jp/mybleague_list/?TagID=35:洛南高等学校,2026-09-24
B10W1S0002,星川開聖 選手プロフィール,B.LEAGUE,https://www.bleague.jp/roster_detail/?PlayerID=51000461,2026-09-24
B10W1S0003,竹内公輔 選手プロフィール,B.LEAGUE,https://www.bleague.jp/roster_detail/?PlayerID=8726,2026-09-24
B10W1S0004,荒川颯 選手プロフィール,B.LEAGUE,https://www.bleague.jp/roster_detail/?PlayerID=30458,2026-09-24
B10W1S0005,笹山貴哉 選手プロフィール,B.LEAGUE,https://www.bleague.jp/roster_detail/?PlayerID=8517,2026-09-24
B10W1S0006,岩屋頼 選手プロフィール,B.LEAGUE,https://www.bleague.jp/roster_detail/?PlayerID=51000600,2026-09-24
B10W1S0007,森井健太 選手プロフィール,B.LEAGUE,https://www.bleague.jp/roster_detail/?PlayerID=10851,2026-09-24
B10W1S0008,宇都宮ブレックスが琉球を退団した荒川颯を獲得「自分自身の価値を証明するためにも、ブレックスというチームに新たな風を吹かせる」,バスケットカウント,https://basket-count.com/article/detail/265731,2026-09-24
B10W2S0001,ワタシノB.LEAGUE選手一覧 | 洛南高等学校,B.LEAGUE,https://www.bleague.jp/mybleague_list/?TagID=35:洛南高等学校,2026-09-24
B10W2S0002,淺野ケニー 選手プロフィール,B.LEAGUE,https://www.bleague.jp/roster_detail/?PlayerID=51000232,2026-09-24
B10W2S0003,飯尾文哉 選手プロフィール,B.LEAGUE,https://www.bleague.jp/roster_detail/?PlayerID=51000113,2026-09-24
B10W2S0004,谷口大智 選手プロフィール,B.LEAGUE,https://www.bleague.jp/roster_detail/?PlayerID=8470,2026-09-24
B10W2S0005,寺嶋良 選手プロフィール,B.LEAGUE,https://www.bleague.jp/roster_detail/?PlayerID=30400,2026-09-24
B10W2S0006,谷口光貴 選手プロフィール,B.LEAGUE,https://www.bleague.jp/roster_detail/?PlayerID=8488,2026-09-24
B10W2S0007,大橋大空 選手プロフィール,B.LEAGUE,https://www.bleague.jp/roster_detail/?PlayerID=51000274,2026-09-24
B10W3S0001,ワタシノB.LEAGUE選手一覧 | 洛南高等学校,B.LEAGUE,https://www.bleague.jp/mybleague_list/?TagID=35:洛南高等学校,2026-09-24
B10W3S0002,大庭岳輝 選手プロフィール,B.LEAGUE,https://www.bleague.jp/roster_detail/?PlayerID=30401,2026-09-24
B10W3S0003,伊藤達哉 選手プロフィール,B.LEAGUE,https://www.bleague.jp/roster_detail/?PlayerID=10849,2026-09-24
B10W3S0004,津屋一球 選手プロフィール,B.LEAGUE,https://www.bleague.jp/roster_detail/?PlayerID=5100000011,2026-09-24
B10W3S0005,小川敦也 選手プロフィール,B.LEAGUE,https://www.bleague.jp/roster_detail/?PlayerID=51000228,2026-09-24
B10W3S0006,小林遥太 選手プロフィール,B.LEAGUE,https://www.bleague.jp/roster_detail/?PlayerID=8462,2026-09-24
B10W3S0007,伊藤良太 選手プロフィール,B.LEAGUE,https://www.bleague.jp/roster_detail/?PlayerID=9234,2026-09-24
B10W4S0001,ワタシノB.LEAGUE選手一覧 | 洛南高等学校,B.LEAGUE,https://www.bleague.jp/mybleague_list/?TagID=35:洛南高等学校,2026-09-24
B10W4S0002,大西一輝選手 選手詳細,ヴィアティン三重バスケットボール,https://veertien-basketball.jp/team/players/detail/id=60078?PlayerID=11482,2026-09-24
B10W4S0003,大西一輝選手 選手一覧,ヴィアティン三重バスケットボール,https://veertien-basketball.jp/team/players/,2026-09-24
B10W4S0004,大西一輝(バスケ)のプロフィールと経歴！両親や兄弟・姉妹情報も！,ビビッとBリーグ,https://bibitobleague.club/archives/5889,2026-09-24
B11W1S0001,ワタシノB.LEAGUE選手一覧 | 開志国際高等学校,B.LEAGUE,https://www.bleague.jp/mybleague_list/?TagID=35:開志国際高等学校,2026-09-24
B11W1S0002,介川アンソニー翔 選手プロフィール,B.LEAGUE,https://www.bleague.jp/roster_detail/?PlayerID=51000458,2026-09-24
B11W1S0003,小栗瑛哉 選手プロフィール,B.LEAGUE,https://www.bleague.jp/roster_detail/?PlayerID=42539,2026-09-24
B11W1S0004,平良宗龍 選手プロフィール,B.LEAGUE,https://www.bleague.jp/roster_detail/?PlayerID=55000079,2026-09-24
B12W1S0001,ワタシノB.LEAGUE選手一覧 | 延岡学園高等学校,B.LEAGUE,https://www.bleague.jp/mybleague_list/?TagID=35:延岡学園高等学校,2026-09-24
B12W1S0002,榎田拓真 選手プロフィール,B.LEAGUE,https://www.bleague.jp/roster_detail/?PlayerID=51000177,2026-09-24
B13W1S0002,藤澤尚之 選手プロフィール,B.LEAGUE,https://www.bleague.jp/roster_detail/?PlayerID=5100000019,2026-09-24
B13W1S0003,瀬川琉久 選手プロフィール,B.LEAGUE,https://www.bleague.jp/roster_detail/?PlayerID=51000467,2026-09-24
B13W1S0004,堀陽稀 選手プロフィール,B.LEAGUE,https://www.bleague.jp/roster_detail/?PlayerID=51000588,2026-09-24
B13W1S0005,米須玲音 選手プロフィール,B.LEAGUE,https://www.bleague.jp/roster_detail/?PlayerID=5100000022,2026-09-24
B13W2S0001,岡田侑大 選手プロフィール,B.LEAGUE,https://www.bleague.jp/roster_detail/?PlayerID=18475,2026-09-24
B13W2S0002,堀田尚秀 選手プロフィール,B.LEAGUE,https://www.bleague.jp/roster_detail/?PlayerID=51000599,2026-09-24
B13W2S0003,西部秀馬 選手プロフィール,B.LEAGUE,https://www.bleague.jp/roster_detail/?PlayerID=51000585,2026-09-24
B13W2S0004,川嶋勇人 選手プロフィール,B.LEAGUE,https://www.bleague.jp/roster_detail/?PlayerID=8727,2026-09-24
B14W1S0002,高島紳司 選手プロフィール,B.LEAGUE,https://www.bleague.jp/roster_detail/?PlayerID=5100000036,2026-09-24
B14W1S0003,野本建吾 選手プロフィール,B.LEAGUE,https://www.bleague.jp/roster_detail/?PlayerID=8486,2026-09-24
B14W1S0004,大﨑翔太 選手プロフィール,B.LEAGUE,https://www.bleague.jp/roster_detail/?PlayerID=30516,2026-09-24
B14W1S0005,多嶋朝飛 選手プロフィール,B.LEAGUE,https://www.bleague.jp/roster_detail/?PlayerID=8507,2026-09-24
B14W2S0001,松山駿 選手プロフィール,B.LEAGUE,https://www.bleague.jp/roster_detail/?PlayerID=20023,2026-09-24
B14W2S0002,松本健児リオン 選手プロフィール,B.LEAGUE,https://www.bleague.jp/roster_detail/?PlayerID=10893,2026-09-24
B14W2S0003,二上耀 選手プロフィール,B.LEAGUE,https://www.bleague.jp/roster_detail/?PlayerID=51000112,2026-09-24
B14W2S0004,中村ジャズ 選手プロフィール,B.LEAGUE,https://www.bleague.jp/roster_detail/?PlayerID=30510,2026-09-24
B14W3S0001,寺嶋恭之介 選手プロフィール,B.LEAGUE,https://www.bleague.jp/roster_detail/?PlayerID=32985,2026-09-24
B14W3S0002,岡田泰希 選手プロフィール,B.LEAGUE,https://www.bleague.jp/roster_detail/?PlayerID=22401,2026-09-24
B14W3S0003,藤永佳昭 選手プロフィール,B.LEAGUE,https://www.bleague.jp/roster_detail/?PlayerID=8736,2026-09-24
B14W3S0004,篠山竜青 選手プロフィール,B.LEAGUE,https://www.bleague.jp/roster_detail/?PlayerID=8484,2026-09-24
B14W4S0001,髙木慎哉 選手プロフィール,B.LEAGUE,https://www.bleague.jp/roster_detail/?PlayerID=30441,2026-09-24
B14W4S0002,下地秀一郎 選手プロフィール,B.LEAGUE,https://www.bleague.jp/roster_detail/?PlayerID=52466,2026-09-24
B14W4S0003,小川翔矢 選手プロフィール,B.LEAGUE,https://www.bleague.jp/roster_detail/?PlayerID=49607,2026-09-24
B15W1S0002,石橋永遠 選手プロフィール,B.LEAGUE,https://www.bleague.jp/roster_detail/?PlayerID=52462,2026-09-24
B15W1S0003,菊地広人 選手プロフィール,B.LEAGUE,https://www.bleague.jp/roster_detail/?PlayerID=51000350,2026-09-24
B15W1S0004,藤井祐眞 選手プロフィール,B.LEAGUE,https://www.bleague.jp/roster_detail/?PlayerID=8482,2026-09-24
B15W1S0005,富田一成 選手プロフィール,B.LEAGUE,https://www.bleague.jp/roster_detail/?PlayerID=36969,2026-09-24
B15W2S0001,角野亮伍 選手プロフィール,B.LEAGUE,https://www.bleague.jp/roster_detail/?PlayerID=32982,2026-09-24
B15W2S0002,赤間賢人 選手プロフィール,B.LEAGUE,https://www.bleague.jp/roster_detail/?PlayerID=51000583,2026-09-24
B17W1S0002,松村竜吾 選手プロフィール,B.LEAGUE,https://www.bleague.jp/roster_detail/?PlayerID=51000550,2026-09-25
B17W1S0003,落合知也 選手プロフィール,B.LEAGUE,https://www.bleague.jp/roster_detail/?PlayerID=8648,2026-09-25
B17W1S0004,陳岡流羽 選手プロフィール,B.LEAGUE,https://www.bleague.jp/roster_detail/?PlayerID=51000479,2026-09-25
B17W1S0005,中野広大 選手プロフィール,B.LEAGUE,https://www.bleague.jp/roster_detail/?PlayerID=10892,2026-09-25
B17W2S0001,陳岡燈生 選手プロフィール,B.LEAGUE,https://www.bleague.jp/roster_detail/?PlayerID=51000373,2026-09-25
B17W2S0002,平岩玄 選手プロフィール,B.LEAGUE,https://www.bleague.jp/roster_detail/?PlayerID=15838,2026-09-25
B18W1S0002,多田武史 選手プロフィール,B.LEAGUE,https://www.bleague.jp/roster_detail/?PlayerID=30457,2026-09-25
B19W1S0002,伊藤治輝 選手プロフィール,B.LEAGUE,https://www.bleague.jp/roster_detail/?PlayerID=49518,2026-09-26
B19W1S0003,オドゲレルトルガ 選手プロフィール,B.LEAGUE,https://www.bleague.jp/roster_detail/?PlayerID=51000663,2026-09-26
B19W1S0004,小針幸也 選手プロフィール,B.LEAGUE,https://www.bleague.jp/roster_detail/?PlayerID=51000252,2026-09-26
B19W1S0005,喜多川修平 選手プロフィール,B.LEAGUE,https://www.bleague.jp/roster_detail/?PlayerID=8657,2026-09-26
B19W2S0002,須藤昂矢 選手プロフィール,B.LEAGUE,https://www.bleague.jp/roster_detail/?PlayerID=32956,2026-09-26
B19W2S0003,兪龍海 選手プロフィール,B.LEAGUE,https://www.bleague.jp/roster_detail/?PlayerID=5100000025,2026-09-26
B19W2S0004,植松義也 選手プロフィール,B.LEAGUE,https://www.bleague.jp/roster_detail/?PlayerID=5100000030,2026-09-26
B19W2S0005,宮本一樹 選手プロフィール,B.LEAGUE,https://www.bleague.jp/roster_detail/?PlayerID=51000118,2026-09-26
B20W1S0002,平良彰吾 選手プロフィール,B.LEAGUE,https://www.bleague.jp/roster_detail/?PlayerID=30459,2026-09-26
B20W1S0003,古牧昌也 選手プロフィール,B.LEAGUE,https://www.bleague.jp/roster_detail/?PlayerID=12500,2026-09-26
B20W1S0004,野﨑由之 選手プロフィール,B.LEAGUE,https://www.bleague.jp/roster_detail/?PlayerID=51000136,2026-09-26
B20W1S0005,赤穂雷太 選手プロフィール,B.LEAGUE,https://www.bleague.jp/roster_detail/?PlayerID=30465,2026-09-26
B20W2S0002,阿部諒 選手プロフィール,B.LEAGUE,https://www.bleague.jp/roster_detail/?PlayerID=15756,2026-09-26
B20W2S0003,遠藤祐亮 選手プロフィール,B.LEAGUE,https://www.bleague.jp/roster_detail/?PlayerID=8497,2026-09-26
B20W2S0004,田中晴瑛 選手プロフィール,B.LEAGUE,https://www.bleague.jp/roster_detail/?PlayerID=51000435,2026-09-26
B20W2S0005,市場脩斗 選手プロフィール,B.LEAGUE,https://www.bleague.jp/roster_detail/?PlayerID=51000446,2026-09-26
B21W1S0002,上澤俊喜 選手プロフィール,B.LEAGUE,https://www.bleague.jp/roster_detail/?PlayerID=5100000039,2026-09-26
B21W1S0003,中村浩陸 選手プロフィール,B.LEAGUE,https://www.bleague.jp/roster_detail/?PlayerID=30349,2026-09-26
B21W1S0004,小澤飛悠 選手プロフィール,B.LEAGUE,https://www.bleague.jp/roster_detail/?PlayerID=51000498,2026-09-26
B21W1S0005,星野京介 選手プロフィール,B.LEAGUE,https://www.bleague.jp/roster_detail/?PlayerID=51000108,2026-09-26
B21W2S0002,坂本聖芽 選手プロフィール,B.LEAGUE,https://www.bleague.jp/roster_detail/?PlayerID=5100000027,2026-09-26
B21W2S0003,宇都直輝 選手プロフィール,B.LEAGUE,https://www.bleague.jp/roster_detail/?PlayerID=8503,2026-09-26
B21W2S0004,張本天傑 選手プロフィール,B.LEAGUE,https://www.bleague.jp/roster_detail/?PlayerID=8738,2026-09-26
B21W2S0005,中村瀬那 選手プロフィール,B.LEAGUE,https://www.bleague.jp/roster_detail/?PlayerID=34792,2026-09-26
B21W3S0002,吉本大心 選手プロフィール,B.LEAGUE,https://www.bleague.jp/roster_detail/?PlayerID=7482,2026-09-26
B21W3S0003,ワンウェイジャ 選手プロフィール,B.LEAGUE,https://www.bleague.jp/roster_detail/?PlayerID=5100000041,2026-09-26
B21W3S0004,中村拓人 選手プロフィール,B.LEAGUE,https://www.bleague.jp/roster_detail/?PlayerID=5100000023,2026-09-26
B22W1S0002,松尾河秋 選手プロフィール,B.LEAGUE,https://www.bleague.jp/roster_detail/?PlayerID=51000367,2026-09-26
B22W1S0003,髙岡圭汰朗 選手プロフィール,B.LEAGUE,https://www.bleague.jp/roster_detail/?PlayerID=51000129,2026-09-26
B22W1S0004,上田隼輔 選手プロフィール,B.LEAGUE,https://www.bleague.jp/roster_detail/?PlayerID=51000137,2026-09-26
B22W1S0005,笠井康平 選手プロフィール,B.LEAGUE,https://www.bleague.jp/roster_detail/?PlayerID=18167,2026-09-26
B22W2S0002,若狭功希 選手プロフィール,B.LEAGUE,https://www.bleague.jp/roster_detail/?PlayerID=25272,2026-09-26
B23W1S0002,熊谷航 選手プロフィール,B.LEAGUE,https://www.bleague.jp/roster_detail/?PlayerID=19957,2026-09-26
B23W1S0003,久岡幸太郎 選手プロフィール,B.LEAGUE,https://www.bleague.jp/roster_detail/?PlayerID=18478,2026-09-26
B23W1S0004,久岡賢太郎 選手プロフィール,B.LEAGUE,https://www.bleague.jp/roster_detail/?PlayerID=34704,2026-09-26
B23W1S0005,船生誠也 選手プロフィール,B.LEAGUE,https://www.bleague.jp/roster_detail/?PlayerID=8737,2026-09-26
B24W1S0002,渡部琉 選手プロフィール,B.LEAGUE,https://www.bleague.jp/roster_detail/?PlayerID=5100000035,2026-09-26
B24W1S0003,常田耕平 選手プロフィール,B.LEAGUE,https://www.bleague.jp/roster_detail/?PlayerID=5100000040,2026-09-26
B25W1S0002,ブラブサナグロリダ 選手プロフィール,B.LEAGUE,https://www.bleague.jp/roster_detail/?PlayerID=39532,2026-09-26
B25W1S0003,遠藤善 選手プロフィール,B.LEAGUE,https://www.bleague.jp/roster_detail/?PlayerID=5100000044,2026-09-26
B26W1S0002,モッチラミン 選手プロフィール,B.LEAGUE,https://www.bleague.jp/roster_detail/?PlayerID=30405,2026-09-26
B27W1S0002,盛實海翔 選手プロフィール,B.LEAGUE,https://www.bleague.jp/roster_detail/?PlayerID=19998,2026-09-26
B27W2S0002,中嶋正尭 選手プロフィール,B.LEAGUE,https://www.bleague.jp/roster_detail/?PlayerID=16023,2026-09-26
B28W1S0002,宇都宮陸 選手プロフィール,B.LEAGUE,https://www.bleague.jp/roster_detail/?PlayerID=51000124,2026-09-26
B29W1S0002,金友蓮 選手プロフィール,B.LEAGUE,https://www.bleague.jp/roster_detail/?PlayerID=51000596,2026-09-26
B2S0001,古野 拓巳 選手プロフィール,B.LEAGUE,https://www.bleague.jp/roster_detail/?PlayerID=9348,2026-09-19
B2S0002,内尾 聡理 選手プロフィール,B.LEAGUE,https://www.bleague.jp/roster_detail/?PlayerID=51000353,2026-09-19
B2S0003,鵤 誠司 選手プロフィール,B.LEAGUE,https://www.bleague.jp/roster_detail/?PlayerID=8529,2026-09-19
B2S0004,狩野 祐介 選手プロフィール,B.LEAGUE,https://www.bleague.jp/roster_detail/?PlayerID=8463,2026-09-19
B2S0005,並里 成 選手プロフィール,B.LEAGUE,https://www.bleague.jp/roster_detail/?PlayerID=9489,2026-09-19
B2S0006,渡辺 竜之佑 選手プロフィール,B.LEAGUE,https://www.bleague.jp/roster_detail/?PlayerID=9329,2026-09-19
B2S0007,松崎 裕樹 選手プロフィール,B.LEAGUE,https://www.bleague.jp/roster_detail/?PlayerID=51000227,2026-09-19
B2S0008,小川 麻斗 選手プロフィール,B.LEAGUE,https://www.bleague.jp/roster_detail/?PlayerID=5100000033,2026-09-19
B2S0009,神田 壮一郎 選手プロフィール,B.LEAGUE,https://www.bleague.jp/roster_detail/?PlayerID=51000380,2026-09-19
B2S0010,井手 拓実 選手プロフィール,B.LEAGUE,https://www.bleague.jp/roster_detail/?PlayerID=51000110,2026-09-19
B2S0011,#24 松崎裕樹選手 新規入団のお知らせ,レバンガ北海道,https://www.levanga.com/news/detail/id=22266,2026-09-19
B2S0012,第95回天皇杯 福岡第一高等学校ロスター,日本バスケットボール協会,https://zennihon2019-20.japanbasketball.jp/team/fukuoka-men/,2026-09-19
B2S0013,ウインターカップ2019 現地レポート21,日本バスケットボール協会,https://wintercup2019.japanbasketball.jp/report/1119/,2026-09-19
B2S0014,第72回インカレ 中央大学ロスター,全日本大学バスケットボール連盟,https://jubf.jp/game/university-detail/id/122/type/intercollege/y/2020/s/men,2026-09-19
B2S0015,第75回インカレ 中央大学ロスター,全日本大学バスケットボール連盟,https://jubf.jp/game/university-detail/id/122/type/intercollege/y/2023/s/men,2026-09-19
B2S0016,平成22年度男子U-18日本代表 第4次強化合宿,日本バスケットボール協会,https://japanbasketball.jp/event/news_detail-php-news_id%3D1029.html,2026-09-19
B2S0017,第19回日・韓・中ジュニア交流競技会 日本代表メンバー,日本バスケットボール協会,https://japanbasketball.jp/event/news_detail-php-news_id%3D4735.html,2026-09-19
B2S0018,第6回東アジア競技大会 男子日本代表選手発表,日本バスケットボール協会,https://japanbasketball.jp/japan/4853,2026-09-19
B2S0019,福岡第一高等学校 学校案内2022,福岡第一高等学校,https://f.f-parama.ed.jp/wp-content/uploads/2022/01/panf2022.pdf,2026-09-19
B2S0020,2011年度 松前重義賞 受領者一覧,東海大学,https://www.u-tokai.ac.jp/uploads/2021/03/2011univ.pdf,2026-09-19
B2S0021,第1回奨学生の近況報告 並里成,スラムダンク奨学金事務局,https://slamdunk-sc.shueisha.co.jp/report/report01.html,2026-09-19
B2S0022,並里レポート vol.3,スラムダンク奨学金事務局,https://slamdunk-sc.shueisha.co.jp/sp/common/data/namisato_vol3.pdf,2026-09-19
B2S0023,オールジャパン2011 東海大学ボックススコア,日本バスケットボール協会,https://japanbasketball.jp/alljapan/2011/pbp_team-php-game_id%3D10222%26q%3D95.html,2026-09-19
B2S0024,第22回FIBA ASIA U-18男子日本代表チーム,日本バスケットボール協会,https://japanbasketball.jp/event/fac_u18_men/2012/japan/,2026-09-19
B2S0025,第67回インカレ 専修大学ロスター,全日本大学バスケットボール連盟,https://jubf.jp/game/university-detail/id/25/type/intercollege/y/2015/s/men,2026-09-19
B2S0026,第68回インカレ 専修大学ロスター,全日本大学バスケットボール連盟,https://jubf.jp/game/university-detail/id/25/type/intercollege/y/2016/s/men,2026-09-19
B2S0027,平成28年度男子U-18日本代表候補メンバー表,日本バスケットボール協会,https://www.japanbasketball.jp/wp-content/uploads/H28_U18men_member_camp_161122.pdf,2026-09-19
B2S0028,平成30年度男子U18日本代表 第3次強化合宿,日本バスケットボール協会,https://japanbasketball.jp/japan/44945,2026-09-19
B2S0029,第71回インカレ 東海大学ロスター,全日本大学バスケットボール連盟,https://jubf.jp/game/university-detail/id/44/type/intercollege/y/2019/s/men,2026-09-19
B2S0030,第74回インカレ 東海大学ロスター,全日本大学バスケットボール連盟,https://jubf.jp/game/university-detail/id/44/type/intercollege/y/2022/s/men,2026-09-19
B2S0031,第72回インカレ 日本体育大学ロスター,全日本大学バスケットボール連盟,https://jubf.jp/game/university-detail/id/5/type/intercollege/y/2020/s/men,2026-09-19
B2S0032,2022-23シーズン 小川麻斗選手 新加入のお知らせ,千葉ジェッツ,https://chibajets.jp/news/detail/id=21415,2026-09-19
B2S0033,第73回インカレ 拓殖大学ロスター,全日本大学バスケットボール連盟,https://jubf.jp/game/university-detail/id/35/type/intercollege/y/2021/s/men,2026-09-19
B2S0034,第74回インカレ 拓殖大学ロスター,全日本大学バスケットボール連盟,https://jubf.jp/game/university-detail/id/35/type/intercollege/y/2022/s/men,2026-09-19
B2S0035,第70回インカレ 日本体育大学ロスター,全日本大学バスケットボール連盟,https://jubf.jp/game/university-detail/id/5/type/intercollege/y/2018/s/men,2026-09-19
B2S0036,第73回インカレ 日本体育大学ロスター,全日本大学バスケットボール連盟,https://jubf.jp/game/university-detail/id/5/type/intercollege/y/2021/s/men,2026-09-19
B2S0037,第17回日本男子学生選抜バスケットボール大会 選手プロフィール,全日本大学バスケットボール連盟,https://jubf.jp/news/download/nc/79/fc/4/url/6YG45oqc5aSn5LyaIOeUt%2BWtkOODoeODs%2BODkOODvOihqFwucGRm,2026-09-19
B2S0038,第18回日本男子学生選抜バスケットボール大会 大会結果,全日本大学バスケットボール連盟,https://jubf.jp/news/download/nc/107/fc/1/url/55S35a2QMTjlm57pgbjmipzlpKfkvJrjgIDlpKfkvJrntZDmnpwucGRm,2026-09-19
B30W1S0002,西野曜 選手プロフィール,B.LEAGUE,https://www.bleague.jp/roster_detail/?PlayerID=30468,2026-09-26
B31W1S0001,ジャン・ローレンス・ハーパージュニア 選手プロフィール（クラブ所属履歴）,B.LEAGUE,https://www.bleague.jp/roster_detail/?PlayerID=5100000034,2026-09-29
B31W1S0002,B.LEAGUE 順位表 2020-21（B1）,B.LEAGUE,https://www.bleague.jp/standings/?year=2020&tab=1,2026-09-29
B31W1S0003,B.LEAGUE 順位表 2022-23（B1）,B.LEAGUE,https://www.bleague.jp/standings/?year=2022&tab=1,2026-09-29
B31W1S0006,小川麻斗 選手プロフィール（クラブ所属履歴）,B.LEAGUE,https://www.bleague.jp/roster_detail/?PlayerID=5100000033,2026-09-29
B31W1S0007,B.LEAGUE 順位表 2020-21（B2）,B.LEAGUE,https://www.bleague.jp/standings/?year=2020&tab=2,2026-09-29
B31W1S0008,B.LEAGUE 順位表 2021-22（B1）,B.LEAGUE,https://www.bleague.jp/standings/?year=2021&tab=1,2026-09-29
B31W1S0009,B.LEAGUE 順位表 2025-26（B1）,B.LEAGUE,https://www.bleague.jp/standings/?year=2025&tab=1,2026-09-29
B31W1S0010,井手拓実 選手プロフィール（クラブ所属履歴）,B.LEAGUE,https://www.bleague.jp/roster_detail/?PlayerID=51000110,2026-09-29
B31W1S0011,B.LEAGUE 順位表 2025-26（B2）,B.LEAGUE,https://www.bleague.jp/standings/?year=2025&tab=2,2026-09-29
B31W1S0012,鵤誠司 選手プロフィール（クラブ所属履歴）,B.LEAGUE,https://www.bleague.jp/roster_detail/?PlayerID=8529,2026-09-29
B31W1S0013,B.LEAGUE 順位表 2016-17（B2）,B.LEAGUE,https://www.bleague.jp/standings/?year=2016&tab=2,2026-09-29
B31W1S0014,内尾聡理 選手プロフィール（クラブ所属履歴）,B.LEAGUE,https://www.bleague.jp/roster_detail/?PlayerID=51000353,2026-09-29
B31W1S0015,B.LEAGUE 順位表 2023-24（B1）,B.LEAGUE,https://www.bleague.jp/standings/?year=2023&tab=1,2026-09-29
B31W1S0016,B.LEAGUE 順位表 2024-25（B1）,B.LEAGUE,https://www.bleague.jp/standings/?year=2024&tab=1,2026-09-29
B31W1S0017,渡辺竜之佑 選手プロフィール（クラブ所属履歴）,B.LEAGUE,https://www.bleague.jp/roster_detail/?PlayerID=9329,2026-09-29
B31W1S0018,B.LEAGUE 順位表 2016-17（B1）,B.LEAGUE,https://www.bleague.jp/standings/?year=2016&tab=1,2026-09-29
B31W1S0019,B.LEAGUE 順位表 2018-19（B1）,B.LEAGUE,https://www.bleague.jp/standings/?year=2018&tab=1,2026-09-29
B31W1S0020,B.LEAGUE 順位表 2019-20（B1）,B.LEAGUE,https://www.bleague.jp/standings/?year=2019&tab=1,2026-09-29
B31W1S0021,B.LEAGUE 順位表 2023-24（B3）,B.LEAGUE,https://www.bleague.jp/standings/?year=2023&tab=3,2026-09-29
B31W1S0022,神田壮一郎 選手プロフィール（クラブ所属履歴）,B.LEAGUE,https://www.bleague.jp/roster_detail/?PlayerID=51000380,2026-09-29
B31W1S0023,狩野祐介 選手プロフィール（クラブ所属履歴）,B.LEAGUE,https://www.bleague.jp/roster_detail/?PlayerID=8463,2026-09-29
B31W1S0024,並里成 選手プロフィール（クラブ所属履歴）,B.LEAGUE,https://www.bleague.jp/roster_detail/?PlayerID=9489,2026-09-29
B31W1S0025,松崎裕樹 選手プロフィール（クラブ所属履歴）,B.LEAGUE,https://www.bleague.jp/roster_detail/?PlayerID=51000227,2026-09-29
B31W1S0026,古野拓巳 選手プロフィール（クラブ所属履歴）,B.LEAGUE,https://www.bleague.jp/roster_detail/?PlayerID=9348,2026-09-29
B31W1S0027,B.LEAGUE 順位表 2019-20（B2）,B.LEAGUE,https://www.bleague.jp/standings/?year=2019&tab=2,2026-09-29
B31W1S0028,B.LEAGUE 順位表 2021-22（B2）,B.LEAGUE,https://www.bleague.jp/standings/?year=2021&tab=2,2026-09-29
B31W1S0038,井手優希 選手プロフィール（クラブ所属履歴）,B.LEAGUE,https://www.bleague.jp/roster_detail/?PlayerID=36865,2026-09-29
B31W1S0039,B.LEAGUE 順位表 2021-22（B3）,B.LEAGUE,https://www.bleague.jp/standings/?year=2021&tab=3,2026-09-29
B31W1S0040,B.LEAGUE 順位表 2024-25（B3）,B.LEAGUE,https://www.bleague.jp/standings/?year=2024&tab=3,2026-09-29
B31W1S0041,クベマスティーブ 選手プロフィール（クラブ所属履歴）,B.LEAGUE,https://www.bleague.jp/roster_detail/?PlayerID=41165,2026-09-29
B31W1S0042,B.LEAGUE 順位表 2022-23（B3）,B.LEAGUE,https://www.bleague.jp/standings/?year=2022&tab=3,2026-09-29
B31W1S0044,大城侑朔 選手プロフィール（クラブ所属履歴）,B.LEAGUE,https://www.bleague.jp/roster_detail/?PlayerID=10854,2026-09-29
B31W1S0045,B.LEAGUE 順位表 2016-17（B3）,B.LEAGUE,https://www.bleague.jp/standings/?year=2016&tab=3,2026-09-29
B31W1S0046,土居光 選手プロフィール（クラブ所属履歴）,B.LEAGUE,https://www.bleague.jp/roster_detail/?PlayerID=36863,2026-09-29
B31W1S0048,松本礼太 選手プロフィール（クラブ所属履歴）,B.LEAGUE,https://www.bleague.jp/roster_detail/?PlayerID=51000138,2026-09-29
B31W1S0049,杉浦佑成 選手プロフィール（クラブ所属履歴）,B.LEAGUE,https://www.bleague.jp/roster_detail/?PlayerID=10820,2026-09-29
B31W1S0050,寒竹隼人 選手プロフィール（クラブ所属履歴）,B.LEAGUE,https://www.bleague.jp/roster_detail/?PlayerID=8840,2026-09-29
B31W1S0051,B.LEAGUE 順位表 2017-18（B1）,B.LEAGUE,https://www.bleague.jp/standings/?year=2017&tab=1,2026-09-29
B31W1S0052,青木保憲 選手プロフィール（クラブ所属履歴）,B.LEAGUE,https://www.bleague.jp/roster_detail/?PlayerID=15817,2026-09-29
B31W1S0053,土家大輝 選手プロフィール（クラブ所属履歴）,B.LEAGUE,https://www.bleague.jp/roster_detail/?PlayerID=5100000017,2026-09-29
B31W1S0054,B.LEAGUE 順位表 2022-23（B2）,B.LEAGUE,https://www.bleague.jp/standings/?year=2022&tab=2,2026-09-29
B31W1S0056,泉登翔 選手プロフィール（クラブ所属履歴）,B.LEAGUE,https://www.bleague.jp/roster_detail/?PlayerID=51000464,2026-09-29
B31W1S0059,西田公陽 選手プロフィール（クラブ所属履歴）,B.LEAGUE,https://www.bleague.jp/roster_detail/?PlayerID=51000362,2026-09-29
B31W1S0060,渡邉伶音 選手プロフィール（クラブ所属履歴）,B.LEAGUE,https://www.bleague.jp/roster_detail/?PlayerID=51000352,2026-09-29
B31W1S0061,B.LEAGUE 順位表 2023-24（B2）,B.LEAGUE,https://www.bleague.jp/standings/?year=2023&tab=2,2026-09-29
B31W1S0062,木林優 選手プロフィール（クラブ所属履歴）,B.LEAGUE,https://www.bleague.jp/roster_detail/?PlayerID=51000349,2026-09-29
B31W1S0063,湧川颯斗 選手プロフィール（クラブ所属履歴）,B.LEAGUE,https://www.bleague.jp/roster_detail/?PlayerID=51000236,2026-09-29
B31W2S0001,中田嵩基 選手プロフィール（クラブ所属履歴）,B.LEAGUE,https://www.bleague.jp/roster_detail/?PlayerID=51000246,2026-09-29
B31W2S0002,B.LEAGUE 順位表 2022-23（B2）,B.LEAGUE,https://www.bleague.jp/standings/?year=2022&tab=2,2026-09-29
B31W2S0005,浅井修伍 選手プロフィール（クラブ所属履歴）,B.LEAGUE,https://www.bleague.jp/roster_detail/?PlayerID=51000235,2026-09-29
B31W2S0006,B.LEAGUE 順位表 2022-23（B1）,B.LEAGUE,https://www.bleague.jp/standings/?year=2022&tab=1,2026-09-29
B31W2S0008,納見悠仁 選手プロフィール（クラブ所属履歴）,B.LEAGUE,https://www.bleague.jp/roster_detail/?PlayerID=30399,2026-09-29
B31W2S0009,B.LEAGUE 順位表 2019-20（B1）,B.LEAGUE,https://www.bleague.jp/standings/?year=2019&tab=1,2026-09-29
B31W2S0010,B.LEAGUE 順位表 2020-21（B1）,B.LEAGUE,https://www.bleague.jp/standings/?year=2020&tab=1,2026-09-29
B31W2S0011,白戸大聖 選手プロフィール（クラブ所属履歴）,B.LEAGUE,https://www.bleague.jp/roster_detail/?PlayerID=15832,2026-09-29
B31W2S0012,B.LEAGUE 順位表 2017-18（B2）,B.LEAGUE,https://www.bleague.jp/standings/?year=2017&tab=2,2026-09-29
B31W2S0013,B.LEAGUE 順位表 2020-21（B2）,B.LEAGUE,https://www.bleague.jp/standings/?year=2020&tab=2,2026-09-29
B31W2S0016,石川海斗 選手プロフィール（クラブ所属履歴）,B.LEAGUE,https://www.bleague.jp/roster_detail/?PlayerID=8722,2026-09-29
B31W2S0017,B.LEAGUE 順位表 2016-17（B1）,B.LEAGUE,https://www.bleague.jp/standings/?year=2016&tab=1,2026-09-29
B31W2S0018,B.LEAGUE 順位表 2018-19（B2）,B.LEAGUE,https://www.bleague.jp/standings/?year=2018&tab=2,2026-09-29
B31W2S0019,B.LEAGUE 順位表 2019-20（B2）,B.LEAGUE,https://www.bleague.jp/standings/?year=2019&tab=2,2026-09-29
B31W2S0020,B.LEAGUE 順位表 2021-22（B2）,B.LEAGUE,https://www.bleague.jp/standings/?year=2021&tab=2,2026-09-29
B31W2S0021,B.LEAGUE 順位表 2023-24（B1）,B.LEAGUE,https://www.bleague.jp/standings/?year=2023&tab=1,2026-09-29
B31W2S0024,荒川颯 選手プロフィール（クラブ所属履歴）,B.LEAGUE,https://www.bleague.jp/roster_detail/?PlayerID=30458,2026-09-29
B31W2S0025,B.LEAGUE 順位表 2021-22（B3）,B.LEAGUE,https://www.bleague.jp/standings/?year=2021&tab=3,2026-09-29
B31W2S0026,笹山貴哉 選手プロフィール（クラブ所属履歴）,B.LEAGUE,https://www.bleague.jp/roster_detail/?PlayerID=8517,2026-09-29
B31W2S0028,森井健太 選手プロフィール（クラブ所属履歴）,B.LEAGUE,https://www.bleague.jp/roster_detail/?PlayerID=10851,2026-09-29
B31W2S0029,淺野ケニー 選手プロフィール（クラブ所属履歴）,B.LEAGUE,https://www.bleague.jp/roster_detail/?PlayerID=51000232,2026-09-29
B31W2S0030,飯尾文哉 選手プロフィール（クラブ所属履歴）,B.LEAGUE,https://www.bleague.jp/roster_detail/?PlayerID=51000113,2026-09-29
B31W2S0031,B.LEAGUE 順位表 2021-22（B1）,B.LEAGUE,https://www.bleague.jp/standings/?year=2021&tab=1,2026-09-29
B31W2S0032,谷口大智 選手プロフィール（クラブ所属履歴）,B.LEAGUE,https://www.bleague.jp/roster_detail/?PlayerID=8470,2026-09-29
B31W2S0033,寺嶋良 選手プロフィール（クラブ所属履歴）,B.LEAGUE,https://www.bleague.jp/roster_detail/?PlayerID=30400,2026-09-29
B31W2S0034,谷口光貴 選手プロフィール（クラブ所属履歴）,B.LEAGUE,https://www.bleague.jp/roster_detail/?PlayerID=8488,2026-09-29
B31W2S0035,B.LEAGUE 順位表 2023-24（B2）,B.LEAGUE,https://www.bleague.jp/standings/?year=2023&tab=2,2026-09-29
B31W2S0036,B.LEAGUE 順位表 2025-26（B1）,B.LEAGUE,https://www.bleague.jp/standings/?year=2025&tab=1,2026-09-29
B31W2S0037,大橋大空 選手プロフィール（クラブ所属履歴）,B.LEAGUE,https://www.bleague.jp/roster_detail/?PlayerID=51000274,2026-09-29
B31W2S0038,大庭岳輝 選手プロフィール（クラブ所属履歴）,B.LEAGUE,https://www.bleague.jp/roster_detail/?PlayerID=30401,2026-09-29
B31W2S0039,伊藤達哉 選手プロフィール（クラブ所属履歴）,B.LEAGUE,https://www.bleague.jp/roster_detail/?PlayerID=10849,2026-09-29
B31W2S0040,B.LEAGUE 順位表 2017-18（B1）,B.LEAGUE,https://www.bleague.jp/standings/?year=2017&tab=1,2026-09-29
B31W2S0041,B.LEAGUE 順位表 2024-25（B1）,B.LEAGUE,https://www.bleague.jp/standings/?year=2024&tab=1,2026-09-29
B31W2S0042,津屋一球 選手プロフィール（クラブ所属履歴）,B.LEAGUE,https://www.bleague.jp/roster_detail/?PlayerID=5100000011,2026-09-29
B31W2S0044,小林遥太 選手プロフィール（クラブ所属履歴）,B.LEAGUE,https://www.bleague.jp/roster_detail/?PlayerID=8462,2026-09-29
B31W2S0045,B.LEAGUE 順位表 2018-19（B1）,B.LEAGUE,https://www.bleague.jp/standings/?year=2018&tab=1,2026-09-29
B31W2S0046,B.LEAGUE 順位表 2024-25（B2）,B.LEAGUE,https://www.bleague.jp/standings/?year=2024&tab=2,2026-09-29
B31W2S0047,伊藤良太 選手プロフィール（クラブ所属履歴）,B.LEAGUE,https://www.bleague.jp/roster_detail/?PlayerID=9234,2026-09-29
B31W2S0048,B.LEAGUE 順位表 2016-17（B3）,B.LEAGUE,https://www.bleague.jp/standings/?year=2016&tab=3,2026-09-29
B31W2S0049,B.LEAGUE 順位表 2018-19（B3）,B.LEAGUE,https://www.bleague.jp/standings/?year=2018&tab=3,2026-09-29
B31W2S0050,B.LEAGUE 順位表 2019-20（B3）,B.LEAGUE,https://www.bleague.jp/standings/?year=2019&tab=3,2026-09-29
B31W2S0051,B.LEAGUE 順位表 2023-24（B3）,B.LEAGUE,https://www.bleague.jp/standings/?year=2023&tab=3,2026-09-29
B31W2S0052,B.LEAGUE 順位表 2025-26（B2）,B.LEAGUE,https://www.bleague.jp/standings/?year=2025&tab=2,2026-09-29
B31W2S0055,小栗瑛哉 選手プロフィール（クラブ所属履歴）,B.LEAGUE,https://www.bleague.jp/roster_detail/?PlayerID=42539,2026-09-29
B31W2S0056,B.LEAGUE 順位表 2022-23（B3）,B.LEAGUE,https://www.bleague.jp/standings/?year=2022&tab=3,2026-09-29
B31W2S0057,平良宗龍 選手プロフィール（クラブ所属履歴）,B.LEAGUE,https://www.bleague.jp/roster_detail/?PlayerID=55000079,2026-09-29
B31W2S0058,榎田拓真 選手プロフィール（クラブ所属履歴）,B.LEAGUE,https://www.bleague.jp/roster_detail/?PlayerID=51000177,2026-09-29
B31W2S0059,藤澤尚之 選手プロフィール（クラブ所属履歴）,B.LEAGUE,https://www.bleague.jp/roster_detail/?PlayerID=5100000019,2026-09-29
B31W2S0062,米須玲音 選手プロフィール（クラブ所属履歴）,B.LEAGUE,https://www.bleague.jp/roster_detail/?PlayerID=5100000022,2026-09-29
B31W2S0063,岡田侑大 選手プロフィール（クラブ所属履歴）,B.LEAGUE,https://www.bleague.jp/roster_detail/?PlayerID=18475,2026-09-29
B31W3S0001,川嶋勇人 選手プロフィール（クラブ所属履歴）,B.LEAGUE,https://www.bleague.jp/roster_detail/?PlayerID=8727,2026-09-29
B31W3S0002,B.LEAGUE 順位表 2016-17（B1）,B.LEAGUE,https://www.bleague.jp/standings/?year=2016&tab=1,2026-09-29
B31W3S0003,B.LEAGUE 順位表 2017-18（B1）,B.LEAGUE,https://www.bleague.jp/standings/?year=2017&tab=1,2026-09-29
B31W3S0004,B.LEAGUE 順位表 2021-22（B1）,B.LEAGUE,https://www.bleague.jp/standings/?year=2021&tab=1,2026-09-29
B31W3S0005,B.LEAGUE 順位表 2023-24（B1）,B.LEAGUE,https://www.bleague.jp/standings/?year=2023&tab=1,2026-09-29
B31W3S0006,高島紳司 選手プロフィール（クラブ所属履歴）,B.LEAGUE,https://www.bleague.jp/roster_detail/?PlayerID=5100000036,2026-09-29
B31W3S0007,B.LEAGUE 順位表 2020-21（B1）,B.LEAGUE,https://www.bleague.jp/standings/?year=2020&tab=1,2026-09-29
B31W3S0008,野本建吾 選手プロフィール（クラブ所属履歴）,B.LEAGUE,https://www.bleague.jp/roster_detail/?PlayerID=8486,2026-09-29
B31W3S0009,B.LEAGUE 順位表 2018-19（B1）,B.LEAGUE,https://www.bleague.jp/standings/?year=2018&tab=1,2026-09-29
B31W3S0010,大﨑翔太 選手プロフィール（クラブ所属履歴）,B.LEAGUE,https://www.bleague.jp/roster_detail/?PlayerID=30516,2026-09-29
B31W3S0011,B.LEAGUE 順位表 2019-20（B1）,B.LEAGUE,https://www.bleague.jp/standings/?year=2019&tab=1,2026-09-29
B31W3S0012,B.LEAGUE 順位表 2020-21（B2）,B.LEAGUE,https://www.bleague.jp/standings/?year=2020&tab=2,2026-09-29
B31W3S0013,B.LEAGUE 順位表 2021-22（B3）,B.LEAGUE,https://www.bleague.jp/standings/?year=2021&tab=3,2026-09-29
B31W3S0014,B.LEAGUE 順位表 2023-24（B2）,B.LEAGUE,https://www.bleague.jp/standings/?year=2023&tab=2,2026-09-29
B31W3S0015,B.LEAGUE 順位表 2024-25（B3）,B.LEAGUE,https://www.bleague.jp/standings/?year=2024&tab=3,2026-09-29
B31W3S0016,多嶋朝飛 選手プロフィール（クラブ所属履歴）,B.LEAGUE,https://www.bleague.jp/roster_detail/?PlayerID=8507,2026-09-29
B31W3S0017,B.LEAGUE 順位表 2024-25（B1）,B.LEAGUE,https://www.bleague.jp/standings/?year=2024&tab=1,2026-09-29
B31W3S0018,松山駿 選手プロフィール（クラブ所属履歴）,B.LEAGUE,https://www.bleague.jp/roster_detail/?PlayerID=20023,2026-09-29
B31W3S0019,B.LEAGUE 順位表 2019-20（B2）,B.LEAGUE,https://www.bleague.jp/standings/?year=2019&tab=2,2026-09-29
B31W3S0020,B.LEAGUE 順位表 2021-22（B2）,B.LEAGUE,https://www.bleague.jp/standings/?year=2021&tab=2,2026-09-29
B31W3S0021,松本健児リオン 選手プロフィール（クラブ所属履歴）,B.LEAGUE,https://www.bleague.jp/roster_detail/?PlayerID=10893,2026-09-29
B31W3S0022,B.LEAGUE 順位表 2016-17（B2）,B.LEAGUE,https://www.bleague.jp/standings/?year=2016&tab=2,2026-09-29
B31W3S0023,B.LEAGUE 順位表 2017-18（B2）,B.LEAGUE,https://www.bleague.jp/standings/?year=2017&tab=2,2026-09-29
B31W3S0024,二上耀 選手プロフィール（クラブ所属履歴）,B.LEAGUE,https://www.bleague.jp/roster_detail/?PlayerID=51000112,2026-09-29
B31W3S0025,中村ジャズ 選手プロフィール（クラブ所属履歴）,B.LEAGUE,https://www.bleague.jp/roster_detail/?PlayerID=30510,2026-09-29
B31W3S0027,岡田泰希 選手プロフィール（クラブ所属履歴）,B.LEAGUE,https://www.bleague.jp/roster_detail/?PlayerID=22401,2026-09-29
B31W3S0028,B.LEAGUE 順位表 2018-19（B2）,B.LEAGUE,https://www.bleague.jp/standings/?year=2018&tab=2,2026-09-29
B31W3S0029,藤永佳昭 選手プロフィール（クラブ所属履歴）,B.LEAGUE,https://www.bleague.jp/roster_detail/?PlayerID=8736,2026-09-29
B31W3S0030,B.LEAGUE 順位表 2022-23（B1）,B.LEAGUE,https://www.bleague.jp/standings/?year=2022&tab=1,2026-09-29
B31W3S0031,B.LEAGUE 順位表 2024-25（B2）,B.LEAGUE,https://www.bleague.jp/standings/?year=2024&tab=2,2026-09-29
B31W3S0033,髙木慎哉 選手プロフィール（クラブ所属履歴）,B.LEAGUE,https://www.bleague.jp/roster_detail/?PlayerID=30441,2026-09-29
B31W3S0034,B.LEAGUE 順位表 2022-23（B3）,B.LEAGUE,https://www.bleague.jp/standings/?year=2022&tab=3,2026-09-29
B31W3S0036,小川翔矢 選手プロフィール（クラブ所属履歴）,B.LEAGUE,https://www.bleague.jp/roster_detail/?PlayerID=49607,2026-09-29
B31W3S0039,藤井祐眞 選手プロフィール（クラブ所属履歴）,B.LEAGUE,https://www.bleague.jp/roster_detail/?PlayerID=8482,2026-09-29
B31W3S0040,富田一成 選手プロフィール（クラブ所属履歴）,B.LEAGUE,https://www.bleague.jp/roster_detail/?PlayerID=36969,2026-09-29
B31W3S0041,角野亮伍 選手プロフィール（クラブ所属履歴）,B.LEAGUE,https://www.bleague.jp/roster_detail/?PlayerID=32982,2026-09-29
B31W3S0043,松村竜吾 選手プロフィール（クラブ所属履歴）,B.LEAGUE,https://www.bleague.jp/roster_detail/?PlayerID=51000550,2026-09-29
B31W3S0044,B.LEAGUE 順位表 2025-26（B1）,B.LEAGUE,https://www.bleague.jp/standings/?year=2025&tab=1,2026-09-29
B31W3S0045,落合知也 選手プロフィール（クラブ所属履歴）,B.LEAGUE,https://www.bleague.jp/roster_detail/?PlayerID=8648,2026-09-29
B31W3S0046,B.LEAGUE 順位表 2018-19（B3）,B.LEAGUE,https://www.bleague.jp/standings/?year=2018&tab=3,2026-09-29
B31W3S0048,中野広大 選手プロフィール（クラブ所属履歴）,B.LEAGUE,https://www.bleague.jp/roster_detail/?PlayerID=10892,2026-09-29
B31W3S0049,B.LEAGUE 順位表 2020-21（B3）,B.LEAGUE,https://www.bleague.jp/standings/?year=2020&tab=3,2026-09-29
B31W3S0050,陳岡燈生 選手プロフィール（クラブ所属履歴）,B.LEAGUE,https://www.bleague.jp/roster_detail/?PlayerID=51000373,2026-09-29
B31W3S0051,平岩玄 選手プロフィール（クラブ所属履歴）,B.LEAGUE,https://www.bleague.jp/roster_detail/?PlayerID=15838,2026-09-29
B31W3S0052,多田武史 選手プロフィール（クラブ所属履歴）,B.LEAGUE,https://www.bleague.jp/roster_detail/?PlayerID=30457,2026-09-29
B31W3S0053,伊藤治輝 選手プロフィール（クラブ所属履歴）,B.LEAGUE,https://www.bleague.jp/roster_detail/?PlayerID=49518,2026-09-29
B31W3S0055,小針幸也 選手プロフィール（クラブ所属履歴）,B.LEAGUE,https://www.bleague.jp/roster_detail/?PlayerID=51000252,2026-09-29
B31W3S0056,B.LEAGUE 順位表 2022-23（B2）,B.LEAGUE,https://www.bleague.jp/standings/?year=2022&tab=2,2026-09-29
B31W3S0057,喜多川修平 選手プロフィール（クラブ所属履歴）,B.LEAGUE,https://www.bleague.jp/roster_detail/?PlayerID=8657,2026-09-29
B31W3S0058,須藤昂矢 選手プロフィール（クラブ所属履歴）,B.LEAGUE,https://www.bleague.jp/roster_detail/?PlayerID=32956,2026-09-29
B31W3S0059,兪龍海 選手プロフィール（クラブ所属履歴）,B.LEAGUE,https://www.bleague.jp/roster_detail/?PlayerID=5100000025,2026-09-29
B31W3S0060,植松義也 選手プロフィール（クラブ所属履歴）,B.LEAGUE,https://www.bleague.jp/roster_detail/?PlayerID=5100000030,2026-09-29
B31W3S0061,宮本一樹 選手プロフィール（クラブ所属履歴）,B.LEAGUE,https://www.bleague.jp/roster_detail/?PlayerID=51000118,2026-09-29
B31W3S0062,平良彰吾 選手プロフィール（クラブ所属履歴）,B.LEAGUE,https://www.bleague.jp/roster_detail/?PlayerID=30459,2026-09-29
B31W3S0063,B.LEAGUE 順位表 2023-24（B3）,B.LEAGUE,https://www.bleague.jp/standings/?year=2023&tab=3,2026-09-29
B31W3S0064,古牧昌也 選手プロフィール（クラブ所属履歴）,B.LEAGUE,https://www.bleague.jp/roster_detail/?PlayerID=12500,2026-09-29
B31W4S0001,赤穂雷太 選手プロフィール（クラブ所属履歴）,B.LEAGUE,https://www.bleague.jp/roster_detail/?PlayerID=30465,2026-09-29
B31W4S0002,B.LEAGUE 順位表 2019-20（B1）,B.LEAGUE,https://www.bleague.jp/standings/?year=2019&tab=1,2026-09-29
B31W4S0003,B.LEAGUE 順位表 2020-21（B1）,B.LEAGUE,https://www.bleague.jp/standings/?year=2020&tab=1,2026-09-29
B31W4S0004,B.LEAGUE 順位表 2022-23（B1）,B.LEAGUE,https://www.bleague.jp/standings/?year=2022&tab=1,2026-09-29
B31W4S0005,阿部諒 選手プロフィール（クラブ所属履歴）,B.LEAGUE,https://www.bleague.jp/roster_detail/?PlayerID=15756,2026-09-29
B31W4S0006,B.LEAGUE 順位表 2017-18（B1）,B.LEAGUE,https://www.bleague.jp/standings/?year=2017&tab=1,2026-09-29
B31W4S0007,B.LEAGUE 順位表 2018-19（B2）,B.LEAGUE,https://www.bleague.jp/standings/?year=2018&tab=2,2026-09-29
B31W4S0008,B.LEAGUE 順位表 2023-24（B1）,B.LEAGUE,https://www.bleague.jp/standings/?year=2023&tab=1,2026-09-29
B31W4S0009,B.LEAGUE 順位表 2024-25（B1）,B.LEAGUE,https://www.bleague.jp/standings/?year=2024&tab=1,2026-09-29
B31W4S0012,市場脩斗 選手プロフィール（クラブ所属履歴）,B.LEAGUE,https://www.bleague.jp/roster_detail/?PlayerID=51000446,2026-09-29
B31W4S0013,上澤俊喜 選手プロフィール（クラブ所属履歴）,B.LEAGUE,https://www.bleague.jp/roster_detail/?PlayerID=5100000039,2026-09-29
B31W4S0014,中村浩陸 選手プロフィール（クラブ所属履歴）,B.LEAGUE,https://www.bleague.jp/roster_detail/?PlayerID=30349,2026-09-29
B31W4S0016,星野京介 選手プロフィール（クラブ所属履歴）,B.LEAGUE,https://www.bleague.jp/roster_detail/?PlayerID=51000108,2026-09-29
B31W4S0017,B.LEAGUE 順位表 2021-22（B1）,B.LEAGUE,https://www.bleague.jp/standings/?year=2021&tab=1,2026-09-29
B31W4S0018,坂本聖芽 選手プロフィール（クラブ所属履歴）,B.LEAGUE,https://www.bleague.jp/roster_detail/?PlayerID=5100000027,2026-09-29
B31W4S0019,宇都直輝 選手プロフィール（クラブ所属履歴）,B.LEAGUE,https://www.bleague.jp/roster_detail/?PlayerID=8503,2026-09-29
B31W4S0020,B.LEAGUE 順位表 2016-17（B1）,B.LEAGUE,https://www.bleague.jp/standings/?year=2016&tab=1,2026-09-29
B31W4S0021,B.LEAGUE 順位表 2022-23（B2）,B.LEAGUE,https://www.bleague.jp/standings/?year=2022&tab=2,2026-09-29
B31W4S0025,ワンウェイジャ 選手プロフィール（クラブ所属履歴）,B.LEAGUE,https://www.bleague.jp/roster_detail/?PlayerID=5100000041,2026-09-29
B31W4S0026,B.LEAGUE 順位表 2024-25（B2）,B.LEAGUE,https://www.bleague.jp/standings/?year=2024&tab=2,2026-09-29
B31W4S0027,中村拓人 選手プロフィール（クラブ所属履歴）,B.LEAGUE,https://www.bleague.jp/roster_detail/?PlayerID=5100000023,2026-09-29
B31W4S0028,松尾河秋 選手プロフィール（クラブ所属履歴）,B.LEAGUE,https://www.bleague.jp/roster_detail/?PlayerID=51000367,2026-09-29
B31W4S0029,B.LEAGUE 順位表 2023-24（B2）,B.LEAGUE,https://www.bleague.jp/standings/?year=2023&tab=2,2026-09-29
B31W4S0030,髙岡圭汰朗 選手プロフィール（クラブ所属履歴）,B.LEAGUE,https://www.bleague.jp/roster_detail/?PlayerID=51000129,2026-09-29
B31W4S0031,B.LEAGUE 順位表 2021-22（B2）,B.LEAGUE,https://www.bleague.jp/standings/?year=2021&tab=2,2026-09-29
B31W4S0032,上田隼輔 選手プロフィール（クラブ所属履歴）,B.LEAGUE,https://www.bleague.jp/roster_detail/?PlayerID=51000137,2026-09-29
B31W4S0033,笠井康平 選手プロフィール（クラブ所属履歴）,B.LEAGUE,https://www.bleague.jp/roster_detail/?PlayerID=18167,2026-09-29
B31W4S0034,B.LEAGUE 順位表 2018-19（B1）,B.LEAGUE,https://www.bleague.jp/standings/?year=2018&tab=1,2026-09-29
B31W4S0035,B.LEAGUE 順位表 2020-21（B2）,B.LEAGUE,https://www.bleague.jp/standings/?year=2020&tab=2,2026-09-29
B31W4S0036,若狭功希 選手プロフィール（クラブ所属履歴）,B.LEAGUE,https://www.bleague.jp/roster_detail/?PlayerID=25272,2026-09-29
B31W4S0037,B.LEAGUE 順位表 2019-20（B3）,B.LEAGUE,https://www.bleague.jp/standings/?year=2019&tab=3,2026-09-29
B31W4S0038,B.LEAGUE 順位表 2023-24（B3）,B.LEAGUE,https://www.bleague.jp/standings/?year=2023&tab=3,2026-09-29
B31W4S0039,熊谷航 選手プロフィール（クラブ所属履歴）,B.LEAGUE,https://www.bleague.jp/roster_detail/?PlayerID=19957,2026-09-29
B31W4S0040,久岡幸太郎 選手プロフィール（クラブ所属履歴）,B.LEAGUE,https://www.bleague.jp/roster_detail/?PlayerID=18478,2026-09-29
B31W4S0042,船生誠也 選手プロフィール（クラブ所属履歴）,B.LEAGUE,https://www.bleague.jp/roster_detail/?PlayerID=8737,2026-09-29
B31W4S0043,渡部琉 選手プロフィール（クラブ所属履歴）,B.LEAGUE,https://www.bleague.jp/roster_detail/?PlayerID=5100000035,2026-09-29
B31W4S0044,常田耕平 選手プロフィール（クラブ所属履歴）,B.LEAGUE,https://www.bleague.jp/roster_detail/?PlayerID=5100000040,2026-09-29
B31W4S0045,ブラブサナグロリダ 選手プロフィール（クラブ所属履歴）,B.LEAGUE,https://www.bleague.jp/roster_detail/?PlayerID=39532,2026-09-29
B31W4S0046,B.LEAGUE 順位表 2021-22（B3）,B.LEAGUE,https://www.bleague.jp/standings/?year=2021&tab=3,2026-09-29
B31W4S0047,遠藤善 選手プロフィール（クラブ所属履歴）,B.LEAGUE,https://www.bleague.jp/roster_detail/?PlayerID=5100000044,2026-09-29
B31W4S0048,モッチラミン 選手プロフィール（クラブ所属履歴）,B.LEAGUE,https://www.bleague.jp/roster_detail/?PlayerID=30405,2026-09-29
B31W4S0049,盛實海翔 選手プロフィール（クラブ所属履歴）,B.LEAGUE,https://www.bleague.jp/roster_detail/?PlayerID=19998,2026-09-29
B31W4S0051,宇都宮陸 選手プロフィール（クラブ所属履歴）,B.LEAGUE,https://www.bleague.jp/roster_detail/?PlayerID=51000124,2026-09-29
B31W4S0052,金友蓮 選手プロフィール（クラブ所属履歴）,B.LEAGUE,https://www.bleague.jp/roster_detail/?PlayerID=51000596,2026-09-29
B31W4S0053,B.LEAGUE 順位表 2025-26（B2）,B.LEAGUE,https://www.bleague.jp/standings/?year=2025&tab=2,2026-09-29
B31W4S0054,西野曜 選手プロフィール（クラブ所属履歴）,B.LEAGUE,https://www.bleague.jp/roster_detail/?PlayerID=30468,2026-09-29
B32W1S0001,阿部真冴橙 選手プロフィール,B.LEAGUE,https://www.bleague.jp/roster_detail/?PlayerID=51000342,2026-09-30
B32W1S0002,B.LEAGUE 順位表 2023-24（B1）,B.LEAGUE,https://www.bleague.jp/standings/?year=2023&tab=1,2026-09-30
B32W1S0003,B.LEAGUE 選手一覧 2026-27（仙台、日本、在籍中）,B.LEAGUE,https://www.bleague.jp/roster/?year=2026&club=692&c=日本&e=在籍中&o=sort,2026-09-30
B32W1S0004,岡島和真 選手プロフィール,B.LEAGUE,https://www.bleague.jp/roster_detail/?PlayerID=51000133,2026-09-30
B32W1S0005,B.LEAGUE 順位表 2021-22（B2）,B.LEAGUE,https://www.bleague.jp/standings/?year=2021&tab=2,2026-09-30
B32W1S0006,B.LEAGUE 順位表 2023-24（B2）,B.LEAGUE,https://www.bleague.jp/standings/?year=2023&tab=2,2026-09-30
B32W1S0007,B.LEAGUE 順位表 2025-26（B1）,B.LEAGUE,https://www.bleague.jp/standings/?year=2025&tab=1,2026-09-30
B32W1S0008,新沼康生 選手プロフィール,B.LEAGUE,https://www.bleague.jp/roster_detail/?PlayerID=51000445,2026-09-30
B32W1S0009,B.LEAGUE 順位表 2024-25（B1）,B.LEAGUE,https://www.bleague.jp/standings/?year=2024&tab=1,2026-09-30
B32W1S0010,半澤凌太 選手プロフィール,B.LEAGUE,https://www.bleague.jp/roster_detail/?PlayerID=15834,2026-09-30
B32W1S0011,B.LEAGUE 順位表 2017-18（B2）,B.LEAGUE,https://www.bleague.jp/standings/?year=2017&tab=2,2026-09-30
B32W1S0012,B.LEAGUE 順位表 2020-21（B2）,B.LEAGUE,https://www.bleague.jp/standings/?year=2020&tab=2,2026-09-30
B32W1S0013,B.LEAGUE 順位表 2021-22（B1）,B.LEAGUE,https://www.bleague.jp/standings/?year=2021&tab=1,2026-09-30
B32W1S0014,渡辺翔太 選手プロフィール,B.LEAGUE,https://www.bleague.jp/roster_detail/?PlayerID=30526,2026-09-30
B32W1S0015,B.LEAGUE 順位表 2019-20（B2）,B.LEAGUE,https://www.bleague.jp/standings/?year=2019&tab=2,2026-09-30
B32W1S0016,栗原翼 選手プロフィール,B.LEAGUE,https://www.bleague.jp/roster_detail/?PlayerID=30397,2026-09-30
B32W1S0017,B.LEAGUE 選手一覧 2026-27（秋田、日本、在籍中）,B.LEAGUE,https://www.bleague.jp/roster/?year=2026&club=693&c=日本&e=在籍中&o=sort,2026-09-30
B32W1S0018,中山拓哉 選手プロフィール,B.LEAGUE,https://www.bleague.jp/roster_detail/?PlayerID=10848,2026-09-30
B32W1S0019,B.LEAGUE 順位表 2016-17（B1）,B.LEAGUE,https://www.bleague.jp/standings/?year=2016&tab=1,2026-09-30
B32W1S0020,トロイ・マーフィージュニア 選手プロフィール,B.LEAGUE,https://www.bleague.jp/roster_detail/?PlayerID=51000180,2026-09-30
B32W1S0021,B.LEAGUE 順位表 2022-23（B2）,B.LEAGUE,https://www.bleague.jp/standings/?year=2022&tab=2,2026-09-30
B32W1S0022,B.LEAGUE 順位表 2026-27（tab=1）,B.LEAGUE,https://www.bleague.jp/standings/?year=2026&tab=1,2026-09-30
B32W1S0023,元田大陽 選手プロフィール,B.LEAGUE,https://www.bleague.jp/roster_detail/?PlayerID=51000361,2026-09-30
B32W1S0024,新井楽人 選手プロフィール,B.LEAGUE,https://www.bleague.jp/roster_detail/?PlayerID=51000591,2026-09-30
B32W1S0025,B.LEAGUE 選手一覧 2026-27（横浜BC、日本、在籍中）,B.LEAGUE,https://www.bleague.jp/roster/?year=2026&club=694&c=日本&e=在籍中&o=sort,2026-09-30
B32W1S0026,ウィタカケンタ 選手プロフィール,B.LEAGUE,https://www.bleague.jp/roster_detail/?PlayerID=30443,2026-09-30
B32W1S0027,B.LEAGUE 順位表 2023-24（B3）,B.LEAGUE,https://www.bleague.jp/standings/?year=2023&tab=3,2026-09-30
B32W1S0028,キング開 選手プロフィール,B.LEAGUE,https://www.bleague.jp/roster_detail/?PlayerID=5100000024,2026-09-30
B32W1S0029,B.LEAGUE 順位表 2020-21（B1）,B.LEAGUE,https://www.bleague.jp/standings/?year=2020&tab=1,2026-09-30
B32W1S0030,佐藤卓磨 選手プロフィール,B.LEAGUE,https://www.bleague.jp/roster_detail/?PlayerID=15811,2026-09-30
B32W1S0031,B.LEAGUE 順位表 2017-18（B1）,B.LEAGUE,https://www.bleague.jp/standings/?year=2017&tab=1,2026-09-30
B32W1S0032,前野幹太 選手プロフィール,B.LEAGUE,https://www.bleague.jp/roster_detail/?PlayerID=51000468,2026-09-30
B32W1S0033,カイル・リチャードソン 選手プロフィール,B.LEAGUE,https://www.bleague.jp/roster_detail/?PlayerID=9435,2026-09-30
B32W1S0034,B.LEAGUE 順位表 2016-17（B3）,B.LEAGUE,https://www.bleague.jp/standings/?year=2016&tab=3,2026-09-30
B32W1S0035,B.LEAGUE 順位表 2019-20（B3）,B.LEAGUE,https://www.bleague.jp/standings/?year=2019&tab=3,2026-09-30
B32W1S0036,B.LEAGUE 順位表 2021-22（B3）,B.LEAGUE,https://www.bleague.jp/standings/?year=2021&tab=3,2026-09-30
B32W1S0037,岡田雄三 選手プロフィール,B.LEAGUE,https://www.bleague.jp/roster_detail/?PlayerID=15752,2026-09-30
B32W1S0038,B.LEAGUE 順位表 2017-18（B3）,B.LEAGUE,https://www.bleague.jp/standings/?year=2017&tab=3,2026-09-30
B32W1S0039,B.LEAGUE 選手一覧 2026-27（富山、日本、在籍中）,B.LEAGUE,https://www.bleague.jp/roster/?year=2026&club=696&c=日本&e=在籍中&o=sort,2026-09-30
B32W1S0040,葛原大智 選手プロフィール,B.LEAGUE,https://www.bleague.jp/roster_detail/?PlayerID=15818,2026-09-30
B32W1S0041,B.LEAGUE 順位表 2022-23（B1）,B.LEAGUE,https://www.bleague.jp/standings/?year=2022&tab=1,2026-09-30
B32W1S0042,ラシードファラーズ 選手プロフィール,B.LEAGUE,https://www.bleague.jp/roster_detail/?PlayerID=30521,2026-09-30
B32W1S0043,B.LEAGUE 順位表 2019-20（B1）,B.LEAGUE,https://www.bleague.jp/standings/?year=2019&tab=1,2026-09-30
B32W1S0044,浅井英矢 選手プロフィール,B.LEAGUE,https://www.bleague.jp/roster_detail/?PlayerID=51000481,2026-09-30
B32W1S0045,B.LEAGUE 選手一覧 2026-27（三遠、日本、在籍中）,B.LEAGUE,https://www.bleague.jp/roster/?year=2026&club=697&c=日本&e=在籍中&o=sort,2026-09-30
B32W1S0046,菅澤紀行 選手プロフィール,B.LEAGUE,https://www.bleague.jp/roster_detail/?PlayerID=8469,2026-09-30
B32W1S0047,B.LEAGUE 順位表 2018-19（B2）,B.LEAGUE,https://www.bleague.jp/standings/?year=2018&tab=2,2026-09-30
B32W1S0048,B.LEAGUE 順位表 2024-25（B2）,B.LEAGUE,https://www.bleague.jp/standings/?year=2024&tab=2,2026-09-30
B32W1S0049,根本大 選手プロフィール,B.LEAGUE,https://www.bleague.jp/roster_detail/?PlayerID=51000454,2026-09-30
B32W1S0050,ジョシュ・ハレルソン 選手プロフィール,B.LEAGUE,https://www.bleague.jp/roster_detail/?PlayerID=9063,2026-09-30
B32W1S0051,B.LEAGUE 順位表 2018-19（B1）,B.LEAGUE,https://www.bleague.jp/standings/?year=2018&tab=1,2026-09-30
B32W1S0052,江原信太朗 選手プロフィール,B.LEAGUE,https://www.bleague.jp/roster_detail/?PlayerID=51000343,2026-09-30
B32W1S0053,B.LEAGUE 選手一覧 2026-27（滋賀、日本、在籍中）,B.LEAGUE,https://www.bleague.jp/roster/?year=2026&club=698&c=日本&e=在籍中&o=sort,2026-09-30
B32W1S0054,駒沢颯 選手プロフィール,B.LEAGUE,https://www.bleague.jp/roster_detail/?PlayerID=5100000032,2026-09-30
B32W1S0055,駒水大雅ジャック 選手プロフィール,B.LEAGUE,https://www.bleague.jp/roster_detail/?PlayerID=32983,2026-09-30
B32W1S0056,B.LEAGUE 順位表 2022-23（B3）,B.LEAGUE,https://www.bleague.jp/standings/?year=2022&tab=3,2026-09-30
B32W1S0057,須藤タイレル拓 選手プロフィール,B.LEAGUE,https://www.bleague.jp/roster_detail/?PlayerID=51000502,2026-09-30
B32W1S0058,野本大智 選手プロフィール,B.LEAGUE,https://www.bleague.jp/roster_detail/?PlayerID=5100000028,2026-09-30
B32W1S0059,澁田怜音 選手プロフィール,B.LEAGUE,https://www.bleague.jp/roster_detail/?PlayerID=10832,2026-09-30
B32W1S0060,B.LEAGUE 順位表 2016-17（B2）,B.LEAGUE,https://www.bleague.jp/standings/?year=2016&tab=2,2026-09-30
B32W1S0061,B.LEAGUE 選手一覧 2026-27（京都、日本、在籍中）,B.LEAGUE,https://www.bleague.jp/roster/?year=2026&club=699&c=日本&e=在籍中&o=sort,2026-09-30
B32W1S0062,ホール百音アレックス 選手プロフィール,B.LEAGUE,https://www.bleague.jp/roster_detail/?PlayerID=26926,2026-09-30
B32W1S0063,前田悟 選手プロフィール,B.LEAGUE,https://www.bleague.jp/roster_detail/?PlayerID=20024,2026-09-30
B32W1S0064,水野幹太 選手プロフィール,B.LEAGUE,https://www.bleague.jp/roster_detail/?PlayerID=10852,2026-09-30
B32W1S0065,木下誠 選手プロフィール,B.LEAGUE,https://www.bleague.jp/roster_detail/?PlayerID=20034,2026-09-30
B32W1S0066,B.LEAGUE 選手一覧 2026-27（大阪、日本、在籍中）,B.LEAGUE,https://www.bleague.jp/roster/?year=2026&club=700&c=日本&e=在籍中&o=sort,2026-09-30
B32W1S0067,合田怜 選手プロフィール,B.LEAGUE,https://www.bleague.jp/roster_detail/?PlayerID=8690,2026-09-30
B32W1S0068,高橋快成 選手プロフィール,B.LEAGUE,https://www.bleague.jp/roster_detail/?PlayerID=51000188,2026-09-30
B32W1S0069,橋本拓哉 選手プロフィール,B.LEAGUE,https://www.bleague.jp/roster_detail/?PlayerID=8701,2026-09-30
B32W1S0070,牧隼利 選手プロフィール,B.LEAGUE,https://www.bleague.jp/roster_detail/?PlayerID=30398,2026-09-30
B32W1S0071,大浦颯太 選手プロフィール,B.LEAGUE,https://www.bleague.jp/roster_detail/?PlayerID=30513,2026-09-30
B32W1S0072,B.LEAGUE 選手一覧 2026-27（琉球、日本、在籍中）,B.LEAGUE,https://www.bleague.jp/roster/?year=2026&club=701&c=日本&e=在籍中&o=sort,2026-09-30
B32W1S0073,小野寺祥太 選手プロフィール,B.LEAGUE,https://www.bleague.jp/roster_detail/?PlayerID=8756,2026-09-30
B32W1S0074,川真田紘也 選手プロフィール,B.LEAGUE,https://www.bleague.jp/roster_detail/?PlayerID=5100000015,2026-09-30
B32W1S0075,佐取龍之介 選手プロフィール,B.LEAGUE,https://www.bleague.jp/roster_detail/?PlayerID=55000567,2026-09-30
B32W2S0001,佐土原遼 選手プロフィール,B.LEAGUE,https://www.bleague.jp/roster_detail/?PlayerID=5100000014,2026-09-30
B32W2S0002,B.LEAGUE 順位表 2020-21（B1）,B.LEAGUE,https://www.bleague.jp/standings/?year=2020&tab=1,2026-09-30
B32W2S0003,B.LEAGUE 順位表 2023-24（B1）,B.LEAGUE,https://www.bleague.jp/standings/?year=2023&tab=1,2026-09-30
B32W2S0004,B.LEAGUE 順位表 2025-26（B1）,B.LEAGUE,https://www.bleague.jp/standings/?year=2025&tab=1,2026-09-30
B32W2S0005,B.LEAGUE 選手一覧 2026-27（琉球、日本、在籍中）,B.LEAGUE,https://www.bleague.jp/roster/?year=2026&club=701&c=日本&e=在籍中&o=sort,2026-09-30
B32W2S0006,山内盛久 選手プロフィール,B.LEAGUE,https://www.bleague.jp/roster_detail/?PlayerID=8658,2026-09-30
B32W2S0007,B.LEAGUE 順位表 2016-17（B1）,B.LEAGUE,https://www.bleague.jp/standings/?year=2016&tab=1,2026-09-30
B32W2S0008,B.LEAGUE 順位表 2017-18（B1）,B.LEAGUE,https://www.bleague.jp/standings/?year=2017&tab=1,2026-09-30
B32W2S0009,B.LEAGUE 順位表 2021-22（B1）,B.LEAGUE,https://www.bleague.jp/standings/?year=2021&tab=1,2026-09-30
B32W2S0010,B.LEAGUE 順位表 2026-27（tab=1）,B.LEAGUE,https://www.bleague.jp/standings/?year=2026&tab=1,2026-09-30
B32W2S0011,脇真大 選手プロフィール,B.LEAGUE,https://www.bleague.jp/roster_detail/?PlayerID=51000116,2026-09-30
B32W2S0012,大崎裕太 選手プロフィール,B.LEAGUE,https://www.bleague.jp/roster_detail/?PlayerID=18429,2026-09-30
B32W2S0013,B.LEAGUE 順位表 2018-19（B2）,B.LEAGUE,https://www.bleague.jp/standings/?year=2018&tab=2,2026-09-30
B32W2S0014,B.LEAGUE 順位表 2022-23（B2）,B.LEAGUE,https://www.bleague.jp/standings/?year=2022&tab=2,2026-09-30
B32W2S0015,B.LEAGUE 選手一覧 2026-27（北海道、日本、在籍中）,B.LEAGUE,https://www.bleague.jp/roster/?year=2026&club=702&c=日本&e=在籍中&o=sort,2026-09-30
B32W2S0016,島谷怜 選手プロフィール,B.LEAGUE,https://www.bleague.jp/roster_detail/?PlayerID=51000234,2026-09-30
B32W2S0017,B.LEAGUE 順位表 2022-23（B1）,B.LEAGUE,https://www.bleague.jp/standings/?year=2022&tab=1,2026-09-30
B32W2S0018,関野剛平 選手プロフィール,B.LEAGUE,https://www.bleague.jp/roster_detail/?PlayerID=10850,2026-09-30
B32W2S0019,B.LEAGUE 順位表 2019-20（B1）,B.LEAGUE,https://www.bleague.jp/standings/?year=2019&tab=1,2026-09-30
B32W2S0020,内藤耀悠 選手プロフィール,B.LEAGUE,https://www.bleague.jp/roster_detail/?PlayerID=51000202,2026-09-30
B32W2S0021,西村優真 選手プロフィール,B.LEAGUE,https://www.bleague.jp/roster_detail/?PlayerID=55000589,2026-09-30
B32W2S0022,石川裕大 選手プロフィール,B.LEAGUE,https://www.bleague.jp/roster_detail/?PlayerID=51000425,2026-09-30
B32W2S0023,B.LEAGUE 順位表 2024-25（B1）,B.LEAGUE,https://www.bleague.jp/standings/?year=2024&tab=1,2026-09-30
B32W2S0024,B.LEAGUE 選手一覧 2026-27（宇都宮、日本、在籍中）,B.LEAGUE,https://www.bleague.jp/roster/?year=2026&club=703&c=日本&e=在籍中&o=sort,2026-09-30
B32W2S0025,B.LEAGUE 順位表 2025-26（B2）,B.LEAGUE,https://www.bleague.jp/standings/?year=2025&tab=2,2026-09-30
B32W2S0026,市岡ショーン 選手プロフィール,B.LEAGUE,https://www.bleague.jp/roster_detail/?PlayerID=8597,2026-09-30
B32W2S0027,B.LEAGUE 順位表 2018-19（B1）,B.LEAGUE,https://www.bleague.jp/standings/?year=2018&tab=1,2026-09-30
B32W2S0028,B.LEAGUE 順位表 2021-22（B2）,B.LEAGUE,https://www.bleague.jp/standings/?year=2021&tab=2,2026-09-30
B32W2S0029,B.LEAGUE 順位表 2023-24（B2）,B.LEAGUE,https://www.bleague.jp/standings/?year=2023&tab=2,2026-09-30
B32W2S0030,ギャビン・エドワーズ 選手プロフィール,B.LEAGUE,https://www.bleague.jp/roster_detail/?PlayerID=8593,2026-09-30
B32W2S0031,渡邉裕規 選手プロフィール,B.LEAGUE,https://www.bleague.jp/roster_detail/?PlayerID=8499,2026-09-30
B32W2S0032,荒尾岳 選手プロフィール,B.LEAGUE,https://www.bleague.jp/roster_detail/?PlayerID=8582,2026-09-30
B32W2S0033,B.LEAGUE 選手一覧 2026-27（千葉J、日本、在籍中）,B.LEAGUE,https://www.bleague.jp/roster/?year=2026&club=704&c=日本&e=在籍中&o=sort,2026-09-30
B32W2S0034,ウィリアムスニカ 選手プロフィール,B.LEAGUE,https://www.bleague.jp/roster_detail/?PlayerID=9345,2026-09-30
B32W2S0035,B.LEAGUE 順位表 2016-17（B2）,B.LEAGUE,https://www.bleague.jp/standings/?year=2016&tab=2,2026-09-30
B32W2S0036,B.LEAGUE 順位表 2017-18（B2）,B.LEAGUE,https://www.bleague.jp/standings/?year=2017&tab=2,2026-09-30
B32W2S0037,金近廉 選手プロフィール,B.LEAGUE,https://www.bleague.jp/roster_detail/?PlayerID=51000267,2026-09-30
B32W2S0038,佐藤巧 選手プロフィール,B.LEAGUE,https://www.bleague.jp/roster_detail/?PlayerID=51000383,2026-09-30
B32W2S0039,B.LEAGUE 順位表 2024-25（B2）,B.LEAGUE,https://www.bleague.jp/standings/?year=2024&tab=2,2026-09-30
B32W2S0040,菅原佳依 選手プロフィール,B.LEAGUE,https://www.bleague.jp/roster_detail/?PlayerID=51000345,2026-09-30
B32W2S0041,田代直希 選手プロフィール,B.LEAGUE,https://www.bleague.jp/roster_detail/?PlayerID=8656,2026-09-30
B32W2S0042,原修太 選手プロフィール,B.LEAGUE,https://www.bleague.jp/roster_detail/?PlayerID=8584,2026-09-30
B32W2S0043,深水虎太郎 選手プロフィール,B.LEAGUE,https://www.bleague.jp/roster_detail/?PlayerID=51000564,2026-09-30
B32W2S0044,飯田遼 選手プロフィール,B.LEAGUE,https://www.bleague.jp/roster_detail/?PlayerID=15826,2026-09-30
B32W2S0045,B.LEAGUE 順位表 2020-21（B2）,B.LEAGUE,https://www.bleague.jp/standings/?year=2020&tab=2,2026-09-30
B32W2S0046,B.LEAGUE 選手一覧 2026-27（A東京、日本、在籍中）,B.LEAGUE,https://www.bleague.jp/roster/?year=2026&club=706&c=日本&e=在籍中&o=sort,2026-09-30
B32W2S0047,大倉颯太 選手プロフィール,B.LEAGUE,https://www.bleague.jp/roster_detail/?PlayerID=30351,2026-09-30
B32W2S0048,小酒部泰暉 選手プロフィール,B.LEAGUE,https://www.bleague.jp/roster_detail/?PlayerID=30348,2026-09-30
B32W2S0049,テーブス海 選手プロフィール,B.LEAGUE,https://www.bleague.jp/roster_detail/?PlayerID=30438,2026-09-30
B32W2S0050,ザック・バランスキー 選手プロフィール,B.LEAGUE,https://www.bleague.jp/roster_detail/?PlayerID=9031,2026-09-30
B32W2S0051,ライアン・ロシター 選手プロフィール,B.LEAGUE,https://www.bleague.jp/roster_detail/?PlayerID=8649,2026-09-30
B32W2S0052,小島元基 選手プロフィール,B.LEAGUE,https://www.bleague.jp/roster_detail/?PlayerID=8456,2026-09-30
B32W2S0053,B.LEAGUE 選手一覧 2026-27（茨城、日本、在籍中）,B.LEAGUE,https://www.bleague.jp/roster/?year=2026&club=712&c=日本&e=在籍中&o=sort,2026-09-30
B32W2S0054,中村功平 選手プロフィール,B.LEAGUE,https://www.bleague.jp/roster_detail/?PlayerID=18845,2026-09-30
B32W2S0055,長谷川暢 選手プロフィール,B.LEAGUE,https://www.bleague.jp/roster_detail/?PlayerID=15829,2026-09-30
B32W2S0056,平尾充庸 選手プロフィール,B.LEAGUE,https://www.bleague.jp/roster_detail/?PlayerID=8561,2026-09-30
B32W2S0057,福澤晃平 選手プロフィール,B.LEAGUE,https://www.bleague.jp/roster_detail/?PlayerID=9044,2026-09-30
B32W2S0058,前田怜緒 選手プロフィール,B.LEAGUE,https://www.bleague.jp/roster_detail/?PlayerID=30402,2026-09-30
B32W2S0059,吉井裕鷹 選手プロフィール,B.LEAGUE,https://www.bleague.jp/roster_detail/?PlayerID=20021,2026-09-30
B32W2S0060,渡邉飛勇 選手プロフィール,B.LEAGUE,https://www.bleague.jp/roster_detail/?PlayerID=5100000049,2026-09-30
B32W2S0061,鶴巻啓太 選手プロフィール,B.LEAGUE,https://www.bleague.jp/roster_detail/?PlayerID=22405,2026-09-30
B32W2S0062,B.LEAGUE 選手一覧 2026-27（群馬、日本、在籍中）,B.LEAGUE,https://www.bleague.jp/roster/?year=2026&club=713&c=日本&e=在籍中&o=sort,2026-09-30
B32W2S0063,コー・フリッピン 選手プロフィール,B.LEAGUE,https://www.bleague.jp/roster_detail/?PlayerID=22497,2026-09-30
B32W2S0064,細川一輝 選手プロフィール,B.LEAGUE,https://www.bleague.jp/roster_detail/?PlayerID=30519,2026-09-30
B32W2S0065,B.LEAGUE 順位表 2019-20（B2）,B.LEAGUE,https://www.bleague.jp/standings/?year=2019&tab=2,2026-09-30
B32W2S0066,加藤ダニエル 選手プロフィール,B.LEAGUE,https://www.bleague.jp/roster_detail/?PlayerID=51000518,2026-09-30
B32W2S0067,B.LEAGUE 選手一覧 2026-27（信州、日本、在籍中）,B.LEAGUE,https://www.bleague.jp/roster/?year=2026&club=716&c=日本&e=在籍中&o=sort,2026-09-30
B32W2S0068,河田チリジ 選手プロフィール,B.LEAGUE,https://www.bleague.jp/roster_detail/?PlayerID=9369,2026-09-30
B32W2S0069,東海林奨 選手プロフィール,B.LEAGUE,https://www.bleague.jp/roster_detail/?PlayerID=51000239,2026-09-30
B32W3S0001,トビンマーカス海舟 選手プロフィール,B.LEAGUE,https://www.bleague.jp/roster_detail/?PlayerID=5100000087,2026-09-30
B32W3S0002,B.LEAGUE 順位表 2021-22（B1）,B.LEAGUE,https://www.bleague.jp/standings/?year=2021&tab=1,2026-09-30
B32W3S0003,B.LEAGUE 順位表 2022-23（B1）,B.LEAGUE,https://www.bleague.jp/standings/?year=2022&tab=1,2026-09-30
B32W3S0004,B.LEAGUE 順位表 2023-24（B1）,B.LEAGUE,https://www.bleague.jp/standings/?year=2023&tab=1,2026-09-30
B32W3S0005,B.LEAGUE 順位表 2025-26（B2）,B.LEAGUE,https://www.bleague.jp/standings/?year=2025&tab=2,2026-09-30
B32W3S0006,B.LEAGUE 順位表 2026-27（tab=1）,B.LEAGUE,https://www.bleague.jp/standings/?year=2026&tab=1,2026-09-30
B32W3S0007,B.LEAGUE 選手一覧 2026-27（信州、日本、在籍中）,B.LEAGUE,https://www.bleague.jp/roster/?year=2026&club=716&c=日本&e=在籍中&o=sort,2026-09-30
B32W3S0008,エリエット・ドンリー 選手プロフィール,B.LEAGUE,https://www.bleague.jp/roster_detail/?PlayerID=32984,2026-09-30
B32W3S0009,B.LEAGUE 順位表 2020-21（B1）,B.LEAGUE,https://www.bleague.jp/standings/?year=2020&tab=1,2026-09-30
B32W3S0010,金田龍弥 選手プロフィール,B.LEAGUE,https://www.bleague.jp/roster_detail/?PlayerID=5100000031,2026-09-30
B32W3S0011,B.LEAGUE 順位表 2020-21（B2）,B.LEAGUE,https://www.bleague.jp/standings/?year=2020&tab=2,2026-09-30
B32W3S0012,B.LEAGUE 選手一覧 2026-27（神戸、日本、在籍中）,B.LEAGUE,https://www.bleague.jp/roster/?year=2026&club=718&c=日本&e=在籍中&o=sort,2026-09-30
B32W3S0013,木村圭吾 選手プロフィール,B.LEAGUE,https://www.bleague.jp/roster_detail/?PlayerID=5100000066,2026-09-30
B32W3S0014,B.LEAGUE 順位表 2024-25（B2）,B.LEAGUE,https://www.bleague.jp/standings/?year=2024&tab=2,2026-09-30
B32W3S0015,寺園脩斗 選手プロフィール,B.LEAGUE,https://www.bleague.jp/roster_detail/?PlayerID=18148,2026-09-30
B32W3S0016,B.LEAGUE 順位表 2018-19（B1）,B.LEAGUE,https://www.bleague.jp/standings/?year=2018&tab=1,2026-09-30
B32W3S0017,道原紀晃 選手プロフィール,B.LEAGUE,https://www.bleague.jp/roster_detail/?PlayerID=8538,2026-09-30
B32W3S0018,B.LEAGUE 順位表 2016-17（B2）,B.LEAGUE,https://www.bleague.jp/standings/?year=2016&tab=2,2026-09-30
B32W3S0019,中島三千哉 選手プロフィール,B.LEAGUE,https://www.bleague.jp/roster_detail/?PlayerID=51000547,2026-09-30
B32W3S0020,中野司 選手プロフィール,B.LEAGUE,https://www.bleague.jp/roster_detail/?PlayerID=20031,2026-09-30
B32W3S0021,山口颯斗 選手プロフィール,B.LEAGUE,https://www.bleague.jp/roster_detail/?PlayerID=30437,2026-09-30
B32W3S0022,B.LEAGUE 順位表 2019-20（B1）,B.LEAGUE,https://www.bleague.jp/standings/?year=2019&tab=1,2026-09-30
B32W3S0023,B.LEAGUE 順位表 2024-25（B1）,B.LEAGUE,https://www.bleague.jp/standings/?year=2024&tab=1,2026-09-30
B32W3S0024,新井翔太 選手プロフィール,B.LEAGUE,https://www.bleague.jp/roster_detail/?PlayerID=51000603,2026-09-30
B32W3S0025,B.LEAGUE 順位表 2025-26（B1）,B.LEAGUE,https://www.bleague.jp/standings/?year=2025&tab=1,2026-09-30
B32W3S0026,B.LEAGUE 選手一覧 2026-27（島根、日本、在籍中）,B.LEAGUE,https://www.bleague.jp/roster/?year=2026&club=720&c=日本&e=在籍中&o=sort,2026-09-30
B32W3S0027,井上宗一郎 選手プロフィール,B.LEAGUE,https://www.bleague.jp/roster_detail/?PlayerID=15815,2026-09-30
B32W3S0028,B.LEAGUE 順位表 2017-18（B2）,B.LEAGUE,https://www.bleague.jp/standings/?year=2017&tab=2,2026-09-30
B32W3S0029,B.LEAGUE 順位表 2023-24（B2）,B.LEAGUE,https://www.bleague.jp/standings/?year=2023&tab=2,2026-09-30
B32W3S0030,北川弘 選手プロフィール,B.LEAGUE,https://www.bleague.jp/roster_detail/?PlayerID=8532,2026-09-30
B32W3S0031,B.LEAGUE 順位表 2018-19（B2）,B.LEAGUE,https://www.bleague.jp/standings/?year=2018&tab=2,2026-09-30
B32W3S0032,中村太地 選手プロフィール,B.LEAGUE,https://www.bleague.jp/roster_detail/?PlayerID=10821,2026-09-30
B32W3S0033,B.LEAGUE 順位表 2016-17（B1）,B.LEAGUE,https://www.bleague.jp/standings/?year=2016&tab=1,2026-09-30
B32W3S0034,B.LEAGUE 順位表 2017-18（B1）,B.LEAGUE,https://www.bleague.jp/standings/?year=2017&tab=1,2026-09-30
B32W3S0035,晴山ケビン 選手プロフィール,B.LEAGUE,https://www.bleague.jp/roster_detail/?PlayerID=8483,2026-09-30
B32W3S0036,B.LEAGUE 選手一覧 2026-27（広島、日本、在籍中）,B.LEAGUE,https://www.bleague.jp/roster/?year=2026&club=721&c=日本&e=在籍中&o=sort,2026-09-30
B32W3S0037,松野遥弥 選手プロフィール,B.LEAGUE,https://www.bleague.jp/roster_detail/?PlayerID=51000563,2026-09-30
B32W3S0038,三谷桂司朗 選手プロフィール,B.LEAGUE,https://www.bleague.jp/roster_detail/?PlayerID=30396,2026-09-30
B32W3S0039,B.LEAGUE 順位表 2019-20（B2）,B.LEAGUE,https://www.bleague.jp/standings/?year=2019&tab=2,2026-09-30
B32W3S0040,メイヨニック 選手プロフィール,B.LEAGUE,https://www.bleague.jp/roster_detail/?PlayerID=26890,2026-09-30
B32W3S0041,山崎稜 選手プロフィール,B.LEAGUE,https://www.bleague.jp/roster_detail/?PlayerID=8504,2026-09-30
B32W3S0042,ロバーツケイン 選手プロフィール,B.LEAGUE,https://www.bleague.jp/roster_detail/?PlayerID=33040,2026-09-30
B32W3S0043,大庭圭太郎 選手プロフィール,B.LEAGUE,https://www.bleague.jp/roster_detail/?PlayerID=51000311,2026-09-30
B32W3S0044,B.LEAGUE 選手一覧 2026-27（東京SR、日本、在籍中）,B.LEAGUE,https://www.bleague.jp/roster/?year=2026&club=726&c=日本&e=在籍中&o=sort,2026-09-30
B32W3S0045,狩野富成 選手プロフィール,B.LEAGUE,https://www.bleague.jp/roster_detail/?PlayerID=42616,2026-09-30
B32W3S0046,B.LEAGUE 順位表 2023-24（B3）,B.LEAGUE,https://www.bleague.jp/standings/?year=2023&tab=3,2026-09-30
B32W3S0047,永吉佑也 選手プロフィール,B.LEAGUE,https://www.bleague.jp/roster_detail/?PlayerID=8493,2026-09-30
B32W3S0048,B.LEAGUE 順位表 2022-23（B2）,B.LEAGUE,https://www.bleague.jp/standings/?year=2022&tab=2,2026-09-30
B32W3S0049,野﨑零也 選手プロフィール,B.LEAGUE,https://www.bleague.jp/roster_detail/?PlayerID=15853,2026-09-30
B32W3S0050,B.LEAGUE 順位表 2021-22（B2）,B.LEAGUE,https://www.bleague.jp/standings/?year=2021&tab=2,2026-09-30
B32W3S0051,ベンドラメ礼生 選手プロフィール,B.LEAGUE,https://www.bleague.jp/roster_detail/?PlayerID=8447,2026-09-30
B32W3S0052,ジョシュ・ホーキンソン 選手プロフィール,B.LEAGUE,https://www.bleague.jp/roster_detail/?PlayerID=12598,2026-09-30
B32W3S0053,山際爽吾 選手プロフィール,B.LEAGUE,https://www.bleague.jp/roster_detail/?PlayerID=49493,2026-09-30
B32W3S0054,B.LEAGUE 順位表 2024-25（B3）,B.LEAGUE,https://www.bleague.jp/standings/?year=2024&tab=3,2026-09-30
B32W3S0055,山﨑一渉 選手プロフィール,B.LEAGUE,https://www.bleague.jp/roster_detail/?PlayerID=11309,2026-09-30
B32W3S0056,荒谷裕秀 選手プロフィール,B.LEAGUE,https://www.bleague.jp/roster_detail/?PlayerID=5100000012,2026-09-30
B32W3S0057,B.LEAGUE 選手一覧 2026-27（川崎、日本、在籍中）,B.LEAGUE,https://www.bleague.jp/roster/?year=2026&club=727&c=日本&e=在籍中&o=sort,2026-09-30
B32W3S0058,伊久江ロイ英輝 選手プロフィール,B.LEAGUE,https://www.bleague.jp/roster_detail/?PlayerID=51000491,2026-09-30
B32W3S0059,アレックス・カーク 選手プロフィール,B.LEAGUE,https://www.bleague.jp/roster_detail/?PlayerID=12582,2026-09-30
B32W3S0060,津山尚大 選手プロフィール,B.LEAGUE,https://www.bleague.jp/roster_detail/?PlayerID=8654,2026-09-30
B32W3S0061,長谷川技 選手プロフィール,B.LEAGUE,https://www.bleague.jp/roster_detail/?PlayerID=8492,2026-09-30
B32W3S0062,石井講祐 選手プロフィール,B.LEAGUE,https://www.bleague.jp/roster_detail/?PlayerID=8583,2026-09-30
B32W3S0063,B.LEAGUE 選手一覧 2026-27（三河、日本、在籍中）,B.LEAGUE,https://www.bleague.jp/roster/?year=2026&club=728&c=日本&e=在籍中&o=sort,2026-09-30
B32W3S0064,久保田義章 選手プロフィール,B.LEAGUE,https://www.bleague.jp/roster_detail/?PlayerID=30469,2026-09-30
B32W3S0065,トーマス・ケネディ 選手プロフィール,B.LEAGUE,https://www.bleague.jp/roster_detail/?PlayerID=8608,2026-09-30
B32W3S0066,小阪彰久 選手プロフィール,B.LEAGUE,https://www.bleague.jp/roster_detail/?PlayerID=9283,2026-09-30
B32W3S0067,B.LEAGUE 順位表 2016-17（B3）,B.LEAGUE,https://www.bleague.jp/standings/?year=2016&tab=3,2026-09-30
B32W3S0068,須田侑太郎 選手プロフィール,B.LEAGUE,https://www.bleague.jp/roster_detail/?PlayerID=8494,2026-09-30
B32W3S0069,長野誠史 選手プロフィール,B.LEAGUE,https://www.bleague.jp/roster_detail/?PlayerID=18399,2026-09-30
B32W3S0070,今村佳太 選手プロフィール,B.LEAGUE,https://www.bleague.jp/roster_detail/?PlayerID=14302,2026-09-30
B32W3S0071,B.LEAGUE 選手一覧 2026-27（名古屋D、日本、在籍中）,B.LEAGUE,https://www.bleague.jp/roster/?year=2026&club=729&c=日本&e=在籍中&o=sort,2026-09-30
B32W3S0072,加藤嵩都 選手プロフィール,B.LEAGUE,https://www.bleague.jp/roster_detail/?PlayerID=51000119,2026-09-30
B32W4S0001,中東泰斗 選手プロフィール,B.LEAGUE,https://www.bleague.jp/roster_detail/?PlayerID=8516,2026-09-30
B32W4S0002,B.LEAGUE 順位表 2016-17（B1）,B.LEAGUE,https://www.bleague.jp/standings/?year=2016&tab=1,2026-09-30
B32W4S0003,B.LEAGUE 選手一覧 2026-27（名古屋D、日本、在籍中）,B.LEAGUE,https://www.bleague.jp/roster/?year=2026&club=729&c=日本&e=在籍中&o=sort,2026-09-30
B32W4S0004,ジェイク幸輝・ホルツ 選手プロフィール,B.LEAGUE,https://www.bleague.jp/roster_detail/?PlayerID=51000499,2026-09-30
B32W4S0005,B.LEAGUE 順位表 2025-26（B1）,B.LEAGUE,https://www.bleague.jp/standings/?year=2025&tab=1,2026-09-30
B32W4S0006,アイザイア・マーフィー 選手プロフィール,B.LEAGUE,https://www.bleague.jp/roster_detail/?PlayerID=32995,2026-09-30
B32W4S0007,B.LEAGUE 順位表 2020-21（B1）,B.LEAGUE,https://www.bleague.jp/standings/?year=2020&tab=1,2026-09-30
B32W4S0008,B.LEAGUE 順位表 2024-25（B1）,B.LEAGUE,https://www.bleague.jp/standings/?year=2024&tab=1,2026-09-30
B32W4S0009,若野瑛太 選手プロフィール,B.LEAGUE,https://www.bleague.jp/roster_detail/?PlayerID=51000305,2026-09-30
B32W4S0010,B.LEAGUE 順位表 2023-24（B1）,B.LEAGUE,https://www.bleague.jp/standings/?year=2023&tab=1,2026-09-30
B32W4S0011,井上諒汰 選手プロフィール,B.LEAGUE,https://www.bleague.jp/roster_detail/?PlayerID=26888,2026-09-30
B32W4S0012,B.LEAGUE 順位表 2019-20（B3）,B.LEAGUE,https://www.bleague.jp/standings/?year=2019&tab=3,2026-09-30
B32W4S0013,B.LEAGUE 選手一覧 2026-27（佐賀、日本、在籍中）,B.LEAGUE,https://www.bleague.jp/roster/?year=2026&club=1638&c=日本&e=在籍中&o=sort,2026-09-30
B32W4S0014,岸田篤生 選手プロフィール,B.LEAGUE,https://www.bleague.jp/roster_detail/?PlayerID=18461,2026-09-30
B32W4S0015,B.LEAGUE 順位表 2018-19（B1）,B.LEAGUE,https://www.bleague.jp/standings/?year=2018&tab=1,2026-09-30
B32W4S0016,B.LEAGUE 順位表 2019-20（B2）,B.LEAGUE,https://www.bleague.jp/standings/?year=2019&tab=2,2026-09-30
B32W4S0017,B.LEAGUE 順位表 2021-22（B2）,B.LEAGUE,https://www.bleague.jp/standings/?year=2021&tab=2,2026-09-30
B32W4S0018,角田太輝 選手プロフィール,B.LEAGUE,https://www.bleague.jp/roster_detail/?PlayerID=51000111,2026-09-30
B32W4S0019,武富楓太 選手プロフィール,B.LEAGUE,https://www.bleague.jp/roster_detail/?PlayerID=51000604,2026-09-30
B32W4S0020,富山仁貴 選手プロフィール,B.LEAGUE,https://www.bleague.jp/roster_detail/?PlayerID=51000440,2026-09-30
B32W4S0021,橋本晃佑 選手プロフィール,B.LEAGUE,https://www.bleague.jp/roster_detail/?PlayerID=8496,2026-09-30
B32W4S0022,B.LEAGUE 順位表 2021-22（B1）,B.LEAGUE,https://www.bleague.jp/standings/?year=2021&tab=1,2026-09-30
B32W4S0023,B.LEAGUE 順位表 2024-25（B2）,B.LEAGUE,https://www.bleague.jp/standings/?year=2024&tab=2,2026-09-30
B32W4S0024,青木ブレイク 選手プロフィール,B.LEAGUE,https://www.bleague.jp/roster_detail/?PlayerID=10885,2026-09-30
B32W4S0025,B.LEAGUE 順位表 2017-18（B1）,B.LEAGUE,https://www.bleague.jp/standings/?year=2017&tab=1,2026-09-30
B32W4S0026,B.LEAGUE 順位表 2020-21（B3）,B.LEAGUE,https://www.bleague.jp/standings/?year=2020&tab=3,2026-09-30
B32W4S0027,B.LEAGUE 順位表 2021-22（B3）,B.LEAGUE,https://www.bleague.jp/standings/?year=2021&tab=3,2026-09-30
B32W4S0028,B.LEAGUE 順位表 2022-23（B3）,B.LEAGUE,https://www.bleague.jp/standings/?year=2022&tab=3,2026-09-30
B32W4S0029,B.LEAGUE 順位表 2023-24（B3）,B.LEAGUE,https://www.bleague.jp/standings/?year=2023&tab=3,2026-09-30
B32W4S0030,B.LEAGUE 順位表 2026-27（tab=1）,B.LEAGUE,https://www.bleague.jp/standings/?year=2026&tab=1,2026-09-30
B32W4S0031,B.LEAGUE 選手一覧 2026-27（A千葉、日本、在籍中）,B.LEAGUE,https://www.bleague.jp/roster/?year=2026&club=2486&c=日本&e=在籍中&o=sort,2026-09-30
B32W4S0032,エヴァンスルーク 選手プロフィール,B.LEAGUE,https://www.bleague.jp/roster_detail/?PlayerID=9418,2026-09-30
B32W4S0033,B.LEAGUE 順位表 2016-17（B2）,B.LEAGUE,https://www.bleague.jp/standings/?year=2016&tab=2,2026-09-30
B32W4S0034,B.LEAGUE 順位表 2017-18（B2）,B.LEAGUE,https://www.bleague.jp/standings/?year=2017&tab=2,2026-09-30
B32W4S0035,B.LEAGUE 順位表 2018-19（B3）,B.LEAGUE,https://www.bleague.jp/standings/?year=2018&tab=3,2026-09-30
B32W4S0036,木田貴明 選手プロフィール,B.LEAGUE,https://www.bleague.jp/roster_detail/?PlayerID=15750,2026-09-30
B32W4S0037,B.LEAGUE 順位表 2022-23（B2）,B.LEAGUE,https://www.bleague.jp/standings/?year=2022&tab=2,2026-09-30
B32W4S0038,熊谷尚也 選手プロフィール,B.LEAGUE,https://www.bleague.jp/roster_detail/?PlayerID=8498,2026-09-30
B32W4S0039,B.LEAGUE 順位表 2019-20（B1）,B.LEAGUE,https://www.bleague.jp/standings/?year=2019&tab=1,2026-09-30
B32W4S0040,B.LEAGUE 順位表 2023-24（B2）,B.LEAGUE,https://www.bleague.jp/standings/?year=2023&tab=2,2026-09-30
B32W4S0041,黒川虎徹 選手プロフィール,B.LEAGUE,https://www.bleague.jp/roster_detail/?PlayerID=51000359,2026-09-30
B32W4S0042,杉本慶 選手プロフィール,B.LEAGUE,https://www.bleague.jp/roster_detail/?PlayerID=8520,2026-09-30
B32W4S0043,長谷川智也 選手プロフィール,B.LEAGUE,https://www.bleague.jp/roster_detail/?PlayerID=8594,2026-09-30
B32W4S0044,B.LEAGUE 順位表 2020-21（B2）,B.LEAGUE,https://www.bleague.jp/standings/?year=2020&tab=2,2026-09-30
B32W4S0045,大友隆太郎 選手プロフィール,B.LEAGUE,https://www.bleague.jp/roster_detail/?PlayerID=10872,2026-09-30
B32W4S0046,B.LEAGUE 順位表 2025-26（B3）,B.LEAGUE,https://www.bleague.jp/standings/?year=2025&tab=3,2026-09-30
B32W4S0047,B.LEAGUE 選手一覧 2026-27（長崎、日本、在籍中）,B.LEAGUE,https://www.bleague.jp/roster/?year=2026&club=2488&c=日本&e=在籍中&o=sort,2026-09-30
B32W4S0048,髙比良寛治 選手プロフィール,B.LEAGUE,https://www.bleague.jp/roster_detail/?PlayerID=12605,2026-09-30
B32W4S0049,B.LEAGUE 順位表 2017-18（B3）,B.LEAGUE,https://www.bleague.jp/standings/?year=2017&tab=3,2026-09-30
B32W4S0050,B.LEAGUE 順位表 2018-19（B2）,B.LEAGUE,https://www.bleague.jp/standings/?year=2018&tab=2,2026-09-30
B32W4S0051,田中流嘉州 選手プロフィール,B.LEAGUE,https://www.bleague.jp/roster_detail/?PlayerID=51000590,2026-09-30
B32W4S0052,土屋アリスター時生 選手プロフィール,B.LEAGUE,https://www.bleague.jp/roster_detail/?PlayerID=10258,2026-09-30
B32W4S0053,B.LEAGUE 順位表 2022-23（B1）,B.LEAGUE,https://www.bleague.jp/standings/?year=2022&tab=1,2026-09-30
B32W4S0054,永野威旺 選手プロフィール,B.LEAGUE,https://www.bleague.jp/roster_detail/?PlayerID=51000344,2026-09-30
B32W4S0055,B.LEAGUE 順位表 2025-26（B2）,B.LEAGUE,https://www.bleague.jp/standings/?year=2025&tab=2,2026-09-30
B32W4S0056,森川正明 選手プロフィール,B.LEAGUE,https://www.bleague.jp/roster_detail/?PlayerID=9405,2026-09-30
B33W1S0001,會田圭佑 選手プロフィール,B.LEAGUE,https://www.bleague.jp/roster_detail/?PlayerID=10824,2026-09-30
B33W1S0002,B.LEAGUE 順位表 2016-17（B2）,B.LEAGUE,https://www.bleague.jp/standings/?year=2016&tab=2,2026-09-30
B33W1S0003,B.LEAGUE 順位表 2019-20（B1）,B.LEAGUE,https://www.bleague.jp/standings/?year=2019&tab=1,2026-09-30
B33W1S0004,B.LEAGUE 順位表 2020-21（B1）,B.LEAGUE,https://www.bleague.jp/standings/?year=2020&tab=1,2026-09-30
B33W1S0005,B.LEAGUE 順位表 2022-23（B2）,B.LEAGUE,https://www.bleague.jp/standings/?year=2022&tab=2,2026-09-30
B33W1S0006,B.LEAGUE 順位表 2024-25（B2）,B.LEAGUE,https://www.bleague.jp/standings/?year=2024&tab=2,2026-09-30
B33W1S0007,B.LEAGUE 順位表 2026-27（tab=2）,B.LEAGUE,https://www.bleague.jp/standings/?year=2026&tab=2,2026-09-30
B33W1S0008,B.LEAGUE 選手一覧 2026-27（青森、日本、在籍中）,B.LEAGUE,https://www.bleague.jp/roster/?tab=2&year=2026&club=708&c=日本&e=在籍中&o=sort,2026-09-30
B33W1S0009,岡部雅大 選手プロフィール,B.LEAGUE,https://www.bleague.jp/roster_detail/?PlayerID=51000388,2026-09-30
B33W1S0010,B.LEAGUE 順位表 2024-25（B1）,B.LEAGUE,https://www.bleague.jp/standings/?year=2024&tab=1,2026-09-30
B33W1S0011,B.LEAGUE 順位表 2025-26（B2）,B.LEAGUE,https://www.bleague.jp/standings/?year=2025&tab=2,2026-09-30
B33W1S0012,小川大新 選手プロフィール,B.LEAGUE,https://www.bleague.jp/roster_detail/?PlayerID=51000614,2026-09-30
B33W1S0013,小室昂大 選手プロフィール,B.LEAGUE,https://www.bleague.jp/roster_detail/?PlayerID=51000109,2026-09-30
B33W1S0014,B.LEAGUE 順位表 2021-22（B1）,B.LEAGUE,https://www.bleague.jp/standings/?year=2021&tab=1,2026-09-30
B33W1S0015,佐藤大介 選手プロフィール,B.LEAGUE,https://www.bleague.jp/roster_detail/?PlayerID=51000253,2026-09-30
B33W1S0016,高橋昌也 選手プロフィール,B.LEAGUE,https://www.bleague.jp/roster_detail/?PlayerID=51000613,2026-09-30
B33W1S0017,鍋田隆征 選手プロフィール,B.LEAGUE,https://www.bleague.jp/roster_detail/?PlayerID=51000375,2026-09-30
B33W1S0018,B.LEAGUE 順位表 2023-24（B2）,B.LEAGUE,https://www.bleague.jp/standings/?year=2023&tab=2,2026-09-30
B33W1S0019,石川晴道 選手プロフィール,B.LEAGUE,https://www.bleague.jp/roster_detail/?PlayerID=39533,2026-09-30
B33W1S0020,B.LEAGUE 順位表 2021-22（B3）,B.LEAGUE,https://www.bleague.jp/standings/?year=2021&tab=3,2026-09-30
B33W1S0021,B.LEAGUE 順位表 2022-23（B3）,B.LEAGUE,https://www.bleague.jp/standings/?year=2022&tab=3,2026-09-30
B33W1S0022,B.LEAGUE 選手一覧 2026-27（岩手、日本、在籍中）,B.LEAGUE,https://www.bleague.jp/roster/?tab=2&year=2026&club=709&c=日本&e=在籍中&o=sort,2026-09-30
B33W1S0023,臼井弘樹 選手プロフィール,B.LEAGUE,https://www.bleague.jp/roster_detail/?PlayerID=18170,2026-09-30
B33W1S0024,B.LEAGUE 順位表 2018-19（B2）,B.LEAGUE,https://www.bleague.jp/standings/?year=2018&tab=2,2026-09-30
B33W1S0025,B.LEAGUE 順位表 2019-20（B2）,B.LEAGUE,https://www.bleague.jp/standings/?year=2019&tab=2,2026-09-30
B33W1S0026,B.LEAGUE 順位表 2021-22（B2）,B.LEAGUE,https://www.bleague.jp/standings/?year=2021&tab=2,2026-09-30
B33W1S0027,後藤翔平 選手プロフィール,B.LEAGUE,https://www.bleague.jp/roster_detail/?PlayerID=9264,2026-09-30
B33W1S0028,B.LEAGUE 順位表 2016-17（B3）,B.LEAGUE,https://www.bleague.jp/standings/?year=2016&tab=3,2026-09-30
B33W1S0029,B.LEAGUE 順位表 2017-18（B1）,B.LEAGUE,https://www.bleague.jp/standings/?year=2017&tab=1,2026-09-30
B33W1S0030,佐伯崚介 選手プロフィール,B.LEAGUE,https://www.bleague.jp/roster_detail/?PlayerID=51000594,2026-09-30
B33W1S0031,関屋心 選手プロフィール,B.LEAGUE,https://www.bleague.jp/roster_detail/?PlayerID=51000330,2026-09-30
B33W1S0032,門馬圭二郎 選手プロフィール,B.LEAGUE,https://www.bleague.jp/roster_detail/?PlayerID=10877,2026-09-30
B33W1S0033,B.LEAGUE 順位表 2016-17（B1）,B.LEAGUE,https://www.bleague.jp/standings/?year=2016&tab=1,2026-09-30
B33W1S0034,B.LEAGUE 順位表 2017-18（B2）,B.LEAGUE,https://www.bleague.jp/standings/?year=2017&tab=2,2026-09-30
B33W1S0035,山崎凜 選手プロフィール,B.LEAGUE,https://www.bleague.jp/roster_detail/?PlayerID=51000190,2026-09-30
B33W1S0036,阿部龍星 選手プロフィール,B.LEAGUE,https://www.bleague.jp/roster_detail/?PlayerID=51000097,2026-09-30
B33W1S0037,B.LEAGUE 選手一覧 2026-27（山形、日本、在籍中）,B.LEAGUE,https://www.bleague.jp/roster/?tab=2&year=2026&club=710&c=日本&e=在籍中&o=sort,2026-09-30
B33W1S0038,伊集貴也 選手プロフィール,B.LEAGUE,https://www.bleague.jp/roster_detail/?PlayerID=18174,2026-09-30
B33W1S0039,B.LEAGUE 順位表 2025-26（B3）,B.LEAGUE,https://www.bleague.jp/standings/?year=2025&tab=3,2026-09-30
B33W1S0040,大森康瑛 選手プロフィール,B.LEAGUE,https://www.bleague.jp/roster_detail/?PlayerID=55000162,2026-09-30
B33W1S0041,B.LEAGUE 順位表 2023-24（B1）,B.LEAGUE,https://www.bleague.jp/standings/?year=2023&tab=1,2026-09-30
B33W1S0042,樋口蒼生 選手プロフィール,B.LEAGUE,https://www.bleague.jp/roster_detail/?PlayerID=46255,2026-09-30
B33W1S0043,B.LEAGUE 順位表 2024-25（B3）,B.LEAGUE,https://www.bleague.jp/standings/?year=2024&tab=3,2026-09-30
B33W1S0044,広瀬翔一 選手プロフィール,B.LEAGUE,https://www.bleague.jp/roster_detail/?PlayerID=49519,2026-09-30
B33W1S0045,村上慎也 選手プロフィール,B.LEAGUE,https://www.bleague.jp/roster_detail/?PlayerID=8674,2026-09-30
B33W1S0046,大久保友貴 選手プロフィール,B.LEAGUE,https://www.bleague.jp/roster_detail/?PlayerID=51000507,2026-09-30
B33W1S0047,B.LEAGUE 選手一覧 2026-27（福島、日本、在籍中）,B.LEAGUE,https://www.bleague.jp/roster/?tab=2&year=2026&club=711&c=日本&e=在籍中&o=sort,2026-09-30
B33W1S0048,新川敬大 選手プロフィール,B.LEAGUE,https://www.bleague.jp/roster_detail/?PlayerID=15824,2026-09-30
B33W1S0049,B.LEAGUE 順位表 2020-21（B3）,B.LEAGUE,https://www.bleague.jp/standings/?year=2020&tab=3,2026-09-30
B33W1S0050,アキ・チェンバース 選手プロフィール,B.LEAGUE,https://www.bleague.jp/roster_detail/?PlayerID=8448,2026-09-30
B33W1S0051,益子拓己 選手プロフィール,B.LEAGUE,https://www.bleague.jp/roster_detail/?PlayerID=51000233,2026-09-30
B33W1S0052,B.LEAGUE 順位表 2022-23（B1）,B.LEAGUE,https://www.bleague.jp/standings/?year=2022&tab=1,2026-09-30
B33W1S0053,森田雄次 選手プロフィール,B.LEAGUE,https://www.bleague.jp/roster_detail/?PlayerID=33026,2026-09-30
B33W1S0054,B.LEAGUE 順位表 2020-21（B2）,B.LEAGUE,https://www.bleague.jp/standings/?year=2020&tab=2,2026-09-30
B33W1S0055,B.LEAGUE 順位表 2025-26（B1）,B.LEAGUE,https://www.bleague.jp/standings/?year=2025&tab=1,2026-09-30
B33W1S0056,米山ジャバ偉生 選手プロフィール,B.LEAGUE,https://www.bleague.jp/roster_detail/?PlayerID=51000251,2026-09-30
B33W1S0057,ワイリー光希スカイ 選手プロフィール,B.LEAGUE,https://www.bleague.jp/roster_detail/?PlayerID=51000275,2026-09-30
B33W1S0058,渡邊翔太 選手プロフィール,B.LEAGUE,https://www.bleague.jp/roster_detail/?PlayerID=8552,2026-09-30
B33W1S0059,B.LEAGUE 順位表 2018-19（B1）,B.LEAGUE,https://www.bleague.jp/standings/?year=2018&tab=1,2026-09-30
B33W1S0060,池田祐一 選手プロフィール,B.LEAGUE,https://www.bleague.jp/roster_detail/?PlayerID=5100000006,2026-09-30
B33W1S0061,B.LEAGUE 選手一覧 2026-27（越谷、日本、在籍中）,B.LEAGUE,https://www.bleague.jp/roster/?tab=2&year=2026&club=745&c=日本&e=在籍中&o=sort,2026-09-30
B33W1S0062,鎌田裕也 選手プロフィール,B.LEAGUE,https://www.bleague.jp/roster_detail/?PlayerID=8489,2026-09-30
B33W1S0063,四家魁人 選手プロフィール,B.LEAGUE,https://www.bleague.jp/roster_detail/?PlayerID=51000285,2026-09-30
B33W1S0064,ジャワラジョゼフ 選手プロフィール,B.LEAGUE,https://www.bleague.jp/roster_detail/?PlayerID=30463,2026-09-30
B33W1S0065,B.LEAGUE 順位表 2023-24（B3）,B.LEAGUE,https://www.bleague.jp/standings/?year=2023&tab=3,2026-09-30
B33W1S0066,菅原暉 選手プロフィール,B.LEAGUE,https://www.bleague.jp/roster_detail/?PlayerID=32953,2026-09-30
B33W1S0067,ダマムッサ 選手プロフィール,B.LEAGUE,https://www.bleague.jp/roster_detail/?PlayerID=27048,2026-09-30
B33W1S0068,B.LEAGUE 順位表 2019-20（B3）,B.LEAGUE,https://www.bleague.jp/standings/?year=2019&tab=3,2026-09-30
B33W1S0069,三ツ井利也 選手プロフィール,B.LEAGUE,https://www.bleague.jp/roster_detail/?PlayerID=10842,2026-09-30
B33W1S0070,川邉亮平 選手プロフィール,B.LEAGUE,https://www.bleague.jp/roster_detail/?PlayerID=10880,2026-09-30
B33W1S0071,B.LEAGUE 選手一覧 2026-27（埼玉、日本、在籍中）,B.LEAGUE,https://www.bleague.jp/roster/?tab=2&year=2026&club=744&c=日本&e=在籍中&o=sort,2026-09-30
B33W1S0072,栗原ルイス 選手プロフィール,B.LEAGUE,https://www.bleague.jp/roster_detail/?PlayerID=18428,2026-09-30
B33W1S0073,小西聖也 選手プロフィール,B.LEAGUE,https://www.bleague.jp/roster_detail/?PlayerID=51000117,2026-09-30
B33W1S0074,鈴木悠介 選手プロフィール,B.LEAGUE,https://www.bleague.jp/roster_detail/?PlayerID=30522,2026-09-30
B33W1S0075,長島蓮 選手プロフィール,B.LEAGUE,https://www.bleague.jp/roster_detail/?PlayerID=22395,2026-09-30
B33W2S0001,ポーグ健 選手プロフィール,B.LEAGUE,https://www.bleague.jp/roster_detail/?PlayerID=49520,2026-09-30
B33W2S0002,B.LEAGUE 順位表 2024-25（B3）,B.LEAGUE,https://www.bleague.jp/standings/?year=2024&tab=3,2026-09-30
B33W2S0003,B.LEAGUE 順位表 2026-27（tab=2）,B.LEAGUE,https://www.bleague.jp/standings/?year=2026&tab=2,2026-09-30
B33W2S0004,B.LEAGUE 選手一覧 2026-27（埼玉、日本、在籍中）,B.LEAGUE,https://www.bleague.jp/roster/?tab=2&year=2026&club=744&c=日本&e=在籍中&o=sort,2026-09-30
B33W2S0005,松下裕汰 選手プロフィール,B.LEAGUE,https://www.bleague.jp/roster_detail/?PlayerID=51000123,2026-09-30
B33W2S0006,B.LEAGUE 順位表 2021-22（B1）,B.LEAGUE,https://www.bleague.jp/standings/?year=2021&tab=1,2026-09-30
B33W2S0007,川島蓮 選手プロフィール,B.LEAGUE,https://www.bleague.jp/roster_detail/?PlayerID=40138,2026-09-30
B33W2S0008,B.LEAGUE 順位表 2022-23（B3）,B.LEAGUE,https://www.bleague.jp/standings/?year=2022&tab=3,2026-09-30
B33W2S0009,B.LEAGUE 選手一覧 2026-27（東京U、日本、在籍中）,B.LEAGUE,https://www.bleague.jp/roster/?tab=2&year=2026&club=2725&c=日本&e=在籍中&o=sort,2026-09-30
B33W2S0010,ストックマンJr.ケドリック 選手プロフィール,B.LEAGUE,https://www.bleague.jp/roster_detail/?PlayerID=33083,2026-09-30
B33W2S0011,B.LEAGUE 順位表 2020-21（B1）,B.LEAGUE,https://www.bleague.jp/standings/?year=2020&tab=1,2026-09-30
B33W2S0012,B.LEAGUE 順位表 2021-22（B2）,B.LEAGUE,https://www.bleague.jp/standings/?year=2021&tab=2,2026-09-30
B33W2S0013,B.LEAGUE 順位表 2023-24（B3）,B.LEAGUE,https://www.bleague.jp/standings/?year=2023&tab=3,2026-09-30
B33W2S0014,B.LEAGUE 順位表 2025-26（B3）,B.LEAGUE,https://www.bleague.jp/standings/?year=2025&tab=3,2026-09-30
B33W2S0015,田口暖 選手プロフィール,B.LEAGUE,https://www.bleague.jp/roster_detail/?PlayerID=9365,2026-09-30
B33W2S0016,B.LEAGUE 順位表 2016-17（B2）,B.LEAGUE,https://www.bleague.jp/standings/?year=2016&tab=2,2026-09-30
B33W2S0017,田中幸之介 選手プロフィール,B.LEAGUE,https://www.bleague.jp/roster_detail/?PlayerID=18412,2026-09-30
B33W2S0018,B.LEAGUE 順位表 2018-19（B3）,B.LEAGUE,https://www.bleague.jp/standings/?year=2018&tab=3,2026-09-30
B33W2S0019,B.LEAGUE 順位表 2019-20（B3）,B.LEAGUE,https://www.bleague.jp/standings/?year=2019&tab=3,2026-09-30
B33W2S0020,B.LEAGUE 順位表 2020-21（B3）,B.LEAGUE,https://www.bleague.jp/standings/?year=2020&tab=3,2026-09-30
B33W2S0021,B.LEAGUE 順位表 2021-22（B3）,B.LEAGUE,https://www.bleague.jp/standings/?year=2021&tab=3,2026-09-30
B33W2S0022,德川慎之介 選手プロフィール,B.LEAGUE,https://www.bleague.jp/roster_detail/?PlayerID=8666,2026-09-30
B33W2S0023,B.LEAGUE 順位表 2017-18（B2）,B.LEAGUE,https://www.bleague.jp/standings/?year=2017&tab=2,2026-09-30
B33W2S0024,B.LEAGUE 順位表 2020-21（B2）,B.LEAGUE,https://www.bleague.jp/standings/?year=2020&tab=2,2026-09-30
B33W2S0025,東宏輝 選手プロフィール,B.LEAGUE,https://www.bleague.jp/roster_detail/?PlayerID=15841,2026-09-30
B33W2S0026,B.LEAGUE 順位表 2017-18（B3）,B.LEAGUE,https://www.bleague.jp/standings/?year=2017&tab=3,2026-09-30
B33W2S0027,B.LEAGUE 順位表 2023-24（B1）,B.LEAGUE,https://www.bleague.jp/standings/?year=2023&tab=1,2026-09-30
B33W2S0028,古河ウェスリー 選手プロフィール,B.LEAGUE,https://www.bleague.jp/roster_detail/?PlayerID=39442,2026-09-30
B33W2S0029,石橋侑磨 選手プロフィール,B.LEAGUE,https://www.bleague.jp/roster_detail/?PlayerID=51000122,2026-09-30
B33W2S0030,B.LEAGUE 順位表 2023-24（B2）,B.LEAGUE,https://www.bleague.jp/standings/?year=2023&tab=2,2026-09-30
B33W2S0031,B.LEAGUE 順位表 2024-25（B1）,B.LEAGUE,https://www.bleague.jp/standings/?year=2024&tab=1,2026-09-30
B33W2S0032,B.LEAGUE 選手一覧 2026-27（東京Z、日本、在籍中）,B.LEAGUE,https://www.bleague.jp/roster/?tab=2&year=2026&club=715&c=日本&e=在籍中&o=sort,2026-09-30
B33W2S0033,金本一真 選手プロフィール,B.LEAGUE,https://www.bleague.jp/roster_detail/?PlayerID=51000221,2026-09-30
B33W2S0034,B.LEAGUE 順位表 2022-23（B1）,B.LEAGUE,https://www.bleague.jp/standings/?year=2022&tab=1,2026-09-30
B33W2S0035,喜志永修斗 選手プロフィール,B.LEAGUE,https://www.bleague.jp/roster_detail/?PlayerID=51000243,2026-09-30
B33W2S0036,木下大南帆 選手プロフィール,B.LEAGUE,https://www.bleague.jp/roster_detail/?PlayerID=49610,2026-09-30
B33W2S0037,ジュウイーサン龍英 選手プロフィール,B.LEAGUE,https://www.bleague.jp/roster_detail/?PlayerID=47100,2026-09-30
B33W2S0038,田中晴大 選手プロフィール,B.LEAGUE,https://www.bleague.jp/roster_detail/?PlayerID=49613,2026-09-30
B33W2S0039,福島ハリス慈音ウチェ 選手プロフィール,B.LEAGUE,https://www.bleague.jp/roster_detail/?PlayerID=51000548,2026-09-30
B33W2S0040,B.LEAGUE 順位表 2025-26（B2）,B.LEAGUE,https://www.bleague.jp/standings/?year=2025&tab=2,2026-09-30
B33W2S0041,吉田健太郎 選手プロフィール,B.LEAGUE,https://www.bleague.jp/roster_detail/?PlayerID=22393,2026-09-30
B33W2S0042,今西優斗 選手プロフィール,B.LEAGUE,https://www.bleague.jp/roster_detail/?PlayerID=51000222,2026-09-30
B33W2S0043,B.LEAGUE 選手一覧 2026-27（立川、日本、在籍中）,B.LEAGUE,https://www.bleague.jp/roster/?tab=2&year=2026&club=2727&c=日本&e=在籍中&o=sort,2026-09-30
B33W2S0044,上良潤起 選手プロフィール,B.LEAGUE,https://www.bleague.jp/roster_detail/?PlayerID=30444,2026-09-30
B33W2S0045,B.LEAGUE 順位表 2019-20（B2）,B.LEAGUE,https://www.bleague.jp/standings/?year=2019&tab=2,2026-09-30
B33W2S0046,B.LEAGUE 順位表 2024-25（B2）,B.LEAGUE,https://www.bleague.jp/standings/?year=2024&tab=2,2026-09-30
B33W2S0047,奥田雄伍 選手プロフィール,B.LEAGUE,https://www.bleague.jp/roster_detail/?PlayerID=30350,2026-09-30
B33W2S0048,小玉大智 選手プロフィール,B.LEAGUE,https://www.bleague.jp/roster_detail/?PlayerID=51000323,2026-09-30
B33W2S0049,長尾光輝 選手プロフィール,B.LEAGUE,https://www.bleague.jp/roster_detail/?PlayerID=40134,2026-09-30
B33W2S0050,野口侑真 選手プロフィール,B.LEAGUE,https://www.bleague.jp/roster_detail/?PlayerID=51000364,2026-09-30
B33W2S0051,蒔苗勇人 選手プロフィール,B.LEAGUE,https://www.bleague.jp/roster_detail/?PlayerID=51000346,2026-09-30
B33W2S0052,町井丈太 選手プロフィール,B.LEAGUE,https://www.bleague.jp/roster_detail/?PlayerID=40145,2026-09-30
B33W2S0053,エドワード・モリス 選手プロフィール,B.LEAGUE,https://www.bleague.jp/roster_detail/?PlayerID=9259,2026-09-30
B33W2S0054,B.LEAGUE 順位表 2016-17（B3）,B.LEAGUE,https://www.bleague.jp/standings/?year=2016&tab=3,2026-09-30
B33W2S0055,B.LEAGUE 順位表 2018-19（B1）,B.LEAGUE,https://www.bleague.jp/standings/?year=2018&tab=1,2026-09-30
B33W2S0056,大金広弥 選手プロフィール,B.LEAGUE,https://www.bleague.jp/roster_detail/?PlayerID=9262,2026-09-30
B33W2S0057,B.LEAGUE 選手一覧 2026-27（八王子、日本、在籍中）,B.LEAGUE,https://www.bleague.jp/roster/?tab=2&year=2026&club=749&c=日本&e=在籍中&o=sort,2026-09-30
B33W2S0058,神里和 選手プロフィール,B.LEAGUE,https://www.bleague.jp/roster_detail/?PlayerID=15855,2026-09-30
B33W2S0059,B.LEAGUE 順位表 2019-20（B1）,B.LEAGUE,https://www.bleague.jp/standings/?year=2019&tab=1,2026-09-30
B33W2S0060,B.LEAGUE 順位表 2022-23（B2）,B.LEAGUE,https://www.bleague.jp/standings/?year=2022&tab=2,2026-09-30
B33W2S0061,工藤貴哉 選手プロフィール,B.LEAGUE,https://www.bleague.jp/roster_detail/?PlayerID=51000249,2026-09-30
B33W2S0062,平凌輝 選手プロフィール,B.LEAGUE,https://www.bleague.jp/roster_detail/?PlayerID=51000434,2026-09-30
B33W2S0063,宮本龍世 選手プロフィール,B.LEAGUE,https://www.bleague.jp/roster_detail/?PlayerID=34615,2026-09-30
B33W2S0064,山本楓己 選手プロフィール,B.LEAGUE,https://www.bleague.jp/roster_detail/?PlayerID=51000322,2026-09-30
B33W2S0065,クーリバリセリンムルタラ 選手プロフィール,B.LEAGUE,https://www.bleague.jp/roster_detail/?PlayerID=55000957,2026-09-30
B33W2S0066,B.LEAGUE 選手一覧 2026-27（横浜EX、日本、在籍中）,B.LEAGUE,https://www.bleague.jp/roster/?tab=2&year=2026&club=714&c=日本&e=在籍中&o=sort,2026-09-30
B33W2S0067,シェイク・ケイタ 選手プロフィール,B.LEAGUE,https://www.bleague.jp/roster_detail/?PlayerID=46082,2026-09-30
B33W2S0068,古賀森人 選手プロフィール,B.LEAGUE,https://www.bleague.jp/roster_detail/?PlayerID=36857,2026-09-30
B33W2S0069,杉山裕介 選手プロフィール,B.LEAGUE,https://www.bleague.jp/roster_detail/?PlayerID=51000255,2026-09-30
B33W2S0070,長谷川比源 選手プロフィール,B.LEAGUE,https://www.bleague.jp/roster_detail/?PlayerID=51000452,2026-09-30
B33W2S0071,ザック・モーア 選手プロフィール,B.LEAGUE,https://www.bleague.jp/roster_detail/?PlayerID=5100000063,2026-09-30
B33W2S0072,アロン・レーガン 選手プロフィール,B.LEAGUE,https://www.bleague.jp/roster_detail/?PlayerID=51000664,2026-09-30
B33W2S0073,五十嵐圭 選手プロフィール,B.LEAGUE,https://www.bleague.jp/roster_detail/?PlayerID=8645,2026-09-30
B33W2S0074,B.LEAGUE 順位表 2016-17（B1）,B.LEAGUE,https://www.bleague.jp/standings/?year=2016&tab=1,2026-09-30
B33W2S0075,B.LEAGUE 選手一覧 2026-27（新潟、日本、在籍中）,B.LEAGUE,https://www.bleague.jp/roster/?tab=2&year=2026&club=695&c=日本&e=在籍中&o=sort,2026-09-30
B33W3S0001,大森尊之 選手プロフィール,B.LEAGUE,https://www.bleague.jp/roster_detail/?PlayerID=51000449,2026-09-30
B33W3S0002,B.LEAGUE 順位表 2024-25（B2）,B.LEAGUE,https://www.bleague.jp/standings/?year=2024&tab=2,2026-09-30
B33W3S0003,B.LEAGUE 順位表 2026-27（tab=2）,B.LEAGUE,https://www.bleague.jp/standings/?year=2026&tab=2,2026-09-30
B33W3S0004,B.LEAGUE 選手一覧 2026-27（新潟、日本、在籍中）,B.LEAGUE,https://www.bleague.jp/roster/?tab=2&year=2026&club=695&c=日本&e=在籍中&o=sort,2026-09-30
B33W3S0005,長谷川智伸 選手プロフィール,B.LEAGUE,https://www.bleague.jp/roster_detail/?PlayerID=8577,2026-09-30
B33W3S0006,B.LEAGUE 順位表 2016-17（B1）,B.LEAGUE,https://www.bleague.jp/standings/?year=2016&tab=1,2026-09-30
B33W3S0007,B.LEAGUE 順位表 2018-19（B1）,B.LEAGUE,https://www.bleague.jp/standings/?year=2018&tab=1,2026-09-30
B33W3S0008,B.LEAGUE 順位表 2019-20（B1）,B.LEAGUE,https://www.bleague.jp/standings/?year=2019&tab=1,2026-09-30
B33W3S0009,B.LEAGUE 順位表 2020-21（B2）,B.LEAGUE,https://www.bleague.jp/standings/?year=2020&tab=2,2026-09-30
B33W3S0010,B.LEAGUE 順位表 2021-22（B2）,B.LEAGUE,https://www.bleague.jp/standings/?year=2021&tab=2,2026-09-30
B33W3S0011,B.LEAGUE 順位表 2023-24（B3）,B.LEAGUE,https://www.bleague.jp/standings/?year=2023&tab=3,2026-09-30
B33W3S0012,B.LEAGUE 順位表 2025-26（B3）,B.LEAGUE,https://www.bleague.jp/standings/?year=2025&tab=3,2026-09-30
B33W3S0013,濵高康明 選手プロフィール,B.LEAGUE,https://www.bleague.jp/roster_detail/?PlayerID=20027,2026-09-30
B33W3S0014,B.LEAGUE 順位表 2018-19（B2）,B.LEAGUE,https://www.bleague.jp/standings/?year=2018&tab=2,2026-09-30
B33W3S0015,B.LEAGUE 順位表 2024-25（B3）,B.LEAGUE,https://www.bleague.jp/standings/?year=2024&tab=3,2026-09-30
B33W3S0016,濱田貴流馬 選手プロフィール,B.LEAGUE,https://www.bleague.jp/roster_detail/?PlayerID=30395,2026-09-30
B33W3S0017,B.LEAGUE 順位表 2019-20（B2）,B.LEAGUE,https://www.bleague.jp/standings/?year=2019&tab=2,2026-09-30
B33W3S0018,B.LEAGUE 順位表 2020-21（B3）,B.LEAGUE,https://www.bleague.jp/standings/?year=2020&tab=3,2026-09-30
B33W3S0019,星野曹樹 選手プロフィール,B.LEAGUE,https://www.bleague.jp/roster_detail/?PlayerID=30436,2026-09-30
B33W3S0020,B.LEAGUE 順位表 2022-23（B1）,B.LEAGUE,https://www.bleague.jp/standings/?year=2022&tab=1,2026-09-30
B33W3S0021,B.LEAGUE 順位表 2024-25（B1）,B.LEAGUE,https://www.bleague.jp/standings/?year=2024&tab=1,2026-09-30
B33W3S0022,堀内星夜 選手プロフィール,B.LEAGUE,https://www.bleague.jp/roster_detail/?PlayerID=40140,2026-09-30
B33W3S0023,B.LEAGUE 順位表 2022-23（B3）,B.LEAGUE,https://www.bleague.jp/standings/?year=2022&tab=3,2026-09-30
B33W3S0024,松井啓十郎 選手プロフィール,B.LEAGUE,https://www.bleague.jp/roster_detail/?PlayerID=9034,2026-09-30
B33W3S0025,B.LEAGUE 順位表 2017-18（B1）,B.LEAGUE,https://www.bleague.jp/standings/?year=2017&tab=1,2026-09-30
B33W3S0026,B.LEAGUE 順位表 2021-22（B1）,B.LEAGUE,https://www.bleague.jp/standings/?year=2021&tab=1,2026-09-30
B33W3S0027,丸山賢人 選手プロフィール,B.LEAGUE,https://www.bleague.jp/roster_detail/?PlayerID=11501,2026-09-30
B33W3S0028,石川響太郎 選手プロフィール,B.LEAGUE,https://www.bleague.jp/roster_detail/?PlayerID=51000606,2026-09-30
B33W3S0029,B.LEAGUE 順位表 2025-26（B2）,B.LEAGUE,https://www.bleague.jp/standings/?year=2025&tab=2,2026-09-30
B33W3S0030,B.LEAGUE 選手一覧 2026-27（金沢、日本、在籍中）,B.LEAGUE,https://www.bleague.jp/roster/?tab=2&year=2026&club=750&c=日本&e=在籍中&o=sort,2026-09-30
B33W3S0031,請田祐哉 選手プロフィール,B.LEAGUE,https://www.bleague.jp/roster_detail/?PlayerID=42546,2026-09-30
B33W3S0032,酒井達晶 選手プロフィール,B.LEAGUE,https://www.bleague.jp/roster_detail/?PlayerID=46249,2026-09-30
B33W3S0033,清水愛葉 選手プロフィール,B.LEAGUE,https://www.bleague.jp/roster_detail/?PlayerID=54145,2026-09-30
B33W3S0034,バローンマーテル 選手プロフィール,B.LEAGUE,https://www.bleague.jp/roster_detail/?PlayerID=15828,2026-09-30
B33W3S0035,B.LEAGUE 順位表 2017-18（B3）,B.LEAGUE,https://www.bleague.jp/standings/?year=2017&tab=3,2026-09-30
B33W3S0036,B.LEAGUE 順位表 2023-24（B2）,B.LEAGUE,https://www.bleague.jp/standings/?year=2023&tab=2,2026-09-30
B33W3S0037,マーク・バートン 選手プロフィール,B.LEAGUE,https://www.bleague.jp/roster_detail/?PlayerID=5100000090,2026-09-30
B33W3S0038,B.LEAGUE 順位表 2025-26（B1）,B.LEAGUE,https://www.bleague.jp/standings/?year=2025&tab=1,2026-09-30
B33W3S0039,満尾竜次 選手プロフィール,B.LEAGUE,https://www.bleague.jp/roster_detail/?PlayerID=51000217,2026-09-30
B33W3S0040,村上駿斗 選手プロフィール,B.LEAGUE,https://www.bleague.jp/roster_detail/?PlayerID=8615,2026-09-30
B33W3S0041,B.LEAGUE 順位表 2016-17（B2）,B.LEAGUE,https://www.bleague.jp/standings/?year=2016&tab=2,2026-09-30
B33W3S0042,B.LEAGUE 順位表 2017-18（B2）,B.LEAGUE,https://www.bleague.jp/standings/?year=2017&tab=2,2026-09-30
B33W3S0043,B.LEAGUE 順位表 2020-21（B1）,B.LEAGUE,https://www.bleague.jp/standings/?year=2020&tab=1,2026-09-30
B33W3S0044,川島聖那 選手プロフィール,B.LEAGUE,https://www.bleague.jp/roster_detail/?PlayerID=51000115,2026-09-30
B33W3S0045,B.LEAGUE 順位表 2022-23（B2）,B.LEAGUE,https://www.bleague.jp/standings/?year=2022&tab=2,2026-09-30
B33W3S0046,B.LEAGUE 選手一覧 2026-27（福井、日本、在籍中）,B.LEAGUE,https://www.bleague.jp/roster/?tab=2&year=2026&club=2891&c=日本&e=在籍中&o=sort,2026-09-30
B33W3S0047,高橋育実 選手プロフィール,B.LEAGUE,https://www.bleague.jp/roster_detail/?PlayerID=40142,2026-09-30
B33W3S0048,田渡修人 選手プロフィール,B.LEAGUE,https://www.bleague.jp/roster_detail/?PlayerID=8571,2026-09-30
B33W3S0049,塚本智裕 選手プロフィール,B.LEAGUE,https://www.bleague.jp/roster_detail/?PlayerID=51000439,2026-09-30
B33W3S0050,内藤英真 選手プロフィール,B.LEAGUE,https://www.bleague.jp/roster_detail/?PlayerID=51000471,2026-09-30
B33W3S0051,満田丈太郎 選手プロフィール,B.LEAGUE,https://www.bleague.jp/roster_detail/?PlayerID=10844,2026-09-30
B33W3S0052,卜部兼慎 選手プロフィール,B.LEAGUE,https://www.bleague.jp/roster_detail/?PlayerID=15835,2026-09-30
B33W3S0053,B.LEAGUE 順位表 2023-24（B1）,B.LEAGUE,https://www.bleague.jp/standings/?year=2023&tab=1,2026-09-30
B33W3S0054,B.LEAGUE 選手一覧 2026-27（岐阜、日本、在籍中）,B.LEAGUE,https://www.bleague.jp/roster/?tab=2&year=2026&club=1363&c=日本&e=在籍中&o=sort,2026-09-30
B33W3S0055,大矢孝太朗 選手プロフィール,B.LEAGUE,https://www.bleague.jp/roster_detail/?PlayerID=32978,2026-09-30
B33W3S0056,髙木涼 選手プロフィール,B.LEAGUE,https://www.bleague.jp/roster_detail/?PlayerID=52471,2026-09-30
B33W3S0057,髙橋幸大 選手プロフィール,B.LEAGUE,https://www.bleague.jp/roster_detail/?PlayerID=9246,2026-09-30
B33W3S0058,B.LEAGUE 順位表 2016-17（B3）,B.LEAGUE,https://www.bleague.jp/standings/?year=2016&tab=3,2026-09-30
B33W3S0059,B.LEAGUE 順位表 2018-19（B3）,B.LEAGUE,https://www.bleague.jp/standings/?year=2018&tab=3,2026-09-30
B33W3S0060,B.LEAGUE 順位表 2019-20（B3）,B.LEAGUE,https://www.bleague.jp/standings/?year=2019&tab=3,2026-09-30
B33W3S0061,B.LEAGUE 順位表 2021-22（B3）,B.LEAGUE,https://www.bleague.jp/standings/?year=2021&tab=3,2026-09-30
B33W3S0062,髙橋浩平 選手プロフィール,B.LEAGUE,https://www.bleague.jp/roster_detail/?PlayerID=20022,2026-09-30
B33W3S0063,タイガ・フォースター 選手プロフィール,B.LEAGUE,https://www.bleague.jp/roster_detail/?PlayerID=51000684,2026-09-30
B33W3S0064,増本優太 選手プロフィール,B.LEAGUE,https://www.bleague.jp/roster_detail/?PlayerID=30470,2026-09-30
B33W3S0065,山崎玲緒 選手プロフィール,B.LEAGUE,https://www.bleague.jp/roster_detail/?PlayerID=39518,2026-09-30
B33W3S0066,柏倉哲平 選手プロフィール,B.LEAGUE,https://www.bleague.jp/roster_detail/?PlayerID=10894,2026-09-30
B33W3S0067,B.LEAGUE 選手一覧 2026-27（静岡、日本、在籍中）,B.LEAGUE,https://www.bleague.jp/roster/?tab=2&year=2026&club=1637&c=日本&e=在籍中&o=sort,2026-09-30
B33W3S0068,君座武志 選手プロフィール,B.LEAGUE,https://www.bleague.jp/roster_detail/?PlayerID=51000609,2026-09-30
B33W3S0069,サイモン拓海 選手プロフィール,B.LEAGUE,https://www.bleague.jp/roster_detail/?PlayerID=51000174,2026-09-30
B33W3S0070,ジャンバルボ海斗 選手プロフィール,B.LEAGUE,https://www.bleague.jp/roster_detail/?PlayerID=37809,2026-09-30
B33W3S0071,関谷間 選手プロフィール,B.LEAGUE,https://www.bleague.jp/roster_detail/?PlayerID=55000578,2026-09-30
B33W3S0072,橋本竜馬 選手プロフィール,B.LEAGUE,https://www.bleague.jp/roster_detail/?PlayerID=8587,2026-09-30
B33W3S0073,林翔太郎 選手プロフィール,B.LEAGUE,https://www.bleague.jp/roster_detail/?PlayerID=15816,2026-09-30
B33W3S0074,増田啓介 選手プロフィール,B.LEAGUE,https://www.bleague.jp/roster_detail/?PlayerID=20018,2026-09-30
B33W3S0075,山本愛哉 選手プロフィール,B.LEAGUE,https://www.bleague.jp/roster_detail/?PlayerID=51000444,2026-09-30
B33W3S0076,鍵冨太雅 選手プロフィール,B.LEAGUE,https://www.bleague.jp/roster_detail/?PlayerID=51000167,2026-09-30
B33W3S0077,B.LEAGUE 選手一覧 2026-27（FE名古屋、日本、在籍中）,B.LEAGUE,https://www.bleague.jp/roster/?tab=2&year=2026&club=717&c=日本&e=在籍中&o=sort,2026-09-30
B33W4S0001,杉本天昇 選手プロフィール,B.LEAGUE,https://www.bleague.jp/roster_detail/?PlayerID=30512,2026-09-30
B33W4S0002,B.LEAGUE 順位表 2019-20（B1）,B.LEAGUE,https://www.bleague.jp/standings/?year=2019&tab=1,2026-09-30
B33W4S0003,B.LEAGUE 順位表 2020-21（B2）,B.LEAGUE,https://www.bleague.jp/standings/?year=2020&tab=2,2026-09-30
B33W4S0004,B.LEAGUE 順位表 2022-23（B1）,B.LEAGUE,https://www.bleague.jp/standings/?year=2022&tab=1,2026-09-30
B33W4S0005,B.LEAGUE 順位表 2023-24（B1）,B.LEAGUE,https://www.bleague.jp/standings/?year=2023&tab=1,2026-09-30
B33W4S0006,B.LEAGUE 選手一覧 2026-27（FE名古屋、日本、在籍中）,B.LEAGUE,https://www.bleague.jp/roster/?tab=2&year=2026&club=717&c=日本&e=在籍中&o=sort,2026-09-30
B33W4S0007,月岡熙 選手プロフィール,B.LEAGUE,https://www.bleague.jp/roster_detail/?PlayerID=51000593,2026-09-30
B33W4S0008,B.LEAGUE 順位表 2025-26（B1）,B.LEAGUE,https://www.bleague.jp/standings/?year=2025&tab=1,2026-09-30
B33W4S0009,マイロ・マーフィー 選手プロフィール,B.LEAGUE,https://www.bleague.jp/roster_detail/?PlayerID=51000501,2026-09-30
B33W4S0010,保岡龍斗 選手プロフィール,B.LEAGUE,https://www.bleague.jp/roster_detail/?PlayerID=10878,2026-09-30
B33W4S0011,B.LEAGUE 順位表 2016-17（B1）,B.LEAGUE,https://www.bleague.jp/standings/?year=2016&tab=1,2026-09-30
B33W4S0012,B.LEAGUE 順位表 2024-25（B1）,B.LEAGUE,https://www.bleague.jp/standings/?year=2024&tab=1,2026-09-30
B33W4S0013,イデムディアオサセレ 選手プロフィール,B.LEAGUE,https://www.bleague.jp/roster_detail/?PlayerID=51000423,2026-09-30
B33W4S0014,B.LEAGUE 順位表 2024-25（B2）,B.LEAGUE,https://www.bleague.jp/standings/?year=2024&tab=2,2026-09-30
B33W4S0015,B.LEAGUE 選手一覧 2026-27（奈良、日本、在籍中）,B.LEAGUE,https://www.bleague.jp/roster/?tab=2&year=2026&club=719&c=日本&e=在籍中&o=sort,2026-09-30
B33W4S0016,植田碧羽 選手プロフィール,B.LEAGUE,https://www.bleague.jp/roster_detail/?PlayerID=51000570,2026-09-30
B33W4S0017,B.LEAGUE 順位表 2025-26（B2）,B.LEAGUE,https://www.bleague.jp/standings/?year=2025&tab=2,2026-09-30
B33W4S0018,小野龍猛 選手プロフィール,B.LEAGUE,https://www.bleague.jp/roster_detail/?PlayerID=8585,2026-09-30
B33W4S0019,B.LEAGUE 順位表 2020-21（B1）,B.LEAGUE,https://www.bleague.jp/standings/?year=2020&tab=1,2026-09-30
B33W4S0020,B.LEAGUE 順位表 2021-22（B1）,B.LEAGUE,https://www.bleague.jp/standings/?year=2021&tab=1,2026-09-30
B33W4S0021,B.LEAGUE 順位表 2026-27（tab=2）,B.LEAGUE,https://www.bleague.jp/standings/?year=2026&tab=2,2026-09-30
B33W4S0022,坂口竜也 選手プロフィール,B.LEAGUE,https://www.bleague.jp/roster_detail/?PlayerID=51000477,2026-09-30
B33W4S0023,鈴木達也 選手プロフィール,B.LEAGUE,https://www.bleague.jp/roster_detail/?PlayerID=8568,2026-09-30
B33W4S0024,相馬卓弥 選手プロフィール,B.LEAGUE,https://www.bleague.jp/roster_detail/?PlayerID=8683,2026-09-30
B33W4S0025,B.LEAGUE 順位表 2017-18（B1）,B.LEAGUE,https://www.bleague.jp/standings/?year=2017&tab=1,2026-09-30
B33W4S0026,B.LEAGUE 順位表 2021-22（B2）,B.LEAGUE,https://www.bleague.jp/standings/?year=2021&tab=2,2026-09-30
B33W4S0027,中谷衿夢 選手プロフィール,B.LEAGUE,https://www.bleague.jp/roster_detail/?PlayerID=51000377,2026-09-30
B33W4S0028,B.LEAGUE 順位表 2023-24（B2）,B.LEAGUE,https://www.bleague.jp/standings/?year=2023&tab=2,2026-09-30
B33W4S0029,本多純平 選手プロフィール,B.LEAGUE,https://www.bleague.jp/roster_detail/?PlayerID=8558,2026-09-30
B33W4S0030,B.LEAGUE 順位表 2016-17（B2）,B.LEAGUE,https://www.bleague.jp/standings/?year=2016&tab=2,2026-09-30
B33W4S0031,元澤誠 選手プロフィール,B.LEAGUE,https://www.bleague.jp/roster_detail/?PlayerID=42537,2026-09-30
B33W4S0032,B.LEAGUE 順位表 2022-23（B3）,B.LEAGUE,https://www.bleague.jp/standings/?year=2022&tab=3,2026-09-30
B33W4S0033,秋山熙 選手プロフィール,B.LEAGUE,https://www.bleague.jp/roster_detail/?PlayerID=15839,2026-09-30
B33W4S0034,B.LEAGUE 順位表 2017-18（B2）,B.LEAGUE,https://www.bleague.jp/standings/?year=2017&tab=2,2026-09-30
B33W4S0035,B.LEAGUE 順位表 2021-22（B3）,B.LEAGUE,https://www.bleague.jp/standings/?year=2021&tab=3,2026-09-30
B33W4S0036,B.LEAGUE 順位表 2025-26（B3）,B.LEAGUE,https://www.bleague.jp/standings/?year=2025&tab=3,2026-09-30
B33W4S0037,B.LEAGUE 選手一覧 2026-27（岡山、日本、在籍中）,B.LEAGUE,https://www.bleague.jp/roster/?tab=2&year=2026&club=1639&c=日本&e=在籍中&o=sort,2026-09-30
B33W4S0038,内山晴輝 選手プロフィール,B.LEAGUE,https://www.bleague.jp/roster_detail/?PlayerID=54143,2026-09-30
B33W4S0039,ソウシェリフ 選手プロフィール,B.LEAGUE,https://www.bleague.jp/roster_detail/?PlayerID=8522,2026-09-30
B33W4S0040,B.LEAGUE 順位表 2022-23（B2）,B.LEAGUE,https://www.bleague.jp/standings/?year=2022&tab=2,2026-09-30
B33W4S0041,B.LEAGUE 順位表 2023-24（B3）,B.LEAGUE,https://www.bleague.jp/standings/?year=2023&tab=3,2026-09-30
B33W4S0042,中村瑞稀 選手プロフィール,B.LEAGUE,https://www.bleague.jp/roster_detail/?PlayerID=49611,2026-09-30
B33W4S0043,B.LEAGUE 順位表 2024-25（B3）,B.LEAGUE,https://www.bleague.jp/standings/?year=2024&tab=3,2026-09-30
B33W4S0044,フォファナママドゥ 選手プロフィール,B.LEAGUE,https://www.bleague.jp/roster_detail/?PlayerID=12613,2026-09-30
B33W4S0045,B.LEAGUE 順位表 2017-18（B3）,B.LEAGUE,https://www.bleague.jp/standings/?year=2017&tab=3,2026-09-30
B33W4S0046,B.LEAGUE 順位表 2020-21（B3）,B.LEAGUE,https://www.bleague.jp/standings/?year=2020&tab=3,2026-09-30
B33W4S0047,向井祐介 選手プロフィール,B.LEAGUE,https://www.bleague.jp/roster_detail/?PlayerID=25275,2026-09-30
B33W4S0048,B.LEAGUE 順位表 2019-20（B3）,B.LEAGUE,https://www.bleague.jp/standings/?year=2019&tab=3,2026-09-30
B33W4S0049,横川俊樹 選手プロフィール,B.LEAGUE,https://www.bleague.jp/roster_detail/?PlayerID=32975,2026-09-30
B33W4S0050,横山悠人 選手プロフィール,B.LEAGUE,https://www.bleague.jp/roster_detail/?PlayerID=51000549,2026-09-30
B33W4S0051,青山晃也 選手プロフィール,B.LEAGUE,https://www.bleague.jp/roster_detail/?PlayerID=42617,2026-09-30
B33W4S0052,B.LEAGUE 選手一覧 2026-27（徳島、日本、在籍中）,B.LEAGUE,https://www.bleague.jp/roster/?tab=2&year=2026&club=2890&c=日本&e=在籍中&o=sort,2026-09-30
B33W4S0053,河野圭佑 選手プロフィール,B.LEAGUE,https://www.bleague.jp/roster_detail/?PlayerID=54142,2026-09-30
B33W4S0054,佐藤誠人 選手プロフィール,B.LEAGUE,https://www.bleague.jp/roster_detail/?PlayerID=30466,2026-09-30
B33W4S0055,塚本雄貴 選手プロフィール,B.LEAGUE,https://www.bleague.jp/roster_detail/?PlayerID=22403,2026-09-30
B33W4S0056,B.LEAGUE 順位表 2018-19（B2）,B.LEAGUE,https://www.bleague.jp/standings/?year=2018&tab=2,2026-09-30
B33W4S0057,綱井勇介 選手プロフィール,B.LEAGUE,https://www.bleague.jp/roster_detail/?PlayerID=20000,2026-09-30
B33W4S0058,鶴田美勇士 選手プロフィール,B.LEAGUE,https://www.bleague.jp/roster_detail/?PlayerID=20019,2026-09-30
B33W4S0059,B.LEAGUE 順位表 2018-19（B1）,B.LEAGUE,https://www.bleague.jp/standings/?year=2018&tab=1,2026-09-30
B33W4S0060,森山修斗 選手プロフィール,B.LEAGUE,https://www.bleague.jp/roster_detail/?PlayerID=22491,2026-09-30
B33W4S0061,B.LEAGUE 順位表 2019-20（B2）,B.LEAGUE,https://www.bleague.jp/standings/?year=2019&tab=2,2026-09-30
B33W4S0062,五十嵐貴志 選手プロフィール,B.LEAGUE,https://www.bleague.jp/roster_detail/?PlayerID=9279,2026-09-30
B33W4S0063,B.LEAGUE 順位表 2016-17（B3）,B.LEAGUE,https://www.bleague.jp/standings/?year=2016&tab=3,2026-09-30
B33W4S0064,B.LEAGUE 選手一覧 2026-27（香川、日本、在籍中）,B.LEAGUE,https://www.bleague.jp/roster/?tab=2&year=2026&club=722&c=日本&e=在籍中&o=sort,2026-09-30
B33W4S0065,今林萌 選手プロフィール,B.LEAGUE,https://www.bleague.jp/roster_detail/?PlayerID=51000140,2026-09-30
B33W4S0066,小寺ハミルトンゲイリー 選手プロフィール,B.LEAGUE,https://www.bleague.jp/roster_detail/?PlayerID=9456,2026-09-30
B33W4S0067,小林巧 選手プロフィール,B.LEAGUE,https://www.bleague.jp/roster_detail/?PlayerID=49593,2026-09-30
B33W4S0068,佐古竜誠 選手プロフィール,B.LEAGUE,https://www.bleague.jp/roster_detail/?PlayerID=51000589,2026-09-30
B33W4S0069,高橋克実 選手プロフィール,B.LEAGUE,https://www.bleague.jp/roster_detail/?PlayerID=51000231,2026-09-30
B33W4S0070,高橋耕陽 選手プロフィール,B.LEAGUE,https://www.bleague.jp/roster_detail/?PlayerID=10818,2026-09-30
B33W4S0071,福田健人 選手プロフィール,B.LEAGUE,https://www.bleague.jp/roster_detail/?PlayerID=54098,2026-09-30
B33W4S0072,青木龍史 選手プロフィール,B.LEAGUE,https://www.bleague.jp/roster_detail/?PlayerID=26876,2026-09-30
B33W4S0073,B.LEAGUE 選手一覧 2026-27（愛媛、日本、在籍中）,B.LEAGUE,https://www.bleague.jp/roster/?tab=2&year=2026&club=723&c=日本&e=在籍中&o=sort,2026-09-30
B33W4S0074,兒玉貴通 選手プロフィール,B.LEAGUE,https://www.bleague.jp/roster_detail/?PlayerID=9218,2026-09-30
B33W4S0075,武内理貴 選手プロフィール,B.LEAGUE,https://www.bleague.jp/roster_detail/?PlayerID=51000230,2026-09-30
B33W4S0076,玉木祥護 選手プロフィール,B.LEAGUE,https://www.bleague.jp/roster_detail/?PlayerID=20003,2026-09-30
B33W5S0001,田渡凌 選手プロフィール,B.LEAGUE,https://www.bleague.jp/roster_detail/?PlayerID=12454,2026-09-30
B33W5S0002,B.LEAGUE 順位表 2017-18（B1）,B.LEAGUE,https://www.bleague.jp/standings/?year=2017&tab=1,2026-09-30
B33W5S0003,B.LEAGUE 順位表 2020-21（B1）,B.LEAGUE,https://www.bleague.jp/standings/?year=2020&tab=1,2026-09-30
B33W5S0004,B.LEAGUE 順位表 2021-22（B1）,B.LEAGUE,https://www.bleague.jp/standings/?year=2021&tab=1,2026-09-30
B33W5S0005,B.LEAGUE 順位表 2022-23（B2）,B.LEAGUE,https://www.bleague.jp/standings/?year=2022&tab=2,2026-09-30
B33W5S0006,B.LEAGUE 順位表 2023-24（B2）,B.LEAGUE,https://www.bleague.jp/standings/?year=2023&tab=2,2026-09-30
B33W5S0007,B.LEAGUE 順位表 2025-26（B3）,B.LEAGUE,https://www.bleague.jp/standings/?year=2025&tab=3,2026-09-30
B33W5S0008,B.LEAGUE 順位表 2026-27（tab=2）,B.LEAGUE,https://www.bleague.jp/standings/?year=2026&tab=2,2026-09-30
B33W5S0009,B.LEAGUE 選手一覧 2026-27（愛媛、日本、在籍中）,B.LEAGUE,https://www.bleague.jp/roster/?tab=2&year=2026&club=723&c=日本&e=在籍中&o=sort,2026-09-30
B33W5S0010,俊野佳彦 選手プロフィール,B.LEAGUE,https://www.bleague.jp/roster_detail/?PlayerID=8599,2026-09-30
B33W5S0011,B.LEAGUE 順位表 2016-17（B2）,B.LEAGUE,https://www.bleague.jp/standings/?year=2016&tab=2,2026-09-30
B33W5S0012,B.LEAGUE 順位表 2018-19（B2）,B.LEAGUE,https://www.bleague.jp/standings/?year=2018&tab=2,2026-09-30
B33W5S0013,B.LEAGUE 順位表 2019-20（B2）,B.LEAGUE,https://www.bleague.jp/standings/?year=2019&tab=2,2026-09-30
B33W5S0014,林瑛司 選手プロフィール,B.LEAGUE,https://www.bleague.jp/roster_detail/?PlayerID=20004,2026-09-30
B33W5S0015,B.LEAGUE 順位表 2025-26（B2）,B.LEAGUE,https://www.bleague.jp/standings/?year=2025&tab=2,2026-09-30
B33W5S0016,マイケル・パーカー 選手プロフィール,B.LEAGUE,https://www.bleague.jp/roster_detail/?PlayerID=8579,2026-09-30
B33W5S0017,B.LEAGUE 順位表 2016-17（B1）,B.LEAGUE,https://www.bleague.jp/standings/?year=2016&tab=1,2026-09-30
B33W5S0018,B.LEAGUE 順位表 2020-21（B2）,B.LEAGUE,https://www.bleague.jp/standings/?year=2020&tab=2,2026-09-30
B33W5S0019,加藤寿一 選手プロフィール,B.LEAGUE,https://www.bleague.jp/roster_detail/?PlayerID=8595,2026-09-30
B33W5S0020,B.LEAGUE 順位表 2022-23（B1）,B.LEAGUE,https://www.bleague.jp/standings/?year=2022&tab=1,2026-09-30
B33W5S0021,B.LEAGUE 選手一覧 2026-27（福岡、日本、在籍中）,B.LEAGUE,https://www.bleague.jp/roster/?tab=2&year=2026&club=753&c=日本&e=在籍中&o=sort,2026-09-30
B33W5S0022,中谷麻登 選手プロフィール,B.LEAGUE,https://www.bleague.jp/roster_detail/?PlayerID=51000559,2026-09-30
B33W5S0023,西川貴之 選手プロフィール,B.LEAGUE,https://www.bleague.jp/roster_detail/?PlayerID=8510,2026-09-30
B33W5S0024,B.LEAGUE 順位表 2019-20（B1）,B.LEAGUE,https://www.bleague.jp/standings/?year=2019&tab=1,2026-09-30
B33W5S0025,B.LEAGUE 順位表 2021-22（B2）,B.LEAGUE,https://www.bleague.jp/standings/?year=2021&tab=2,2026-09-30
B33W5S0026,B.LEAGUE 順位表 2023-24（B1）,B.LEAGUE,https://www.bleague.jp/standings/?year=2023&tab=1,2026-09-30
B33W5S0027,B.LEAGUE 順位表 2024-25（B2）,B.LEAGUE,https://www.bleague.jp/standings/?year=2024&tab=2,2026-09-30
B33W5S0028,野溝利一 選手プロフィール,B.LEAGUE,https://www.bleague.jp/roster_detail/?PlayerID=51000448,2026-09-30
B33W5S0029,磯野寛晃 選手プロフィール,B.LEAGUE,https://www.bleague.jp/roster_detail/?PlayerID=30462,2026-09-30
B33W5S0030,B.LEAGUE 選手一覧 2026-27（熊本、日本、在籍中）,B.LEAGUE,https://www.bleague.jp/roster/?tab=2&year=2026&club=724&c=日本&e=在籍中&o=sort,2026-09-30
B33W5S0031,笹倉怜寿 選手プロフィール,B.LEAGUE,https://www.bleague.jp/roster_detail/?PlayerID=30347,2026-09-30
B33W5S0032,澤邉圭太 選手プロフィール,B.LEAGUE,https://www.bleague.jp/roster_detail/?PlayerID=10263,2026-09-30
B33W5S0033,ニモ正義 選手プロフィール,B.LEAGUE,https://www.bleague.jp/roster_detail/?PlayerID=51000320,2026-09-30
B33W5S0034,保坂晃毅 選手プロフィール,B.LEAGUE,https://www.bleague.jp/roster_detail/?PlayerID=51000450,2026-09-30
B33W5S0035,山田安斗夢 選手プロフィール,B.LEAGUE,https://www.bleague.jp/roster_detail/?PlayerID=9399,2026-09-30
B33W5S0036,B.LEAGUE 順位表 2018-19（B3）,B.LEAGUE,https://www.bleague.jp/standings/?year=2018&tab=3,2026-09-30
B33W5S0037,B.LEAGUE 順位表 2020-21（B3）,B.LEAGUE,https://www.bleague.jp/standings/?year=2020&tab=3,2026-09-30
B33W5S0038,B.LEAGUE 順位表 2021-22（B3）,B.LEAGUE,https://www.bleague.jp/standings/?year=2021&tab=3,2026-09-30
B33W5S0039,B.LEAGUE 順位表 2022-23（B3）,B.LEAGUE,https://www.bleague.jp/standings/?year=2022&tab=3,2026-09-30
B33W5S0040,山本翔太 選手プロフィール,B.LEAGUE,https://www.bleague.jp/roster_detail/?PlayerID=51000156,2026-09-30
B33W5S0041,マシュー・アキノ 選手プロフィール,B.LEAGUE,https://www.bleague.jp/roster_detail/?PlayerID=51000104,2026-09-30
B33W5S0042,B.LEAGUE 順位表 2024-25（B1）,B.LEAGUE,https://www.bleague.jp/standings/?year=2024&tab=1,2026-09-30
B33W5S0043,B.LEAGUE 選手一覧 2026-27（鹿児島、日本、在籍中）,B.LEAGUE,https://www.bleague.jp/roster/?tab=2&year=2026&club=725&c=日本&e=在籍中&o=sort,2026-09-30
B33W5S0044,飴谷由毅 選手プロフィール,B.LEAGUE,https://www.bleague.jp/roster_detail/?PlayerID=30404,2026-09-30
B33W5S0045,B.LEAGUE 順位表 2023-24（B3）,B.LEAGUE,https://www.bleague.jp/standings/?year=2023&tab=3,2026-09-30
B33W5S0046,市川真人 選手プロフィール,B.LEAGUE,https://www.bleague.jp/roster_detail/?PlayerID=51000307,2026-09-30
B33W5S0047,佐藤星来 選手プロフィール,B.LEAGUE,https://www.bleague.jp/roster_detail/?PlayerID=51000436,2026-09-30
B33W5S0048,藤田浩司 選手プロフィール,B.LEAGUE,https://www.bleague.jp/roster_detail/?PlayerID=9402,2026-09-30
B33W5S0049,B.LEAGUE 順位表 2017-18（B2）,B.LEAGUE,https://www.bleague.jp/standings/?year=2017&tab=2,2026-09-30
B33W5S0050,B.LEAGUE 順位表 2019-20（B3）,B.LEAGUE,https://www.bleague.jp/standings/?year=2019&tab=3,2026-09-30
B33W5S0051,藤本巧太 選手プロフィール,B.LEAGUE,https://www.bleague.jp/roster_detail/?PlayerID=5100000010,2026-09-30
B33W5S0052,細谷将司 選手プロフィール,B.LEAGUE,https://www.bleague.jp/roster_detail/?PlayerID=8712,2026-09-30
B3S0001,ウインターカップ2021 福岡第一対帝京長岡 ボックススコア,日本バスケットボール協会,https://wintercup2021.japanbasketball.jp/boxscore/?period=18&schedulekey=7425,2026-09-20
B3S0002,第96回天皇杯 福岡第一高校ロスター,日本バスケットボール協会,https://zennihon2020-21.japanbasketball.jp/team/1st/men-fukuoka,2026-09-20
B3S0003,2019年度男子U16日本代表 第1次強化合宿メンバー,日本バスケットボール協会,https://iwate.japanbasketball.jp/manage/wp-content/uploads/2019/04/42d4fca113768eb1273ef8bdba5e06eb.pdf,2026-09-20
B3S0006,第101回天皇杯 日本体育大学ロスター,日本バスケットボール協会,https://zennihon2025-26.japanbasketball.jp/team/fin/m02/,2026-09-20
B3S0007,第77回インカレ 日本体育大学ロスター,全日本大学バスケットボール連盟,https://jubf.jp/game/university-detail/id/5/type/intercollege/y/2025/s/men,2026-09-20
B3S0008,第76回インカレ 青山学院大学ロスター,全日本大学バスケットボール連盟,https://jubf.jp/game/university-detail/id/9/type/intercollege/y/2024/s/men,2026-09-20
B3S0009,第76回インカレ 青山学院大学対天理大学,全日本大学バスケットボール連盟,https://jubf.jp/game/detail/id/1194/type/intercollege/s/men,2026-09-20
B3S0010,第77回インカレ 九州国際大学ロスター,全日本大学バスケットボール連盟,https://jubf.jp/game/university-detail/id/230/type/intercollege/y/2025/s/men,2026-09-20
B3S0011,第74回インカレ 東海大学九州ロスター,全日本大学バスケットボール連盟,https://jubf.jp/game/university-detail/id/12/type/intercollege/y/2022/s/men,2026-09-20
B3S0012,第75回インカレ 東海大学九州ロスター,全日本大学バスケットボール連盟,https://jubf.jp/game/university-detail/id/12/type/intercollege/y/2023/s/men,2026-09-20
B3S0013,第76回インカレ 東海大学九州ロスター,全日本大学バスケットボール連盟,https://jubf.jp/game/university-detail/id/12/type/intercollege/y/2024/s/men,2026-09-20
B3S0014,第77回インカレ 東海大学九州ロスター,全日本大学バスケットボール連盟,https://jubf.jp/game/university-detail/id/12/type/intercollege/y/2025/s/men,2026-09-20
B3S0015,第76回インカレ 山梨学院大学ロスター,全日本大学バスケットボール連盟,https://jubf.jp/game/university-detail/id/204/type/intercollege/y/2024/s/men,2026-09-20
B3S0016,第77回インカレ 山梨学院大学ロスター,全日本大学バスケットボール連盟,https://jubf.jp/game/university-detail/id/204/type/intercollege/y/2025/s/men,2026-09-20
B3S0017,第77回インカレ 山梨学院大学対名古屋学院大学,全日本大学バスケットボール連盟,https://jubf.jp/game/detail/id/1365/type/intercollege/s/men,2026-09-20
B3S0018,第73回インカレ 専修大学ロスター,全日本大学バスケットボール連盟,https://jubf.jp/game/university-detail/id/25/type/intercollege/y/2021/s/men,2026-09-20
B3S0019,第74回インカレ 専修大学ロスター,全日本大学バスケットボール連盟,https://jubf.jp/game/university-detail/id/25/type/intercollege/y/2022/s/men,2026-09-20
B3S0020,第75回インカレ 専修大学ロスター,全日本大学バスケットボール連盟,https://jubf.jp/game/university-detail/id/25/type/intercollege/y/2023/s/men,2026-09-20
B3S0021,第76回インカレ 専修大学ロスター,全日本大学バスケットボール連盟,https://jubf.jp/game/university-detail/id/25/type/intercollege/y/2024/s/men,2026-09-20
B3S0022,キエキエ・トピー・アリ 選手プロフィール,B.LEAGUE,https://www.bleague.jp/roster_detail/?PlayerID=36413,2026-09-20
B3S0023,第74回インカレ 日本経済大学ロスター,全日本大学バスケットボール連盟,https://jubf.jp/game/university-detail/id/180/type/intercollege/y/2022/s/men,2026-09-20
B3S0024,第75回インカレ 日本経済大学ロスター,全日本大学バスケットボール連盟,https://jubf.jp/game/university-detail/id/180/type/intercollege/y/2023/s/men,2026-09-20
B3S0025,第76回インカレ 日本経済大学ロスター,全日本大学バスケットボール連盟,https://jubf.jp/game/university-detail/id/180/type/intercollege/y/2024/s/men,2026-09-20
B3S0026,第76回インカレ 日本経済大学対中央大学,全日本大学バスケットボール連盟,https://jubf.jp/game/detail/id/1214/type/intercollege/s/men,2026-09-20
B4W1S0001,平成29年度 バスケットボール男子U16日本代表チーム メンバー表,日本バスケットボール協会,https://www.japanbasketball.jp/wp-content/uploads/U16men-member_20180330.pdf,2026-09-20
B4W1S0002,2020年度男子日本代表Bチーム メンバー,日本バスケットボール協会,https://www.japanbasketball.jp/wp-content/uploads/National-B-Team_Men_member_20200806.pdf,2026-09-20
B4W1S0003,河村勇輝 B.LEAGUE公式選手プロフィール,B.LEAGUE,https://www.bleague.jp/roster_detail/?PlayerID=30460,2026-09-20
B4W1S0004,Grizzlies promote Yuki Kawamura to two-way contract,Memphis Grizzlies,https://www.nba.com/grizzlies/news/grizzlies-promote-yuki-kawamura-to-two-way-contract,2026-09-20
B4W1S0007,日本経済大学 2024新人戦ロスター,全日本大学バスケットボール連盟,https://jubf.jp/game/university-detail/id/180/type/rookie/y/2024/s/men,2026-09-20
B4W1S0008,WUBS 2025 日本学生選抜メンバー,全日本大学バスケットボール連盟,https://jubf.jp/index/show-pdf/url/aHR0cHM6Ly9kMmEwdjF4N3F2eGw2Yy5jbG91ZGZyb250Lm5ldC9maWxlcy9zcG9ocF9qdWJmL25ld3MvNjg5MmMzMGU0Y2U3ZS5wZGY%3D,2026-09-20
B4W1S0009,児玉 ジュニア選手 契約締結（新規）のお知らせ,三遠ネオフェニックス,https://www.neophoenix.jp/news/detail/id=21966,2026-09-20
B4W1S0010,児玉ジュニア B.LEAGUE公式選手プロフィール,B.LEAGUE,https://www.bleague.jp/roster_detail/?PlayerID=51000552,2026-09-20
B4W1S0011,児玉 ジュニア選手 契約締結（継続）のお知らせ,三遠ネオフェニックス,https://www.neophoenix.jp/news/detail/id=24999,2026-09-20
B4W2S0002,河合瑠那選手 特別指定選手登録のお知らせ,横浜エクセレンス,https://yokohama-ex.jp/team/pages/id=22814,2026-09-20
B4W2S0006,長岡大杜 B.LEAGUE公式選手プロフィール,B.LEAGUE,https://www.bleague.jp/roster_detail/?PlayerID=52467,2026-09-20
B4W2S0007,2025-26シーズン 新規リーグエントリー選手のお知らせ,B3リーグ,https://www.b3league.jp/archives/45352,2026-09-20
B4W3S0001,専大スポーツ第559号 2017年度期待のニューパワー,専修大学,https://www.senshu-u.ac.jp/albums/abm.php?d=2115&f=abm00003946.pdf&n=2017%E5%B9%B44%E6%9C%88%E5%8F%B7%EF%BC%88%E7%AC%AC559%E5%8F%B7%EF%BC%8911%E9%9D%A2.pdf,2026-09-20
B4W3S0002,重冨周希 B.LEAGUE公式選手プロフィール,B.LEAGUE,https://www.bleague.jp/roster_detail/?PlayerID=5100000076,2026-09-20
B4W3S0003,重冨友希 B.LEAGUE公式選手プロフィール,B.LEAGUE,https://www.bleague.jp/roster_detail/?PlayerID=40173,2026-09-20
B4W3S0004,重冨友希選手 2025-26シーズン契約合意（継続）,山口パッツファイブ,https://patsfive.com/shigetomi2526/,2026-09-20
B4W3S0005,キエキエ・トピー・アリ B.LEAGUE公式選手プロフィール,B.LEAGUE,https://www.bleague.jp/roster_detail/?PlayerID=36413,2026-09-20
B4W3S0006,キエキエ・トピー・アリ選手 2024-25シーズン契約合意,横浜エクセレンス,https://yokohama-ex.jp/team/pages/id=21831,2026-09-20
B4W3S0007,キエキエ・トピー・アリ選手 契約満了,横浜エクセレンス,https://yokohama-ex.jp/team/pages/id=22085,2026-09-20
B4W3S0008,遥天翼 B.LEAGUE公式選手プロフィール,B.LEAGUE,https://www.bleague.jp/roster_detail/?PlayerID=8642,2026-09-20
B4W3S0009,遥天翼氏 2025-26シーズン契約（新規）,熊本ヴォルターズ,https://www.volters.jp/news/detail/id=16536,2026-09-20
B4W4S0001,B.LEAGUE DRAFT 2026 候補選手一覧,B.LEAGUE,https://www.bleague.jp/draft2026/prospects/list/,2026-09-21
B4W4S0002,第77回全日本大学バスケットボール選手権大会 日本経済大学,全日本大学バスケットボール連盟,https://jubf.jp/game/university-detail/id/180/type/intercollege/y/2025/s/men,2026-09-21
B4W4S0003,第74回全日本大学バスケットボール選手権大会 新潟経営大学,全日本大学バスケットボール連盟,https://jubf.jp/game/university-detail/id/4/type/intercollege/y/2022/s/men,2026-09-21
B4W4S0004,第76回全日本大学バスケットボール選手権大会 新潟経営大学,全日本大学バスケットボール連盟,https://jubf.jp/game/university-detail/id/4/type/intercollege/y/2024/s/men,2026-09-21
B4W7S0001,Yuki Kawamura 通算成績（レギュラーシーズン、シーズン別）,NBA.com（stats.nba.com）,https://stats.nba.com/stats/playercareerstats?LeagueID=00&PerMode=Totals&PlayerID=1642530,2026-10-03
B4W7S0003,Chicago Bulls ロスター 2025-26,NBA.com（stats.nba.com）,https://stats.nba.com/stats/commonteamroster?LeagueID=00&Season=2025-26&TeamID=1610612741,2026-10-03
B4W7S0004,LA Clippers ロスター 2026-27,NBA.com（stats.nba.com）,https://stats.nba.com/stats/commonteamroster?LeagueID=00&Season=2026-27&TeamID=1610612746,2026-10-03
B4W7S0005,Bulls Sign Yuki Kawamura To Two-Way Contract（2025-07-19）,NBA G League,https://gleague.nba.com/news/bulls-sign-yuki-kawamura-to-two-way-contract,2026-10-03
B4W7S0008,Yuki Kawamura 選手ページ,NBA.com,https://www.nba.com/player/1642530/yuki-kawamura/profile,2026-10-03
B4W7S0009,河村勇輝 選手プロフィール（クラブ所属履歴）,B.LEAGUE,https://www.bleague.jp/roster_detail/?PlayerID=30460,2026-09-29
B5W1S0001,#17 崎濱秀斗選手加入（特別指定選手）のお知らせ,琉球ゴールデンキングス,https://goldenkings.jp/retired_numbers_26/detail_26/id=21221,2026-09-21
B5W1S0002,崎濱秀斗 B.LEAGUE公式選手プロフィール,B.LEAGUE,https://www.bleague.jp/roster_detail/?PlayerID=51000486,2026-09-21
B5W1S0003,#17 崎濱秀斗選手 特別指定選手の活動終了のご報告,琉球ゴールデンキングス,https://goldenkings.jp/clubkings/pages/id=25788,2026-09-21
B5W1S0004,轟 琉維選手 2024-25シーズン 特別指定選手 加入のお知らせ,アルバルク東京,https://www.alvark-tokyo.jp/news/detail/team/id=19876,2026-09-21
B5W1S0005,#8 轟 琉維選手 リーグ登録完了のお知らせ,アルバルク東京,https://www.alvark-tokyo.jp/news/detail/event/team/media/id=19920,2026-09-21
B5W1S0006,2/8（土）仙台89ERS戦 ゲームレポート,アルバルク東京,https://www.alvark-tokyo.jp/news/detail/game/id=250208,2026-09-21
B5W1S0007,轟 琉維選手 2024-25シーズン 特別指定選手 活動終了のご報告,アルバルク東京,https://www.alvark-tokyo.jp/news/detail/team/id=20126,2026-09-21
B5W1S0008,轟琉維 B.LEAGUE公式選手プロフィール,B.LEAGUE,https://www.bleague.jp/roster_detail/?PlayerID=51000457,2026-09-21
B5W1S0009,佐藤涼成選手 2024-25シーズン 特別指定選手登録のお知らせ,横浜ビー・コルセアーズ,https://b-corsairs.com/news/team_20241221_1/,2026-09-21
B5W1S0010,佐藤涼成 B.LEAGUE公式選手プロフィール,B.LEAGUE,https://www.bleague.jp/roster_detail/?PlayerID=51000447,2026-09-21
B5W1S0011,#88 佐藤 涼成選手 契約合意（新規）のお知らせ,広島ドラゴンフライズ,https://hiroshimadragonflies.com/news/detail/id=21158,2026-09-21
B5W1S0012,2026-27シーズン 契約合意（継続）選手のお知らせ,広島ドラゴンフライズ,https://hiroshimadragonflies.com/news/detail/id=24483,2026-09-21
B5W1S0013,河合瑠那選手 特別指定選手登録のお知らせ,横浜エクセレンス,https://yokohama-ex.jp/team/pages/id=22814,2026-09-21
B5W1S0014,河合瑠那 B.LEAGUE公式選手プロフィール,B.LEAGUE,https://www.bleague.jp/roster_detail/?PlayerID=51000607,2026-09-21
B5W1S0015,河合瑠那 選手 特別指定選手活動終了のお知らせ,横浜エクセレンス,https://yokohama-ex.jp/news/detail/id=25440,2026-09-21
B6W1S0001,第23回FIBA ASIA U-18男子日本代表 メンバー表,日本バスケットボール協会,https://www.japanbasketball.jp/wp/wp-content/uploads/H26_U18men_member_0811.pdf,2026-09-21
B6W1S0002,井手優希 B.LEAGUE公式選手プロフィール,B.LEAGUE,https://www.bleague.jp/roster_detail/?PlayerID=36865,2026-09-21
B6W1S0003,クベマスティーブ B.LEAGUE公式選手プロフィール,B.LEAGUE,https://www.bleague.jp/roster_detail/?PlayerID=41165,2026-09-21
B6W1S0004,スティーブ・クベマ・ジョセフ選手契約合意（継続）,東京八王子ビートレインズ,https://trains.co.jp/news/detail/id=18901,2026-09-21
B6W1S0005,第96回天皇杯 福岡第一高校チームページ,日本バスケットボール協会,https://zennihon2020-21.japanbasketball.jp/team/1st/men-fukuoka,2026-09-21
B6W1S0006,ジャン・ローレンス・ハーパージュニア B.LEAGUE公式選手プロフィール,B.LEAGUE,https://www.bleague.jp/roster_detail/?PlayerID=5100000034,2026-09-21
B6W1S0007,ジャン・ローレンス・ハーパージュニア選手 契約締結,東京サンロッカーズ,https://www.sunrockers.jp/news/detail/id=22691,2026-09-21
B6W1S0008,長島エマニエル B.LEAGUE公式選手プロフィール,B.LEAGUE,https://www.bleague.jp/roster_detail/?PlayerID=9309,2026-09-21
B6W1S0009,ウインターカップ2010 男子決勝 福岡第一,日本バスケットボール協会,https://japanbasketball.jp/wintercup/2010/pbp_team-php-game_id=10050.html,2026-09-21
B6W2S0001,福岡第一高等学校 学校案内2022,福岡第一高等学校,https://f.f-parama.ed.jp/wp-content/uploads/2022/01/panf2022.pdf,2026-09-22
B6W2S0002,平成26年度男子U-18日本代表チーム候補選手メンバー表,日本バスケットボール協会,https://www.japanbasketball.jp/wp/wp-content/uploads/jba2014020-2.pdf,2026-09-22
B6W2S0003,秋山皓太 選手情報,B3リーグ,https://www.b3league.jp/player/?key=86&player=22402&team=2727,2026-09-22
B6W2S0004,平成23年度男子U-16日本代表候補選手 参加メンバー表,日本バスケットボール協会,https://www.japanbasketball.jp/wp-content/uploads/2ecfbc3e55987cf0d0eee45695bc35cf.pdf,2026-09-22
B6W2S0005,大城侑朔 B.LEAGUE公式選手プロフィール,B.LEAGUE,https://www.bleague.jp/roster_detail/?PlayerID=10854,2026-09-22
B6W2S0006,第71回全日本大学バスケットボール選手権 日本体育大学ロスター,全日本大学バスケットボール連盟,https://jubf.jp/game/university-detail/id/5/type/intercollege/y/2019/s/men,2026-09-22
B6W2S0007,土居光 B.LEAGUE公式選手プロフィール,B.LEAGUE,https://www.bleague.jp/roster_detail/?PlayerID=36863,2026-09-22
B6W2S0008,松本礼太 B.LEAGUE公式選手プロフィール,B.LEAGUE,https://www.bleague.jp/roster_detail/?PlayerID=51000138,2026-09-22
B6W2S0009,松本礼太 B3所属選手プロフィール,B.LEAGUE,https://www.bleague.jp/roster_detail/?PlayerID=49711,2026-09-22
B6W2S0010,徳島ガンバロウズ 2025-26チーム成績,B3リーグ,https://www.b3league.jp/club/tokushima/,2026-09-22
B6W2S0012,第70回全日本大学バスケットボール選手権 東海大学ロスター,全日本大学バスケットボール連盟,https://jubf.jp/game/university-detail/id/44/type/intercollege/y/2018/s/men,2026-09-22
B6W2S0013,第67回全日本大学バスケットボール選手権 日本体育大学ロスター,全日本大学バスケットボール連盟,https://jubf.jp/game/university-detail/id/5/type/intercollege/y/2015/s/men,2026-09-22
B6W2S0014,第73回全日本大学バスケットボール選手権 東海大学ロスター,全日本大学バスケットボール連盟,https://jubf.jp/game/university-detail/id/44/type/intercollege/y/2021/s/men,2026-09-22
B7S0001,富樫勇樹 B.LEAGUE公式選手プロフィール,B.LEAGUE,https://www.bleague.jp/roster_detail/?PlayerID=9055,2026-09-23
B7S0002,比江島慎 B.LEAGUE公式選手プロフィール,B.LEAGUE,https://www.bleague.jp/roster_detail/?PlayerID=8589,2026-09-23
B7S0005,齋藤拓実 B.LEAGUE公式選手プロフィール,B.LEAGUE,https://www.bleague.jp/roster_detail/?PlayerID=14301,2026-09-23
B7S0006,齋藤拓実 名古屋ダイヤモンドドルフィンズ公式選手プロフィール,名古屋ダイヤモンドドルフィンズ,https://nagoya-dolphins.jp/team/players/detail/id=14611?PlayerID=14301,2026-09-23
B7S0007,【トッププレーヤーの高校時代】齋藤拓実（前編）「父と兄の影響でバスケを始めた」,バスケットボールキング,https://basketballking.jp/news/japan/b1/20221126/403301.html,2026-09-23
B7S0009,田中大貴 B.LEAGUE公式選手プロフィール,B.LEAGUE,https://www.bleague.jp/roster_detail/?PlayerID=9037,2026-09-23
B7S0011,ワタシノB.LEAGUE選手一覧 | 長崎県立長崎西高等学校,B.LEAGUE,https://www.bleague.jp/mybleague_list/?TagID=35:%E9%95%B7%E5%B4%8E%E7%9C%8C%E7%AB%8B%E9%95%B7%E5%B4%8E%E8%A5%BF%E9%AB%98%E7%AD%89%E5%AD%A6%E6%A0%A1,2026-09-23
B7S0013,岸本隆一 B.LEAGUE公式選手プロフィール,B.LEAGUE,https://www.bleague.jp/roster_detail/?PlayerID=8655,2026-09-23
B7S0014,岸本 隆一選手 契約締結（複数年）のお知らせ,京都ハンナリーズ,https://hannaryz.jp/news/detail/id=24529,2026-09-23
B7S0015,ワタシノB.LEAGUE選手一覧 | 沖縄県立北中城高等学校,B.LEAGUE,https://www.bleague.jp/mybleague_list/?TagID=35:%E6%B2%96%E7%B8%84%E7%9C%8C%E7%AB%8B%E5%8C%97%E4%B8%AD%E5%9F%8E%E9%AB%98%E7%AD%89%E5%AD%A6%E6%A0%A1,2026-09-23
B7S0017,西田優大 シーホース三河公式選手プロフィール,シーホース三河,https://go-seahorses.jp/team/players/detail/id=17209?PlayerID=30403,2026-09-23
B7S0018,金丸晃輔 B.LEAGUE公式選手プロフィール,B.LEAGUE,https://www.bleague.jp/roster_detail/?PlayerID=8592,2026-09-23
B7S0019,14 金丸晃輔選手 佐賀バルーナーズ公式選手プロフィール,佐賀バルーナーズ,https://ballooners.jp/team/member/player14,2026-09-23
B7S0020,プロバスケットボール選手・金丸晃輔さんにインタビュー【第1回】,Meiji NOW（明治大学）,https://meijinow.jp/senior/interview/8831,2026-09-23
B7S0021,【トッププレーヤーの高校時代】金丸晃輔「バスケをはじめたきっかけは、ダイエット」（前編）,バスケットボールキング,https://basketballking.jp/news/japan/b1/20201124/298048.html,2026-09-23
B7S0022,安藤周人 B.LEAGUE公式選手プロフィール,B.LEAGUE,https://www.bleague.jp/roster_detail/?PlayerID=10815,2026-09-23
B7S0023,片岡大晴 B.LEAGUE公式選手プロフィール,B.LEAGUE,https://www.bleague.jp/roster_detail/?PlayerID=8481,2026-09-23
B7S0024,松脇圭志 B.LEAGUE公式選手プロフィール,B.LEAGUE,https://www.bleague.jp/roster_detail/?PlayerID=30434,2026-09-23
B7S0025,星川堅信 B.LEAGUE公式選手プロフィール,B.LEAGUE,https://www.bleague.jp/roster_detail/?PlayerID=5100000021,2026-09-23
B7S0026,富樫勇樹 - Wikipedia,Wikipedia,https://ja.wikipedia.org/wiki/富樫勇樹,2026-09-23
B7S0027,富樫 勇樹｜指揮官の信頼も厚い男子日本代表キャプテン,日本バスケットボール協会(JBA),https://okinawa-basketball.japanbasketball.jp/column/2023/08/785,2026-09-23
B7S0028,齋藤拓実 - Wikipedia,Wikipedia,https://ja.wikipedia.org/wiki/齋藤拓実,2026-09-23
B7S0029,（２）バスケットボール部 齋藤拓実,明大スポーツ新聞部,https://meisupo.net/news/8783/,2026-09-23
B7S0032,田中大貴 (バスケットボール) - Wikipedia,Wikipedia,https://ja.wikipedia.org/wiki/田中大貴_(バスケットボール),2026-09-23
B7S0037,中学日本一を実現した親子鷹 小4から「別格」だった富樫勇樹,Yahoo!スポーツ（スポーツナビ）,https://sports.yahoo.co.jp/column/detail/202009170002-spnavi,2026-09-23
B7S0039,田口成浩 B.LEAGUE公式選手プロフィール,B.LEAGUE,https://www.bleague.jp/roster_detail/?PlayerID=8468,2026-09-23
B7S0040,竹内譲次 B.LEAGUE公式選手プロフィール,B.LEAGUE,https://www.bleague.jp/roster_detail/?PlayerID=9033,2026-09-23
B7S0041,辻直人 B.LEAGUE公式選手プロフィール,B.LEAGUE,https://www.bleague.jp/roster_detail/?PlayerID=8487,2026-09-23
B7S0042,安藤誓哉 B.LEAGUE公式選手プロフィール,B.LEAGUE,https://www.bleague.jp/roster_detail/?PlayerID=8467,2026-09-23
B7S0043,水戸健史 B.LEAGUE公式選手プロフィール,B.LEAGUE,https://www.bleague.jp/roster_detail/?PlayerID=8501,2026-09-23
B7S0044,古川孝敏 B.LEAGUE公式選手プロフィール,B.LEAGUE,https://www.bleague.jp/roster_detail/?PlayerID=8500,2026-09-23
B7S0045,田原隆徳 B.LEAGUE公式選手プロフィール,B.LEAGUE,https://www.bleague.jp/roster_detail/?PlayerID=10297,2026-09-23
B7S0046,白濱僚祐 B.LEAGUE公式選手プロフィール,B.LEAGUE,https://www.bleague.jp/roster_detail/?PlayerID=8734,2026-09-23
B7S0047,渡邊雄太 選手情報,"B.LEAGUE公式 (bleague.jp, PlayerID=51000428)",https://www.bleague.jp/player/51000428/,2026-09-23
B7S0051,田臥勇太 選手情報,"B.LEAGUE公式 (bleague.jp, PlayerID=8650)",https://www.bleague.jp/player/8650/,2026-09-23
B7S0052,富永啓生 選手情報,"B.LEAGUE公式 (bleague.jp, PlayerID=19755)",https://www.bleague.jp/player/19755/,2026-09-23
B7S0053,辻直人,Wikipedia日本語版,https://ja.wikipedia.org/wiki/辻直人,2026-09-23
B7S0054,辻直人 選手情報,"B.LEAGUE公式 (bleague.jp, PlayerID=8487)",https://www.bleague.jp/roster_detail/?PlayerID=8487,2026-09-23
B7S0055,辻直人 選手ページ（SEASON別CLUB一覧）,バスケットボールキング,https://basketballking.jp/player/article/8196.html,2026-09-23
B7S0057,馬場雄大 選手情報,"B.LEAGUE公式 (bleague.jp, PlayerID=12577)",https://www.bleague.jp/roster_detail/?PlayerID=12577,2026-09-23
B7S0058,佐々木隆成,Wikipedia日本語版,https://ja.wikipedia.org/wiki/佐々木隆成,2026-09-23
B7S0059,佐々木隆成 選手情報,"B.LEAGUE公式 (bleague.jp, PlayerID=20037)",https://www.bleague.jp/roster_detail/?PlayerID=20037,2026-09-23
B7S0060,佐々木 隆成,バスケットボールキング,https://basketballking.jp/player/article/134977.html,2026-09-23
B7S0061,シェーファーアヴィ幸樹 選手情報,"B.LEAGUE公式 (bleague.jp, PlayerID=19956)",https://www.bleague.jp/roster_detail/?PlayerID=19956,2026-09-23
B7S0062,シェーファーアヴィ幸樹,Wikipedia日本語版,https://ja.wikipedia.org/wiki/シェーファーアヴィ幸樹,2026-09-23
B7S0063,「2年後に五輪に出る」ための決断。シーホース三河・シェーファー アヴィ幸樹に学ぶ、夢を叶える思考術,jpsk.jp,https://jpsk.jp/articles/seahorses_Schafer_01.html,2026-09-23
B7W11S0001,片岡大晴 選手プロフィール（再確認）,B.LEAGUE,https://www.bleague.jp/roster_detail/?PlayerID=8481,2026-09-30
B7W11S0002,B.LEAGUE 順位表 2016-17（B1）,B.LEAGUE,https://www.bleague.jp/standings/?year=2016&tab=1,2026-09-30
B7W11S0003,B.LEAGUE 順位表 2017-18（B1）,B.LEAGUE,https://www.bleague.jp/standings/?year=2017&tab=1,2026-09-30
B7W11S0004,B.LEAGUE 順位表 2019-20（B2）,B.LEAGUE,https://www.bleague.jp/standings/?year=2019&tab=2,2026-09-30
B7W11S0005,B.LEAGUE 順位表 2025-26（B3）,B.LEAGUE,https://www.bleague.jp/standings/?year=2025&tab=3,2026-09-30
B7W11S0006,B.LEAGUE 順位表 2026-27（tab=1）,B.LEAGUE,https://www.bleague.jp/standings/?year=2026&tab=1,2026-09-30
B7W11S0007,B.LEAGUE 選手一覧 2026-27（仙台、日本、在籍中）,B.LEAGUE,https://www.bleague.jp/roster/?year=2026&club=692&c=日本&e=在籍中&o=sort,2026-09-30
B7W11S0008,シェーファーアヴィ幸樹 選手プロフィール（再確認）,B.LEAGUE,https://www.bleague.jp/roster_detail/?PlayerID=19956,2026-09-30
B7W11S0009,B.LEAGUE 順位表 2018-19（B1）,B.LEAGUE,https://www.bleague.jp/standings/?year=2018&tab=1,2026-09-30
B7W11S0010,B.LEAGUE 順位表 2019-20（B1）,B.LEAGUE,https://www.bleague.jp/standings/?year=2019&tab=1,2026-09-30
B7W11S0011,B.LEAGUE 順位表 2020-21（B1）,B.LEAGUE,https://www.bleague.jp/standings/?year=2020&tab=1,2026-09-30
B7W11S0012,田口成浩 選手プロフィール（再確認）,B.LEAGUE,https://www.bleague.jp/roster_detail/?PlayerID=8468,2026-09-30
B7W11S0013,B.LEAGUE 順位表 2021-22（B1）,B.LEAGUE,https://www.bleague.jp/standings/?year=2021&tab=1,2026-09-30
B7W11S0014,B.LEAGUE 選手一覧 2026-27（秋田、日本、在籍中）,B.LEAGUE,https://www.bleague.jp/roster/?year=2026&club=693&c=日本&e=在籍中&o=sort,2026-09-30
B7W11S0015,水戸健史 選手プロフィール（再確認）,B.LEAGUE,https://www.bleague.jp/roster_detail/?PlayerID=8501,2026-09-30
B7W11S0016,B.LEAGUE 選手一覧 2026-27（富山、日本、在籍中）,B.LEAGUE,https://www.bleague.jp/roster/?year=2026&club=696&c=日本&e=在籍中&o=sort,2026-09-30
B7W11S0017,佐々木隆成 選手プロフィール（再確認）,B.LEAGUE,https://www.bleague.jp/roster_detail/?PlayerID=20037,2026-09-30
B7W11S0018,B.LEAGUE 順位表 2022-23（B1）,B.LEAGUE,https://www.bleague.jp/standings/?year=2022&tab=1,2026-09-30
B7W11S0019,B.LEAGUE 選手一覧 2026-27（三遠、日本、在籍中）,B.LEAGUE,https://www.bleague.jp/roster/?year=2026&club=697&c=日本&e=在籍中&o=sort,2026-09-30
B7W11S0020,田原隆徳 選手プロフィール（再確認）,B.LEAGUE,https://www.bleague.jp/roster_detail/?PlayerID=10297,2026-09-30
B7W11S0021,B.LEAGUE 順位表 2020-21（B2）,B.LEAGUE,https://www.bleague.jp/standings/?year=2020&tab=2,2026-09-30
B7W11S0022,B.LEAGUE 順位表 2021-22（B2）,B.LEAGUE,https://www.bleague.jp/standings/?year=2021&tab=2,2026-09-30
B7W11S0023,B.LEAGUE 順位表 2023-24（B2）,B.LEAGUE,https://www.bleague.jp/standings/?year=2023&tab=2,2026-09-30
B7W11S0024,B.LEAGUE 選手一覧 2026-27（滋賀、日本、在籍中）,B.LEAGUE,https://www.bleague.jp/roster/?year=2026&club=698&c=日本&e=在籍中&o=sort,2026-09-30
B7W11S0025,岸本隆一 選手プロフィール（再確認）,B.LEAGUE,https://www.bleague.jp/roster_detail/?PlayerID=8655,2026-09-30
B7W11S0026,B.LEAGUE 選手一覧 2026-27（京都、日本、在籍中）,B.LEAGUE,https://www.bleague.jp/roster/?year=2026&club=699&c=日本&e=在籍中&o=sort,2026-09-30
B7W11S0027,竹内譲次 選手プロフィール（再確認）,B.LEAGUE,https://www.bleague.jp/roster_detail/?PlayerID=9033,2026-09-30
B7W11S0028,B.LEAGUE 選手一覧 2026-27（大阪、日本、在籍中）,B.LEAGUE,https://www.bleague.jp/roster/?year=2026&club=700&c=日本&e=在籍中&o=sort,2026-09-30
B7W11S0029,松脇圭志 選手プロフィール（再確認）,B.LEAGUE,https://www.bleague.jp/roster_detail/?PlayerID=30434,2026-09-30
B7W11S0030,B.LEAGUE 選手一覧 2026-27（琉球、日本、在籍中）,B.LEAGUE,https://www.bleague.jp/roster/?year=2026&club=701&c=日本&e=在籍中&o=sort,2026-09-30
B7W11S0031,富永啓生 選手プロフィール（再確認）,B.LEAGUE,https://www.bleague.jp/roster_detail/?PlayerID=19755,2026-09-30
B7W11S0032,B.LEAGUE 順位表 2025-26（B1）,B.LEAGUE,https://www.bleague.jp/standings/?year=2025&tab=1,2026-09-30
B7W11S0033,B.LEAGUE 選手一覧 2026-27（北海道、日本、在籍中）,B.LEAGUE,https://www.bleague.jp/roster/?year=2026&club=702&c=日本&e=在籍中&o=sort,2026-09-30
B7W11S0034,田臥勇太 選手プロフィール（再確認）,B.LEAGUE,https://www.bleague.jp/roster_detail/?PlayerID=8650,2026-09-30
B7W11S0035,B.LEAGUE 選手一覧 2026-27（宇都宮、日本、在籍中）,B.LEAGUE,https://www.bleague.jp/roster/?year=2026&club=703&c=日本&e=在籍中&o=sort,2026-09-30
B7W11S0036,比江島慎 選手プロフィール（再確認）,B.LEAGUE,https://www.bleague.jp/roster_detail/?PlayerID=8589,2026-09-30
B7W11S0037,富樫勇樹 選手プロフィール（再確認）,B.LEAGUE,https://www.bleague.jp/roster_detail/?PlayerID=9055,2026-09-30
B7W11S0038,B.LEAGUE 選手一覧 2026-27（千葉J、日本、在籍中）,B.LEAGUE,https://www.bleague.jp/roster/?year=2026&club=704&c=日本&e=在籍中&o=sort,2026-09-30
B7W11S0039,渡邊雄太 選手プロフィール（再確認）,B.LEAGUE,https://www.bleague.jp/roster_detail/?PlayerID=51000428,2026-09-30
B7W11S0040,B.LEAGUE 順位表 2024-25（B1）,B.LEAGUE,https://www.bleague.jp/standings/?year=2024&tab=1,2026-09-30
B7W11S0041,安藤周人 選手プロフィール（再確認）,B.LEAGUE,https://www.bleague.jp/roster_detail/?PlayerID=10815,2026-09-30
B7W11S0042,B.LEAGUE 選手一覧 2026-27（A東京、日本、在籍中）,B.LEAGUE,https://www.bleague.jp/roster/?year=2026&club=706&c=日本&e=在籍中&o=sort,2026-09-30
B7W11S0043,辻直人 選手プロフィール（再確認）,B.LEAGUE,https://www.bleague.jp/roster_detail/?PlayerID=8487,2026-09-30
B7W11S0044,B.LEAGUE 順位表 2023-24（B1）,B.LEAGUE,https://www.bleague.jp/standings/?year=2023&tab=1,2026-09-30
B7W11S0045,B.LEAGUE 選手一覧 2026-27（群馬、日本、在籍中）,B.LEAGUE,https://www.bleague.jp/roster/?year=2026&club=713&c=日本&e=在籍中&o=sort,2026-09-30
B7W11S0046,古川孝敏 選手プロフィール（再確認）,B.LEAGUE,https://www.bleague.jp/roster_detail/?PlayerID=8500,2026-09-30
B7W11S0047,B.LEAGUE 選手一覧 2026-27（信州、日本、在籍中）,B.LEAGUE,https://www.bleague.jp/roster/?year=2026&club=716&c=日本&e=在籍中&o=sort,2026-09-30
B7W11S0048,白濱僚祐 選手プロフィール（再確認）,B.LEAGUE,https://www.bleague.jp/roster_detail/?PlayerID=8734,2026-09-30
B7W11S0049,B.LEAGUE 選手一覧 2026-27（島根、日本、在籍中）,B.LEAGUE,https://www.bleague.jp/roster/?year=2026&club=720&c=日本&e=在籍中&o=sort,2026-09-30
B7W11S0050,田中大貴 選手プロフィール（再確認）,B.LEAGUE,https://www.bleague.jp/roster_detail/?PlayerID=9037,2026-09-30
B7W11S0051,B.LEAGUE 選手一覧 2026-27（東京SR、日本、在籍中）,B.LEAGUE,https://www.bleague.jp/roster/?year=2026&club=726&c=日本&e=在籍中&o=sort,2026-09-30
B7W11S0052,西田優大 選手プロフィール（再確認）,B.LEAGUE,https://www.bleague.jp/roster_detail/?PlayerID=30403,2026-09-30
B7W11S0053,B.LEAGUE 選手一覧 2026-27（三河、日本、在籍中）,B.LEAGUE,https://www.bleague.jp/roster/?year=2026&club=728&c=日本&e=在籍中&o=sort,2026-09-30
B7W11S0054,齋藤拓実 選手プロフィール（再確認）,B.LEAGUE,https://www.bleague.jp/roster_detail/?PlayerID=14301,2026-09-30
B7W11S0055,B.LEAGUE 選手一覧 2026-27（名古屋D、日本、在籍中）,B.LEAGUE,https://www.bleague.jp/roster/?year=2026&club=729&c=日本&e=在籍中&o=sort,2026-09-30
B7W11S0056,金丸晃輔 選手プロフィール（再確認）,B.LEAGUE,https://www.bleague.jp/roster_detail/?PlayerID=8592,2026-09-30
B7W11S0057,B.LEAGUE 選手一覧 2026-27（佐賀、日本、在籍中）,B.LEAGUE,https://www.bleague.jp/roster/?year=2026&club=1638&c=日本&e=在籍中&o=sort,2026-09-30
B7W11S0058,安藤誓哉 選手プロフィール（再確認）,B.LEAGUE,https://www.bleague.jp/roster_detail/?PlayerID=8467,2026-09-30
B7W11S0059,B.LEAGUE 選手一覧 2026-27（A千葉、日本、在籍中）,B.LEAGUE,https://www.bleague.jp/roster/?year=2026&club=2486&c=日本&e=在籍中&o=sort,2026-09-30
B7W11S0060,馬場雄大 選手プロフィール（再確認）,B.LEAGUE,https://www.bleague.jp/roster_detail/?PlayerID=12577,2026-09-30
B7W11S0061,B.LEAGUE 選手一覧 2026-27（長崎、日本、在籍中）,B.LEAGUE,https://www.bleague.jp/roster/?year=2026&club=2488&c=日本&e=在籍中&o=sort,2026-09-30
B7W11S0062,星川堅信 選手プロフィール（再確認）,B.LEAGUE,https://www.bleague.jp/roster_detail/?PlayerID=5100000021,2026-09-30
B7W13S0001,Rui Hachimura 選手情報,NBA.com（stats.nba.com）,https://stats.nba.com/stats/commonplayerinfo?LeagueID=00&PlayerID=1629060,2026-10-08
B7W13S0002,Rui Hachimura 通算成績（レギュラーシーズン・大学）,NBA.com（stats.nba.com）,https://stats.nba.com/stats/playercareerstats?LeagueID=00&PerMode=Totals&PlayerID=1629060,2026-10-08
B7W13S0003,Washington Wizards ロスター 2019-20,NBA.com（stats.nba.com）,https://stats.nba.com/stats/commonteamroster?LeagueID=00&Season=2019-20&TeamID=1610612764,2026-10-08
B7W13S0004,Los Angeles Lakers ロスター 2025-26,NBA.com（stats.nba.com）,https://stats.nba.com/stats/commonteamroster?LeagueID=00&Season=2025-26&TeamID=1610612747,2026-10-08
B7W13S0005,LA Clippers ロスター 2026-27,NBA.com（stats.nba.com）,https://stats.nba.com/stats/commonteamroster?LeagueID=00&Season=2026-27&TeamID=1610612746,2026-10-08
B7W13S0006,Gonzaga Men's Basketball Roster 2016-17〜2018-19,Gonzaga University Athletics（大学公式）,https://gozags.com/sports/mens-basketball/roster/2018-19,2026-10-08
B7W13S0007,八村塁,Wikipedia日本語版,https://ja.wikipedia.org/wiki/八村塁,2026-09-23
B7W13S0008,Yudai Baba NBA Gリーグ 選手情報・通算成績・試合記録,NBA.com（stats.nba.com）,https://stats.nba.com/stats/playergamelog?LeagueID=20&PlayerID=1629819,2026-10-08
B7W13S0009,NBA Gリーグ フランチャイズ履歴（Texas Legends）,NBA.com（stats.nba.com）,https://stats.nba.com/stats/franchisehistory?LeagueID=20,2026-10-08
B7W13S0010,Melbourne Sign Yudai Baba for Remainder of NBL22（2022-03-24）,NBL（オーストラリア）公式,https://www.nbl.com.au/news/melbourne-sign-yudai-baba-for-remainder-of-nbl22,2026-10-08
B7W13S0011,比江島慎選手、ブリスベン・ブレッツ移籍決定のご報告（2018-08-02）,宇都宮ブレックス（クラブ公式）,https://www.utsunomiyabrex.com/news/detail/id=8544,2026-10-08
B7W13S0012,比江島慎 選手プロフィール（クラブ所属履歴）,B.LEAGUE,https://www.bleague.jp/roster_detail/?PlayerID=8589,2026-09-29
B8W1S0001,ワタシノB.LEAGUE選手一覧 | 福岡大学附属大濠高等学校,B.LEAGUE,https://www.bleague.jp/mybleague_list/?TagID=35:福岡大学附属大濠高等学校,2026-09-24
B8W1S0002,杉浦佑成 選手プロフィール,B.LEAGUE,https://www.bleague.jp/roster_detail/?PlayerID=10820,2026-09-24
B8W1S0003,寒竹隼人 選手プロフィール,B.LEAGUE,https://www.bleague.jp/roster_detail/?PlayerID=8840,2026-09-24
B8W1S0004,青木保憲 選手プロフィール,B.LEAGUE,https://www.bleague.jp/roster_detail/?PlayerID=15817,2026-09-24
B8W1S0005,土家大輝 選手プロフィール,B.LEAGUE,https://www.bleague.jp/roster_detail/?PlayerID=5100000017,2026-09-24
B8W1S0006,福岡大学附属大濠高校出身のバスケットボール選手,バスケWeb辞典 (j-cbaske.com),https://j-cbaske.com/baswiki/archives/5873,2026-09-24
B8W1S0007,青木保憲,Wikipedia日本語版,https://ja.wikipedia.org/wiki/青木保憲,2026-09-24
B8W2S0001,西田陽成 選手プロフィール,B.LEAGUE,https://www.bleague.jp/roster_detail/?PlayerID=51000470,2026-09-24
B8W2S0002,泉登翔 選手プロフィール,B.LEAGUE,https://www.bleague.jp/roster_detail/?PlayerID=51000464,2026-09-24
B8W2S0003,間山柊 選手プロフィール,B.LEAGUE,https://www.bleague.jp/roster_detail/?PlayerID=51000484,2026-09-24
B8W2S0004,針間大知 選手プロフィール,B.LEAGUE,https://www.bleague.jp/roster_detail/?PlayerID=51000592,2026-09-24
B8W2S0005,西田公陽 選手プロフィール,B.LEAGUE,https://www.bleague.jp/roster_detail/?PlayerID=51000362,2026-09-24
B8W2S0006,渡邉伶音 選手プロフィール,B.LEAGUE,https://www.bleague.jp/roster_detail/?PlayerID=51000352,2026-09-24
B8W2S0007,ワタシノB.LEAGUE選手一覧 | 福岡大学附属大濠高等学校,B.LEAGUE,https://www.bleague.jp/mybleague_list/?TagID=35:福岡大学附属大濠高等学校,2026-09-24
B8W2S0008,福大大濠の渡邉伶音が特別指定選手としてA千葉入り,B.LEAGUE（media_news）,https://www.bleague.jp/media_news/detail/id=444402,2026-09-24
B8W2S0009,A千葉の渡邉伶音が特別指定選手の活動終了…4月からは東海大学へ進学,バスケットボールキング,https://basketballking.jp/news/japan/20250331/531962.html,2026-09-24
B8W2S0010,東海大退学の渡邉伶音がA千葉と契約「責任と覚悟を持って決断」,B.LEAGUE（media_news）,https://www.bleague.jp/media_news/detail/id=533865,2026-09-24
B8W3S0001,木林優 選手プロフィール,B.LEAGUE,https://www.bleague.jp/roster_detail/?PlayerID=51000349,2026-09-24
B8W3S0002,木林優,Wikipedia,https://ja.wikipedia.org/wiki/%E6%9C%A8%E6%9E%97%E5%84%AA,2026-09-24
B8W3S0003,湧川颯斗 選手プロフィール,B.LEAGUE,https://www.bleague.jp/roster_detail/?PlayerID=51000236,2026-09-24
B8W3S0004,中田嵩基 選手プロフィール,B.LEAGUE,https://www.bleague.jp/roster_detail/?PlayerID=51000246,2026-09-24
B8W3S0005,平松克樹 選手プロフィール,B.LEAGUE,https://www.bleague.jp/roster_detail/?PlayerID=51000443,2026-09-24
B8W3S0006,岩下准平 選手プロフィール,B.LEAGUE,https://www.bleague.jp/roster_detail/?PlayerID=51000586,2026-09-24
B8W3S0007,浅井修伍 選手プロフィール,B.LEAGUE,https://www.bleague.jp/roster_detail/?PlayerID=51000235,2026-09-24
B8W3S0008,ワタシノB.LEAGUE選手一覧 | 福岡大学附属大濠高等学校,B.LEAGUE,https://www.bleague.jp/mybleague_list/?TagID=35:福岡大学附属大濠高等学校,2026-09-24
B8W3S0009,滋賀レイクス、筑波大4年・岩下准平選手と契約 島根戦でプロデビュー,みんなの経済新聞ネットワーク（Yahoo!ニュース）,https://news.yahoo.co.jp/articles/4cc89ee36f835bab2dbbe9d0e3b41ec5302ebac3,2026-09-24
B8W3S0011,B2山形が福岡退団の中田嵩基を獲得「山形の攻撃的なスタイルでプレーできることがとても楽しみ」,バスケットボールキング,https://basketballking.jp/news/japan/20250627/551529.html,2026-09-24
B8W3S0012,浅井修伍がB1茨城からB2青森に移籍「成長した姿を」新天地で飛躍誓う,バスケットボールキング,https://basketballking.jp/news/japan/20250616/549475.html,2026-09-24
B8W4S0001,島﨑輝 選手プロフィール,B.LEAGUE,https://www.bleague.jp/roster_detail/?PlayerID=34423,2026-09-24
B8W4S0002,ワタシノB.LEAGUE選手一覧 | 福岡大学附属大濠高等学校,B.LEAGUE,https://www.bleague.jp/mybleague_list/?TagID=35:福岡大学附属大濠高等学校,2026-09-24
B9W1S0001,納見悠仁 選手プロフィール,B.LEAGUE,https://www.bleague.jp/roster_detail/?PlayerID=30399,2026-09-24
B9W1S0002,白戸大聖 選手プロフィール,B.LEAGUE,https://www.bleague.jp/roster_detail/?PlayerID=15832,2026-09-24
B9W1S0003,菅野ブルース 選手プロフィール,B.LEAGUE,https://www.bleague.jp/roster_detail/?PlayerID=51000431,2026-09-24
B9W1S0004,山内ジャヘル琉人 選手プロフィール,B.LEAGUE,https://www.bleague.jp/roster_detail/?PlayerID=51000441,2026-09-24
B9W1S0005,石川海斗 選手プロフィール,B.LEAGUE,https://www.bleague.jp/roster_detail/?PlayerID=8722,2026-09-24
B9W1S0006,八村 阿蓮,神戸ストークス,https://www.storks.jp/player_lp/allen_hachimura/,2026-09-24
B9W1S0007,ワタシノB.LEAGUE選手一覧 | 明成高等学校(現・仙台大学附属明成高等学校),B.LEAGUE,https://www.bleague.jp/mybleague_list/?TagID=35:明成高等学校(現・仙台大学附属明成高等学校),2026-09-24
B9W1S0008,ワタシノB.LEAGUE選手一覧 | 仙台大学附属明成高等学校(旧・明成高等学校),B.LEAGUE,https://www.bleague.jp/mybleague_list/?TagID=35:仙台大学附属明成高等学校(旧・明成高等学校),2026-09-24
B9W1S0009,ワタシノB.LEAGUE選手一覧 | 仙台大学附属明成高等学校,B.LEAGUE,https://www.bleague.jp/mybleague_list/?TagID=35:仙台大学附属明成高等学校,2026-09-24
B9W1S0010,明成高校出身のバスケットボール選手,j-cbaske.com（バスケWiki）,https://j-cbaske.com/baswiki/archives/5883,2026-09-24
B9W1S0011,群馬を退団した八村阿蓮、新天地は神戸に決定「港町・神戸に似合う男がやって参りました！」,バスケットボールキング,https://basketballking.jp/news/japan/b1/20250528/545755.html,2026-09-24
COR1S0001,小川麻斗 選手プロフィール（クラブ所属履歴）,B.LEAGUE,https://www.bleague.jp/roster_detail/?PlayerID=5100000033,2026-10-04
COR1S0002,鵤誠司 選手プロフィール（クラブ所属履歴）,B.LEAGUE,https://www.bleague.jp/roster_detail/?PlayerID=8529,2026-10-04
COR1S0003,内尾聡理 選手プロフィール（クラブ所属履歴）,B.LEAGUE,https://www.bleague.jp/roster_detail/?PlayerID=51000353,2026-10-04
COR1S0004,渡辺竜之佑 選手プロフィール（クラブ所属履歴）,B.LEAGUE,https://www.bleague.jp/roster_detail/?PlayerID=9329,2026-10-04
COR1S0005,並里成 選手プロフィール（クラブ所属履歴）,B.LEAGUE,https://www.bleague.jp/roster_detail/?PlayerID=9489,2026-10-04
COR1S0006,児玉ジュニア 選手プロフィール（クラブ所属履歴）,B.LEAGUE,https://www.bleague.jp/roster_detail/?PlayerID=51000552,2026-10-04
