verified_batch,record_id,entity_type,entity_id,field_name,candidate_value,source_id,source_locator,evidence_summary,assessment,checked_at,issue_note
Batch 33 Wave 01,B33W1E0001,Person,P000382,name,會田 圭佑,B33W1S0001,基本情報 > 選手名,B.LEAGUE公式プロフィールで氏名を確認,SUPPORTED,2026-09-30,
Batch 33 Wave 01,B33W1E0002,Person,P000382,birth_date,1995-03-29,B33W1S0001,基本情報 > 生年月日：1995年3月29日,B.LEAGUE公式プロフィールで生年月日を確認,SUPPORTED,2026-09-30,
Batch 33 Wave 01,B33W1E0003,Career,C001789,organization_id,ORG000275,B33W1S0001,基本情報 > 出身校（高）：柏市立柏高等学校,B.LEAGUE公式プロフィールで出身校（高）を確認,SUPPORTED,2026-09-30,
Batch 33 Wave 01,B33W1E0004,Career,C001790,organization_id,ORG000124,B33W1S0001,基本情報 > 出身校（大）：明治大学,B.LEAGUE公式プロフィールで出身校（大）を確認,SUPPORTED,2026-09-30,
Batch 33 Wave 01,B33W1E0005,Career,C001791,organization_id,ORG000182,B33W1S0001,クラブ所属履歴 > 「2016-17 青森」〜「2018-19 青森」,B.LEAGUE公式の所属履歴で在籍を確認（略称表記）,SUPPORTED,2026-09-30,
Batch 33 Wave 01,B33W1E0006,Career,C001791,organization_id,ORG000182,B33W1S0002,順位表 > クラブ「青森ワッツ」（略称「青森」、club_detail TeamID=708）,公式順位表で略称とクラブ名・TeamIDの対応を確認,SUPPORTED,2026-09-30,
Batch 33 Wave 01,B33W1E0007,Career,C001791,start,2016,B33W1S0001,クラブ所属履歴 > 「2016-17 青森」,所属履歴の最初のシーズン2016-17の開始年,SUPPORTED,2026-09-30,
Batch 33 Wave 01,B33W1E0008,Career,C001791,end,2019,B33W1S0001,クラブ所属履歴 > 「2018-19 青森」,所属履歴の最後のシーズン2018-19の終了年,SUPPORTED,2026-09-30,
Batch 33 Wave 01,B33W1E0009,Career,C001792,organization_id,ORG000130,B33W1S0001,クラブ所属履歴 > 「2019-20 三河」,B.LEAGUE公式の所属履歴で在籍を確認（略称表記）,SUPPORTED,2026-09-30,
Batch 33 Wave 01,B33W1E0010,Career,C001792,organization_id,ORG000130,B33W1S0003,順位表 > クラブ「シーホース三河」（略称「三河」、club_detail TeamID=728）,公式順位表で略称とクラブ名・TeamIDの対応を確認,SUPPORTED,2026-09-30,
Batch 33 Wave 01,B33W1E0011,Career,C001792,start,2019,B33W1S0001,クラブ所属履歴 > 「2019-20 三河」,所属履歴の最初のシーズン2019-20の開始年,SUPPORTED,2026-09-30,
Batch 33 Wave 01,B33W1E0012,Career,C001792,end,2020,B33W1S0001,クラブ所属履歴 > 「2019-20 三河」,所属履歴の最後のシーズン2019-20の終了年,SUPPORTED,2026-09-30,
Batch 33 Wave 01,B33W1E0013,Career,C001793,organization_id,ORG000042,B33W1S0001,クラブ所属履歴 > 「2020-21 京都」〜「2021-22 京都」,B.LEAGUE公式の所属履歴で在籍を確認（略称表記）,SUPPORTED,2026-09-30,
Batch 33 Wave 01,B33W1E0014,Career,C001793,organization_id,ORG000042,B33W1S0004,順位表 > クラブ「京都ハンナリーズ」（略称「京都」、club_detail TeamID=699）,公式順位表で略称とクラブ名・TeamIDの対応を確認,SUPPORTED,2026-09-30,
Batch 33 Wave 01,B33W1E0015,Career,C001793,start,2020,B33W1S0001,クラブ所属履歴 > 「2020-21 京都」,所属履歴の最初のシーズン2020-21の開始年,SUPPORTED,2026-09-30,
Batch 33 Wave 01,B33W1E0016,Career,C001793,end,2022,B33W1S0001,クラブ所属履歴 > 「2021-22 京都」,所属履歴の最後のシーズン2021-22の終了年,SUPPORTED,2026-09-30,
Batch 33 Wave 01,B33W1E0017,Career,C001794,organization_id,ORG000182,B33W1S0001,クラブ所属履歴 > 「2022-23 青森」〜「2023-24 青森」,B.LEAGUE公式の所属履歴で在籍を確認（略称表記）,SUPPORTED,2026-09-30,
Batch 33 Wave 01,B33W1E0018,Career,C001794,organization_id,ORG000182,B33W1S0005,順位表 > クラブ「青森ワッツ」（略称「青森」、club_detail TeamID=708）,公式順位表で略称とクラブ名・TeamIDの対応を確認,SUPPORTED,2026-09-30,
Batch 33 Wave 01,B33W1E0019,Career,C001794,start,2022,B33W1S0001,クラブ所属履歴 > 「2022-23 青森」,所属履歴の最初のシーズン2022-23の開始年,SUPPORTED,2026-09-30,
Batch 33 Wave 01,B33W1E0020,Career,C001794,end,2024,B33W1S0001,クラブ所属履歴 > 「2023-24 青森」,所属履歴の最後のシーズン2023-24の終了年,SUPPORTED,2026-09-30,
Batch 33 Wave 01,B33W1E0021,Career,C001795,organization_id,ORG000040,B33W1S0001,クラブ所属履歴 > 「2024-25 福岡」〜「2025-26 福岡」,B.LEAGUE公式の所属履歴で在籍を確認（略称表記）,SUPPORTED,2026-09-30,
Batch 33 Wave 01,B33W1E0022,Career,C001795,organization_id,ORG000040,B33W1S0006,順位表 > クラブ「ライジングゼファー福岡」（略称「福岡」、club_detail TeamID=753）,公式順位表で略称とクラブ名・TeamIDの対応を確認,SUPPORTED,2026-09-30,
Batch 33 Wave 01,B33W1E0023,Career,C001795,start,2024,B33W1S0001,クラブ所属履歴 > 「2024-25 福岡」,所属履歴の最初のシーズン2024-25の開始年,SUPPORTED,2026-09-30,
Batch 33 Wave 01,B33W1E0024,Career,C001795,end,2026,B33W1S0001,クラブ所属履歴 > 「2025-26 福岡」,所属履歴の最後のシーズン2025-26の終了年,SUPPORTED,2026-09-30,
Batch 33 Wave 01,B33W1E0025,Career,C001796,organization_id,ORG000182,B33W1S0001,クラブ所属履歴 > 「2026-27 青森」,B.LEAGUE公式の所属履歴で在籍を確認（略称表記）,SUPPORTED,2026-09-30,
Batch 33 Wave 01,B33W1E0026,Career,C001796,organization_id,ORG000182,B33W1S0007,順位表 > クラブ「青森ワッツ」（略称「青森」、club_detail TeamID=708）,公式順位表で略称とクラブ名・TeamIDの対応を確認,SUPPORTED,2026-09-30,
Batch 33 Wave 01,B33W1E0027,Career,C001796,start,2026,B33W1S0001,クラブ所属履歴 > 「2026-27 青森」,所属履歴の最初のシーズン2026-27の開始年,SUPPORTED,2026-09-30,
Batch 33 Wave 01,B33W1E0028,Career,C001796,organization_id,ORG000182,B33W1S0008,選手一覧 > 青森 > 會田 圭佑,2026-27シーズンの公式選手一覧で現所属を確認,SUPPORTED,2026-09-30,
Batch 33 Wave 01,B33W1E0029,Person,P000383,name,岡部 雅大,B33W1S0009,基本情報 > 選手名,B.LEAGUE公式プロフィールで氏名を確認,SUPPORTED,2026-09-30,
Batch 33 Wave 01,B33W1E0030,Person,P000383,birth_date,2002-12-22,B33W1S0009,基本情報 > 生年月日：2002年12月22日,B.LEAGUE公式プロフィールで生年月日を確認,SUPPORTED,2026-09-30,
Batch 33 Wave 01,B33W1E0031,Career,C001797,organization_id,ORG000242,B33W1S0009,基本情報 > 出身校（高）：國學院大學久我山高等学校,B.LEAGUE公式プロフィールで出身校（高）を確認,SUPPORTED,2026-09-30,
Batch 33 Wave 01,B33W1E0032,Career,C001798,organization_id,ORG000207,B33W1S0009,基本情報 > 出身校（大）：法政大学,B.LEAGUE公式プロフィールで出身校（大）を確認,SUPPORTED,2026-09-30,
Batch 33 Wave 01,B33W1E0033,Career,C001799,organization_id,ORG000042,B33W1S0009,クラブ所属履歴 > 「2024-25 京都」,B.LEAGUE公式の所属履歴で在籍を確認（略称表記）,SUPPORTED,2026-09-30,
Batch 33 Wave 01,B33W1E0034,Career,C001799,organization_id,ORG000042,B33W1S0010,順位表 > クラブ「京都ハンナリーズ」（略称「京都」、club_detail TeamID=699）,公式順位表で略称とクラブ名・TeamIDの対応を確認,SUPPORTED,2026-09-30,
Batch 33 Wave 01,B33W1E0035,Career,C001799,start,2024,B33W1S0009,クラブ所属履歴 > 「2024-25 京都」,所属履歴の最初のシーズン2024-25の開始年,SUPPORTED,2026-09-30,
Batch 33 Wave 01,B33W1E0036,Career,C001799,end,2025,B33W1S0009,クラブ所属履歴 > 「2024-25 京都」,所属履歴の最後のシーズン2024-25の終了年,SUPPORTED,2026-09-30,
Batch 33 Wave 01,B33W1E0037,Career,C001800,organization_id,ORG000182,B33W1S0009,クラブ所属履歴 > 「2025-26 青森」〜「2026-27 青森」,B.LEAGUE公式の所属履歴で在籍を確認（略称表記）,SUPPORTED,2026-09-30,
Batch 33 Wave 01,B33W1E0038,Career,C001800,organization_id,ORG000182,B33W1S0011,順位表 > クラブ「青森ワッツ」（略称「青森」、club_detail TeamID=708）,公式順位表で略称とクラブ名・TeamIDの対応を確認,SUPPORTED,2026-09-30,
Batch 33 Wave 01,B33W1E0039,Career,C001800,start,2025,B33W1S0009,クラブ所属履歴 > 「2025-26 青森」,所属履歴の最初のシーズン2025-26の開始年,SUPPORTED,2026-09-30,
Batch 33 Wave 01,B33W1E0040,Career,C001800,organization_id,ORG000182,B33W1S0008,選手一覧 > 青森 > 岡部 雅大,2026-27シーズンの公式選手一覧で現所属を確認,SUPPORTED,2026-09-30,
Batch 33 Wave 01,B33W1E0041,Person,P000384,name,小川 大新,B33W1S0012,基本情報 > 選手名,B.LEAGUE公式プロフィールで氏名を確認,SUPPORTED,2026-09-30,
Batch 33 Wave 01,B33W1E0042,Person,P000384,birth_date,2002-12-23,B33W1S0012,基本情報 > 生年月日：2002年12月23日,B.LEAGUE公式プロフィールで生年月日を確認,SUPPORTED,2026-09-30,
Batch 33 Wave 01,B33W1E0043,Career,C001801,organization_id,ORG000357,B33W1S0012,基本情報 > 出身校（高）：静岡学園高等学校,B.LEAGUE公式プロフィールで出身校（高）を確認,SUPPORTED,2026-09-30,
Batch 33 Wave 01,B33W1E0044,Career,C001802,organization_id,ORG000309,B33W1S0012,基本情報 > 出身校（大）：上武大学,B.LEAGUE公式プロフィールで出身校（大）を確認,SUPPORTED,2026-09-30,
Batch 33 Wave 01,B33W1E0045,Career,C001803,organization_id,ORG000182,B33W1S0012,クラブ所属履歴 > 「2026-27 青森」,B.LEAGUE公式の所属履歴で在籍を確認（略称表記）,SUPPORTED,2026-09-30,
Batch 33 Wave 01,B33W1E0046,Career,C001803,organization_id,ORG000182,B33W1S0007,順位表 > クラブ「青森ワッツ」（略称「青森」、club_detail TeamID=708）,公式順位表で略称とクラブ名・TeamIDの対応を確認,SUPPORTED,2026-09-30,
Batch 33 Wave 01,B33W1E0047,Career,C001803,start,2026,B33W1S0012,クラブ所属履歴 > 「2026-27 青森」,所属履歴の最初のシーズン2026-27の開始年,SUPPORTED,2026-09-30,
Batch 33 Wave 01,B33W1E0048,Career,C001803,organization_id,ORG000182,B33W1S0008,選手一覧 > 青森 > 小川 大新,2026-27シーズンの公式選手一覧で現所属を確認,SUPPORTED,2026-09-30,
Batch 33 Wave 01,B33W1E0049,Person,P000385,name,小室 昂大,B33W1S0013,基本情報 > 選手名,B.LEAGUE公式プロフィールで氏名を確認,SUPPORTED,2026-09-30,
Batch 33 Wave 01,B33W1E0050,Person,P000385,birth_date,1999-12-04,B33W1S0013,基本情報 > 生年月日：1999年12月4日,B.LEAGUE公式プロフィールで生年月日を確認,SUPPORTED,2026-09-30,
Batch 33 Wave 01,B33W1E0051,Career,C001804,organization_id,ORG000358,B33W1S0013,基本情報 > 出身校（高）：宇都宮短期大学附属高等学校,B.LEAGUE公式プロフィールで出身校（高）を確認,SUPPORTED,2026-09-30,
Batch 33 Wave 01,B33W1E0052,Career,C001805,organization_id,ORG000208,B33W1S0013,基本情報 > 出身校（大）：白鴎大学,B.LEAGUE公式プロフィールで出身校（大）を確認,SUPPORTED,2026-09-30,
Batch 33 Wave 01,B33W1E0053,Career,C001806,organization_id,ORG000042,B33W1S0013,クラブ所属履歴 > 「2021-22 京都」〜「2022-23 京都」,B.LEAGUE公式の所属履歴で在籍を確認（略称表記）,SUPPORTED,2026-09-30,
Batch 33 Wave 01,B33W1E0054,Career,C001806,organization_id,ORG000042,B33W1S0014,順位表 > クラブ「京都ハンナリーズ」（略称「京都」、club_detail TeamID=699）,公式順位表で略称とクラブ名・TeamIDの対応を確認,SUPPORTED,2026-09-30,
Batch 33 Wave 01,B33W1E0055,Career,C001806,start,2021,B33W1S0013,クラブ所属履歴 > 「2021-22 京都」,所属履歴の最初のシーズン2021-22の開始年,SUPPORTED,2026-09-30,
Batch 33 Wave 01,B33W1E0056,Career,C001806,end,2023,B33W1S0013,クラブ所属履歴 > 「2022-23 京都」,所属履歴の最後のシーズン2022-23の終了年,SUPPORTED,2026-09-30,
Batch 33 Wave 01,B33W1E0057,Career,C001807,organization_id,ORG000182,B33W1S0013,クラブ所属履歴 > 「2024-25 青森」〜「2026-27 青森」,B.LEAGUE公式の所属履歴で在籍を確認（略称表記）,SUPPORTED,2026-09-30,
Batch 33 Wave 01,B33W1E0058,Career,C001807,organization_id,ORG000182,B33W1S0006,順位表 > クラブ「青森ワッツ」（略称「青森」、club_detail TeamID=708）,公式順位表で略称とクラブ名・TeamIDの対応を確認,SUPPORTED,2026-09-30,
Batch 33 Wave 01,B33W1E0059,Career,C001807,start,2024,B33W1S0013,クラブ所属履歴 > 「2024-25 青森」,所属履歴の最初のシーズン2024-25の開始年,SUPPORTED,2026-09-30,
Batch 33 Wave 01,B33W1E0060,Career,C001807,organization_id,ORG000182,B33W1S0008,選手一覧 > 青森 > 小室 昂大,2026-27シーズンの公式選手一覧で現所属を確認,SUPPORTED,2026-09-30,
Batch 33 Wave 01,B33W1E0061,Person,P000386,name,佐藤 大介,B33W1S0015,基本情報 > 選手名,B.LEAGUE公式プロフィールで氏名を確認,SUPPORTED,2026-09-30,
Batch 33 Wave 01,B33W1E0062,Person,P000386,birth_date,2000-09-23,B33W1S0015,基本情報 > 生年月日：2000年9月23日,B.LEAGUE公式プロフィールで生年月日を確認,SUPPORTED,2026-09-30,
Batch 33 Wave 01,B33W1E0063,Career,C001808,organization_id,ORG000359,B33W1S0015,基本情報 > 出身校（高）：桐生第一高等学校,B.LEAGUE公式プロフィールで出身校（高）を確認,SUPPORTED,2026-09-30,
Batch 33 Wave 01,B33W1E0064,Career,C001809,organization_id,ORG000121,B33W1S0015,基本情報 > 出身校（大）：日本大学,B.LEAGUE公式プロフィールで出身校（大）を確認,SUPPORTED,2026-09-30,
Batch 33 Wave 01,B33W1E0065,Career,C001810,organization_id,ORG000182,B33W1S0015,クラブ所属履歴 > 「2022-23 青森」〜「2023-24 青森」,B.LEAGUE公式の所属履歴で在籍を確認（略称表記）,SUPPORTED,2026-09-30,
Batch 33 Wave 01,B33W1E0066,Career,C001810,organization_id,ORG000182,B33W1S0005,順位表 > クラブ「青森ワッツ」（略称「青森」、club_detail TeamID=708）,公式順位表で略称とクラブ名・TeamIDの対応を確認,SUPPORTED,2026-09-30,
Batch 33 Wave 01,B33W1E0067,Career,C001810,start,2022,B33W1S0015,クラブ所属履歴 > 「2022-23 青森」,所属履歴の最初のシーズン2022-23の開始年,SUPPORTED,2026-09-30,
Batch 33 Wave 01,B33W1E0068,Career,C001810,end,2024,B33W1S0015,クラブ所属履歴 > 「2023-24 青森」,所属履歴の最後のシーズン2023-24の終了年,SUPPORTED,2026-09-30,
Batch 33 Wave 01,B33W1E0069,Career,C001811,organization_id,ORG000182,B33W1S0015,クラブ所属履歴 > 「2026-27 青森」,B.LEAGUE公式の所属履歴で在籍を確認（略称表記）,SUPPORTED,2026-09-30,
Batch 33 Wave 01,B33W1E0070,Career,C001811,organization_id,ORG000182,B33W1S0007,順位表 > クラブ「青森ワッツ」（略称「青森」、club_detail TeamID=708）,公式順位表で略称とクラブ名・TeamIDの対応を確認,SUPPORTED,2026-09-30,
Batch 33 Wave 01,B33W1E0071,Career,C001811,start,2026,B33W1S0015,クラブ所属履歴 > 「2026-27 青森」,所属履歴の最初のシーズン2026-27の開始年,SUPPORTED,2026-09-30,
Batch 33 Wave 01,B33W1E0072,Career,C001811,organization_id,ORG000182,B33W1S0008,選手一覧 > 青森 > 佐藤 大介,2026-27シーズンの公式選手一覧で現所属を確認,SUPPORTED,2026-09-30,
Batch 33 Wave 01,B33W1E0073,Person,P000387,name,高橋 昌也,B33W1S0016,基本情報 > 選手名,B.LEAGUE公式プロフィールで氏名を確認,SUPPORTED,2026-09-30,
Batch 33 Wave 01,B33W1E0074,Person,P000387,birth_date,2004-01-05,B33W1S0016,基本情報 > 生年月日：2004年1月5日,B.LEAGUE公式プロフィールで生年月日を確認,SUPPORTED,2026-09-30,
Batch 33 Wave 01,B33W1E0075,Career,C001812,organization_id,ORG000360,B33W1S0016,基本情報 > 出身校（高）：Lee Academy,B.LEAGUE公式プロフィールで出身校（高）を確認,SUPPORTED,2026-09-30,
Batch 33 Wave 01,B33W1E0076,Career,C001813,organization_id,ORG000361,B33W1S0016,基本情報 > 出身校（大）：Patrick&Henry Community College,B.LEAGUE公式プロフィールで出身校（大）を確認,SUPPORTED,2026-09-30,
Batch 33 Wave 01,B33W1E0077,Career,C001814,organization_id,ORG000182,B33W1S0016,クラブ所属履歴 > 「2026-27 青森」,B.LEAGUE公式の所属履歴で在籍を確認（略称表記）,SUPPORTED,2026-09-30,
Batch 33 Wave 01,B33W1E0078,Career,C001814,organization_id,ORG000182,B33W1S0007,順位表 > クラブ「青森ワッツ」（略称「青森」、club_detail TeamID=708）,公式順位表で略称とクラブ名・TeamIDの対応を確認,SUPPORTED,2026-09-30,
Batch 33 Wave 01,B33W1E0079,Career,C001814,start,2026,B33W1S0016,クラブ所属履歴 > 「2026-27 青森」,所属履歴の最初のシーズン2026-27の開始年,SUPPORTED,2026-09-30,
Batch 33 Wave 01,B33W1E0080,Career,C001814,organization_id,ORG000182,B33W1S0008,選手一覧 > 青森 > 高橋 昌也,2026-27シーズンの公式選手一覧で現所属を確認,SUPPORTED,2026-09-30,
Batch 33 Wave 01,B33W1E0081,Person,P000388,name,鍋田 隆征,B33W1S0017,基本情報 > 選手名,B.LEAGUE公式プロフィールで氏名を確認,SUPPORTED,2026-09-30,
Batch 33 Wave 01,B33W1E0082,Person,P000388,birth_date,2001-08-14,B33W1S0017,基本情報 > 生年月日：2001年8月14日,B.LEAGUE公式プロフィールで生年月日を確認,SUPPORTED,2026-09-30,
Batch 33 Wave 01,B33W1E0083,Career,C001815,organization_id,ORG000357,B33W1S0017,基本情報 > 出身校（高）：静岡学園高等学校,B.LEAGUE公式プロフィールで出身校（高）を確認,SUPPORTED,2026-09-30,
Batch 33 Wave 01,B33W1E0084,Career,C001816,organization_id,ORG000203,B33W1S0017,基本情報 > 出身校（大）：国士舘大学,B.LEAGUE公式プロフィールで出身校（大）を確認,SUPPORTED,2026-09-30,
Batch 33 Wave 01,B33W1E0085,Career,C001817,organization_id,ORG000227,B33W1S0017,クラブ所属履歴 > 「2023-24 静岡」〜「2025-26 静岡」,B.LEAGUE公式の所属履歴で在籍を確認（略称表記）,SUPPORTED,2026-09-30,
Batch 33 Wave 01,B33W1E0086,Career,C001817,organization_id,ORG000227,B33W1S0018,順位表 > クラブ「ベルテックス静岡」（略称「静岡」、club_detail TeamID=1637）,公式順位表で略称とクラブ名・TeamIDの対応を確認,SUPPORTED,2026-09-30,
Batch 33 Wave 01,B33W1E0087,Career,C001817,start,2023,B33W1S0017,クラブ所属履歴 > 「2023-24 静岡」,所属履歴の最初のシーズン2023-24の開始年,SUPPORTED,2026-09-30,
Batch 33 Wave 01,B33W1E0088,Career,C001817,end,2026,B33W1S0017,クラブ所属履歴 > 「2025-26 静岡」,所属履歴の最後のシーズン2025-26の終了年,SUPPORTED,2026-09-30,
Batch 33 Wave 01,B33W1E0089,Career,C001818,organization_id,ORG000182,B33W1S0017,クラブ所属履歴 > 「2026-27 青森」,B.LEAGUE公式の所属履歴で在籍を確認（略称表記）,SUPPORTED,2026-09-30,
Batch 33 Wave 01,B33W1E0090,Career,C001818,organization_id,ORG000182,B33W1S0007,順位表 > クラブ「青森ワッツ」（略称「青森」、club_detail TeamID=708）,公式順位表で略称とクラブ名・TeamIDの対応を確認,SUPPORTED,2026-09-30,
Batch 33 Wave 01,B33W1E0091,Career,C001818,start,2026,B33W1S0017,クラブ所属履歴 > 「2026-27 青森」,所属履歴の最初のシーズン2026-27の開始年,SUPPORTED,2026-09-30,
Batch 33 Wave 01,B33W1E0092,Career,C001818,organization_id,ORG000182,B33W1S0008,選手一覧 > 青森 > 鍋田 隆征,2026-27シーズンの公式選手一覧で現所属を確認,SUPPORTED,2026-09-30,
Batch 33 Wave 01,B33W1E0093,Person,P000389,name,石川 晴道,B33W1S0019,基本情報 > 選手名,B.LEAGUE公式プロフィールで氏名を確認,SUPPORTED,2026-09-30,
Batch 33 Wave 01,B33W1E0094,Person,P000389,birth_date,1999-12-27,B33W1S0019,基本情報 > 生年月日：1999年12月27日,B.LEAGUE公式プロフィールで生年月日を確認,SUPPORTED,2026-09-30,
Batch 33 Wave 01,B33W1E0095,Career,C001819,organization_id,ORG000362,B33W1S0019,基本情報 > 出身校（高）：浜松学院高等学校,B.LEAGUE公式プロフィールで出身校（高）を確認,SUPPORTED,2026-09-30,
Batch 33 Wave 01,B33W1E0096,Career,C001820,organization_id,ORG000128,B33W1S0019,基本情報 > 出身校（大）：大東文化大学,B.LEAGUE公式プロフィールで出身校（大）を確認,SUPPORTED,2026-09-30,
Batch 33 Wave 01,B33W1E0097,Career,C001821,organization_id,ORG000205,B33W1S0019,クラブ所属履歴 > 「2021-22 金沢」,B.LEAGUE公式の所属履歴で在籍を確認（略称表記）,SUPPORTED,2026-09-30,
Batch 33 Wave 01,B33W1E0098,Career,C001821,organization_id,ORG000205,B33W1S0020,順位表 > クラブ「金沢武士団」（略称「金沢」、club_detail TeamID=750）,公式順位表で略称とクラブ名・TeamIDの対応を確認,SUPPORTED,2026-09-30,
Batch 33 Wave 01,B33W1E0099,Career,C001821,start,2021,B33W1S0019,クラブ所属履歴 > 「2021-22 金沢」,所属履歴の最初のシーズン2021-22の開始年,SUPPORTED,2026-09-30,
Batch 33 Wave 01,B33W1E0100,Career,C001821,end,2022,B33W1S0019,クラブ所属履歴 > 「2021-22 金沢」,所属履歴の最後のシーズン2021-22の終了年,SUPPORTED,2026-09-30,
Batch 33 Wave 01,B33W1E0101,Career,C001822,organization_id,ORG000173,B33W1S0019,クラブ所属履歴 > 「2022-23 岩手」〜「2026-27 岩手」,B.LEAGUE公式の所属履歴で在籍を確認（略称表記）,SUPPORTED,2026-09-30,
Batch 33 Wave 01,B33W1E0102,Career,C001822,organization_id,ORG000173,B33W1S0021,順位表 > クラブ「岩手ビッグブルズ」（略称「岩手」、club_detail TeamID=709）,公式順位表で略称とクラブ名・TeamIDの対応を確認,SUPPORTED,2026-09-30,
Batch 33 Wave 01,B33W1E0103,Career,C001822,start,2022,B33W1S0019,クラブ所属履歴 > 「2022-23 岩手」,所属履歴の最初のシーズン2022-23の開始年,SUPPORTED,2026-09-30,
Batch 33 Wave 01,B33W1E0104,Career,C001822,organization_id,ORG000173,B33W1S0022,選手一覧 > 岩手 > 石川 晴道,2026-27シーズンの公式選手一覧で現所属を確認,SUPPORTED,2026-09-30,
Batch 33 Wave 01,B33W1E0105,Person,P000390,name,臼井 弘樹,B33W1S0023,基本情報 > 選手名,B.LEAGUE公式プロフィールで氏名を確認,SUPPORTED,2026-09-30,
Batch 33 Wave 01,B33W1E0106,Person,P000390,birth_date,1996-01-11,B33W1S0023,基本情報 > 生年月日：1996年1月11日,B.LEAGUE公式プロフィールで生年月日を確認,SUPPORTED,2026-09-30,
Batch 33 Wave 01,B33W1E0107,Career,C001823,organization_id,ORG000363,B33W1S0023,基本情報 > 出身校（高）：松本第一高等学校,B.LEAGUE公式プロフィールで出身校（高）を確認,SUPPORTED,2026-09-30,
Batch 33 Wave 01,B33W1E0108,Career,C001824,organization_id,ORG000203,B33W1S0023,基本情報 > 出身校（大）：国士舘大学,B.LEAGUE公式プロフィールで出身校（大）を確認,SUPPORTED,2026-09-30,
Batch 33 Wave 01,B33W1E0109,Career,C001825,organization_id,ORG000182,B33W1S0023,クラブ所属履歴 > 「2018-19 青森」,B.LEAGUE公式の所属履歴で在籍を確認（略称表記）,SUPPORTED,2026-09-30,
Batch 33 Wave 01,B33W1E0110,Career,C001825,organization_id,ORG000182,B33W1S0024,順位表 > クラブ「青森ワッツ」（略称「青森」、club_detail TeamID=708）,公式順位表で略称とクラブ名・TeamIDの対応を確認,SUPPORTED,2026-09-30,
Batch 33 Wave 01,B33W1E0111,Career,C001825,start,2018,B33W1S0023,クラブ所属履歴 > 「2018-19 青森」,所属履歴の最初のシーズン2018-19の開始年,SUPPORTED,2026-09-30,
Batch 33 Wave 01,B33W1E0112,Career,C001825,end,2019,B33W1S0023,クラブ所属履歴 > 「2018-19 青森」,所属履歴の最後のシーズン2018-19の終了年,SUPPORTED,2026-09-30,
Batch 33 Wave 01,B33W1E0113,Career,C001826,organization_id,ORG000132,B33W1S0023,クラブ所属履歴 > 「2019-20 仙台」〜「2020-21 仙台」,B.LEAGUE公式の所属履歴で在籍を確認（略称表記）,SUPPORTED,2026-09-30,
Batch 33 Wave 01,B33W1E0114,Career,C001826,organization_id,ORG000132,B33W1S0025,順位表 > クラブ「仙台89ERS」（略称「仙台」、club_detail TeamID=692）,公式順位表で略称とクラブ名・TeamIDの対応を確認,SUPPORTED,2026-09-30,
Batch 33 Wave 01,B33W1E0115,Career,C001826,start,2019,B33W1S0023,クラブ所属履歴 > 「2019-20 仙台」,所属履歴の最初のシーズン2019-20の開始年,SUPPORTED,2026-09-30,
Batch 33 Wave 01,B33W1E0116,Career,C001826,end,2021,B33W1S0023,クラブ所属履歴 > 「2020-21 仙台」,所属履歴の最後のシーズン2020-21の終了年,SUPPORTED,2026-09-30,
Batch 33 Wave 01,B33W1E0117,Career,C001827,organization_id,ORG000182,B33W1S0023,クラブ所属履歴 > 「2021-22 青森」,B.LEAGUE公式の所属履歴で在籍を確認（略称表記）,SUPPORTED,2026-09-30,
Batch 33 Wave 01,B33W1E0118,Career,C001827,organization_id,ORG000182,B33W1S0026,順位表 > クラブ「青森ワッツ」（略称「青森」、club_detail TeamID=708）,公式順位表で略称とクラブ名・TeamIDの対応を確認,SUPPORTED,2026-09-30,
Batch 33 Wave 01,B33W1E0119,Career,C001827,start,2021,B33W1S0023,クラブ所属履歴 > 「2021-22 青森」,所属履歴の最初のシーズン2021-22の開始年,SUPPORTED,2026-09-30,
Batch 33 Wave 01,B33W1E0120,Career,C001827,end,2022,B33W1S0023,クラブ所属履歴 > 「2021-22 青森」,所属履歴の最後のシーズン2021-22の終了年,SUPPORTED,2026-09-30,
Batch 33 Wave 01,B33W1E0121,Career,C001828,organization_id,ORG000173,B33W1S0023,クラブ所属履歴 > 「2022-23 岩手」〜「2026-27 岩手」,B.LEAGUE公式の所属履歴で在籍を確認（略称表記）,SUPPORTED,2026-09-30,
Batch 33 Wave 01,B33W1E0122,Career,C001828,organization_id,ORG000173,B33W1S0021,順位表 > クラブ「岩手ビッグブルズ」（略称「岩手」、club_detail TeamID=709）,公式順位表で略称とクラブ名・TeamIDの対応を確認,SUPPORTED,2026-09-30,
Batch 33 Wave 01,B33W1E0123,Career,C001828,start,2022,B33W1S0023,クラブ所属履歴 > 「2022-23 岩手」,所属履歴の最初のシーズン2022-23の開始年,SUPPORTED,2026-09-30,
Batch 33 Wave 01,B33W1E0124,Career,C001828,organization_id,ORG000173,B33W1S0022,選手一覧 > 岩手 > 臼井 弘樹,2026-27シーズンの公式選手一覧で現所属を確認,SUPPORTED,2026-09-30,
Batch 33 Wave 01,B33W1E0125,Person,P000391,name,後藤 翔平,B33W1S0027,基本情報 > 選手名,B.LEAGUE公式プロフィールで氏名を確認,SUPPORTED,2026-09-30,
Batch 33 Wave 01,B33W1E0126,Person,P000391,birth_date,1992-08-05,B33W1S0027,基本情報 > 生年月日：1992年8月5日,B.LEAGUE公式プロフィールで生年月日を確認,SUPPORTED,2026-09-30,
Batch 33 Wave 01,B33W1E0127,Career,C001829,organization_id,ORG000364,B33W1S0027,基本情報 > 出身校（高）：函館大学付属有斗高等学校,B.LEAGUE公式プロフィールで出身校（高）を確認,SUPPORTED,2026-09-30,
Batch 33 Wave 01,B33W1E0128,Career,C001830,organization_id,ORG000099,B33W1S0027,基本情報 > 出身校（大）：大阪学院大学,B.LEAGUE公式プロフィールで出身校（大）を確認,SUPPORTED,2026-09-30,
Batch 33 Wave 01,B33W1E0129,Career,C001831,organization_id,ORG000205,B33W1S0027,クラブ所属履歴 > 「2016-17 金沢」,B.LEAGUE公式の所属履歴で在籍を確認（略称表記）,SUPPORTED,2026-09-30,
Batch 33 Wave 01,B33W1E0130,Career,C001831,organization_id,ORG000205,B33W1S0028,順位表 > クラブ「金沢武士団」（略称「金沢」、club_detail TeamID=750）,公式順位表で略称とクラブ名・TeamIDの対応を確認,SUPPORTED,2026-09-30,
Batch 33 Wave 01,B33W1E0131,Career,C001831,start,2016,B33W1S0027,クラブ所属履歴 > 「2016-17 金沢」,所属履歴の最初のシーズン2016-17の開始年,SUPPORTED,2026-09-30,
Batch 33 Wave 01,B33W1E0132,Career,C001831,end,2017,B33W1S0027,クラブ所属履歴 > 「2016-17 金沢」,所属履歴の最後のシーズン2016-17の終了年,SUPPORTED,2026-09-30,
Batch 33 Wave 01,B33W1E0133,Career,C001832,organization_id,ORG000155,B33W1S0027,クラブ所属履歴 > 「2017-18 島根」〜「2022-23 島根」,B.LEAGUE公式の所属履歴で在籍を確認（略称表記）,SUPPORTED,2026-09-30,
Batch 33 Wave 01,B33W1E0134,Career,C001832,organization_id,ORG000155,B33W1S0029,順位表 > クラブ「島根スサノオマジック」（略称「島根」、club_detail TeamID=720）,公式順位表で略称とクラブ名・TeamIDの対応を確認,SUPPORTED,2026-09-30,
Batch 33 Wave 01,B33W1E0135,Career,C001832,start,2017,B33W1S0027,クラブ所属履歴 > 「2017-18 島根」,所属履歴の最初のシーズン2017-18の開始年,SUPPORTED,2026-09-30,
Batch 33 Wave 01,B33W1E0136,Career,C001832,end,2023,B33W1S0027,クラブ所属履歴 > 「2022-23 島根」,所属履歴の最後のシーズン2022-23の終了年,SUPPORTED,2026-09-30,
Batch 33 Wave 01,B33W1E0137,Career,C001833,organization_id,ORG000173,B33W1S0027,クラブ所属履歴 > 「2023-24 岩手」〜「2026-27 岩手」,B.LEAGUE公式の所属履歴で在籍を確認（略称表記）,SUPPORTED,2026-09-30,
Batch 33 Wave 01,B33W1E0138,Career,C001833,organization_id,ORG000173,B33W1S0018,順位表 > クラブ「岩手ビッグブルズ」（略称「岩手」、club_detail TeamID=709）,公式順位表で略称とクラブ名・TeamIDの対応を確認,SUPPORTED,2026-09-30,
Batch 33 Wave 01,B33W1E0139,Career,C001833,start,2023,B33W1S0027,クラブ所属履歴 > 「2023-24 岩手」,所属履歴の最初のシーズン2023-24の開始年,SUPPORTED,2026-09-30,
Batch 33 Wave 01,B33W1E0140,Career,C001833,organization_id,ORG000173,B33W1S0022,選手一覧 > 岩手 > 後藤 翔平,2026-27シーズンの公式選手一覧で現所属を確認,SUPPORTED,2026-09-30,
Batch 33 Wave 01,B33W1E0141,Person,P000392,name,佐伯 崚介,B33W1S0030,基本情報 > 選手名,B.LEAGUE公式プロフィールで氏名を確認,SUPPORTED,2026-09-30,
Batch 33 Wave 01,B33W1E0142,Person,P000392,birth_date,2003-05-04,B33W1S0030,基本情報 > 生年月日：2003年5月4日,B.LEAGUE公式プロフィールで生年月日を確認,SUPPORTED,2026-09-30,
Batch 33 Wave 01,B33W1E0143,Career,C001834,organization_id,ORG000134,B33W1S0030,基本情報 > 出身校（高）：学校法人土浦日本大学学園土浦日本大学高等学校,B.LEAGUE公式プロフィールで出身校（高）を確認,SUPPORTED,2026-09-30,
Batch 33 Wave 01,B33W1E0144,Career,C001835,organization_id,ORG000208,B33W1S0030,基本情報 > 出身校（大）：白鴎大学,B.LEAGUE公式プロフィールで出身校（大）を確認,SUPPORTED,2026-09-30,
Batch 33 Wave 01,B33W1E0145,Career,C001836,organization_id,ORG000173,B33W1S0030,クラブ所属履歴 > 「2025-26 岩手」〜「2026-27 岩手」,B.LEAGUE公式の所属履歴で在籍を確認（略称表記）,SUPPORTED,2026-09-30,
Batch 33 Wave 01,B33W1E0146,Career,C001836,organization_id,ORG000173,B33W1S0011,順位表 > クラブ「岩手ビッグブルズ」（略称「岩手」、club_detail TeamID=709）,公式順位表で略称とクラブ名・TeamIDの対応を確認,SUPPORTED,2026-09-30,
Batch 33 Wave 01,B33W1E0147,Career,C001836,start,2025,B33W1S0030,クラブ所属履歴 > 「2025-26 岩手」,所属履歴の最初のシーズン2025-26の開始年,SUPPORTED,2026-09-30,
Batch 33 Wave 01,B33W1E0148,Career,C001836,organization_id,ORG000173,B33W1S0022,選手一覧 > 岩手 > 佐伯 崚介,2026-27シーズンの公式選手一覧で現所属を確認,SUPPORTED,2026-09-30,
Batch 33 Wave 01,B33W1E0149,Person,P000393,name,関屋 心,B33W1S0031,基本情報 > 選手名,B.LEAGUE公式プロフィールで氏名を確認,SUPPORTED,2026-09-30,
Batch 33 Wave 01,B33W1E0150,Person,P000393,birth_date,2000-07-22,B33W1S0031,基本情報 > 生年月日：2000年7月22日,B.LEAGUE公式プロフィールで生年月日を確認,SUPPORTED,2026-09-30,
Batch 33 Wave 01,B33W1E0151,Career,C001837,organization_id,ORG000170,B33W1S0031,基本情報 > 出身校（高）：飛龍高等学校,B.LEAGUE公式プロフィールで出身校（高）を確認,SUPPORTED,2026-09-30,
Batch 33 Wave 01,B33W1E0152,Career,C001838,organization_id,ORG000208,B33W1S0031,基本情報 > 出身校（大）：白鴎大学,B.LEAGUE公式プロフィールで出身校（大）を確認,SUPPORTED,2026-09-30,
Batch 33 Wave 01,B33W1E0153,Career,C001839,organization_id,ORG000173,B33W1S0031,クラブ所属履歴 > 「2023-24 岩手」,B.LEAGUE公式の所属履歴で在籍を確認（略称表記）,SUPPORTED,2026-09-30,
Batch 33 Wave 01,B33W1E0154,Career,C001839,organization_id,ORG000173,B33W1S0018,順位表 > クラブ「岩手ビッグブルズ」（略称「岩手」、club_detail TeamID=709）,公式順位表で略称とクラブ名・TeamIDの対応を確認,SUPPORTED,2026-09-30,
Batch 33 Wave 01,B33W1E0155,Career,C001839,start,2023,B33W1S0031,クラブ所属履歴 > 「2023-24 岩手」,所属履歴の最初のシーズン2023-24の開始年,SUPPORTED,2026-09-30,
Batch 33 Wave 01,B33W1E0156,Career,C001839,end,2024,B33W1S0031,クラブ所属履歴 > 「2023-24 岩手」,所属履歴の最後のシーズン2023-24の終了年,SUPPORTED,2026-09-30,
Batch 33 Wave 01,B33W1E0157,Career,C001840,organization_id,ORG000173,B33W1S0031,クラブ所属履歴 > 「2025-26 岩手」〜「2026-27 岩手」,B.LEAGUE公式の所属履歴で在籍を確認（略称表記）,SUPPORTED,2026-09-30,
Batch 33 Wave 01,B33W1E0158,Career,C001840,organization_id,ORG000173,B33W1S0011,順位表 > クラブ「岩手ビッグブルズ」（略称「岩手」、club_detail TeamID=709）,公式順位表で略称とクラブ名・TeamIDの対応を確認,SUPPORTED,2026-09-30,
Batch 33 Wave 01,B33W1E0159,Career,C001840,start,2025,B33W1S0031,クラブ所属履歴 > 「2025-26 岩手」,所属履歴の最初のシーズン2025-26の開始年,SUPPORTED,2026-09-30,
Batch 33 Wave 01,B33W1E0160,Career,C001840,organization_id,ORG000173,B33W1S0022,選手一覧 > 岩手 > 関屋 心,2026-27シーズンの公式選手一覧で現所属を確認,SUPPORTED,2026-09-30,
Batch 33 Wave 01,B33W1E0161,Person,P000394,name,門馬 圭二郎,B33W1S0032,基本情報 > 選手名,B.LEAGUE公式プロフィールで氏名を確認,SUPPORTED,2026-09-30,
Batch 33 Wave 01,B33W1E0162,Person,P000394,birth_date,1994-11-15,B33W1S0032,基本情報 > 生年月日：1994年11月15日,B.LEAGUE公式プロフィールで生年月日を確認,SUPPORTED,2026-09-30,
Batch 33 Wave 01,B33W1E0163,Career,C001841,organization_id,ORG000365,B33W1S0032,基本情報 > 出身校（高）：白樺学園高等学校,B.LEAGUE公式プロフィールで出身校（高）を確認,SUPPORTED,2026-09-30,
Batch 33 Wave 01,B33W1E0164,Career,C001842,organization_id,ORG000121,B33W1S0032,基本情報 > 出身校（大）：日本大学,B.LEAGUE公式プロフィールで出身校（大）を確認,SUPPORTED,2026-09-30,
Batch 33 Wave 01,B33W1E0165,Career,C001843,organization_id,ORG000047,B33W1S0032,クラブ所属履歴 > 「2016-17 栃木」,B.LEAGUE公式の所属履歴で在籍を確認（略称表記）,SUPPORTED,2026-09-30,
Batch 33 Wave 01,B33W1E0166,Career,C001843,organization_id,ORG000047,B33W1S0033,順位表 > クラブ「栃木ブレックス」（略称「栃木」、club_detail TeamID=703）,公式順位表で略称とクラブ名・TeamIDの対応を確認,SUPPORTED,2026-09-30,
Batch 33 Wave 01,B33W1E0167,Career,C001843,start,2016,B33W1S0032,クラブ所属履歴 > 「2016-17 栃木」,所属履歴の最初のシーズン2016-17の開始年,SUPPORTED,2026-09-30,
Batch 33 Wave 01,B33W1E0168,Career,C001843,end,2017,B33W1S0032,クラブ所属履歴 > 「2016-17 栃木」,所属履歴の最後のシーズン2016-17の終了年,SUPPORTED,2026-09-30,
Batch 33 Wave 01,B33W1E0169,Career,C001844,organization_id,ORG000182,B33W1S0032,クラブ所属履歴 > 「2017-18 青森」〜「2021-22 青森」,B.LEAGUE公式の所属履歴で在籍を確認（略称表記）,SUPPORTED,2026-09-30,
Batch 33 Wave 01,B33W1E0170,Career,C001844,organization_id,ORG000182,B33W1S0034,順位表 > クラブ「青森ワッツ」（略称「青森」、club_detail TeamID=708）,公式順位表で略称とクラブ名・TeamIDの対応を確認,SUPPORTED,2026-09-30,
Batch 33 Wave 01,B33W1E0171,Career,C001844,start,2017,B33W1S0032,クラブ所属履歴 > 「2017-18 青森」,所属履歴の最初のシーズン2017-18の開始年,SUPPORTED,2026-09-30,
Batch 33 Wave 01,B33W1E0172,Career,C001844,end,2022,B33W1S0032,クラブ所属履歴 > 「2021-22 青森」,所属履歴の最後のシーズン2021-22の終了年,SUPPORTED,2026-09-30,
Batch 33 Wave 01,B33W1E0173,Career,C001845,organization_id,ORG000173,B33W1S0032,クラブ所属履歴 > 「2022-23 岩手」〜「2026-27 岩手」,B.LEAGUE公式の所属履歴で在籍を確認（略称表記）,SUPPORTED,2026-09-30,
Batch 33 Wave 01,B33W1E0174,Career,C001845,organization_id,ORG000173,B33W1S0021,順位表 > クラブ「岩手ビッグブルズ」（略称「岩手」、club_detail TeamID=709）,公式順位表で略称とクラブ名・TeamIDの対応を確認,SUPPORTED,2026-09-30,
Batch 33 Wave 01,B33W1E0175,Career,C001845,start,2022,B33W1S0032,クラブ所属履歴 > 「2022-23 岩手」,所属履歴の最初のシーズン2022-23の開始年,SUPPORTED,2026-09-30,
Batch 33 Wave 01,B33W1E0176,Career,C001845,organization_id,ORG000173,B33W1S0022,選手一覧 > 岩手 > 門馬 圭二郎,2026-27シーズンの公式選手一覧で現所属を確認,SUPPORTED,2026-09-30,
Batch 33 Wave 01,B33W1E0177,Person,P000395,name,山崎 凜,B33W1S0035,基本情報 > 選手名,B.LEAGUE公式プロフィールで氏名を確認,SUPPORTED,2026-09-30,
Batch 33 Wave 01,B33W1E0178,Person,P000395,birth_date,2001-03-24,B33W1S0035,基本情報 > 生年月日：2001年3月24日,B.LEAGUE公式プロフィールで生年月日を確認,SUPPORTED,2026-09-30,
Batch 33 Wave 01,B33W1E0179,Career,C001846,organization_id,ORG000134,B33W1S0035,基本情報 > 出身校（高）：学校法人土浦日本大学学園土浦日本大学高等学校,B.LEAGUE公式プロフィールで出身校（高）を確認,SUPPORTED,2026-09-30,
Batch 33 Wave 01,B33W1E0180,Career,C001847,organization_id,ORG000030,B33W1S0035,基本情報 > 出身校（大）：青山学院大学,B.LEAGUE公式プロフィールで出身校（大）を確認,SUPPORTED,2026-09-30,
Batch 33 Wave 01,B33W1E0181,Career,C001848,organization_id,ORG000135,B33W1S0035,クラブ所属履歴 > 「2022-23 長崎」,B.LEAGUE公式の所属履歴で在籍を確認（略称表記）,SUPPORTED,2026-09-30,
Batch 33 Wave 01,B33W1E0182,Career,C001848,organization_id,ORG000135,B33W1S0005,順位表 > クラブ「長崎ヴェルカ」（略称「長崎」、club_detail TeamID=2488）,公式順位表で略称とクラブ名・TeamIDの対応を確認,SUPPORTED,2026-09-30,
Batch 33 Wave 01,B33W1E0183,Career,C001848,start,2022,B33W1S0035,クラブ所属履歴 > 「2022-23 長崎」,所属履歴の最初のシーズン2022-23の開始年,SUPPORTED,2026-09-30,
Batch 33 Wave 01,B33W1E0184,Career,C001848,end,2023,B33W1S0035,クラブ所属履歴 > 「2022-23 長崎」,所属履歴の最後のシーズン2022-23の終了年,SUPPORTED,2026-09-30,
Batch 33 Wave 01,B33W1E0185,Career,C001849,organization_id,ORG000153,B33W1S0035,クラブ所属履歴 > 「2023-24 滋賀」,B.LEAGUE公式の所属履歴で在籍を確認（略称表記）,SUPPORTED,2026-09-30,
Batch 33 Wave 01,B33W1E0186,Career,C001849,organization_id,ORG000153,B33W1S0018,順位表 > クラブ「滋賀レイクス」（略称「滋賀」、club_detail TeamID=698）,公式順位表で略称とクラブ名・TeamIDの対応を確認,SUPPORTED,2026-09-30,
Batch 33 Wave 01,B33W1E0187,Career,C001849,start,2023,B33W1S0035,クラブ所属履歴 > 「2023-24 滋賀」,所属履歴の最初のシーズン2023-24の開始年,SUPPORTED,2026-09-30,
Batch 33 Wave 01,B33W1E0188,Career,C001849,end,2024,B33W1S0035,クラブ所属履歴 > 「2023-24 滋賀」,所属履歴の最後のシーズン2023-24の終了年,SUPPORTED,2026-09-30,
Batch 33 Wave 01,B33W1E0189,Career,C001850,organization_id,ORG000180,B33W1S0035,クラブ所属履歴 > 「2024-25 FE名古屋」,B.LEAGUE公式の所属履歴で在籍を確認（略称表記）,SUPPORTED,2026-09-30,
Batch 33 Wave 01,B33W1E0190,Career,C001850,organization_id,ORG000180,B33W1S0010,順位表 > クラブ「ファイティングイーグルス名古屋」（略称「FE名古屋」、club_detail TeamID=717）,公式順位表で略称とクラブ名・TeamIDの対応を確認,SUPPORTED,2026-09-30,
Batch 33 Wave 01,B33W1E0191,Career,C001850,start,2024,B33W1S0035,クラブ所属履歴 > 「2024-25 FE名古屋」,所属履歴の最初のシーズン2024-25の開始年,SUPPORTED,2026-09-30,
Batch 33 Wave 01,B33W1E0192,Career,C001850,end,2025,B33W1S0035,クラブ所属履歴 > 「2024-25 FE名古屋」,所属履歴の最後のシーズン2024-25の終了年,SUPPORTED,2026-09-30,
Batch 33 Wave 01,B33W1E0193,Career,C001851,organization_id,ORG000173,B33W1S0035,クラブ所属履歴 > 「2025-26 岩手」〜「2026-27 岩手」,B.LEAGUE公式の所属履歴で在籍を確認（略称表記）,SUPPORTED,2026-09-30,
Batch 33 Wave 01,B33W1E0194,Career,C001851,organization_id,ORG000173,B33W1S0011,順位表 > クラブ「岩手ビッグブルズ」（略称「岩手」、club_detail TeamID=709）,公式順位表で略称とクラブ名・TeamIDの対応を確認,SUPPORTED,2026-09-30,
Batch 33 Wave 01,B33W1E0195,Career,C001851,start,2025,B33W1S0035,クラブ所属履歴 > 「2025-26 岩手」,所属履歴の最初のシーズン2025-26の開始年,SUPPORTED,2026-09-30,
Batch 33 Wave 01,B33W1E0196,Career,C001851,organization_id,ORG000173,B33W1S0022,選手一覧 > 岩手 > 山崎 凜,2026-27シーズンの公式選手一覧で現所属を確認,SUPPORTED,2026-09-30,
Batch 33 Wave 01,B33W1E0197,Person,P000396,name,阿部 龍星,B33W1S0036,基本情報 > 選手名,B.LEAGUE公式プロフィールで氏名を確認,SUPPORTED,2026-09-30,
Batch 33 Wave 01,B33W1E0198,Person,P000396,birth_date,1995-09-19,B33W1S0036,基本情報 > 生年月日：1995年9月19日,B.LEAGUE公式プロフィールで生年月日を確認,SUPPORTED,2026-09-30,
Batch 33 Wave 01,B33W1E0199,Career,C001852,organization_id,ORG000263,B33W1S0036,基本情報 > 出身校（高）：山形県立山形南高等学校,B.LEAGUE公式プロフィールで出身校（高）を確認,SUPPORTED,2026-09-30,
Batch 33 Wave 01,B33W1E0200,Career,C001853,organization_id,ORG000016,B33W1S0036,基本情報 > 出身校（大）：中央大学,B.LEAGUE公式プロフィールで出身校（大）を確認,SUPPORTED,2026-09-30,
Batch 33 Wave 01,B33W1E0201,Career,C001854,organization_id,ORG000055,B33W1S0036,クラブ所属履歴 > 「2021-22 横浜BC」,B.LEAGUE公式の所属履歴で在籍を確認（略称表記）,SUPPORTED,2026-09-30,
Batch 33 Wave 01,B33W1E0202,Career,C001854,organization_id,ORG000055,B33W1S0014,順位表 > クラブ「横浜ビー・コルセアーズ」（略称「横浜」、club_detail TeamID=694）,公式順位表で略称とクラブ名・TeamIDの対応を確認,SUPPORTED,2026-09-30,
Batch 33 Wave 01,B33W1E0203,Career,C001854,start,2021,B33W1S0036,クラブ所属履歴 > 「2021-22 横浜BC」,所属履歴の最初のシーズン2021-22の開始年,SUPPORTED,2026-09-30,
Batch 33 Wave 01,B33W1E0204,Career,C001854,end,2022,B33W1S0036,クラブ所属履歴 > 「2021-22 横浜BC」,所属履歴の最後のシーズン2021-22の終了年,SUPPORTED,2026-09-30,
Batch 33 Wave 01,B33W1E0205,Career,C001855,organization_id,ORG000181,B33W1S0036,クラブ所属履歴 > 「2023-24 山形」〜「2026-27 山形」,B.LEAGUE公式の所属履歴で在籍を確認（略称表記）,SUPPORTED,2026-09-30,
Batch 33 Wave 01,B33W1E0206,Career,C001855,organization_id,ORG000181,B33W1S0018,順位表 > クラブ「山形ワイヴァンズ」（略称「山形」、club_detail TeamID=710）,公式順位表で略称とクラブ名・TeamIDの対応を確認,SUPPORTED,2026-09-30,
Batch 33 Wave 01,B33W1E0207,Career,C001855,start,2023,B33W1S0036,クラブ所属履歴 > 「2023-24 山形」,所属履歴の最初のシーズン2023-24の開始年,SUPPORTED,2026-09-30,
Batch 33 Wave 01,B33W1E0208,Career,C001855,organization_id,ORG000181,B33W1S0037,選手一覧 > 山形 > 阿部 龍星,2026-27シーズンの公式選手一覧で現所属を確認,SUPPORTED,2026-09-30,
Batch 33 Wave 01,B33W1E0209,Person,P000397,name,伊集 貴也,B33W1S0038,基本情報 > 選手名,B.LEAGUE公式プロフィールで氏名を確認,SUPPORTED,2026-09-30,
Batch 33 Wave 01,B33W1E0210,Person,P000397,birth_date,1993-02-22,B33W1S0038,基本情報 > 生年月日：1993年2月22日,B.LEAGUE公式プロフィールで生年月日を確認,SUPPORTED,2026-09-30,
Batch 33 Wave 01,B33W1E0211,Career,C001856,organization_id,ORG000272,B33W1S0038,基本情報 > 出身校（高）：興南高等学校,B.LEAGUE公式プロフィールで出身校（高）を確認,SUPPORTED,2026-09-30,
Batch 33 Wave 01,B33W1E0212,Career,C001857,organization_id,ORG000203,B33W1S0038,基本情報 > 出身校（大）：国士舘大学,B.LEAGUE公式プロフィールで出身校（大）を確認,SUPPORTED,2026-09-30,
Batch 33 Wave 01,B33W1E0213,Career,C001858,organization_id,ORG000155,B33W1S0038,クラブ所属履歴 > 「2018-19 島根」,B.LEAGUE公式の所属履歴で在籍を確認（略称表記）,SUPPORTED,2026-09-30,
Batch 33 Wave 01,B33W1E0214,Career,C001858,organization_id,ORG000155,B33W1S0024,順位表 > クラブ「島根スサノオマジック」（略称「島根」、club_detail TeamID=720）,公式順位表で略称とクラブ名・TeamIDの対応を確認,SUPPORTED,2026-09-30,
Batch 33 Wave 01,B33W1E0215,Career,C001858,start,2018,B33W1S0038,クラブ所属履歴 > 「2018-19 島根」,所属履歴の最初のシーズン2018-19の開始年,SUPPORTED,2026-09-30,
Batch 33 Wave 01,B33W1E0216,Career,C001858,end,2019,B33W1S0038,クラブ所属履歴 > 「2018-19 島根」,所属履歴の最後のシーズン2018-19の終了年,SUPPORTED,2026-09-30,
Batch 33 Wave 01,B33W1E0217,Career,C001859,organization_id,ORG000091,B33W1S0038,クラブ所属履歴 > 「2019-20 愛媛」〜「2020-21 愛媛」,B.LEAGUE公式の所属履歴で在籍を確認（略称表記）,SUPPORTED,2026-09-30,
Batch 33 Wave 01,B33W1E0218,Career,C001859,organization_id,ORG000091,B33W1S0025,順位表 > クラブ「愛媛オレンジバイキングス」（略称「愛媛」、club_detail TeamID=723）,公式順位表で略称とクラブ名・TeamIDの対応を確認,SUPPORTED,2026-09-30,
Batch 33 Wave 01,B33W1E0219,Career,C001859,start,2019,B33W1S0038,クラブ所属履歴 > 「2019-20 愛媛」,所属履歴の最初のシーズン2019-20の開始年,SUPPORTED,2026-09-30,
Batch 33 Wave 01,B33W1E0220,Career,C001859,end,2021,B33W1S0038,クラブ所属履歴 > 「2020-21 愛媛」,所属履歴の最後のシーズン2020-21の終了年,SUPPORTED,2026-09-30,
Batch 33 Wave 01,B33W1E0221,Career,C001860,organization_id,ORG000224,B33W1S0038,クラブ所属履歴 > 「2021-22 香川」〜「2022-23 香川」,B.LEAGUE公式の所属履歴で在籍を確認（略称表記）,SUPPORTED,2026-09-30,
Batch 33 Wave 01,B33W1E0222,Career,C001860,organization_id,ORG000224,B33W1S0026,順位表 > クラブ「香川ファイブアローズ」（略称「香川」、club_detail TeamID=722）,公式順位表で略称とクラブ名・TeamIDの対応を確認,SUPPORTED,2026-09-30,
Batch 33 Wave 01,B33W1E0223,Career,C001860,start,2021,B33W1S0038,クラブ所属履歴 > 「2021-22 香川」,所属履歴の最初のシーズン2021-22の開始年,SUPPORTED,2026-09-30,
Batch 33 Wave 01,B33W1E0224,Career,C001860,end,2023,B33W1S0038,クラブ所属履歴 > 「2022-23 香川」,所属履歴の最後のシーズン2022-23の終了年,SUPPORTED,2026-09-30,
Batch 33 Wave 01,B33W1E0225,Career,C001861,organization_id,ORG000202,B33W1S0038,クラブ所属履歴 > 「2024-25 福島」,B.LEAGUE公式の所属履歴で在籍を確認（略称表記）,SUPPORTED,2026-09-30,
Batch 33 Wave 01,B33W1E0226,Career,C001861,organization_id,ORG000202,B33W1S0006,順位表 > クラブ「福島ファイヤーボンズ」（略称「福島」、club_detail TeamID=711）,公式順位表で略称とクラブ名・TeamIDの対応を確認,SUPPORTED,2026-09-30,
Batch 33 Wave 01,B33W1E0227,Career,C001861,start,2024,B33W1S0038,クラブ所属履歴 > 「2024-25 福島」,所属履歴の最初のシーズン2024-25の開始年,SUPPORTED,2026-09-30,
Batch 33 Wave 01,B33W1E0228,Career,C001861,end,2025,B33W1S0038,クラブ所属履歴 > 「2024-25 福島」,所属履歴の最後のシーズン2024-25の終了年,SUPPORTED,2026-09-30,
Batch 33 Wave 01,B33W1E0229,Career,C001862,organization_id,ORG000163,B33W1S0038,クラブ所属履歴 > 「2025-26 湘南」,B.LEAGUE公式の所属履歴で在籍を確認（略称表記）,SUPPORTED,2026-09-30,
Batch 33 Wave 01,B33W1E0230,Career,C001862,organization_id,ORG000163,B33W1S0039,順位表 > クラブ「湘南ユナイテッドBC」（略称「湘南」、club_detail TeamID=2728）,公式順位表で略称とクラブ名・TeamIDの対応を確認,SUPPORTED,2026-09-30,
Batch 33 Wave 01,B33W1E0231,Career,C001862,start,2025,B33W1S0038,クラブ所属履歴 > 「2025-26 湘南」,所属履歴の最初のシーズン2025-26の開始年,SUPPORTED,2026-09-30,
Batch 33 Wave 01,B33W1E0232,Career,C001862,end,2026,B33W1S0038,クラブ所属履歴 > 「2025-26 湘南」,所属履歴の最後のシーズン2025-26の終了年,SUPPORTED,2026-09-30,
Batch 33 Wave 01,B33W1E0233,Career,C001863,organization_id,ORG000181,B33W1S0038,クラブ所属履歴 > 「2026-27 山形」,B.LEAGUE公式の所属履歴で在籍を確認（略称表記）,SUPPORTED,2026-09-30,
Batch 33 Wave 01,B33W1E0234,Career,C001863,organization_id,ORG000181,B33W1S0007,順位表 > クラブ「山形ワイヴァンズ」（略称「山形」、club_detail TeamID=710）,公式順位表で略称とクラブ名・TeamIDの対応を確認,SUPPORTED,2026-09-30,
Batch 33 Wave 01,B33W1E0235,Career,C001863,start,2026,B33W1S0038,クラブ所属履歴 > 「2026-27 山形」,所属履歴の最初のシーズン2026-27の開始年,SUPPORTED,2026-09-30,
Batch 33 Wave 01,B33W1E0236,Career,C001863,organization_id,ORG000181,B33W1S0037,選手一覧 > 山形 > 伊集 貴也,2026-27シーズンの公式選手一覧で現所属を確認,SUPPORTED,2026-09-30,
Batch 33 Wave 01,B33W1E0237,Person,P000398,name,大森 康瑛,B33W1S0040,基本情報 > 選手名,B.LEAGUE公式プロフィールで氏名を確認,SUPPORTED,2026-09-30,
Batch 33 Wave 01,B33W1E0238,Person,P000398,birth_date,2005-06-29,B33W1S0040,基本情報 > 生年月日：2005年6月29日,B.LEAGUE公式プロフィールで生年月日を確認,SUPPORTED,2026-09-30,
Batch 33 Wave 01,B33W1E0239,Career,C001864,organization_id,ORG000366,B33W1S0040,基本情報 > 出身校（高）：麻布高等学校,B.LEAGUE公式プロフィールで出身校（高）を確認,SUPPORTED,2026-09-30,
Batch 33 Wave 01,B33W1E0240,Career,C001865,organization_id,ORG000114,B33W1S0040,クラブ所属履歴 > 「2023-24 SR渋谷」〜「2025-26 SR渋谷」,B.LEAGUE公式の所属履歴で在籍を確認（略称表記）,SUPPORTED,2026-09-30,
Batch 33 Wave 01,B33W1E0241,Career,C001865,organization_id,ORG000114,B33W1S0041,順位表 > クラブ「サンロッカーズ渋谷」（略称「SR渋谷」、club_detail TeamID=726）,公式順位表で略称とクラブ名・TeamIDの対応を確認,SUPPORTED,2026-09-30,
Batch 33 Wave 01,B33W1E0242,Career,C001865,start,2023,B33W1S0040,クラブ所属履歴 > 「2023-24 SR渋谷」,所属履歴の最初のシーズン2023-24の開始年,SUPPORTED,2026-09-30,
Batch 33 Wave 01,B33W1E0243,Career,C001865,end,2026,B33W1S0040,クラブ所属履歴 > 「2025-26 SR渋谷」,所属履歴の最後のシーズン2025-26の終了年,SUPPORTED,2026-09-30,
Batch 33 Wave 01,B33W1E0244,Career,C001866,organization_id,ORG000181,B33W1S0040,クラブ所属履歴 > 「2026-27 山形」,B.LEAGUE公式の所属履歴で在籍を確認（略称表記）,SUPPORTED,2026-09-30,
Batch 33 Wave 01,B33W1E0245,Career,C001866,organization_id,ORG000181,B33W1S0007,順位表 > クラブ「山形ワイヴァンズ」（略称「山形」、club_detail TeamID=710）,公式順位表で略称とクラブ名・TeamIDの対応を確認,SUPPORTED,2026-09-30,
Batch 33 Wave 01,B33W1E0246,Career,C001866,start,2026,B33W1S0040,クラブ所属履歴 > 「2026-27 山形」,所属履歴の最初のシーズン2026-27の開始年,SUPPORTED,2026-09-30,
Batch 33 Wave 01,B33W1E0247,Career,C001866,organization_id,ORG000181,B33W1S0037,選手一覧 > 山形 > 大森 康瑛,2026-27シーズンの公式選手一覧で現所属を確認,SUPPORTED,2026-09-30,
Batch 33 Wave 01,B33W1E0248,Person,P000399,name,樋口 蒼生,B33W1S0042,基本情報 > 選手名,B.LEAGUE公式プロフィールで氏名を確認,SUPPORTED,2026-09-30,
Batch 33 Wave 01,B33W1E0249,Person,P000399,birth_date,2001-07-04,B33W1S0042,基本情報 > 生年月日：2001年7月4日,B.LEAGUE公式プロフィールで生年月日を確認,SUPPORTED,2026-09-30,
Batch 33 Wave 01,B33W1E0250,Career,C001867,organization_id,ORG000367,B33W1S0042,基本情報 > 出身校（高）：羽黒高等学校,B.LEAGUE公式プロフィールで出身校（高）を確認,SUPPORTED,2026-09-30,
Batch 33 Wave 01,B33W1E0251,Career,C001868,organization_id,ORG000016,B33W1S0042,基本情報 > 出身校（大）：中央大学,B.LEAGUE公式プロフィールで出身校（大）を確認,SUPPORTED,2026-09-30,
Batch 33 Wave 01,B33W1E0252,Career,C001869,organization_id,ORG000052,B33W1S0042,クラブ所属履歴 > 「2024-25 新潟」〜「2025-26 新潟」,B.LEAGUE公式の所属履歴で在籍を確認（略称表記）,SUPPORTED,2026-09-30,
Batch 33 Wave 01,B33W1E0253,Career,C001869,organization_id,ORG000052,B33W1S0043,順位表 > クラブ「新潟アルビレックスBB」（略称「新潟」、club_detail TeamID=695）,公式順位表で略称とクラブ名・TeamIDの対応を確認,SUPPORTED,2026-09-30,
Batch 33 Wave 01,B33W1E0254,Career,C001869,start,2024,B33W1S0042,クラブ所属履歴 > 「2024-25 新潟」,所属履歴の最初のシーズン2024-25の開始年,SUPPORTED,2026-09-30,
Batch 33 Wave 01,B33W1E0255,Career,C001869,end,2026,B33W1S0042,クラブ所属履歴 > 「2025-26 新潟」,所属履歴の最後のシーズン2025-26の終了年,SUPPORTED,2026-09-30,
Batch 33 Wave 01,B33W1E0256,Career,C001870,organization_id,ORG000181,B33W1S0042,クラブ所属履歴 > 「2026-27 山形」,B.LEAGUE公式の所属履歴で在籍を確認（略称表記）,SUPPORTED,2026-09-30,
Batch 33 Wave 01,B33W1E0257,Career,C001870,organization_id,ORG000181,B33W1S0007,順位表 > クラブ「山形ワイヴァンズ」（略称「山形」、club_detail TeamID=710）,公式順位表で略称とクラブ名・TeamIDの対応を確認,SUPPORTED,2026-09-30,
Batch 33 Wave 01,B33W1E0258,Career,C001870,start,2026,B33W1S0042,クラブ所属履歴 > 「2026-27 山形」,所属履歴の最初のシーズン2026-27の開始年,SUPPORTED,2026-09-30,
Batch 33 Wave 01,B33W1E0259,Career,C001870,organization_id,ORG000181,B33W1S0037,選手一覧 > 山形 > 樋口 蒼生,2026-27シーズンの公式選手一覧で現所属を確認,SUPPORTED,2026-09-30,
Batch 33 Wave 01,B33W1E0260,Person,P000400,name,広瀬 翔一,B33W1S0044,基本情報 > 選手名,B.LEAGUE公式プロフィールで氏名を確認,SUPPORTED,2026-09-30,
Batch 33 Wave 01,B33W1E0261,Person,P000400,birth_date,2002-07-25,B33W1S0044,基本情報 > 生年月日：2002年7月25日,B.LEAGUE公式プロフィールで生年月日を確認,SUPPORTED,2026-09-30,
Batch 33 Wave 01,B33W1E0262,Career,C001871,organization_id,ORG000368,B33W1S0044,基本情報 > 出身校（高）：西武学園文理高等学校,B.LEAGUE公式プロフィールで出身校（高）を確認,SUPPORTED,2026-09-30,
Batch 33 Wave 01,B33W1E0263,Career,C001872,organization_id,ORG000030,B33W1S0044,基本情報 > 出身校（大）：青山学院大学,B.LEAGUE公式プロフィールで出身校（大）を確認,SUPPORTED,2026-09-30,
Batch 33 Wave 01,B33W1E0264,Career,C001873,organization_id,ORG000183,B33W1S0044,クラブ所属履歴 > 「2024-25 埼玉」,B.LEAGUE公式の所属履歴で在籍を確認（略称表記）,SUPPORTED,2026-09-30,
Batch 33 Wave 01,B33W1E0265,Career,C001873,organization_id,ORG000183,B33W1S0043,順位表 > クラブ「さいたまブロンコス」（略称「埼玉」、club_detail TeamID=744）,公式順位表で略称とクラブ名・TeamIDの対応を確認,SUPPORTED,2026-09-30,
Batch 33 Wave 01,B33W1E0266,Career,C001873,start,2024,B33W1S0044,クラブ所属履歴 > 「2024-25 埼玉」,所属履歴の最初のシーズン2024-25の開始年,SUPPORTED,2026-09-30,
Batch 33 Wave 01,B33W1E0267,Career,C001873,end,2025,B33W1S0044,クラブ所属履歴 > 「2024-25 埼玉」,所属履歴の最後のシーズン2024-25の終了年,SUPPORTED,2026-09-30,
Batch 33 Wave 01,B33W1E0268,Career,C001874,organization_id,ORG000181,B33W1S0044,クラブ所属履歴 > 「2025-26 山形」〜「2026-27 山形」,B.LEAGUE公式の所属履歴で在籍を確認（略称表記）,SUPPORTED,2026-09-30,
Batch 33 Wave 01,B33W1E0269,Career,C001874,organization_id,ORG000181,B33W1S0011,順位表 > クラブ「山形ワイヴァンズ」（略称「山形」、club_detail TeamID=710）,公式順位表で略称とクラブ名・TeamIDの対応を確認,SUPPORTED,2026-09-30,
Batch 33 Wave 01,B33W1E0270,Career,C001874,start,2025,B33W1S0044,クラブ所属履歴 > 「2025-26 山形」,所属履歴の最初のシーズン2025-26の開始年,SUPPORTED,2026-09-30,
Batch 33 Wave 01,B33W1E0271,Career,C001874,organization_id,ORG000181,B33W1S0037,選手一覧 > 山形 > 広瀬 翔一,2026-27シーズンの公式選手一覧で現所属を確認,SUPPORTED,2026-09-30,
Batch 33 Wave 01,B33W1E0272,Person,P000401,name,村上 慎也,B33W1S0045,基本情報 > 選手名,B.LEAGUE公式プロフィールで氏名を確認,SUPPORTED,2026-09-30,
Batch 33 Wave 01,B33W1E0273,Person,P000401,birth_date,1991-03-05,B33W1S0045,基本情報 > 生年月日：1991年3月5日,B.LEAGUE公式プロフィールで生年月日を確認,SUPPORTED,2026-09-30,
Batch 33 Wave 01,B33W1E0274,Career,C001875,organization_id,ORG000369,B33W1S0045,基本情報 > 出身校（高）：宮崎県立小林高等学校,B.LEAGUE公式プロフィールで出身校（高）を確認,SUPPORTED,2026-09-30,
Batch 33 Wave 01,B33W1E0275,Career,C001876,organization_id,ORG000328,B33W1S0045,基本情報 > 出身校（大）：九州共立大学,B.LEAGUE公式プロフィールで出身校（大）を確認,SUPPORTED,2026-09-30,
Batch 33 Wave 01,B33W1E0276,Career,C001877,organization_id,ORG000202,B33W1S0045,クラブ所属履歴 > 「2016-17 福島」〜「2022-23 福島」,B.LEAGUE公式の所属履歴で在籍を確認（略称表記）,SUPPORTED,2026-09-30,
Batch 33 Wave 01,B33W1E0277,Career,C001877,organization_id,ORG000202,B33W1S0002,順位表 > クラブ「福島ファイヤーボンズ」（略称「福島」、club_detail TeamID=711）,公式順位表で略称とクラブ名・TeamIDの対応を確認,SUPPORTED,2026-09-30,
Batch 33 Wave 01,B33W1E0278,Career,C001877,start,2016,B33W1S0045,クラブ所属履歴 > 「2016-17 福島」,所属履歴の最初のシーズン2016-17の開始年,SUPPORTED,2026-09-30,
Batch 33 Wave 01,B33W1E0279,Career,C001877,end,2023,B33W1S0045,クラブ所属履歴 > 「2022-23 福島」,所属履歴の最後のシーズン2022-23の終了年,SUPPORTED,2026-09-30,
Batch 33 Wave 01,B33W1E0280,Career,C001878,organization_id,ORG000181,B33W1S0045,クラブ所属履歴 > 「2023-24 山形」〜「2026-27 山形」,B.LEAGUE公式の所属履歴で在籍を確認（略称表記）,SUPPORTED,2026-09-30,
Batch 33 Wave 01,B33W1E0281,Career,C001878,organization_id,ORG000181,B33W1S0018,順位表 > クラブ「山形ワイヴァンズ」（略称「山形」、club_detail TeamID=710）,公式順位表で略称とクラブ名・TeamIDの対応を確認,SUPPORTED,2026-09-30,
Batch 33 Wave 01,B33W1E0282,Career,C001878,start,2023,B33W1S0045,クラブ所属履歴 > 「2023-24 山形」,所属履歴の最初のシーズン2023-24の開始年,SUPPORTED,2026-09-30,
Batch 33 Wave 01,B33W1E0283,Career,C001878,organization_id,ORG000181,B33W1S0037,選手一覧 > 山形 > 村上 慎也,2026-27シーズンの公式選手一覧で現所属を確認,SUPPORTED,2026-09-30,
Batch 33 Wave 01,B33W1E0284,Person,P000402,name,大久保 友貴,B33W1S0046,基本情報 > 選手名,B.LEAGUE公式プロフィールで氏名を確認,SUPPORTED,2026-09-30,
Batch 33 Wave 01,B33W1E0285,Person,P000402,birth_date,2002-08-13,B33W1S0046,基本情報 > 生年月日：2002年8月13日,B.LEAGUE公式プロフィールで生年月日を確認,SUPPORTED,2026-09-30,
Batch 33 Wave 01,B33W1E0286,Career,C001879,organization_id,ORG000370,B33W1S0046,基本情報 > 出身校（高）：Crossroads School for Arts and Sciences,B.LEAGUE公式プロフィールで出身校（高）を確認,SUPPORTED,2026-09-30,
Batch 33 Wave 01,B33W1E0287,Career,C001880,organization_id,ORG000371,B33W1S0046,基本情報 > 出身校（大）：Oberlin College,B.LEAGUE公式プロフィールで出身校（大）を確認,SUPPORTED,2026-09-30,
Batch 33 Wave 01,B33W1E0288,Career,C001881,organization_id,ORG000202,B33W1S0046,クラブ所属履歴 > 「2025-26 福島」〜「2026-27 福島」,B.LEAGUE公式の所属履歴で在籍を確認（略称表記）,SUPPORTED,2026-09-30,
Batch 33 Wave 01,B33W1E0289,Career,C001881,organization_id,ORG000202,B33W1S0011,順位表 > クラブ「福島ファイヤーボンズ」（略称「福島」、club_detail TeamID=711）,公式順位表で略称とクラブ名・TeamIDの対応を確認,SUPPORTED,2026-09-30,
Batch 33 Wave 01,B33W1E0290,Career,C001881,start,2025,B33W1S0046,クラブ所属履歴 > 「2025-26 福島」,所属履歴の最初のシーズン2025-26の開始年,SUPPORTED,2026-09-30,
Batch 33 Wave 01,B33W1E0291,Career,C001881,organization_id,ORG000202,B33W1S0047,選手一覧 > 福島 > 大久保 友貴,2026-27シーズンの公式選手一覧で現所属を確認,SUPPORTED,2026-09-30,
Batch 33 Wave 01,B33W1E0292,Person,P000403,name,新川 敬大,B33W1S0048,基本情報 > 選手名,B.LEAGUE公式プロフィールで氏名を確認,SUPPORTED,2026-09-30,
Batch 33 Wave 01,B33W1E0293,Person,P000403,birth_date,1995-05-03,B33W1S0048,基本情報 > 生年月日：1995年5月3日,B.LEAGUE公式プロフィールで生年月日を確認,SUPPORTED,2026-09-30,
Batch 33 Wave 01,B33W1E0294,Career,C001882,organization_id,ORG000293,B33W1S0048,基本情報 > 出身校（高）：京北高等学校(現・東洋大学京北高等学校),B.LEAGUE公式プロフィールで出身校（高）を確認,SUPPORTED,2026-09-30,プロフィール上の表記は「京北高等学校(現・東洋大学京北高等学校)」
Batch 33 Wave 01,B33W1E0295,Career,C001883,organization_id,ORG000136,B33W1S0048,基本情報 > 出身校（大）：早稲田大学,B.LEAGUE公式プロフィールで出身校（大）を確認,SUPPORTED,2026-09-30,
Batch 33 Wave 01,B33W1E0296,Career,C001884,organization_id,ORG000143,B33W1S0048,クラブ所属履歴 > 「2017-18 群馬」〜「2019-20 群馬」,B.LEAGUE公式の所属履歴で在籍を確認（略称表記）,SUPPORTED,2026-09-30,
Batch 33 Wave 01,B33W1E0297,Career,C001884,organization_id,ORG000143,B33W1S0034,順位表 > クラブ「群馬クレインサンダーズ」（略称「群馬」、club_detail TeamID=713）,公式順位表で略称とクラブ名・TeamIDの対応を確認,SUPPORTED,2026-09-30,
Batch 33 Wave 01,B33W1E0298,Career,C001884,start,2017,B33W1S0048,クラブ所属履歴 > 「2017-18 群馬」,所属履歴の最初のシーズン2017-18の開始年,SUPPORTED,2026-09-30,
Batch 33 Wave 01,B33W1E0299,Career,C001884,end,2020,B33W1S0048,クラブ所属履歴 > 「2019-20 群馬」,所属履歴の最後のシーズン2019-20の終了年,SUPPORTED,2026-09-30,
Batch 33 Wave 01,B33W1E0300,Career,C001885,organization_id,ORG000183,B33W1S0048,クラブ所属履歴 > 「2020-21 埼玉」〜「2021-22 埼玉」,B.LEAGUE公式の所属履歴で在籍を確認（略称表記）,SUPPORTED,2026-09-30,
Batch 33 Wave 01,B33W1E0301,Career,C001885,organization_id,ORG000183,B33W1S0049,順位表 > クラブ「さいたまブロンコス」（略称「埼玉」、club_detail TeamID=744）,公式順位表で略称とクラブ名・TeamIDの対応を確認,SUPPORTED,2026-09-30,
Batch 33 Wave 01,B33W1E0302,Career,C001885,start,2020,B33W1S0048,クラブ所属履歴 > 「2020-21 埼玉」,所属履歴の最初のシーズン2020-21の開始年,SUPPORTED,2026-09-30,
Batch 33 Wave 01,B33W1E0303,Career,C001885,end,2022,B33W1S0048,クラブ所属履歴 > 「2021-22 埼玉」,所属履歴の最後のシーズン2021-22の終了年,SUPPORTED,2026-09-30,
Batch 33 Wave 01,B33W1E0304,Career,C001886,organization_id,ORG000227,B33W1S0048,クラブ所属履歴 > 「2022-23 静岡」〜「2024-25 静岡」,B.LEAGUE公式の所属履歴で在籍を確認（略称表記）,SUPPORTED,2026-09-30,
Batch 33 Wave 01,B33W1E0305,Career,C001886,organization_id,ORG000227,B33W1S0021,順位表 > クラブ「ベルテックス静岡」（略称「静岡」、club_detail TeamID=1637）,公式順位表で略称とクラブ名・TeamIDの対応を確認,SUPPORTED,2026-09-30,
Batch 33 Wave 01,B33W1E0306,Career,C001886,start,2022,B33W1S0048,クラブ所属履歴 > 「2022-23 静岡」,所属履歴の最初のシーズン2022-23の開始年,SUPPORTED,2026-09-30,
Batch 33 Wave 01,B33W1E0307,Career,C001886,end,2025,B33W1S0048,クラブ所属履歴 > 「2024-25 静岡」,所属履歴の最後のシーズン2024-25の終了年,SUPPORTED,2026-09-30,
Batch 33 Wave 01,B33W1E0308,Career,C001887,organization_id,ORG000202,B33W1S0048,クラブ所属履歴 > 「2025-26 福島」〜「2026-27 福島」,B.LEAGUE公式の所属履歴で在籍を確認（略称表記）,SUPPORTED,2026-09-30,
Batch 33 Wave 01,B33W1E0309,Career,C001887,organization_id,ORG000202,B33W1S0011,順位表 > クラブ「福島ファイヤーボンズ」（略称「福島」、club_detail TeamID=711）,公式順位表で略称とクラブ名・TeamIDの対応を確認,SUPPORTED,2026-09-30,
Batch 33 Wave 01,B33W1E0310,Career,C001887,start,2025,B33W1S0048,クラブ所属履歴 > 「2025-26 福島」,所属履歴の最初のシーズン2025-26の開始年,SUPPORTED,2026-09-30,
Batch 33 Wave 01,B33W1E0311,Career,C001887,organization_id,ORG000202,B33W1S0047,選手一覧 > 福島 > 新川 敬大,2026-27シーズンの公式選手一覧で現所属を確認,SUPPORTED,2026-09-30,
Batch 33 Wave 01,B33W1E0312,Person,P000404,name,アキ・チェンバース,B33W1S0050,基本情報 > 選手名,B.LEAGUE公式プロフィールで氏名を確認,SUPPORTED,2026-09-30,
Batch 33 Wave 01,B33W1E0313,Person,P000404,birth_date,1990-09-19,B33W1S0050,基本情報 > 生年月日：1990年9月19日,B.LEAGUE公式プロフィールで生年月日を確認,SUPPORTED,2026-09-30,
Batch 33 Wave 01,B33W1E0314,Career,C001888,organization_id,ORG000372,B33W1S0050,基本情報 > 出身校（高）：Sir Francis Drake High School,B.LEAGUE公式プロフィールで出身校（高）を確認,SUPPORTED,2026-09-30,
Batch 33 Wave 01,B33W1E0315,Career,C001889,organization_id,ORG000373,B33W1S0050,基本情報 > 出身校（大）：カリフォルニア大学マーセド校,B.LEAGUE公式プロフィールで出身校（大）を確認,SUPPORTED,2026-09-30,
Batch 33 Wave 01,B33W1E0316,Career,C001890,organization_id,ORG000114,B33W1S0050,クラブ所属履歴 > 「2016-17 SR渋谷」,B.LEAGUE公式の所属履歴で在籍を確認（略称表記）,SUPPORTED,2026-09-30,
Batch 33 Wave 01,B33W1E0317,Career,C001890,organization_id,ORG000114,B33W1S0033,順位表 > クラブ「サンロッカーズ渋谷」（略称「SR渋谷」、club_detail TeamID=726）,公式順位表で略称とクラブ名・TeamIDの対応を確認,SUPPORTED,2026-09-30,
Batch 33 Wave 01,B33W1E0318,Career,C001890,start,2016,B33W1S0050,クラブ所属履歴 > 「2016-17 SR渋谷」,所属履歴の最初のシーズン2016-17の開始年,SUPPORTED,2026-09-30,
Batch 33 Wave 01,B33W1E0319,Career,C001890,end,2017,B33W1S0050,クラブ所属履歴 > 「2016-17 SR渋谷」,所属履歴の最後のシーズン2016-17の終了年,SUPPORTED,2026-09-30,
Batch 33 Wave 01,B33W1E0320,Career,C001891,organization_id,ORG000118,B33W1S0050,クラブ所属履歴 > 「2017-18 千葉」〜「2018-19 千葉」,B.LEAGUE公式の所属履歴で在籍を確認（略称表記）,SUPPORTED,2026-09-30,
Batch 33 Wave 01,B33W1E0321,Career,C001891,organization_id,ORG000118,B33W1S0029,順位表 > クラブ「千葉ジェッツ」（略称「千葉」、club_detail TeamID=704）,公式順位表で略称とクラブ名・TeamIDの対応を確認,SUPPORTED,2026-09-30,
Batch 33 Wave 01,B33W1E0322,Career,C001891,start,2017,B33W1S0050,クラブ所属履歴 > 「2017-18 千葉」,所属履歴の最初のシーズン2017-18の開始年,SUPPORTED,2026-09-30,
Batch 33 Wave 01,B33W1E0323,Career,C001891,end,2019,B33W1S0050,クラブ所属履歴 > 「2018-19 千葉」,所属履歴の最後のシーズン2018-19の終了年,SUPPORTED,2026-09-30,
Batch 33 Wave 01,B33W1E0324,Career,C001892,organization_id,ORG000055,B33W1S0050,クラブ所属履歴 > 「2019-20 横浜」〜「2020-21 横浜BC」,B.LEAGUE公式の所属履歴で在籍を確認（略称表記）,SUPPORTED,2026-09-30,
Batch 33 Wave 01,B33W1E0325,Career,C001892,organization_id,ORG000055,B33W1S0003,順位表 > クラブ「横浜ビー・コルセアーズ」（略称「横浜」、club_detail TeamID=694）,公式順位表で略称とクラブ名・TeamIDの対応を確認,SUPPORTED,2026-09-30,
Batch 33 Wave 01,B33W1E0326,Career,C001892,start,2019,B33W1S0050,クラブ所属履歴 > 「2019-20 横浜」,所属履歴の最初のシーズン2019-20の開始年,SUPPORTED,2026-09-30,
Batch 33 Wave 01,B33W1E0327,Career,C001892,end,2021,B33W1S0050,クラブ所属履歴 > 「2020-21 横浜BC」,所属履歴の最後のシーズン2020-21の終了年,SUPPORTED,2026-09-30,
Batch 33 Wave 01,B33W1E0328,Career,C001893,organization_id,ORG000143,B33W1S0050,クラブ所属履歴 > 「2021-22 群馬」〜「2022-23 群馬」,B.LEAGUE公式の所属履歴で在籍を確認（略称表記）,SUPPORTED,2026-09-30,
Batch 33 Wave 01,B33W1E0329,Career,C001893,organization_id,ORG000143,B33W1S0014,順位表 > クラブ「群馬クレインサンダーズ」（略称「群馬」、club_detail TeamID=713）,公式順位表で略称とクラブ名・TeamIDの対応を確認,SUPPORTED,2026-09-30,
Batch 33 Wave 01,B33W1E0330,Career,C001893,start,2021,B33W1S0050,クラブ所属履歴 > 「2021-22 群馬」,所属履歴の最初のシーズン2021-22の開始年,SUPPORTED,2026-09-30,
Batch 33 Wave 01,B33W1E0331,Career,C001893,end,2023,B33W1S0050,クラブ所属履歴 > 「2022-23 群馬」,所属履歴の最後のシーズン2022-23の終了年,SUPPORTED,2026-09-30,
Batch 33 Wave 01,B33W1E0332,Career,C001894,organization_id,ORG000114,B33W1S0050,クラブ所属履歴 > 「2023-24 SR渋谷」,B.LEAGUE公式の所属履歴で在籍を確認（略称表記）,SUPPORTED,2026-09-30,
Batch 33 Wave 01,B33W1E0333,Career,C001894,organization_id,ORG000114,B33W1S0041,順位表 > クラブ「サンロッカーズ渋谷」（略称「SR渋谷」、club_detail TeamID=726）,公式順位表で略称とクラブ名・TeamIDの対応を確認,SUPPORTED,2026-09-30,
Batch 33 Wave 01,B33W1E0334,Career,C001894,start,2023,B33W1S0050,クラブ所属履歴 > 「2023-24 SR渋谷」,所属履歴の最初のシーズン2023-24の開始年,SUPPORTED,2026-09-30,
Batch 33 Wave 01,B33W1E0335,Career,C001894,end,2024,B33W1S0050,クラブ所属履歴 > 「2023-24 SR渋谷」,所属履歴の最後のシーズン2023-24の終了年,SUPPORTED,2026-09-30,
Batch 33 Wave 01,B33W1E0336,Career,C001895,organization_id,ORG000150,B33W1S0050,クラブ所属履歴 > 「2024-25 信州」〜「2025-26 信州」,B.LEAGUE公式の所属履歴で在籍を確認（略称表記）,SUPPORTED,2026-09-30,
Batch 33 Wave 01,B33W1E0337,Career,C001895,organization_id,ORG000150,B33W1S0006,順位表 > クラブ「信州ブレイブウォリアーズ」（略称「信州」、club_detail TeamID=716）,公式順位表で略称とクラブ名・TeamIDの対応を確認,SUPPORTED,2026-09-30,
Batch 33 Wave 01,B33W1E0338,Career,C001895,start,2024,B33W1S0050,クラブ所属履歴 > 「2024-25 信州」,所属履歴の最初のシーズン2024-25の開始年,SUPPORTED,2026-09-30,
Batch 33 Wave 01,B33W1E0339,Career,C001895,end,2026,B33W1S0050,クラブ所属履歴 > 「2025-26 信州」,所属履歴の最後のシーズン2025-26の終了年,SUPPORTED,2026-09-30,
Batch 33 Wave 01,B33W1E0340,Career,C001896,organization_id,ORG000202,B33W1S0050,クラブ所属履歴 > 「2026-27 福島」,B.LEAGUE公式の所属履歴で在籍を確認（略称表記）,SUPPORTED,2026-09-30,
Batch 33 Wave 01,B33W1E0341,Career,C001896,organization_id,ORG000202,B33W1S0007,順位表 > クラブ「福島ファイヤーボンズ」（略称「福島」、club_detail TeamID=711）,公式順位表で略称とクラブ名・TeamIDの対応を確認,SUPPORTED,2026-09-30,
Batch 33 Wave 01,B33W1E0342,Career,C001896,start,2026,B33W1S0050,クラブ所属履歴 > 「2026-27 福島」,所属履歴の最初のシーズン2026-27の開始年,SUPPORTED,2026-09-30,
Batch 33 Wave 01,B33W1E0343,Career,C001896,organization_id,ORG000202,B33W1S0047,選手一覧 > 福島 > アキ・チェンバース,2026-27シーズンの公式選手一覧で現所属を確認,SUPPORTED,2026-09-30,
Batch 33 Wave 01,B33W1E0344,Person,P000405,name,益子 拓己,B33W1S0051,基本情報 > 選手名,B.LEAGUE公式プロフィールで氏名を確認,SUPPORTED,2026-09-30,
Batch 33 Wave 01,B33W1E0345,Person,P000405,birth_date,2000-08-23,B33W1S0051,基本情報 > 生年月日：2000年8月23日,B.LEAGUE公式プロフィールで生年月日を確認,SUPPORTED,2026-09-30,
Batch 33 Wave 01,B33W1E0346,Career,C001897,organization_id,ORG000374,B33W1S0051,基本情報 > 出身校（高）：祐誠高等学校,B.LEAGUE公式プロフィールで出身校（高）を確認,SUPPORTED,2026-09-30,
Batch 33 Wave 01,B33W1E0347,Career,C001898,organization_id,ORG000031,B33W1S0051,基本情報 > 出身校（大）：拓殖大学,B.LEAGUE公式プロフィールで出身校（大）を確認,SUPPORTED,2026-09-30,
Batch 33 Wave 01,B33W1E0348,Career,C001899,organization_id,ORG000042,B33W1S0051,クラブ所属履歴 > 「2022-23 京都」,B.LEAGUE公式の所属履歴で在籍を確認（略称表記）,SUPPORTED,2026-09-30,
Batch 33 Wave 01,B33W1E0349,Career,C001899,organization_id,ORG000042,B33W1S0052,順位表 > クラブ「京都ハンナリーズ」（略称「京都」、club_detail TeamID=699）,公式順位表で略称とクラブ名・TeamIDの対応を確認,SUPPORTED,2026-09-30,
Batch 33 Wave 01,B33W1E0350,Career,C001899,start,2022,B33W1S0051,クラブ所属履歴 > 「2022-23 京都」,所属履歴の最初のシーズン2022-23の開始年,SUPPORTED,2026-09-30,
Batch 33 Wave 01,B33W1E0351,Career,C001899,end,2023,B33W1S0051,クラブ所属履歴 > 「2022-23 京都」,所属履歴の最後のシーズン2022-23の終了年,SUPPORTED,2026-09-30,
Batch 33 Wave 01,B33W1E0352,Career,C001900,organization_id,ORG000122,B33W1S0051,クラブ所属履歴 > 「2023-24 川崎」〜「2024-25 川崎」,B.LEAGUE公式の所属履歴で在籍を確認（略称表記）,SUPPORTED,2026-09-30,
Batch 33 Wave 01,B33W1E0353,Career,C001900,organization_id,ORG000122,B33W1S0041,順位表 > クラブ「川崎ブレイブサンダース」（略称「川崎」、club_detail TeamID=727）,公式順位表で略称とクラブ名・TeamIDの対応を確認,SUPPORTED,2026-09-30,
Batch 33 Wave 01,B33W1E0354,Career,C001900,start,2023,B33W1S0051,クラブ所属履歴 > 「2023-24 川崎」,所属履歴の最初のシーズン2023-24の開始年,SUPPORTED,2026-09-30,
Batch 33 Wave 01,B33W1E0355,Career,C001900,end,2025,B33W1S0051,クラブ所属履歴 > 「2024-25 川崎」,所属履歴の最後のシーズン2024-25の終了年,SUPPORTED,2026-09-30,
Batch 33 Wave 01,B33W1E0356,Career,C001901,organization_id,ORG000202,B33W1S0051,クラブ所属履歴 > 「2025-26 福島」〜「2026-27 福島」,B.LEAGUE公式の所属履歴で在籍を確認（略称表記）,SUPPORTED,2026-09-30,
Batch 33 Wave 01,B33W1E0357,Career,C001901,organization_id,ORG000202,B33W1S0011,順位表 > クラブ「福島ファイヤーボンズ」（略称「福島」、club_detail TeamID=711）,公式順位表で略称とクラブ名・TeamIDの対応を確認,SUPPORTED,2026-09-30,
Batch 33 Wave 01,B33W1E0358,Career,C001901,start,2025,B33W1S0051,クラブ所属履歴 > 「2025-26 福島」,所属履歴の最初のシーズン2025-26の開始年,SUPPORTED,2026-09-30,
Batch 33 Wave 01,B33W1E0359,Career,C001901,organization_id,ORG000202,B33W1S0047,選手一覧 > 福島 > 益子 拓己,2026-27シーズンの公式選手一覧で現所属を確認,SUPPORTED,2026-09-30,
Batch 33 Wave 01,B33W1E0360,Person,P000406,name,森田 雄次,B33W1S0053,基本情報 > 選手名,B.LEAGUE公式プロフィールで氏名を確認,SUPPORTED,2026-09-30,
Batch 33 Wave 01,B33W1E0361,Person,P000406,birth_date,1996-07-21,B33W1S0053,基本情報 > 生年月日：1996年7月21日,B.LEAGUE公式プロフィールで生年月日を確認,SUPPORTED,2026-09-30,
Batch 33 Wave 01,B33W1E0362,Career,C001902,organization_id,ORG000375,B33W1S0053,基本情報 > 出身校（高）：桜宮高等学校,B.LEAGUE公式プロフィールで出身校（高）を確認,SUPPORTED,2026-09-30,
Batch 33 Wave 01,B33W1E0363,Career,C001903,organization_id,ORG000301,B33W1S0053,基本情報 > 出身校（大）：関西大学,B.LEAGUE公式プロフィールで出身校（大）を確認,SUPPORTED,2026-09-30,
Batch 33 Wave 01,B33W1E0364,Career,C001904,organization_id,ORG000224,B33W1S0053,クラブ所属履歴 > 「2020-21 香川」〜「2021-22 香川」,B.LEAGUE公式の所属履歴で在籍を確認（略称表記）,SUPPORTED,2026-09-30,
Batch 33 Wave 01,B33W1E0365,Career,C001904,organization_id,ORG000224,B33W1S0054,順位表 > クラブ「香川ファイブアローズ」（略称「香川」、club_detail TeamID=722）,公式順位表で略称とクラブ名・TeamIDの対応を確認,SUPPORTED,2026-09-30,
Batch 33 Wave 01,B33W1E0366,Career,C001904,start,2020,B33W1S0053,クラブ所属履歴 > 「2020-21 香川」,所属履歴の最初のシーズン2020-21の開始年,SUPPORTED,2026-09-30,
Batch 33 Wave 01,B33W1E0367,Career,C001904,end,2022,B33W1S0053,クラブ所属履歴 > 「2021-22 香川」,所属履歴の最後のシーズン2021-22の終了年,SUPPORTED,2026-09-30,
Batch 33 Wave 01,B33W1E0368,Career,C001905,organization_id,ORG000101,B33W1S0053,クラブ所属履歴 > 「2022-23 鹿児島」〜「2024-25 鹿児島」,B.LEAGUE公式の所属履歴で在籍を確認（略称表記）,SUPPORTED,2026-09-30,
Batch 33 Wave 01,B33W1E0369,Career,C001905,organization_id,ORG000101,B33W1S0021,順位表 > クラブ「鹿児島レブナイズ」（略称「鹿児島」、club_detail TeamID=725）,公式順位表で略称とクラブ名・TeamIDの対応を確認,SUPPORTED,2026-09-30,
Batch 33 Wave 01,B33W1E0370,Career,C001905,start,2022,B33W1S0053,クラブ所属履歴 > 「2022-23 鹿児島」,所属履歴の最初のシーズン2022-23の開始年,SUPPORTED,2026-09-30,
Batch 33 Wave 01,B33W1E0371,Career,C001905,end,2025,B33W1S0053,クラブ所属履歴 > 「2024-25 鹿児島」,所属履歴の最後のシーズン2024-25の終了年,SUPPORTED,2026-09-30,
Batch 33 Wave 01,B33W1E0372,Career,C001906,organization_id,ORG000135,B33W1S0053,クラブ所属履歴 > 「2025-26 長崎」,B.LEAGUE公式の所属履歴で在籍を確認（略称表記）,SUPPORTED,2026-09-30,
Batch 33 Wave 01,B33W1E0373,Career,C001906,organization_id,ORG000135,B33W1S0055,順位表 > クラブ「長崎ヴェルカ」（略称「長崎」、club_detail TeamID=2488）,公式順位表で略称とクラブ名・TeamIDの対応を確認,SUPPORTED,2026-09-30,
Batch 33 Wave 01,B33W1E0374,Career,C001906,start,2025,B33W1S0053,クラブ所属履歴 > 「2025-26 長崎」,所属履歴の最初のシーズン2025-26の開始年,SUPPORTED,2026-09-30,
Batch 33 Wave 01,B33W1E0375,Career,C001906,end,2026,B33W1S0053,クラブ所属履歴 > 「2025-26 長崎」,所属履歴の最後のシーズン2025-26の終了年,SUPPORTED,2026-09-30,
Batch 33 Wave 01,B33W1E0376,Career,C001907,organization_id,ORG000202,B33W1S0053,クラブ所属履歴 > 「2026-27 福島」,B.LEAGUE公式の所属履歴で在籍を確認（略称表記）,SUPPORTED,2026-09-30,
Batch 33 Wave 01,B33W1E0377,Career,C001907,organization_id,ORG000202,B33W1S0007,順位表 > クラブ「福島ファイヤーボンズ」（略称「福島」、club_detail TeamID=711）,公式順位表で略称とクラブ名・TeamIDの対応を確認,SUPPORTED,2026-09-30,
Batch 33 Wave 01,B33W1E0378,Career,C001907,start,2026,B33W1S0053,クラブ所属履歴 > 「2026-27 福島」,所属履歴の最初のシーズン2026-27の開始年,SUPPORTED,2026-09-30,
Batch 33 Wave 01,B33W1E0379,Career,C001907,organization_id,ORG000202,B33W1S0047,選手一覧 > 福島 > 森田 雄次,2026-27シーズンの公式選手一覧で現所属を確認,SUPPORTED,2026-09-30,
Batch 33 Wave 01,B33W1E0380,Person,P000407,name,米山 ジャバ 偉生,B33W1S0056,基本情報 > 選手名,B.LEAGUE公式プロフィールで氏名を確認,SUPPORTED,2026-09-30,
Batch 33 Wave 01,B33W1E0381,Person,P000407,birth_date,2002-01-29,B33W1S0056,基本情報 > 生年月日：2002年1月29日,B.LEAGUE公式プロフィールで生年月日を確認,SUPPORTED,2026-09-30,
Batch 33 Wave 01,B33W1E0382,Career,C001908,organization_id,ORG000297,B33W1S0056,基本情報 > 出身校（高）：東海大学付属諏訪高等学校,B.LEAGUE公式プロフィールで出身校（高）を確認,SUPPORTED,2026-09-30,
Batch 33 Wave 01,B33W1E0383,Career,C001909,organization_id,ORG000018,B33W1S0056,基本情報 > 出身校（大）：専修大学,B.LEAGUE公式プロフィールで出身校（大）を確認,SUPPORTED,2026-09-30,
Batch 33 Wave 01,B33W1E0384,Career,C001910,organization_id,ORG000118,B33W1S0056,クラブ所属履歴 > 「2022-23 千葉J」,B.LEAGUE公式の所属履歴で在籍を確認（略称表記）,SUPPORTED,2026-09-30,
Batch 33 Wave 01,B33W1E0385,Career,C001910,organization_id,ORG000118,B33W1S0052,順位表 > クラブ「千葉ジェッツ」（略称「千葉J」、club_detail TeamID=704）,公式順位表で略称とクラブ名・TeamIDの対応を確認,SUPPORTED,2026-09-30,
Batch 33 Wave 01,B33W1E0386,Career,C001910,start,2022,B33W1S0056,クラブ所属履歴 > 「2022-23 千葉J」,所属履歴の最初のシーズン2022-23の開始年,SUPPORTED,2026-09-30,
Batch 33 Wave 01,B33W1E0387,Career,C001910,end,2023,B33W1S0056,クラブ所属履歴 > 「2022-23 千葉J」,所属履歴の最後のシーズン2022-23の終了年,SUPPORTED,2026-09-30,
Batch 33 Wave 01,B33W1E0388,Career,C001911,organization_id,ORG000149,B33W1S0056,クラブ所属履歴 > 「2023-24 富山」〜「2024-25 富山」,B.LEAGUE公式の所属履歴で在籍を確認（略称表記）,SUPPORTED,2026-09-30,
Batch 33 Wave 01,B33W1E0389,Career,C001911,organization_id,ORG000149,B33W1S0041,順位表 > クラブ「富山グラウジーズ」（略称「富山」、club_detail TeamID=696）,公式順位表で略称とクラブ名・TeamIDの対応を確認,SUPPORTED,2026-09-30,
Batch 33 Wave 01,B33W1E0390,Career,C001911,start,2023,B33W1S0056,クラブ所属履歴 > 「2023-24 富山」,所属履歴の最初のシーズン2023-24の開始年,SUPPORTED,2026-09-30,
Batch 33 Wave 01,B33W1E0391,Career,C001911,end,2025,B33W1S0056,クラブ所属履歴 > 「2024-25 富山」,所属履歴の最後のシーズン2024-25の終了年,SUPPORTED,2026-09-30,
Batch 33 Wave 01,B33W1E0392,Career,C001912,organization_id,ORG000202,B33W1S0056,クラブ所属履歴 > 「2025-26 福島」〜「2026-27 福島」,B.LEAGUE公式の所属履歴で在籍を確認（略称表記）,SUPPORTED,2026-09-30,
Batch 33 Wave 01,B33W1E0393,Career,C001912,organization_id,ORG000202,B33W1S0011,順位表 > クラブ「福島ファイヤーボンズ」（略称「福島」、club_detail TeamID=711）,公式順位表で略称とクラブ名・TeamIDの対応を確認,SUPPORTED,2026-09-30,
Batch 33 Wave 01,B33W1E0394,Career,C001912,start,2025,B33W1S0056,クラブ所属履歴 > 「2025-26 福島」,所属履歴の最初のシーズン2025-26の開始年,SUPPORTED,2026-09-30,
Batch 33 Wave 01,B33W1E0395,Career,C001912,organization_id,ORG000202,B33W1S0047,選手一覧 > 福島 > 米山 ジャバ 偉生,2026-27シーズンの公式選手一覧で現所属を確認,SUPPORTED,2026-09-30,
Batch 33 Wave 01,B33W1E0396,Person,P000408,name,ワイリー 光希スカイ,B33W1S0057,基本情報 > 選手名,B.LEAGUE公式プロフィールで氏名を確認,SUPPORTED,2026-09-30,
Batch 33 Wave 01,B33W1E0397,Person,P000408,birth_date,1999-05-27,B33W1S0057,基本情報 > 生年月日：1999年5月27日,B.LEAGUE公式プロフィールで生年月日を確認,SUPPORTED,2026-09-30,
Batch 33 Wave 01,B33W1E0398,Career,C001913,organization_id,ORG000376,B33W1S0057,基本情報 > 出身校（高）：American School in Japan,B.LEAGUE公式プロフィールで出身校（高）を確認,SUPPORTED,2026-09-30,
Batch 33 Wave 01,B33W1E0399,Career,C001914,organization_id,ORG000377,B33W1S0057,基本情報 > 出身校（大）：Rhodes College,B.LEAGUE公式プロフィールで出身校（大）を確認,SUPPORTED,2026-09-30,
Batch 33 Wave 01,B33W1E0400,Career,C001915,organization_id,ORG000155,B33W1S0057,クラブ所属履歴 > 「2023-24 島根」〜「2024-25 島根」,B.LEAGUE公式の所属履歴で在籍を確認（略称表記）,SUPPORTED,2026-09-30,
Batch 33 Wave 01,B33W1E0401,Career,C001915,organization_id,ORG000155,B33W1S0041,順位表 > クラブ「島根スサノオマジック」（略称「島根」、club_detail TeamID=720）,公式順位表で略称とクラブ名・TeamIDの対応を確認,SUPPORTED,2026-09-30,
Batch 33 Wave 01,B33W1E0402,Career,C001915,start,2023,B33W1S0057,クラブ所属履歴 > 「2023-24 島根」,所属履歴の最初のシーズン2023-24の開始年,SUPPORTED,2026-09-30,
Batch 33 Wave 01,B33W1E0403,Career,C001915,end,2025,B33W1S0057,クラブ所属履歴 > 「2024-25 島根」,所属履歴の最後のシーズン2024-25の終了年,SUPPORTED,2026-09-30,
Batch 33 Wave 01,B33W1E0404,Career,C001916,organization_id,ORG000202,B33W1S0057,クラブ所属履歴 > 「2025-26 福島」〜「2026-27 福島」,B.LEAGUE公式の所属履歴で在籍を確認（略称表記）,SUPPORTED,2026-09-30,
Batch 33 Wave 01,B33W1E0405,Career,C001916,organization_id,ORG000202,B33W1S0011,順位表 > クラブ「福島ファイヤーボンズ」（略称「福島」、club_detail TeamID=711）,公式順位表で略称とクラブ名・TeamIDの対応を確認,SUPPORTED,2026-09-30,
Batch 33 Wave 01,B33W1E0406,Career,C001916,start,2025,B33W1S0057,クラブ所属履歴 > 「2025-26 福島」,所属履歴の最初のシーズン2025-26の開始年,SUPPORTED,2026-09-30,
Batch 33 Wave 01,B33W1E0407,Career,C001916,organization_id,ORG000202,B33W1S0047,選手一覧 > 福島 > ワイリー 光希スカイ,2026-27シーズンの公式選手一覧で現所属を確認,SUPPORTED,2026-09-30,
Batch 33 Wave 01,B33W1E0408,Person,P000409,name,渡邊 翔太,B33W1S0058,基本情報 > 選手名,B.LEAGUE公式プロフィールで氏名を確認,SUPPORTED,2026-09-30,
Batch 33 Wave 01,B33W1E0409,Person,P000409,birth_date,1993-06-26,B33W1S0058,基本情報 > 生年月日：1993年6月26日,B.LEAGUE公式プロフィールで生年月日を確認,SUPPORTED,2026-09-30,
Batch 33 Wave 01,B33W1E0410,Career,C001917,organization_id,ORG000378,B33W1S0058,基本情報 > 出身校（高）：関西学院高等学校,B.LEAGUE公式プロフィールで出身校（高）を確認,SUPPORTED,2026-09-30,
Batch 33 Wave 01,B33W1E0411,Career,C001918,organization_id,ORG000196,B33W1S0058,基本情報 > 出身校（大）：関西学院大学,B.LEAGUE公式プロフィールで出身校（大）を確認,SUPPORTED,2026-09-30,
Batch 33 Wave 01,B33W1E0412,Career,C001919,organization_id,ORG000046,B33W1S0058,クラブ所属履歴 > 「2016-17 東京Z」,B.LEAGUE公式の所属履歴で在籍を確認（略称表記）,SUPPORTED,2026-09-30,
Batch 33 Wave 01,B33W1E0413,Career,C001919,organization_id,ORG000046,B33W1S0002,順位表 > クラブ「アースフレンズ東京Z」（略称「東京Z」、club_detail TeamID=715）,公式順位表で略称とクラブ名・TeamIDの対応を確認,SUPPORTED,2026-09-30,
Batch 33 Wave 01,B33W1E0414,Career,C001919,start,2016,B33W1S0058,クラブ所属履歴 > 「2016-17 東京Z」,所属履歴の最初のシーズン2016-17の開始年,SUPPORTED,2026-09-30,
Batch 33 Wave 01,B33W1E0415,Career,C001919,end,2017,B33W1S0058,クラブ所属履歴 > 「2016-17 東京Z」,所属履歴の最後のシーズン2016-17の終了年,SUPPORTED,2026-09-30,
Batch 33 Wave 01,B33W1E0416,Career,C001920,organization_id,ORG000155,B33W1S0058,クラブ所属履歴 > 「2017-18 島根」,B.LEAGUE公式の所属履歴で在籍を確認（略称表記）,SUPPORTED,2026-09-30,
Batch 33 Wave 01,B33W1E0417,Career,C001920,organization_id,ORG000155,B33W1S0029,順位表 > クラブ「島根スサノオマジック」（略称「島根」、club_detail TeamID=720）,公式順位表で略称とクラブ名・TeamIDの対応を確認,SUPPORTED,2026-09-30,
Batch 33 Wave 01,B33W1E0418,Career,C001920,start,2017,B33W1S0058,クラブ所属履歴 > 「2017-18 島根」,所属履歴の最初のシーズン2017-18の開始年,SUPPORTED,2026-09-30,
Batch 33 Wave 01,B33W1E0419,Career,C001920,end,2018,B33W1S0058,クラブ所属履歴 > 「2017-18 島根」,所属履歴の最後のシーズン2017-18の終了年,SUPPORTED,2026-09-30,
Batch 33 Wave 01,B33W1E0420,Career,C001921,organization_id,ORG000097,B33W1S0058,クラブ所属履歴 > 「2018-19 三遠」,B.LEAGUE公式の所属履歴で在籍を確認（略称表記）,SUPPORTED,2026-09-30,
Batch 33 Wave 01,B33W1E0421,Career,C001921,organization_id,ORG000097,B33W1S0059,順位表 > クラブ「三遠ネオフェニックス」（略称「三遠」、club_detail TeamID=697）,公式順位表で略称とクラブ名・TeamIDの対応を確認,SUPPORTED,2026-09-30,
Batch 33 Wave 01,B33W1E0422,Career,C001921,start,2018,B33W1S0058,クラブ所属履歴 > 「2018-19 三遠」,所属履歴の最初のシーズン2018-19の開始年,SUPPORTED,2026-09-30,
Batch 33 Wave 01,B33W1E0423,Career,C001921,end,2019,B33W1S0058,クラブ所属履歴 > 「2018-19 三遠」,所属履歴の最後のシーズン2018-19の終了年,SUPPORTED,2026-09-30,
Batch 33 Wave 01,B33W1E0424,Career,C001922,organization_id,ORG000150,B33W1S0058,クラブ所属履歴 > 「2019-20 信州」,B.LEAGUE公式の所属履歴で在籍を確認（略称表記）,SUPPORTED,2026-09-30,
Batch 33 Wave 01,B33W1E0425,Career,C001922,organization_id,ORG000150,B33W1S0025,順位表 > クラブ「信州ブレイブウォリアーズ」（略称「信州」、club_detail TeamID=716）,公式順位表で略称とクラブ名・TeamIDの対応を確認,SUPPORTED,2026-09-30,
Batch 33 Wave 01,B33W1E0426,Career,C001922,start,2019,B33W1S0058,クラブ所属履歴 > 「2019-20 信州」,所属履歴の最初のシーズン2019-20の開始年,SUPPORTED,2026-09-30,
Batch 33 Wave 01,B33W1E0427,Career,C001922,end,2020,B33W1S0058,クラブ所属履歴 > 「2019-20 信州」,所属履歴の最後のシーズン2019-20の終了年,SUPPORTED,2026-09-30,
Batch 33 Wave 01,B33W1E0428,Career,C001923,organization_id,ORG000043,B33W1S0058,クラブ所属履歴 > 「2020-21 西宮」〜「2024-25 神戸」,B.LEAGUE公式の所属履歴で在籍を確認（略称表記）,SUPPORTED,2026-09-30,
Batch 33 Wave 01,B33W1E0429,Career,C001923,organization_id,ORG000043,B33W1S0054,順位表 > クラブ「西宮ストークス」（略称「西宮」、club_detail TeamID=718）,公式順位表で略称とクラブ名・TeamIDの対応を確認,SUPPORTED,2026-09-30,
Batch 33 Wave 01,B33W1E0430,Career,C001923,start,2020,B33W1S0058,クラブ所属履歴 > 「2020-21 西宮」,所属履歴の最初のシーズン2020-21の開始年,SUPPORTED,2026-09-30,
Batch 33 Wave 01,B33W1E0431,Career,C001923,end,2025,B33W1S0058,クラブ所属履歴 > 「2024-25 神戸」,所属履歴の最後のシーズン2024-25の終了年,SUPPORTED,2026-09-30,
Batch 33 Wave 01,B33W1E0432,Career,C001924,organization_id,ORG000202,B33W1S0058,クラブ所属履歴 > 「2025-26 福島」〜「2026-27 福島」,B.LEAGUE公式の所属履歴で在籍を確認（略称表記）,SUPPORTED,2026-09-30,
Batch 33 Wave 01,B33W1E0433,Career,C001924,organization_id,ORG000202,B33W1S0011,順位表 > クラブ「福島ファイヤーボンズ」（略称「福島」、club_detail TeamID=711）,公式順位表で略称とクラブ名・TeamIDの対応を確認,SUPPORTED,2026-09-30,
Batch 33 Wave 01,B33W1E0434,Career,C001924,start,2025,B33W1S0058,クラブ所属履歴 > 「2025-26 福島」,所属履歴の最初のシーズン2025-26の開始年,SUPPORTED,2026-09-30,
Batch 33 Wave 01,B33W1E0435,Career,C001924,organization_id,ORG000202,B33W1S0047,選手一覧 > 福島 > 渡邊 翔太,2026-27シーズンの公式選手一覧で現所属を確認,SUPPORTED,2026-09-30,
Batch 33 Wave 01,B33W1E0436,Person,P000410,name,池田 祐一,B33W1S0060,基本情報 > 選手名,B.LEAGUE公式プロフィールで氏名を確認,SUPPORTED,2026-09-30,
Batch 33 Wave 01,B33W1E0437,Person,P000410,birth_date,1997-04-13,B33W1S0060,基本情報 > 生年月日：1997年4月13日,B.LEAGUE公式プロフィールで生年月日を確認,SUPPORTED,2026-09-30,
Batch 33 Wave 01,B33W1E0438,Career,C001925,organization_id,ORG000379,B33W1S0060,基本情報 > 出身校（高）：沖縄県立小禄高等学校,B.LEAGUE公式プロフィールで出身校（高）を確認,SUPPORTED,2026-09-30,
Batch 33 Wave 01,B33W1E0439,Career,C001926,organization_id,ORG000203,B33W1S0060,基本情報 > 出身校（大）：国士舘大学,B.LEAGUE公式プロフィールで出身校（大）を確認,SUPPORTED,2026-09-30,
Batch 33 Wave 01,B33W1E0440,Career,C001927,organization_id,ORG000182,B33W1S0060,クラブ所属履歴 > 「2020-21 青森」,B.LEAGUE公式の所属履歴で在籍を確認（略称表記）,SUPPORTED,2026-09-30,
Batch 33 Wave 01,B33W1E0441,Career,C001927,organization_id,ORG000182,B33W1S0054,順位表 > クラブ「青森ワッツ」（略称「青森」、club_detail TeamID=708）,公式順位表で略称とクラブ名・TeamIDの対応を確認,SUPPORTED,2026-09-30,
Batch 33 Wave 01,B33W1E0442,Career,C001927,start,2020,B33W1S0060,クラブ所属履歴 > 「2020-21 青森」,所属履歴の最初のシーズン2020-21の開始年,SUPPORTED,2026-09-30,
Batch 33 Wave 01,B33W1E0443,Career,C001927,end,2021,B33W1S0060,クラブ所属履歴 > 「2020-21 青森」,所属履歴の最後のシーズン2020-21の終了年,SUPPORTED,2026-09-30,
Batch 33 Wave 01,B33W1E0444,Career,C001928,organization_id,ORG000182,B33W1S0060,クラブ所属履歴 > 「2022-23 青森」〜「2024-25 青森」,B.LEAGUE公式の所属履歴で在籍を確認（略称表記）,SUPPORTED,2026-09-30,
Batch 33 Wave 01,B33W1E0445,Career,C001928,organization_id,ORG000182,B33W1S0005,順位表 > クラブ「青森ワッツ」（略称「青森」、club_detail TeamID=708）,公式順位表で略称とクラブ名・TeamIDの対応を確認,SUPPORTED,2026-09-30,
Batch 33 Wave 01,B33W1E0446,Career,C001928,start,2022,B33W1S0060,クラブ所属履歴 > 「2022-23 青森」,所属履歴の最初のシーズン2022-23の開始年,SUPPORTED,2026-09-30,
Batch 33 Wave 01,B33W1E0447,Career,C001928,end,2025,B33W1S0060,クラブ所属履歴 > 「2024-25 青森」,所属履歴の最後のシーズン2024-25の終了年,SUPPORTED,2026-09-30,
Batch 33 Wave 01,B33W1E0448,Career,C001929,organization_id,ORG000190,B33W1S0060,クラブ所属履歴 > 「2025-26 越谷」〜「2026-27 越谷」,B.LEAGUE公式の所属履歴で在籍を確認（略称表記）,SUPPORTED,2026-09-30,
Batch 33 Wave 01,B33W1E0449,Career,C001929,organization_id,ORG000190,B33W1S0055,順位表 > クラブ「越谷アルファーズ」（略称「越谷」、club_detail TeamID=745）,公式順位表で略称とクラブ名・TeamIDの対応を確認,SUPPORTED,2026-09-30,
Batch 33 Wave 01,B33W1E0450,Career,C001929,start,2025,B33W1S0060,クラブ所属履歴 > 「2025-26 越谷」,所属履歴の最初のシーズン2025-26の開始年,SUPPORTED,2026-09-30,
Batch 33 Wave 01,B33W1E0451,Career,C001929,organization_id,ORG000190,B33W1S0061,選手一覧 > 越谷 > 池田 祐一,2026-27シーズンの公式選手一覧で現所属を確認,SUPPORTED,2026-09-30,
Batch 33 Wave 01,B33W1E0452,Person,P000411,name,鎌田 裕也,B33W1S0062,基本情報 > 選手名,B.LEAGUE公式プロフィールで氏名を確認,SUPPORTED,2026-09-30,
Batch 33 Wave 01,B33W1E0453,Person,P000411,birth_date,1990-05-11,B33W1S0062,基本情報 > 生年月日：1990年5月11日,B.LEAGUE公式プロフィールで生年月日を確認,SUPPORTED,2026-09-30,
Batch 33 Wave 01,B33W1E0454,Career,C001930,organization_id,ORG000380,B33W1S0062,基本情報 > 出身校（高）：福島県立湯本高等学校,B.LEAGUE公式プロフィールで出身校（高）を確認,SUPPORTED,2026-09-30,
Batch 33 Wave 01,B33W1E0455,Career,C001931,organization_id,ORG000128,B33W1S0062,基本情報 > 出身校（大）：大東文化大学,B.LEAGUE公式プロフィールで出身校（大）を確認,SUPPORTED,2026-09-30,
Batch 33 Wave 01,B33W1E0456,Career,C001932,organization_id,ORG000122,B33W1S0062,クラブ所属履歴 > 「2016-17 川崎」〜「2019-20 川崎」,B.LEAGUE公式の所属履歴で在籍を確認（略称表記）,SUPPORTED,2026-09-30,
Batch 33 Wave 01,B33W1E0457,Career,C001932,organization_id,ORG000122,B33W1S0033,順位表 > クラブ「川崎ブレイブサンダース」（略称「川崎」、club_detail TeamID=727）,公式順位表で略称とクラブ名・TeamIDの対応を確認,SUPPORTED,2026-09-30,
Batch 33 Wave 01,B33W1E0458,Career,C001932,start,2016,B33W1S0062,クラブ所属履歴 > 「2016-17 川崎」,所属履歴の最初のシーズン2016-17の開始年,SUPPORTED,2026-09-30,
Batch 33 Wave 01,B33W1E0459,Career,C001932,end,2020,B33W1S0062,クラブ所属履歴 > 「2019-20 川崎」,所属履歴の最後のシーズン2019-20の終了年,SUPPORTED,2026-09-30,
Batch 33 Wave 01,B33W1E0460,Career,C001933,organization_id,ORG000132,B33W1S0062,クラブ所属履歴 > 「2020-21 仙台」,B.LEAGUE公式の所属履歴で在籍を確認（略称表記）,SUPPORTED,2026-09-30,
Batch 33 Wave 01,B33W1E0461,Career,C001933,organization_id,ORG000132,B33W1S0054,順位表 > クラブ「仙台89ERS」（略称「仙台」、club_detail TeamID=692）,公式順位表で略称とクラブ名・TeamIDの対応を確認,SUPPORTED,2026-09-30,
Batch 33 Wave 01,B33W1E0462,Career,C001933,start,2020,B33W1S0062,クラブ所属履歴 > 「2020-21 仙台」,所属履歴の最初のシーズン2020-21の開始年,SUPPORTED,2026-09-30,
Batch 33 Wave 01,B33W1E0463,Career,C001933,end,2021,B33W1S0062,クラブ所属履歴 > 「2020-21 仙台」,所属履歴の最後のシーズン2020-21の終了年,SUPPORTED,2026-09-30,
Batch 33 Wave 01,B33W1E0464,Career,C001934,organization_id,ORG000122,B33W1S0062,クラブ所属履歴 > 「2021-22 川崎」〜「2024-25 川崎」,B.LEAGUE公式の所属履歴で在籍を確認（略称表記）,SUPPORTED,2026-09-30,
Batch 33 Wave 01,B33W1E0465,Career,C001934,organization_id,ORG000122,B33W1S0014,順位表 > クラブ「川崎ブレイブサンダース」（略称「川崎」、club_detail TeamID=727）,公式順位表で略称とクラブ名・TeamIDの対応を確認,SUPPORTED,2026-09-30,
Batch 33 Wave 01,B33W1E0466,Career,C001934,start,2021,B33W1S0062,クラブ所属履歴 > 「2021-22 川崎」,所属履歴の最初のシーズン2021-22の開始年,SUPPORTED,2026-09-30,
Batch 33 Wave 01,B33W1E0467,Career,C001934,end,2025,B33W1S0062,クラブ所属履歴 > 「2024-25 川崎」,所属履歴の最後のシーズン2024-25の終了年,SUPPORTED,2026-09-30,
Batch 33 Wave 01,B33W1E0468,Career,C001935,organization_id,ORG000190,B33W1S0062,クラブ所属履歴 > 「2025-26 越谷」〜「2026-27 越谷」,B.LEAGUE公式の所属履歴で在籍を確認（略称表記）,SUPPORTED,2026-09-30,
Batch 33 Wave 01,B33W1E0469,Career,C001935,organization_id,ORG000190,B33W1S0055,順位表 > クラブ「越谷アルファーズ」（略称「越谷」、club_detail TeamID=745）,公式順位表で略称とクラブ名・TeamIDの対応を確認,SUPPORTED,2026-09-30,
Batch 33 Wave 01,B33W1E0470,Career,C001935,start,2025,B33W1S0062,クラブ所属履歴 > 「2025-26 越谷」,所属履歴の最初のシーズン2025-26の開始年,SUPPORTED,2026-09-30,
Batch 33 Wave 01,B33W1E0471,Career,C001935,organization_id,ORG000190,B33W1S0061,選手一覧 > 越谷 > 鎌田 裕也,2026-27シーズンの公式選手一覧で現所属を確認,SUPPORTED,2026-09-30,
Batch 33 Wave 01,B33W1E0472,Person,P000412,name,四家 魁人,B33W1S0063,基本情報 > 選手名,B.LEAGUE公式プロフィールで氏名を確認,SUPPORTED,2026-09-30,
Batch 33 Wave 01,B33W1E0473,Person,P000412,birth_date,2001-09-25,B33W1S0063,基本情報 > 生年月日：2001年9月25日,B.LEAGUE公式プロフィールで生年月日を確認,SUPPORTED,2026-09-30,
Batch 33 Wave 01,B33W1E0474,Career,C001936,organization_id,ORG000233,B33W1S0063,基本情報 > 出身校（高）：福島県立福島南高等学校,B.LEAGUE公式プロフィールで出身校（高）を確認,SUPPORTED,2026-09-30,
Batch 33 Wave 01,B33W1E0475,Career,C001937,organization_id,ORG000381,B33W1S0063,基本情報 > 出身校（大）：Fairmont State University (フェアモント州立大学),B.LEAGUE公式プロフィールで出身校（大）を確認,SUPPORTED,2026-09-30,
Batch 33 Wave 01,B33W1E0476,Career,C001938,organization_id,ORG000047,B33W1S0063,クラブ所属履歴 > 「2023-24 宇都宮」,B.LEAGUE公式の所属履歴で在籍を確認（略称表記）,SUPPORTED,2026-09-30,
Batch 33 Wave 01,B33W1E0477,Career,C001938,organization_id,ORG000047,B33W1S0041,順位表 > クラブ「宇都宮ブレックス」（略称「宇都宮」、club_detail TeamID=703）,公式順位表で略称とクラブ名・TeamIDの対応を確認,SUPPORTED,2026-09-30,
Batch 33 Wave 01,B33W1E0478,Career,C001938,start,2023,B33W1S0063,クラブ所属履歴 > 「2023-24 宇都宮」,所属履歴の最初のシーズン2023-24の開始年,SUPPORTED,2026-09-30,
Batch 33 Wave 01,B33W1E0479,Career,C001938,end,2024,B33W1S0063,クラブ所属履歴 > 「2023-24 宇都宮」,所属履歴の最後のシーズン2023-24の終了年,SUPPORTED,2026-09-30,
Batch 33 Wave 01,B33W1E0480,Career,C001939,organization_id,ORG000190,B33W1S0063,クラブ所属履歴 > 「2024-25 越谷」〜「2026-27 越谷」,B.LEAGUE公式の所属履歴で在籍を確認（略称表記）,SUPPORTED,2026-09-30,
Batch 33 Wave 01,B33W1E0481,Career,C001939,organization_id,ORG000190,B33W1S0010,順位表 > クラブ「越谷アルファーズ」（略称「越谷」、club_detail TeamID=745）,公式順位表で略称とクラブ名・TeamIDの対応を確認,SUPPORTED,2026-09-30,
Batch 33 Wave 01,B33W1E0482,Career,C001939,start,2024,B33W1S0063,クラブ所属履歴 > 「2024-25 越谷」,所属履歴の最初のシーズン2024-25の開始年,SUPPORTED,2026-09-30,
Batch 33 Wave 01,B33W1E0483,Career,C001939,organization_id,ORG000190,B33W1S0061,選手一覧 > 越谷 > 四家 魁人,2026-27シーズンの公式選手一覧で現所属を確認,SUPPORTED,2026-09-30,
Batch 33 Wave 01,B33W1E0484,Person,P000413,name,ジャワラ ジョゼフ,B33W1S0064,基本情報 > 選手名,B.LEAGUE公式プロフィールで氏名を確認,SUPPORTED,2026-09-30,
Batch 33 Wave 01,B33W1E0485,Person,P000413,birth_date,1998-02-09,B33W1S0064,基本情報 > 生年月日：1998年2月9日,B.LEAGUE公式プロフィールで生年月日を確認,SUPPORTED,2026-09-30,
Batch 33 Wave 01,B33W1E0486,Career,C001940,organization_id,ORG000232,B33W1S0064,基本情報 > 出身校（高）：日本大学豊山高等学校,B.LEAGUE公式プロフィールで出身校（高）を確認,SUPPORTED,2026-09-30,
Batch 33 Wave 01,B33W1E0487,Career,C001941,organization_id,ORG000121,B33W1S0064,基本情報 > 出身校（大）：日本大学,B.LEAGUE公式プロフィールで出身校（大）を確認,SUPPORTED,2026-09-30,
Batch 33 Wave 01,B33W1E0488,Career,C001942,organization_id,ORG000180,B33W1S0064,クラブ所属履歴 > 「2019-20 FE名古屋」〜「2020-21 FE名古屋」,B.LEAGUE公式の所属履歴で在籍を確認（略称表記）,SUPPORTED,2026-09-30,
Batch 33 Wave 01,B33W1E0489,Career,C001942,organization_id,ORG000180,B33W1S0025,順位表 > クラブ「Fイーグルス名古屋」（略称「FE名古屋」、club_detail TeamID=717）,公式順位表で略称とクラブ名・TeamIDの対応を確認,SUPPORTED,2026-09-30,
Batch 33 Wave 01,B33W1E0490,Career,C001942,start,2019,B33W1S0064,クラブ所属履歴 > 「2019-20 FE名古屋」,所属履歴の最初のシーズン2019-20の開始年,SUPPORTED,2026-09-30,
Batch 33 Wave 01,B33W1E0491,Career,C001942,end,2021,B33W1S0064,クラブ所属履歴 > 「2020-21 FE名古屋」,所属履歴の最後のシーズン2020-21の終了年,SUPPORTED,2026-09-30,
Batch 33 Wave 01,B33W1E0492,Career,C001943,organization_id,ORG000142,B33W1S0064,クラブ所属履歴 > 「2021-22 大阪」,B.LEAGUE公式の所属履歴で在籍を確認（略称表記）,SUPPORTED,2026-09-30,
Batch 33 Wave 01,B33W1E0493,Career,C001943,organization_id,ORG000142,B33W1S0014,順位表 > クラブ「大阪エヴェッサ」（略称「大阪」、club_detail TeamID=700）,公式順位表で略称とクラブ名・TeamIDの対応を確認,SUPPORTED,2026-09-30,
Batch 33 Wave 01,B33W1E0494,Career,C001943,start,2021,B33W1S0064,クラブ所属履歴 > 「2021-22 大阪」,所属履歴の最初のシーズン2021-22の開始年,SUPPORTED,2026-09-30,
Batch 33 Wave 01,B33W1E0495,Career,C001943,end,2022,B33W1S0064,クラブ所属履歴 > 「2021-22 大阪」,所属履歴の最後のシーズン2021-22の終了年,SUPPORTED,2026-09-30,
Batch 33 Wave 01,B33W1E0496,Career,C001944,organization_id,ORG000103,B33W1S0064,クラブ所属履歴 > 「2022-23 茨城」,B.LEAGUE公式の所属履歴で在籍を確認（略称表記）,SUPPORTED,2026-09-30,
Batch 33 Wave 01,B33W1E0497,Career,C001944,organization_id,ORG000103,B33W1S0052,順位表 > クラブ「茨城ロボッツ」（略称「茨城」、club_detail TeamID=712）,公式順位表で略称とクラブ名・TeamIDの対応を確認,SUPPORTED,2026-09-30,
Batch 33 Wave 01,B33W1E0498,Career,C001944,start,2022,B33W1S0064,クラブ所属履歴 > 「2022-23 茨城」,所属履歴の最初のシーズン2022-23の開始年,SUPPORTED,2026-09-30,
Batch 33 Wave 01,B33W1E0499,Career,C001944,end,2023,B33W1S0064,クラブ所属履歴 > 「2022-23 茨城」,所属履歴の最後のシーズン2022-23の終了年,SUPPORTED,2026-09-30,
Batch 33 Wave 01,B33W1E0500,Career,C001945,organization_id,ORG000116,B33W1S0064,クラブ所属履歴 > 「2023-24 徳島」〜「2024-25 徳島」,B.LEAGUE公式の所属履歴で在籍を確認（略称表記）,SUPPORTED,2026-09-30,
Batch 33 Wave 01,B33W1E0501,Career,C001945,organization_id,ORG000116,B33W1S0065,順位表 > クラブ「徳島ガンバロウズ」（略称「徳島」、club_detail TeamID=2890）,公式順位表で略称とクラブ名・TeamIDの対応を確認,SUPPORTED,2026-09-30,
Batch 33 Wave 01,B33W1E0502,Career,C001945,start,2023,B33W1S0064,クラブ所属履歴 > 「2023-24 徳島」,所属履歴の最初のシーズン2023-24の開始年,SUPPORTED,2026-09-30,
Batch 33 Wave 01,B33W1E0503,Career,C001945,end,2025,B33W1S0064,クラブ所属履歴 > 「2024-25 徳島」,所属履歴の最後のシーズン2024-25の終了年,SUPPORTED,2026-09-30,
Batch 33 Wave 01,B33W1E0504,Career,C001946,organization_id,ORG000190,B33W1S0064,クラブ所属履歴 > 「2025-26 越谷」〜「2026-27 越谷」,B.LEAGUE公式の所属履歴で在籍を確認（略称表記）,SUPPORTED,2026-09-30,
Batch 33 Wave 01,B33W1E0505,Career,C001946,organization_id,ORG000190,B33W1S0055,順位表 > クラブ「越谷アルファーズ」（略称「越谷」、club_detail TeamID=745）,公式順位表で略称とクラブ名・TeamIDの対応を確認,SUPPORTED,2026-09-30,
Batch 33 Wave 01,B33W1E0506,Career,C001946,start,2025,B33W1S0064,クラブ所属履歴 > 「2025-26 越谷」,所属履歴の最初のシーズン2025-26の開始年,SUPPORTED,2026-09-30,
Batch 33 Wave 01,B33W1E0507,Career,C001946,organization_id,ORG000190,B33W1S0061,選手一覧 > 越谷 > ジャワラ ジョゼフ,2026-27シーズンの公式選手一覧で現所属を確認,SUPPORTED,2026-09-30,
Batch 33 Wave 01,B33W1E0508,Person,P000414,name,菅原 暉,B33W1S0066,基本情報 > 選手名,B.LEAGUE公式プロフィールで氏名を確認,SUPPORTED,2026-09-30,
Batch 33 Wave 01,B33W1E0509,Person,P000414,birth_date,1998-05-27,B33W1S0066,基本情報 > 生年月日：1998年5月27日,B.LEAGUE公式プロフィールで生年月日を確認,SUPPORTED,2026-09-30,
Batch 33 Wave 01,B33W1E0510,Career,C001947,organization_id,ORG000134,B33W1S0066,基本情報 > 出身校（高）：学校法人土浦日本大学学園土浦日本大学高等学校,B.LEAGUE公式プロフィールで出身校（高）を確認,SUPPORTED,2026-09-30,
Batch 33 Wave 01,B33W1E0511,Career,C001948,organization_id,ORG000166,B33W1S0066,基本情報 > 出身校（大）：筑波大学,B.LEAGUE公式プロフィールで出身校（大）を確認,SUPPORTED,2026-09-30,
Batch 33 Wave 01,B33W1E0512,Career,C001949,organization_id,ORG000055,B33W1S0066,クラブ所属履歴 > 「2019-20 横浜」,B.LEAGUE公式の所属履歴で在籍を確認（略称表記）,SUPPORTED,2026-09-30,
Batch 33 Wave 01,B33W1E0513,Career,C001949,organization_id,ORG000055,B33W1S0003,順位表 > クラブ「横浜ビー・コルセアーズ」（略称「横浜」、club_detail TeamID=694）,公式順位表で略称とクラブ名・TeamIDの対応を確認,SUPPORTED,2026-09-30,
Batch 33 Wave 01,B33W1E0514,Career,C001949,start,2019,B33W1S0066,クラブ所属履歴 > 「2019-20 横浜」,所属履歴の最初のシーズン2019-20の開始年,SUPPORTED,2026-09-30,
Batch 33 Wave 01,B33W1E0515,Career,C001949,end,2020,B33W1S0066,クラブ所属履歴 > 「2019-20 横浜」,所属履歴の最後のシーズン2019-20の終了年,SUPPORTED,2026-09-30,
Batch 33 Wave 01,B33W1E0516,Career,C001950,organization_id,ORG000143,B33W1S0066,クラブ所属履歴 > 「2020-21 群馬」〜「2024-25 群馬」,B.LEAGUE公式の所属履歴で在籍を確認（略称表記）,SUPPORTED,2026-09-30,
Batch 33 Wave 01,B33W1E0517,Career,C001950,organization_id,ORG000143,B33W1S0054,順位表 > クラブ「群馬クレインサンダーズ」（略称「群馬」、club_detail TeamID=713）,公式順位表で略称とクラブ名・TeamIDの対応を確認,SUPPORTED,2026-09-30,
Batch 33 Wave 01,B33W1E0518,Career,C001950,start,2020,B33W1S0066,クラブ所属履歴 > 「2020-21 群馬」,所属履歴の最初のシーズン2020-21の開始年,SUPPORTED,2026-09-30,
Batch 33 Wave 01,B33W1E0519,Career,C001950,end,2025,B33W1S0066,クラブ所属履歴 > 「2024-25 群馬」,所属履歴の最後のシーズン2024-25の終了年,SUPPORTED,2026-09-30,
Batch 33 Wave 01,B33W1E0520,Career,C001951,organization_id,ORG000137,B33W1S0066,クラブ所属履歴 > 「2025-26 秋田」,B.LEAGUE公式の所属履歴で在籍を確認（略称表記）,SUPPORTED,2026-09-30,
Batch 33 Wave 01,B33W1E0521,Career,C001951,organization_id,ORG000137,B33W1S0055,順位表 > クラブ「秋田ノーザンハピネッツ」（略称「秋田」、club_detail TeamID=693）,公式順位表で略称とクラブ名・TeamIDの対応を確認,SUPPORTED,2026-09-30,
Batch 33 Wave 01,B33W1E0522,Career,C001951,start,2025,B33W1S0066,クラブ所属履歴 > 「2025-26 秋田」,所属履歴の最初のシーズン2025-26の開始年,SUPPORTED,2026-09-30,
Batch 33 Wave 01,B33W1E0523,Career,C001951,end,2026,B33W1S0066,クラブ所属履歴 > 「2025-26 秋田」,所属履歴の最後のシーズン2025-26の終了年,SUPPORTED,2026-09-30,
Batch 33 Wave 01,B33W1E0524,Career,C001952,organization_id,ORG000190,B33W1S0066,クラブ所属履歴 > 「2026-27 越谷」,B.LEAGUE公式の所属履歴で在籍を確認（略称表記）,SUPPORTED,2026-09-30,
Batch 33 Wave 01,B33W1E0525,Career,C001952,organization_id,ORG000190,B33W1S0007,順位表 > クラブ「越谷アルファーズ」（略称「越谷」、club_detail TeamID=745）,公式順位表で略称とクラブ名・TeamIDの対応を確認,SUPPORTED,2026-09-30,
Batch 33 Wave 01,B33W1E0526,Career,C001952,start,2026,B33W1S0066,クラブ所属履歴 > 「2026-27 越谷」,所属履歴の最初のシーズン2026-27の開始年,SUPPORTED,2026-09-30,
Batch 33 Wave 01,B33W1E0527,Career,C001952,organization_id,ORG000190,B33W1S0061,選手一覧 > 越谷 > 菅原 暉,2026-27シーズンの公式選手一覧で現所属を確認,SUPPORTED,2026-09-30,
Batch 33 Wave 01,B33W1E0528,Person,P000415,name,ダマ ムッサ,B33W1S0067,基本情報 > 選手名,B.LEAGUE公式プロフィールで氏名を確認,SUPPORTED,2026-09-30,
Batch 33 Wave 01,B33W1E0529,Person,P000415,birth_date,1996-07-03,B33W1S0067,基本情報 > 生年月日：1996年7月3日,B.LEAGUE公式プロフィールで生年月日を確認,SUPPORTED,2026-09-30,
Batch 33 Wave 01,B33W1E0530,Career,C001953,organization_id,ORG000382,B33W1S0067,基本情報 > 出身校（大）：イースタン・イリノイ大学,B.LEAGUE公式プロフィールで出身校（大）を確認,SUPPORTED,2026-09-30,
Batch 33 Wave 01,B33W1E0531,Career,C001954,organization_id,ORG000227,B33W1S0067,クラブ所属履歴 > 「2019-20 静岡」〜「2021-22 静岡」,B.LEAGUE公式の所属履歴で在籍を確認（略称表記）,SUPPORTED,2026-09-30,
Batch 33 Wave 01,B33W1E0532,Career,C001954,organization_id,ORG000227,B33W1S0068,順位表 > クラブ「ベルテックス静岡」（略称「静岡」、club_detail TeamID=1637）,公式順位表で略称とクラブ名・TeamIDの対応を確認,SUPPORTED,2026-09-30,
Batch 33 Wave 01,B33W1E0533,Career,C001954,start,2019,B33W1S0067,クラブ所属履歴 > 「2019-20 静岡」,所属履歴の最初のシーズン2019-20の開始年,SUPPORTED,2026-09-30,
Batch 33 Wave 01,B33W1E0534,Career,C001954,end,2022,B33W1S0067,クラブ所属履歴 > 「2021-22 静岡」,所属履歴の最後のシーズン2021-22の終了年,SUPPORTED,2026-09-30,
Batch 33 Wave 01,B33W1E0535,Career,C001955,organization_id,ORG000114,B33W1S0067,クラブ所属履歴 > 「2020-21 SR渋谷」,B.LEAGUE公式の所属履歴で在籍を確認（略称表記）,SUPPORTED,2026-09-30,
Batch 33 Wave 01,B33W1E0536,Career,C001955,organization_id,ORG000114,B33W1S0004,順位表 > クラブ「サンロッカーズ渋谷」（略称「SR渋谷」、club_detail TeamID=726）,公式順位表で略称とクラブ名・TeamIDの対応を確認,SUPPORTED,2026-09-30,
Batch 33 Wave 01,B33W1E0537,Career,C001955,start,2020,B33W1S0067,クラブ所属履歴 > 「2020-21 SR渋谷」,所属履歴の最初のシーズン2020-21の開始年,SUPPORTED,2026-09-30,
Batch 33 Wave 01,B33W1E0538,Career,C001955,end,2021,B33W1S0067,クラブ所属履歴 > 「2020-21 SR渋谷」,所属履歴の最後のシーズン2020-21の終了年,SUPPORTED,2026-09-30,
Batch 33 Wave 01,B33W1E0539,Career,C001956,organization_id,ORG000173,B33W1S0067,クラブ所属履歴 > 「2022-23 岩手」,B.LEAGUE公式の所属履歴で在籍を確認（略称表記）,SUPPORTED,2026-09-30,
Batch 33 Wave 01,B33W1E0540,Career,C001956,organization_id,ORG000173,B33W1S0021,順位表 > クラブ「岩手ビッグブルズ」（略称「岩手」、club_detail TeamID=709）,公式順位表で略称とクラブ名・TeamIDの対応を確認,SUPPORTED,2026-09-30,
Batch 33 Wave 01,B33W1E0541,Career,C001956,start,2022,B33W1S0067,クラブ所属履歴 > 「2022-23 岩手」,所属履歴の最初のシーズン2022-23の開始年,SUPPORTED,2026-09-30,
Batch 33 Wave 01,B33W1E0542,Career,C001956,end,2023,B33W1S0067,クラブ所属履歴 > 「2022-23 岩手」,所属履歴の最後のシーズン2022-23の終了年,SUPPORTED,2026-09-30,
Batch 33 Wave 01,B33W1E0543,Career,C001957,organization_id,ORG000224,B33W1S0067,クラブ所属履歴 > 「2023-24 香川」〜「2024-25 香川」,B.LEAGUE公式の所属履歴で在籍を確認（略称表記）,SUPPORTED,2026-09-30,
Batch 33 Wave 01,B33W1E0544,Career,C001957,organization_id,ORG000224,B33W1S0065,順位表 > クラブ「香川ファイブアローズ」（略称「香川」、club_detail TeamID=722）,公式順位表で略称とクラブ名・TeamIDの対応を確認,SUPPORTED,2026-09-30,
Batch 33 Wave 01,B33W1E0545,Career,C001957,start,2023,B33W1S0067,クラブ所属履歴 > 「2023-24 香川」,所属履歴の最初のシーズン2023-24の開始年,SUPPORTED,2026-09-30,
Batch 33 Wave 01,B33W1E0546,Career,C001957,end,2025,B33W1S0067,クラブ所属履歴 > 「2024-25 香川」,所属履歴の最後のシーズン2024-25の終了年,SUPPORTED,2026-09-30,
Batch 33 Wave 01,B33W1E0547,Career,C001958,organization_id,ORG000155,B33W1S0067,クラブ所属履歴 > 「2025-26 島根」,B.LEAGUE公式の所属履歴で在籍を確認（略称表記）,SUPPORTED,2026-09-30,
Batch 33 Wave 01,B33W1E0548,Career,C001958,organization_id,ORG000155,B33W1S0055,順位表 > クラブ「島根スサノオマジック」（略称「島根」、club_detail TeamID=720）,公式順位表で略称とクラブ名・TeamIDの対応を確認,SUPPORTED,2026-09-30,
Batch 33 Wave 01,B33W1E0549,Career,C001958,start,2025,B33W1S0067,クラブ所属履歴 > 「2025-26 島根」,所属履歴の最初のシーズン2025-26の開始年,SUPPORTED,2026-09-30,
Batch 33 Wave 01,B33W1E0550,Career,C001958,end,2026,B33W1S0067,クラブ所属履歴 > 「2025-26 島根」,所属履歴の最後のシーズン2025-26の終了年,SUPPORTED,2026-09-30,
Batch 33 Wave 01,B33W1E0551,Career,C001959,organization_id,ORG000190,B33W1S0067,クラブ所属履歴 > 「2026-27 越谷」,B.LEAGUE公式の所属履歴で在籍を確認（略称表記）,SUPPORTED,2026-09-30,
Batch 33 Wave 01,B33W1E0552,Career,C001959,organization_id,ORG000190,B33W1S0007,順位表 > クラブ「越谷アルファーズ」（略称「越谷」、club_detail TeamID=745）,公式順位表で略称とクラブ名・TeamIDの対応を確認,SUPPORTED,2026-09-30,
Batch 33 Wave 01,B33W1E0553,Career,C001959,start,2026,B33W1S0067,クラブ所属履歴 > 「2026-27 越谷」,所属履歴の最初のシーズン2026-27の開始年,SUPPORTED,2026-09-30,
Batch 33 Wave 01,B33W1E0554,Career,C001959,organization_id,ORG000190,B33W1S0061,選手一覧 > 越谷 > ダマ ムッサ,2026-27シーズンの公式選手一覧で現所属を確認,SUPPORTED,2026-09-30,
Batch 33 Wave 01,B33W1E0555,Person,P000416,name,三ツ井 利也,B33W1S0069,基本情報 > 選手名,B.LEAGUE公式プロフィールで氏名を確認,SUPPORTED,2026-09-30,
Batch 33 Wave 01,B33W1E0556,Person,P000416,birth_date,1994-06-02,B33W1S0069,基本情報 > 生年月日：1994年6月2日,B.LEAGUE公式プロフィールで生年月日を確認,SUPPORTED,2026-09-30,
Batch 33 Wave 01,B33W1E0557,Career,C001960,organization_id,ORG000297,B33W1S0069,基本情報 > 出身校（高）：東海大学付属第三高等学校(現・東海大学付属諏訪高等学校),B.LEAGUE公式プロフィールで出身校（高）を確認,SUPPORTED,2026-09-30,プロフィール上の表記は「東海大学付属第三高等学校(現・東海大学付属諏訪高等学校)」
Batch 33 Wave 01,B33W1E0558,Career,C001961,organization_id,ORG000015,B33W1S0069,基本情報 > 出身校（大）：東海大学,B.LEAGUE公式プロフィールで出身校（大）を確認,SUPPORTED,2026-09-30,
Batch 33 Wave 01,B33W1E0559,Career,C001962,organization_id,ORG000150,B33W1S0069,クラブ所属履歴 > 「2016-17 信州」〜「2024-25 信州」,B.LEAGUE公式の所属履歴で在籍を確認（略称表記）,SUPPORTED,2026-09-30,
Batch 33 Wave 01,B33W1E0560,Career,C001962,organization_id,ORG000150,B33W1S0002,順位表 > クラブ「信州ブレイブウォリアーズ」（略称「信州」、club_detail TeamID=716）,公式順位表で略称とクラブ名・TeamIDの対応を確認,SUPPORTED,2026-09-30,
Batch 33 Wave 01,B33W1E0561,Career,C001962,start,2016,B33W1S0069,クラブ所属履歴 > 「2016-17 信州」,所属履歴の最初のシーズン2016-17の開始年,SUPPORTED,2026-09-30,
Batch 33 Wave 01,B33W1E0562,Career,C001962,end,2025,B33W1S0069,クラブ所属履歴 > 「2024-25 信州」,所属履歴の最後のシーズン2024-25の終了年,SUPPORTED,2026-09-30,
Batch 33 Wave 01,B33W1E0563,Career,C001963,organization_id,ORG000190,B33W1S0069,クラブ所属履歴 > 「2025-26 越谷」〜「2026-27 越谷」,B.LEAGUE公式の所属履歴で在籍を確認（略称表記）,SUPPORTED,2026-09-30,
Batch 33 Wave 01,B33W1E0564,Career,C001963,organization_id,ORG000190,B33W1S0055,順位表 > クラブ「越谷アルファーズ」（略称「越谷」、club_detail TeamID=745）,公式順位表で略称とクラブ名・TeamIDの対応を確認,SUPPORTED,2026-09-30,
Batch 33 Wave 01,B33W1E0565,Career,C001963,start,2025,B33W1S0069,クラブ所属履歴 > 「2025-26 越谷」,所属履歴の最初のシーズン2025-26の開始年,SUPPORTED,2026-09-30,
Batch 33 Wave 01,B33W1E0566,Career,C001963,organization_id,ORG000190,B33W1S0061,選手一覧 > 越谷 > 三ツ井 利也,2026-27シーズンの公式選手一覧で現所属を確認,SUPPORTED,2026-09-30,
Batch 33 Wave 01,B33W1E0567,Person,P000417,name,川邉 亮平,B33W1S0070,基本情報 > 選手名,B.LEAGUE公式プロフィールで氏名を確認,SUPPORTED,2026-09-30,
Batch 33 Wave 01,B33W1E0568,Person,P000417,birth_date,1995-03-12,B33W1S0070,基本情報 > 生年月日：1995年3月12日,B.LEAGUE公式プロフィールで生年月日を確認,SUPPORTED,2026-09-30,
Batch 33 Wave 01,B33W1E0569,Career,C001964,organization_id,ORG000383,B33W1S0070,基本情報 > 出身校（高）：高岡工芸高等学校,B.LEAGUE公式プロフィールで出身校（高）を確認,SUPPORTED,2026-09-30,
Batch 33 Wave 01,B33W1E0570,Career,C001965,organization_id,ORG000208,B33W1S0070,基本情報 > 出身校（大）：白鴎大学,B.LEAGUE公式プロフィールで出身校（大）を確認,SUPPORTED,2026-09-30,
Batch 33 Wave 01,B33W1E0571,Career,C001966,organization_id,ORG000092,B33W1S0070,クラブ所属履歴 > 「2016-17 北海道」〜「2019-20 北海道」,B.LEAGUE公式の所属履歴で在籍を確認（略称表記）,SUPPORTED,2026-09-30,
Batch 33 Wave 01,B33W1E0572,Career,C001966,organization_id,ORG000092,B33W1S0033,順位表 > クラブ「レバンガ北海道」（略称「北海道」、club_detail TeamID=702）,公式順位表で略称とクラブ名・TeamIDの対応を確認,SUPPORTED,2026-09-30,
Batch 33 Wave 01,B33W1E0573,Career,C001966,start,2016,B33W1S0070,クラブ所属履歴 > 「2016-17 北海道」,所属履歴の最初のシーズン2016-17の開始年,SUPPORTED,2026-09-30,
Batch 33 Wave 01,B33W1E0574,Career,C001966,end,2020,B33W1S0070,クラブ所属履歴 > 「2019-20 北海道」,所属履歴の最後のシーズン2019-20の終了年,SUPPORTED,2026-09-30,
Batch 33 Wave 01,B33W1E0575,Career,C001967,organization_id,ORG000181,B33W1S0070,クラブ所属履歴 > 「2020-21 山形」〜「2021-22 山形」,B.LEAGUE公式の所属履歴で在籍を確認（略称表記）,SUPPORTED,2026-09-30,
Batch 33 Wave 01,B33W1E0576,Career,C001967,organization_id,ORG000181,B33W1S0054,順位表 > クラブ「山形ワイヴァンズ」（略称「山形」、club_detail TeamID=710）,公式順位表で略称とクラブ名・TeamIDの対応を確認,SUPPORTED,2026-09-30,
Batch 33 Wave 01,B33W1E0577,Career,C001967,start,2020,B33W1S0070,クラブ所属履歴 > 「2020-21 山形」,所属履歴の最初のシーズン2020-21の開始年,SUPPORTED,2026-09-30,
Batch 33 Wave 01,B33W1E0578,Career,C001967,end,2022,B33W1S0070,クラブ所属履歴 > 「2021-22 山形」,所属履歴の最後のシーズン2021-22の終了年,SUPPORTED,2026-09-30,
Batch 33 Wave 01,B33W1E0579,Career,C001968,organization_id,ORG000183,B33W1S0070,クラブ所属履歴 > 「2022-23 埼玉」〜「2026-27 埼玉」,B.LEAGUE公式の所属履歴で在籍を確認（略称表記）,SUPPORTED,2026-09-30,
Batch 33 Wave 01,B33W1E0580,Career,C001968,organization_id,ORG000183,B33W1S0021,順位表 > クラブ「さいたまブロンコス」（略称「埼玉」、club_detail TeamID=744）,公式順位表で略称とクラブ名・TeamIDの対応を確認,SUPPORTED,2026-09-30,
Batch 33 Wave 01,B33W1E0581,Career,C001968,start,2022,B33W1S0070,クラブ所属履歴 > 「2022-23 埼玉」,所属履歴の最初のシーズン2022-23の開始年,SUPPORTED,2026-09-30,
Batch 33 Wave 01,B33W1E0582,Career,C001968,organization_id,ORG000183,B33W1S0071,選手一覧 > 埼玉 > 川邉 亮平,2026-27シーズンの公式選手一覧で現所属を確認,SUPPORTED,2026-09-30,
Batch 33 Wave 01,B33W1E0583,Person,P000418,name,栗原 ルイス,B33W1S0072,基本情報 > 選手名,B.LEAGUE公式プロフィールで氏名を確認,SUPPORTED,2026-09-30,
Batch 33 Wave 01,B33W1E0584,Person,P000418,birth_date,1996-11-03,B33W1S0072,基本情報 > 生年月日：1996年11月3日,B.LEAGUE公式プロフィールで生年月日を確認,SUPPORTED,2026-09-30,
Batch 33 Wave 01,B33W1E0585,Career,C001969,organization_id,ORG000150,B33W1S0072,クラブ所属履歴 > 「2018-19 信州」〜「2025-26 信州」,B.LEAGUE公式の所属履歴で在籍を確認（略称表記）,SUPPORTED,2026-09-30,
Batch 33 Wave 01,B33W1E0586,Career,C001969,organization_id,ORG000150,B33W1S0024,順位表 > クラブ「信州ブレイブウォリアーズ」（略称「信州」、club_detail TeamID=716）,公式順位表で略称とクラブ名・TeamIDの対応を確認,SUPPORTED,2026-09-30,
Batch 33 Wave 01,B33W1E0587,Career,C001969,start,2018,B33W1S0072,クラブ所属履歴 > 「2018-19 信州」,所属履歴の最初のシーズン2018-19の開始年,SUPPORTED,2026-09-30,
Batch 33 Wave 01,B33W1E0588,Career,C001969,end,2026,B33W1S0072,クラブ所属履歴 > 「2025-26 信州」,所属履歴の最後のシーズン2025-26の終了年,SUPPORTED,2026-09-30,
Batch 33 Wave 01,B33W1E0589,Career,C001970,organization_id,ORG000183,B33W1S0072,クラブ所属履歴 > 「2026-27 埼玉」,B.LEAGUE公式の所属履歴で在籍を確認（略称表記）,SUPPORTED,2026-09-30,
Batch 33 Wave 01,B33W1E0590,Career,C001970,organization_id,ORG000183,B33W1S0007,順位表 > クラブ「さいたまブロンコス」（略称「埼玉」、club_detail TeamID=744）,公式順位表で略称とクラブ名・TeamIDの対応を確認,SUPPORTED,2026-09-30,
Batch 33 Wave 01,B33W1E0591,Career,C001970,start,2026,B33W1S0072,クラブ所属履歴 > 「2026-27 埼玉」,所属履歴の最初のシーズン2026-27の開始年,SUPPORTED,2026-09-30,
Batch 33 Wave 01,B33W1E0592,Career,C001970,organization_id,ORG000183,B33W1S0071,選手一覧 > 埼玉 > 栗原 ルイス,2026-27シーズンの公式選手一覧で現所属を確認,SUPPORTED,2026-09-30,
Batch 33 Wave 01,B33W1E0593,Person,P000419,name,小西 聖也,B33W1S0073,基本情報 > 選手名,B.LEAGUE公式プロフィールで氏名を確認,SUPPORTED,2026-09-30,
Batch 33 Wave 01,B33W1E0594,Person,P000419,birth_date,1999-12-28,B33W1S0073,基本情報 > 生年月日：1999年12月28日,B.LEAGUE公式プロフィールで生年月日を確認,SUPPORTED,2026-09-30,
Batch 33 Wave 01,B33W1E0595,Career,C001971,organization_id,ORG000042,B33W1S0073,クラブ所属履歴 > 「2021-22 京都」〜「2024-25 京都」,B.LEAGUE公式の所属履歴で在籍を確認（略称表記）,SUPPORTED,2026-09-30,
Batch 33 Wave 01,B33W1E0596,Career,C001971,organization_id,ORG000042,B33W1S0014,順位表 > クラブ「京都ハンナリーズ」（略称「京都」、club_detail TeamID=699）,公式順位表で略称とクラブ名・TeamIDの対応を確認,SUPPORTED,2026-09-30,
Batch 33 Wave 01,B33W1E0597,Career,C001971,start,2021,B33W1S0073,クラブ所属履歴 > 「2021-22 京都」,所属履歴の最初のシーズン2021-22の開始年,SUPPORTED,2026-09-30,
Batch 33 Wave 01,B33W1E0598,Career,C001971,end,2025,B33W1S0073,クラブ所属履歴 > 「2024-25 京都」,所属履歴の最後のシーズン2024-25の終了年,SUPPORTED,2026-09-30,
Batch 33 Wave 01,B33W1E0599,Career,C001972,organization_id,ORG000183,B33W1S0073,クラブ所属履歴 > 「2026-27 埼玉」,B.LEAGUE公式の所属履歴で在籍を確認（略称表記）,SUPPORTED,2026-09-30,
Batch 33 Wave 01,B33W1E0600,Career,C001972,organization_id,ORG000183,B33W1S0007,順位表 > クラブ「さいたまブロンコス」（略称「埼玉」、club_detail TeamID=744）,公式順位表で略称とクラブ名・TeamIDの対応を確認,SUPPORTED,2026-09-30,
Batch 33 Wave 01,B33W1E0601,Career,C001972,start,2026,B33W1S0073,クラブ所属履歴 > 「2026-27 埼玉」,所属履歴の最初のシーズン2026-27の開始年,SUPPORTED,2026-09-30,
Batch 33 Wave 01,B33W1E0602,Career,C001972,organization_id,ORG000183,B33W1S0071,選手一覧 > 埼玉 > 小西 聖也,2026-27シーズンの公式選手一覧で現所属を確認,SUPPORTED,2026-09-30,
Batch 33 Wave 01,B33W1E0603,Person,P000420,name,鈴木 悠介,B33W1S0074,基本情報 > 選手名,B.LEAGUE公式プロフィールで氏名を確認,SUPPORTED,2026-09-30,
Batch 33 Wave 01,B33W1E0604,Person,P000420,birth_date,1997-06-06,B33W1S0074,基本情報 > 生年月日：1997年6月6日,B.LEAGUE公式プロフィールで生年月日を確認,SUPPORTED,2026-09-30,
Batch 33 Wave 01,B33W1E0605,Career,C001973,organization_id,ORG000182,B33W1S0074,クラブ所属履歴 > 「2019-20 青森」〜「2020-21 青森」,B.LEAGUE公式の所属履歴で在籍を確認（略称表記）,SUPPORTED,2026-09-30,
Batch 33 Wave 01,B33W1E0606,Career,C001973,organization_id,ORG000182,B33W1S0025,順位表 > クラブ「青森ワッツ」（略称「青森」、club_detail TeamID=708）,公式順位表で略称とクラブ名・TeamIDの対応を確認,SUPPORTED,2026-09-30,
Batch 33 Wave 01,B33W1E0607,Career,C001973,start,2019,B33W1S0074,クラブ所属履歴 > 「2019-20 青森」,所属履歴の最初のシーズン2019-20の開始年,SUPPORTED,2026-09-30,
Batch 33 Wave 01,B33W1E0608,Career,C001973,end,2021,B33W1S0074,クラブ所属履歴 > 「2020-21 青森」,所属履歴の最後のシーズン2020-21の終了年,SUPPORTED,2026-09-30,
Batch 33 Wave 01,B33W1E0609,Career,C001974,organization_id,ORG000091,B33W1S0074,クラブ所属履歴 > 「2021-22 愛媛」,B.LEAGUE公式の所属履歴で在籍を確認（略称表記）,SUPPORTED,2026-09-30,
Batch 33 Wave 01,B33W1E0610,Career,C001974,organization_id,ORG000091,B33W1S0026,順位表 > クラブ「愛媛オレンジバイキングス」（略称「愛媛」、club_detail TeamID=723）,公式順位表で略称とクラブ名・TeamIDの対応を確認,SUPPORTED,2026-09-30,
Batch 33 Wave 01,B33W1E0611,Career,C001974,start,2021,B33W1S0074,クラブ所属履歴 > 「2021-22 愛媛」,所属履歴の最初のシーズン2021-22の開始年,SUPPORTED,2026-09-30,
Batch 33 Wave 01,B33W1E0612,Career,C001974,end,2022,B33W1S0074,クラブ所属履歴 > 「2021-22 愛媛」,所属履歴の最後のシーズン2021-22の終了年,SUPPORTED,2026-09-30,
Batch 33 Wave 01,B33W1E0613,Career,C001975,organization_id,ORG000174,B33W1S0074,クラブ所属履歴 > 「2021-22 品川」,B.LEAGUE公式の所属履歴で在籍を確認（略称表記）,SUPPORTED,2026-09-30,
Batch 33 Wave 01,B33W1E0614,Career,C001975,organization_id,ORG000174,B33W1S0020,順位表 > クラブ「しながわシティ バスケットボールクラブ」（略称「品川」、club_detail TeamID=748）,公式順位表で略称とクラブ名・TeamIDの対応を確認,SUPPORTED,2026-09-30,
Batch 33 Wave 01,B33W1E0615,Career,C001975,start,2021,B33W1S0074,クラブ所属履歴 > 「2021-22 品川」,所属履歴の最初のシーズン2021-22の開始年,SUPPORTED,2026-09-30,
Batch 33 Wave 01,B33W1E0616,Career,C001975,end,2022,B33W1S0074,クラブ所属履歴 > 「2021-22 品川」,所属履歴の最後のシーズン2021-22の終了年,SUPPORTED,2026-09-30,
Batch 33 Wave 01,B33W1E0617,Career,C001976,organization_id,ORG000181,B33W1S0074,クラブ所属履歴 > 「2022-23 山形」,B.LEAGUE公式の所属履歴で在籍を確認（略称表記）,SUPPORTED,2026-09-30,
Batch 33 Wave 01,B33W1E0618,Career,C001976,organization_id,ORG000181,B33W1S0005,順位表 > クラブ「山形ワイヴァンズ」（略称「山形」、club_detail TeamID=710）,公式順位表で略称とクラブ名・TeamIDの対応を確認,SUPPORTED,2026-09-30,
Batch 33 Wave 01,B33W1E0619,Career,C001976,start,2022,B33W1S0074,クラブ所属履歴 > 「2022-23 山形」,所属履歴の最初のシーズン2022-23の開始年,SUPPORTED,2026-09-30,
Batch 33 Wave 01,B33W1E0620,Career,C001976,end,2023,B33W1S0074,クラブ所属履歴 > 「2022-23 山形」,所属履歴の最後のシーズン2022-23の終了年,SUPPORTED,2026-09-30,
Batch 33 Wave 01,B33W1E0621,Career,C001977,organization_id,ORG000042,B33W1S0074,クラブ所属履歴 > 「2023-24 京都」,B.LEAGUE公式の所属履歴で在籍を確認（略称表記）,SUPPORTED,2026-09-30,
Batch 33 Wave 01,B33W1E0622,Career,C001977,organization_id,ORG000042,B33W1S0041,順位表 > クラブ「京都ハンナリーズ」（略称「京都」、club_detail TeamID=699）,公式順位表で略称とクラブ名・TeamIDの対応を確認,SUPPORTED,2026-09-30,
Batch 33 Wave 01,B33W1E0623,Career,C001977,start,2023,B33W1S0074,クラブ所属履歴 > 「2023-24 京都」,所属履歴の最初のシーズン2023-24の開始年,SUPPORTED,2026-09-30,
Batch 33 Wave 01,B33W1E0624,Career,C001977,end,2024,B33W1S0074,クラブ所属履歴 > 「2023-24 京都」,所属履歴の最後のシーズン2023-24の終了年,SUPPORTED,2026-09-30,
Batch 33 Wave 01,B33W1E0625,Career,C001978,organization_id,ORG000092,B33W1S0074,クラブ所属履歴 > 「2024-25 北海道」,B.LEAGUE公式の所属履歴で在籍を確認（略称表記）,SUPPORTED,2026-09-30,
Batch 33 Wave 01,B33W1E0626,Career,C001978,organization_id,ORG000092,B33W1S0010,順位表 > クラブ「レバンガ北海道」（略称「北海道」、club_detail TeamID=702）,公式順位表で略称とクラブ名・TeamIDの対応を確認,SUPPORTED,2026-09-30,
Batch 33 Wave 01,B33W1E0627,Career,C001978,start,2024,B33W1S0074,クラブ所属履歴 > 「2024-25 北海道」,所属履歴の最初のシーズン2024-25の開始年,SUPPORTED,2026-09-30,
Batch 33 Wave 01,B33W1E0628,Career,C001978,end,2025,B33W1S0074,クラブ所属履歴 > 「2024-25 北海道」,所属履歴の最後のシーズン2024-25の終了年,SUPPORTED,2026-09-30,
Batch 33 Wave 01,B33W1E0629,Career,C001979,organization_id,ORG000097,B33W1S0074,クラブ所属履歴 > 「2025-26 三遠」,B.LEAGUE公式の所属履歴で在籍を確認（略称表記）,SUPPORTED,2026-09-30,
Batch 33 Wave 01,B33W1E0630,Career,C001979,organization_id,ORG000097,B33W1S0055,順位表 > クラブ「三遠ネオフェニックス」（略称「三遠」、club_detail TeamID=697）,公式順位表で略称とクラブ名・TeamIDの対応を確認,SUPPORTED,2026-09-30,
Batch 33 Wave 01,B33W1E0631,Career,C001979,start,2025,B33W1S0074,クラブ所属履歴 > 「2025-26 三遠」,所属履歴の最初のシーズン2025-26の開始年,SUPPORTED,2026-09-30,
Batch 33 Wave 01,B33W1E0632,Career,C001979,end,2026,B33W1S0074,クラブ所属履歴 > 「2025-26 三遠」,所属履歴の最後のシーズン2025-26の終了年,SUPPORTED,2026-09-30,
Batch 33 Wave 01,B33W1E0633,Career,C001980,organization_id,ORG000183,B33W1S0074,クラブ所属履歴 > 「2026-27 埼玉」,B.LEAGUE公式の所属履歴で在籍を確認（略称表記）,SUPPORTED,2026-09-30,
Batch 33 Wave 01,B33W1E0634,Career,C001980,organization_id,ORG000183,B33W1S0007,順位表 > クラブ「さいたまブロンコス」（略称「埼玉」、club_detail TeamID=744）,公式順位表で略称とクラブ名・TeamIDの対応を確認,SUPPORTED,2026-09-30,
Batch 33 Wave 01,B33W1E0635,Career,C001980,start,2026,B33W1S0074,クラブ所属履歴 > 「2026-27 埼玉」,所属履歴の最初のシーズン2026-27の開始年,SUPPORTED,2026-09-30,
Batch 33 Wave 01,B33W1E0636,Career,C001980,organization_id,ORG000183,B33W1S0071,選手一覧 > 埼玉 > 鈴木 悠介,2026-27シーズンの公式選手一覧で現所属を確認,SUPPORTED,2026-09-30,
Batch 33 Wave 01,B33W1E0637,Person,P000421,name,長島 蓮,B33W1S0075,基本情報 > 選手名,B.LEAGUE公式プロフィールで氏名を確認,SUPPORTED,2026-09-30,
Batch 33 Wave 01,B33W1E0638,Person,P000421,birth_date,1997-03-03,B33W1S0075,基本情報 > 生年月日：1997年3月3日,B.LEAGUE公式プロフィールで生年月日を確認,SUPPORTED,2026-09-30,
Batch 33 Wave 01,B33W1E0639,Career,C001981,organization_id,ORG000047,B33W1S0075,クラブ所属履歴 > 「2018-19 栃木」,B.LEAGUE公式の所属履歴で在籍を確認（略称表記）,SUPPORTED,2026-09-30,
Batch 33 Wave 01,B33W1E0640,Career,C001981,organization_id,ORG000047,B33W1S0059,順位表 > クラブ「栃木ブレックス」（略称「栃木」、club_detail TeamID=703）,公式順位表で略称とクラブ名・TeamIDの対応を確認,SUPPORTED,2026-09-30,
Batch 33 Wave 01,B33W1E0641,Career,C001981,start,2018,B33W1S0075,クラブ所属履歴 > 「2018-19 栃木」,所属履歴の最初のシーズン2018-19の開始年,SUPPORTED,2026-09-30,
Batch 33 Wave 01,B33W1E0642,Career,C001981,end,2019,B33W1S0075,クラブ所属履歴 > 「2018-19 栃木」,所属履歴の最後のシーズン2018-19の終了年,SUPPORTED,2026-09-30,
Batch 33 Wave 01,B33W1E0643,Career,C001982,organization_id,ORG000143,B33W1S0075,クラブ所属履歴 > 「2019-20 群馬」,B.LEAGUE公式の所属履歴で在籍を確認（略称表記）,SUPPORTED,2026-09-30,
Batch 33 Wave 01,B33W1E0644,Career,C001982,organization_id,ORG000143,B33W1S0025,順位表 > クラブ「群馬クレインサンダーズ」（略称「群馬」、club_detail TeamID=713）,公式順位表で略称とクラブ名・TeamIDの対応を確認,SUPPORTED,2026-09-30,
Batch 33 Wave 01,B33W1E0645,Career,C001982,start,2019,B33W1S0075,クラブ所属履歴 > 「2019-20 群馬」,所属履歴の最初のシーズン2019-20の開始年,SUPPORTED,2026-09-30,
Batch 33 Wave 01,B33W1E0646,Career,C001982,end,2020,B33W1S0075,クラブ所属履歴 > 「2019-20 群馬」,所属履歴の最後のシーズン2019-20の終了年,SUPPORTED,2026-09-30,
Batch 33 Wave 01,B33W1E0647,Career,C001983,organization_id,ORG000205,B33W1S0075,クラブ所属履歴 > 「2020-21 金沢」,B.LEAGUE公式の所属履歴で在籍を確認（略称表記）,SUPPORTED,2026-09-30,
Batch 33 Wave 01,B33W1E0648,Career,C001983,organization_id,ORG000205,B33W1S0049,順位表 > クラブ「金沢武士団」（略称「金沢」、club_detail TeamID=750）,公式順位表で略称とクラブ名・TeamIDの対応を確認,SUPPORTED,2026-09-30,
Batch 33 Wave 01,B33W1E0649,Career,C001983,start,2020,B33W1S0075,クラブ所属履歴 > 「2020-21 金沢」,所属履歴の最初のシーズン2020-21の開始年,SUPPORTED,2026-09-30,
Batch 33 Wave 01,B33W1E0650,Career,C001983,end,2021,B33W1S0075,クラブ所属履歴 > 「2020-21 金沢」,所属履歴の最後のシーズン2020-21の終了年,SUPPORTED,2026-09-30,
Batch 33 Wave 01,B33W1E0651,Career,C001984,organization_id,ORG000183,B33W1S0075,クラブ所属履歴 > 「2021-22 埼玉」,B.LEAGUE公式の所属履歴で在籍を確認（略称表記）,SUPPORTED,2026-09-30,
Batch 33 Wave 01,B33W1E0652,Career,C001984,organization_id,ORG000183,B33W1S0020,順位表 > クラブ「さいたまブロンコス」（略称「埼玉」、club_detail TeamID=744）,公式順位表で略称とクラブ名・TeamIDの対応を確認,SUPPORTED,2026-09-30,
Batch 33 Wave 01,B33W1E0653,Career,C001984,start,2021,B33W1S0075,クラブ所属履歴 > 「2021-22 埼玉」,所属履歴の最初のシーズン2021-22の開始年,SUPPORTED,2026-09-30,
Batch 33 Wave 01,B33W1E0654,Career,C001984,end,2022,B33W1S0075,クラブ所属履歴 > 「2021-22 埼玉」,所属履歴の最後のシーズン2021-22の終了年,SUPPORTED,2026-09-30,
Batch 33 Wave 01,B33W1E0655,Career,C001985,organization_id,ORG000067,B33W1S0075,クラブ所属履歴 > 「2022-23 熊本」〜「2025-26 熊本」,B.LEAGUE公式の所属履歴で在籍を確認（略称表記）,SUPPORTED,2026-09-30,
Batch 33 Wave 01,B33W1E0656,Career,C001985,organization_id,ORG000067,B33W1S0005,順位表 > クラブ「熊本ヴォルターズ」（略称「熊本」、club_detail TeamID=724）,公式順位表で略称とクラブ名・TeamIDの対応を確認,SUPPORTED,2026-09-30,
Batch 33 Wave 01,B33W1E0657,Career,C001985,start,2022,B33W1S0075,クラブ所属履歴 > 「2022-23 熊本」,所属履歴の最初のシーズン2022-23の開始年,SUPPORTED,2026-09-30,
Batch 33 Wave 01,B33W1E0658,Career,C001985,end,2026,B33W1S0075,クラブ所属履歴 > 「2025-26 熊本」,所属履歴の最後のシーズン2025-26の終了年,SUPPORTED,2026-09-30,
Batch 33 Wave 01,B33W1E0659,Career,C001986,organization_id,ORG000183,B33W1S0075,クラブ所属履歴 > 「2026-27 埼玉」,B.LEAGUE公式の所属履歴で在籍を確認（略称表記）,SUPPORTED,2026-09-30,
Batch 33 Wave 01,B33W1E0660,Career,C001986,organization_id,ORG000183,B33W1S0007,順位表 > クラブ「さいたまブロンコス」（略称「埼玉」、club_detail TeamID=744）,公式順位表で略称とクラブ名・TeamIDの対応を確認,SUPPORTED,2026-09-30,
Batch 33 Wave 01,B33W1E0661,Career,C001986,start,2026,B33W1S0075,クラブ所属履歴 > 「2026-27 埼玉」,所属履歴の最初のシーズン2026-27の開始年,SUPPORTED,2026-09-30,
Batch 33 Wave 01,B33W1E0662,Career,C001986,organization_id,ORG000183,B33W1S0071,選手一覧 > 埼玉 > 長島 蓮,2026-27シーズンの公式選手一覧で現所属を確認,SUPPORTED,2026-09-30,
Batch 33 Wave 02,B33W2E0001,Person,P000422,name,ポーグ 健,B33W2S0001,基本情報 > 選手名,B.LEAGUE公式プロフィールで氏名を確認,SUPPORTED,2026-09-30,
Batch 33 Wave 02,B33W2E0002,Person,P000422,birth_date,2002-11-22,B33W2S0001,基本情報 > 生年月日：2002年11月22日,B.LEAGUE公式プロフィールで生年月日を確認,SUPPORTED,2026-09-30,
Batch 33 Wave 02,B33W2E0003,Career,C001987,organization_id,ORG000194,B33W2S0001,基本情報 > 出身校（高）：宮崎県私立延岡学園高等学校,B.LEAGUE公式プロフィールで出身校（高）を確認,SUPPORTED,2026-09-30,
Batch 33 Wave 02,B33W2E0004,Career,C001988,organization_id,ORG000052,B33W2S0001,クラブ所属履歴 > 「2024-25 新潟」〜「2025-26 新潟」,B.LEAGUE公式の所属履歴で在籍を確認（略称表記）,SUPPORTED,2026-09-30,
Batch 33 Wave 02,B33W2E0005,Career,C001988,organization_id,ORG000052,B33W2S0002,順位表 > クラブ「新潟アルビレックスBB」（略称「新潟」、club_detail TeamID=695）,公式順位表で略称とクラブ名・TeamIDの対応を確認,SUPPORTED,2026-09-30,
Batch 33 Wave 02,B33W2E0006,Career,C001988,start,2024,B33W2S0001,クラブ所属履歴 > 「2024-25 新潟」,所属履歴の最初のシーズン2024-25の開始年,SUPPORTED,2026-09-30,
Batch 33 Wave 02,B33W2E0007,Career,C001988,end,2026,B33W2S0001,クラブ所属履歴 > 「2025-26 新潟」,所属履歴の最後のシーズン2025-26の終了年,SUPPORTED,2026-09-30,
Batch 33 Wave 02,B33W2E0008,Career,C001989,organization_id,ORG000183,B33W2S0001,クラブ所属履歴 > 「2026-27 埼玉」,B.LEAGUE公式の所属履歴で在籍を確認（略称表記）,SUPPORTED,2026-09-30,
Batch 33 Wave 02,B33W2E0009,Career,C001989,organization_id,ORG000183,B33W2S0003,順位表 > クラブ「さいたまブロンコス」（略称「埼玉」、club_detail TeamID=744）,公式順位表で略称とクラブ名・TeamIDの対応を確認,SUPPORTED,2026-09-30,
Batch 33 Wave 02,B33W2E0010,Career,C001989,start,2026,B33W2S0001,クラブ所属履歴 > 「2026-27 埼玉」,所属履歴の最初のシーズン2026-27の開始年,SUPPORTED,2026-09-30,
Batch 33 Wave 02,B33W2E0011,Career,C001989,organization_id,ORG000183,B33W2S0004,選手一覧 > 埼玉 > ポーグ 健,2026-27シーズンの公式選手一覧で現所属を確認,SUPPORTED,2026-09-30,
Batch 33 Wave 02,B33W2E0012,Person,P000423,name,松下 裕汰,B33W2S0005,基本情報 > 選手名,B.LEAGUE公式プロフィールで氏名を確認,SUPPORTED,2026-09-30,
Batch 33 Wave 02,B33W2E0013,Person,P000423,birth_date,1999-05-02,B33W2S0005,基本情報 > 生年月日：1999年5月2日,B.LEAGUE公式プロフィールで生年月日を確認,SUPPORTED,2026-09-30,
Batch 33 Wave 02,B33W2E0014,Career,C001990,organization_id,ORG000170,B33W2S0005,基本情報 > 出身校（高）：飛龍高等学校,B.LEAGUE公式プロフィールで出身校（高）を確認,SUPPORTED,2026-09-30,
Batch 33 Wave 02,B33W2E0015,Career,C001991,organization_id,ORG000208,B33W2S0005,基本情報 > 出身校（大）：白鴎大学,B.LEAGUE公式プロフィールで出身校（大）を確認,SUPPORTED,2026-09-30,
Batch 33 Wave 02,B33W2E0016,Career,C001992,organization_id,ORG000092,B33W2S0005,クラブ所属履歴 > 「2021-22 北海道」〜「2024-25 北海道」,B.LEAGUE公式の所属履歴で在籍を確認（略称表記）,SUPPORTED,2026-09-30,
Batch 33 Wave 02,B33W2E0017,Career,C001992,organization_id,ORG000092,B33W2S0006,順位表 > クラブ「レバンガ北海道」（略称「北海道」、club_detail TeamID=702）,公式順位表で略称とクラブ名・TeamIDの対応を確認,SUPPORTED,2026-09-30,
Batch 33 Wave 02,B33W2E0018,Career,C001992,start,2021,B33W2S0005,クラブ所属履歴 > 「2021-22 北海道」,所属履歴の最初のシーズン2021-22の開始年,SUPPORTED,2026-09-30,
Batch 33 Wave 02,B33W2E0019,Career,C001992,end,2025,B33W2S0005,クラブ所属履歴 > 「2024-25 北海道」,所属履歴の最後のシーズン2024-25の終了年,SUPPORTED,2026-09-30,
Batch 33 Wave 02,B33W2E0020,Career,C001993,organization_id,ORG000183,B33W2S0005,クラブ所属履歴 > 「2026-27 埼玉」,B.LEAGUE公式の所属履歴で在籍を確認（略称表記）,SUPPORTED,2026-09-30,
Batch 33 Wave 02,B33W2E0021,Career,C001993,organization_id,ORG000183,B33W2S0003,順位表 > クラブ「さいたまブロンコス」（略称「埼玉」、club_detail TeamID=744）,公式順位表で略称とクラブ名・TeamIDの対応を確認,SUPPORTED,2026-09-30,
Batch 33 Wave 02,B33W2E0022,Career,C001993,start,2026,B33W2S0005,クラブ所属履歴 > 「2026-27 埼玉」,所属履歴の最初のシーズン2026-27の開始年,SUPPORTED,2026-09-30,
Batch 33 Wave 02,B33W2E0023,Career,C001993,organization_id,ORG000183,B33W2S0004,選手一覧 > 埼玉 > 松下 裕汰,2026-27シーズンの公式選手一覧で現所属を確認,SUPPORTED,2026-09-30,
Batch 33 Wave 02,B33W2E0024,Person,P000424,name,川島 蓮,B33W2S0007,基本情報 > 選手名,B.LEAGUE公式プロフィールで氏名を確認,SUPPORTED,2026-09-30,
Batch 33 Wave 02,B33W2E0025,Person,P000424,birth_date,1994-10-20,B33W2S0007,基本情報 > 生年月日：1994年10月20日,B.LEAGUE公式プロフィールで生年月日を確認,SUPPORTED,2026-09-30,
Batch 33 Wave 02,B33W2E0026,Career,C001994,organization_id,ORG000384,B33W2S0007,基本情報 > 出身校（高）：福島県立若松商業高等学校,B.LEAGUE公式プロフィールで出身校（高）を確認,SUPPORTED,2026-09-30,
Batch 33 Wave 02,B33W2E0027,Career,C001995,organization_id,ORG000208,B33W2S0007,基本情報 > 出身校（大）：白鴎大学,B.LEAGUE公式プロフィールで出身校（大）を確認,SUPPORTED,2026-09-30,
Batch 33 Wave 02,B33W2E0028,Career,C001996,organization_id,ORG000223,B33W2S0007,クラブ所属履歴 > 「2022-23 東京U」〜「2026-27 東京U」,B.LEAGUE公式の所属履歴で在籍を確認（略称表記）,SUPPORTED,2026-09-30,
Batch 33 Wave 02,B33W2E0029,Career,C001996,organization_id,ORG000223,B33W2S0008,順位表 > クラブ「東京ユナイテッドバスケットボールクラブ」（略称「東京U」、club_detail TeamID=2725）,公式順位表で略称とクラブ名・TeamIDの対応を確認,SUPPORTED,2026-09-30,
Batch 33 Wave 02,B33W2E0030,Career,C001996,start,2022,B33W2S0007,クラブ所属履歴 > 「2022-23 東京U」,所属履歴の最初のシーズン2022-23の開始年,SUPPORTED,2026-09-30,
Batch 33 Wave 02,B33W2E0031,Career,C001996,organization_id,ORG000223,B33W2S0009,選手一覧 > 東京U > 川島 蓮,2026-27シーズンの公式選手一覧で現所属を確認,SUPPORTED,2026-09-30,
Batch 33 Wave 02,B33W2E0032,Person,P000425,name,ストックマンJr. ケドリック,B33W2S0010,基本情報 > 選手名,B.LEAGUE公式プロフィールで氏名を確認,SUPPORTED,2026-09-30,
Batch 33 Wave 02,B33W2E0033,Person,P000425,birth_date,2000-07-05,B33W2S0010,基本情報 > 生年月日：2000年7月5日,B.LEAGUE公式プロフィールで生年月日を確認,SUPPORTED,2026-09-30,
Batch 33 Wave 02,B33W2E0034,Career,C001997,organization_id,ORG000385,B33W2S0010,基本情報 > 出身校（高）：キニックハイスクール,B.LEAGUE公式プロフィールで出身校（高）を確認,SUPPORTED,2026-09-30,
Batch 33 Wave 02,B33W2E0035,Career,C001998,organization_id,ORG000386,B33W2S0010,基本情報 > 出身校（大）：スコットランドプレップ,B.LEAGUE公式プロフィールで出身校（大）を確認,SUPPORTED,2026-09-30,
Batch 33 Wave 02,B33W2E0036,Career,C001999,organization_id,ORG000055,B33W2S0010,クラブ所属履歴 > 「2020-21 横浜BC」,B.LEAGUE公式の所属履歴で在籍を確認（略称表記）,SUPPORTED,2026-09-30,
Batch 33 Wave 02,B33W2E0037,Career,C001999,organization_id,ORG000055,B33W2S0011,順位表 > クラブ「横浜ビー・コルセアーズ」（略称「横浜」、club_detail TeamID=694）,公式順位表で略称とクラブ名・TeamIDの対応を確認,SUPPORTED,2026-09-30,
Batch 33 Wave 02,B33W2E0038,Career,C001999,start,2020,B33W2S0010,クラブ所属履歴 > 「2020-21 横浜BC」,所属履歴の最初のシーズン2020-21の開始年,SUPPORTED,2026-09-30,
Batch 33 Wave 02,B33W2E0039,Career,C001999,end,2021,B33W2S0010,クラブ所属履歴 > 「2020-21 横浜BC」,所属履歴の最後のシーズン2020-21の終了年,SUPPORTED,2026-09-30,
Batch 33 Wave 02,B33W2E0040,Career,C002000,organization_id,ORG000142,B33W2S0010,クラブ所属履歴 > 「2021-22 大阪」,B.LEAGUE公式の所属履歴で在籍を確認（略称表記）,SUPPORTED,2026-09-30,
Batch 33 Wave 02,B33W2E0041,Career,C002000,organization_id,ORG000142,B33W2S0006,順位表 > クラブ「大阪エヴェッサ」（略称「大阪」、club_detail TeamID=700）,公式順位表で略称とクラブ名・TeamIDの対応を確認,SUPPORTED,2026-09-30,
Batch 33 Wave 02,B33W2E0042,Career,C002000,start,2021,B33W2S0010,クラブ所属履歴 > 「2021-22 大阪」,所属履歴の最初のシーズン2021-22の開始年,SUPPORTED,2026-09-30,
Batch 33 Wave 02,B33W2E0043,Career,C002000,end,2022,B33W2S0010,クラブ所属履歴 > 「2021-22 大阪」,所属履歴の最後のシーズン2021-22の終了年,SUPPORTED,2026-09-30,
Batch 33 Wave 02,B33W2E0044,Career,C002001,organization_id,ORG000180,B33W2S0010,クラブ所属履歴 > 「2021-22 FE名古屋」〜「2022-23 FE名古屋」,B.LEAGUE公式の所属履歴で在籍を確認（略称表記）,SUPPORTED,2026-09-30,
Batch 33 Wave 02,B33W2E0045,Career,C002001,organization_id,ORG000180,B33W2S0012,順位表 > クラブ「ファイティングイーグルス名古屋」（略称「FE名古屋」、club_detail TeamID=717）,公式順位表で略称とクラブ名・TeamIDの対応を確認,SUPPORTED,2026-09-30,
Batch 33 Wave 02,B33W2E0046,Career,C002001,start,2021,B33W2S0010,クラブ所属履歴 > 「2021-22 FE名古屋」,所属履歴の最初のシーズン2021-22の開始年,SUPPORTED,2026-09-30,
Batch 33 Wave 02,B33W2E0047,Career,C002001,end,2023,B33W2S0010,クラブ所属履歴 > 「2022-23 FE名古屋」,所属履歴の最後のシーズン2022-23の終了年,SUPPORTED,2026-09-30,
Batch 33 Wave 02,B33W2E0048,Career,C002002,organization_id,ORG000224,B33W2S0010,クラブ所属履歴 > 「2023-24 香川」,B.LEAGUE公式の所属履歴で在籍を確認（略称表記）,SUPPORTED,2026-09-30,
Batch 33 Wave 02,B33W2E0049,Career,C002002,organization_id,ORG000224,B33W2S0013,順位表 > クラブ「香川ファイブアローズ」（略称「香川」、club_detail TeamID=722）,公式順位表で略称とクラブ名・TeamIDの対応を確認,SUPPORTED,2026-09-30,
Batch 33 Wave 02,B33W2E0050,Career,C002002,start,2023,B33W2S0010,クラブ所属履歴 > 「2023-24 香川」,所属履歴の最初のシーズン2023-24の開始年,SUPPORTED,2026-09-30,
Batch 33 Wave 02,B33W2E0051,Career,C002002,end,2024,B33W2S0010,クラブ所属履歴 > 「2023-24 香川」,所属履歴の最後のシーズン2023-24の終了年,SUPPORTED,2026-09-30,
Batch 33 Wave 02,B33W2E0052,Career,C002003,organization_id,ORG000163,B33W2S0010,クラブ所属履歴 > 「2023-24 湘南」,B.LEAGUE公式の所属履歴で在籍を確認（略称表記）,SUPPORTED,2026-09-30,
Batch 33 Wave 02,B33W2E0053,Career,C002003,organization_id,ORG000163,B33W2S0013,順位表 > クラブ「湘南ユナイテッドBC」（略称「湘南」、club_detail TeamID=2728）,公式順位表で略称とクラブ名・TeamIDの対応を確認,SUPPORTED,2026-09-30,
Batch 33 Wave 02,B33W2E0054,Career,C002003,start,2023,B33W2S0010,クラブ所属履歴 > 「2023-24 湘南」,所属履歴の最初のシーズン2023-24の開始年,SUPPORTED,2026-09-30,
Batch 33 Wave 02,B33W2E0055,Career,C002003,end,2024,B33W2S0010,クラブ所属履歴 > 「2023-24 湘南」,所属履歴の最後のシーズン2023-24の終了年,SUPPORTED,2026-09-30,
Batch 33 Wave 02,B33W2E0056,Career,C002004,organization_id,ORG000116,B33W2S0010,クラブ所属履歴 > 「2024-25 徳島」,B.LEAGUE公式の所属履歴で在籍を確認（略称表記）,SUPPORTED,2026-09-30,
Batch 33 Wave 02,B33W2E0057,Career,C002004,organization_id,ORG000116,B33W2S0002,順位表 > クラブ「徳島ガンバロウズ」（略称「徳島」、club_detail TeamID=2890）,公式順位表で略称とクラブ名・TeamIDの対応を確認,SUPPORTED,2026-09-30,
Batch 33 Wave 02,B33W2E0058,Career,C002004,start,2024,B33W2S0010,クラブ所属履歴 > 「2024-25 徳島」,所属履歴の最初のシーズン2024-25の開始年,SUPPORTED,2026-09-30,
Batch 33 Wave 02,B33W2E0059,Career,C002004,end,2025,B33W2S0010,クラブ所属履歴 > 「2024-25 徳島」,所属履歴の最後のシーズン2024-25の終了年,SUPPORTED,2026-09-30,
Batch 33 Wave 02,B33W2E0060,Career,C002005,organization_id,ORG000223,B33W2S0010,クラブ所属履歴 > 「2025-26 東京U」〜「2026-27 東京U」,B.LEAGUE公式の所属履歴で在籍を確認（略称表記）,SUPPORTED,2026-09-30,
Batch 33 Wave 02,B33W2E0061,Career,C002005,organization_id,ORG000223,B33W2S0014,順位表 > クラブ「東京ユナイテッドバスケットボールクラブ」（略称「東京U」、club_detail TeamID=2725）,公式順位表で略称とクラブ名・TeamIDの対応を確認,SUPPORTED,2026-09-30,
Batch 33 Wave 02,B33W2E0062,Career,C002005,start,2025,B33W2S0010,クラブ所属履歴 > 「2025-26 東京U」,所属履歴の最初のシーズン2025-26の開始年,SUPPORTED,2026-09-30,
Batch 33 Wave 02,B33W2E0063,Career,C002005,organization_id,ORG000223,B33W2S0009,選手一覧 > 東京U > ストックマンJr. ケドリック,2026-27シーズンの公式選手一覧で現所属を確認,SUPPORTED,2026-09-30,
Batch 33 Wave 02,B33W2E0064,Person,P000426,name,田口 暖,B33W2S0015,基本情報 > 選手名,B.LEAGUE公式プロフィールで氏名を確認,SUPPORTED,2026-09-30,
Batch 33 Wave 02,B33W2E0065,Person,P000426,birth_date,1997-02-01,B33W2S0015,基本情報 > 生年月日：1997年2月1日,B.LEAGUE公式プロフィールで生年月日を確認,SUPPORTED,2026-09-30,
Batch 33 Wave 02,B33W2E0066,Career,C002006,organization_id,ORG000387,B33W2S0015,基本情報 > 出身校（高）：海星学院高等学校,B.LEAGUE公式プロフィールで出身校（高）を確認,SUPPORTED,2026-09-30,
Batch 33 Wave 02,B33W2E0067,Career,C002007,organization_id,ORG000388,B33W2S0015,基本情報 > 出身校（大）：アップルスポーツカレッジ,B.LEAGUE公式プロフィールで出身校（大）を確認,SUPPORTED,2026-09-30,
Batch 33 Wave 02,B33W2E0068,Career,C002008,organization_id,ORG000090,B33W2S0015,クラブ所属履歴 > 「2016-17 東京EX」〜「2023-24 横浜EX」,B.LEAGUE公式の所属履歴で在籍を確認（略称表記）,SUPPORTED,2026-09-30,
Batch 33 Wave 02,B33W2E0069,Career,C002008,organization_id,ORG000090,B33W2S0016,順位表 > クラブ「東京エクセレンス」（略称「東京EX」、club_detail TeamID=714）,公式順位表で略称とクラブ名・TeamIDの対応を確認,SUPPORTED,2026-09-30,
Batch 33 Wave 02,B33W2E0070,Career,C002008,start,2016,B33W2S0015,クラブ所属履歴 > 「2016-17 東京EX」,所属履歴の最初のシーズン2016-17の開始年,SUPPORTED,2026-09-30,
Batch 33 Wave 02,B33W2E0071,Career,C002008,end,2024,B33W2S0015,クラブ所属履歴 > 「2023-24 横浜EX」,所属履歴の最後のシーズン2023-24の終了年,SUPPORTED,2026-09-30,
Batch 33 Wave 02,B33W2E0072,Career,C002009,organization_id,ORG000223,B33W2S0015,クラブ所属履歴 > 「2024-25 東京U」,B.LEAGUE公式の所属履歴で在籍を確認（略称表記）,SUPPORTED,2026-09-30,
Batch 33 Wave 02,B33W2E0073,Career,C002009,organization_id,ORG000223,B33W2S0002,順位表 > クラブ「東京ユナイテッドバスケットボールクラブ」（略称「東京U」、club_detail TeamID=2725）,公式順位表で略称とクラブ名・TeamIDの対応を確認,SUPPORTED,2026-09-30,
Batch 33 Wave 02,B33W2E0074,Career,C002009,start,2024,B33W2S0015,クラブ所属履歴 > 「2024-25 東京U」,所属履歴の最初のシーズン2024-25の開始年,SUPPORTED,2026-09-30,
Batch 33 Wave 02,B33W2E0075,Career,C002009,end,2025,B33W2S0015,クラブ所属履歴 > 「2024-25 東京U」,所属履歴の最後のシーズン2024-25の終了年,SUPPORTED,2026-09-30,
Batch 33 Wave 02,B33W2E0076,Career,C002010,organization_id,ORG000223,B33W2S0015,クラブ所属履歴 > 「2026-27 東京U」,B.LEAGUE公式の所属履歴で在籍を確認（略称表記）,SUPPORTED,2026-09-30,
Batch 33 Wave 02,B33W2E0077,Career,C002010,organization_id,ORG000223,B33W2S0003,順位表 > クラブ「東京ユナイテッドバスケットボールクラブ」（略称「東京U」、club_detail TeamID=2725）,公式順位表で略称とクラブ名・TeamIDの対応を確認,SUPPORTED,2026-09-30,
Batch 33 Wave 02,B33W2E0078,Career,C002010,start,2026,B33W2S0015,クラブ所属履歴 > 「2026-27 東京U」,所属履歴の最初のシーズン2026-27の開始年,SUPPORTED,2026-09-30,
Batch 33 Wave 02,B33W2E0079,Career,C002010,organization_id,ORG000223,B33W2S0009,選手一覧 > 東京U > 田口 暖,2026-27シーズンの公式選手一覧で現所属を確認,SUPPORTED,2026-09-30,
Batch 33 Wave 02,B33W2E0080,Person,P000427,name,田中 幸之介,B33W2S0017,基本情報 > 選手名,B.LEAGUE公式プロフィールで氏名を確認,SUPPORTED,2026-09-30,
Batch 33 Wave 02,B33W2E0081,Person,P000427,birth_date,1997-01-25,B33W2S0017,基本情報 > 生年月日：1997年1月25日,B.LEAGUE公式プロフィールで生年月日を確認,SUPPORTED,2026-09-30,
Batch 33 Wave 02,B33W2E0082,Career,C002011,organization_id,ORG000389,B33W2S0017,基本情報 > 出身校（高）：守谷高等学校,B.LEAGUE公式プロフィールで出身校（高）を確認,SUPPORTED,2026-09-30,
Batch 33 Wave 02,B33W2E0083,Career,C002012,organization_id,ORG000102,B33W2S0017,クラブ所属履歴 > 「2018-19 東京CR」,B.LEAGUE公式の所属履歴で在籍を確認（略称表記）,SUPPORTED,2026-09-30,
Batch 33 Wave 02,B33W2E0084,Career,C002012,organization_id,ORG000102,B33W2S0018,順位表 > クラブ「東京サンレーヴス」（略称「東京CR」、club_detail TeamID=748）,公式順位表で略称とクラブ名・TeamIDの対応を確認,SUPPORTED,2026-09-30,
Batch 33 Wave 02,B33W2E0085,Career,C002012,start,2018,B33W2S0017,クラブ所属履歴 > 「2018-19 東京CR」,所属履歴の最初のシーズン2018-19の開始年,SUPPORTED,2026-09-30,
Batch 33 Wave 02,B33W2E0086,Career,C002012,end,2019,B33W2S0017,クラブ所属履歴 > 「2018-19 東京CR」,所属履歴の最後のシーズン2018-19の終了年,SUPPORTED,2026-09-30,
Batch 33 Wave 02,B33W2E0087,Career,C002013,organization_id,ORG000183,B33W2S0017,クラブ所属履歴 > 「2019-20 埼玉」,B.LEAGUE公式の所属履歴で在籍を確認（略称表記）,SUPPORTED,2026-09-30,
Batch 33 Wave 02,B33W2E0088,Career,C002013,organization_id,ORG000183,B33W2S0019,順位表 > クラブ「埼玉ブロンコス」（略称「埼玉」、club_detail TeamID=744）,公式順位表で略称とクラブ名・TeamIDの対応を確認,SUPPORTED,2026-09-30,
Batch 33 Wave 02,B33W2E0089,Career,C002013,start,2019,B33W2S0017,クラブ所属履歴 > 「2019-20 埼玉」,所属履歴の最初のシーズン2019-20の開始年,SUPPORTED,2026-09-30,
Batch 33 Wave 02,B33W2E0090,Career,C002013,end,2020,B33W2S0017,クラブ所属履歴 > 「2019-20 埼玉」,所属履歴の最後のシーズン2019-20の終了年,SUPPORTED,2026-09-30,
Batch 33 Wave 02,B33W2E0091,Career,C002014,organization_id,ORG000101,B33W2S0017,クラブ所属履歴 > 「2020-21 鹿児島」,B.LEAGUE公式の所属履歴で在籍を確認（略称表記）,SUPPORTED,2026-09-30,
Batch 33 Wave 02,B33W2E0092,Career,C002014,organization_id,ORG000101,B33W2S0020,順位表 > クラブ「鹿児島レブナイズ」（略称「鹿児島」、club_detail TeamID=725）,公式順位表で略称とクラブ名・TeamIDの対応を確認,SUPPORTED,2026-09-30,
Batch 33 Wave 02,B33W2E0093,Career,C002014,start,2020,B33W2S0017,クラブ所属履歴 > 「2020-21 鹿児島」,所属履歴の最初のシーズン2020-21の開始年,SUPPORTED,2026-09-30,
Batch 33 Wave 02,B33W2E0094,Career,C002014,end,2021,B33W2S0017,クラブ所属履歴 > 「2020-21 鹿児島」,所属履歴の最後のシーズン2020-21の終了年,SUPPORTED,2026-09-30,
Batch 33 Wave 02,B33W2E0095,Career,C002015,organization_id,ORG000100,B33W2S0017,クラブ所属履歴 > 「2021-22 山口」〜「2023-24 山口」,B.LEAGUE公式の所属履歴で在籍を確認（略称表記）,SUPPORTED,2026-09-30,
Batch 33 Wave 02,B33W2E0096,Career,C002015,organization_id,ORG000100,B33W2S0021,順位表 > クラブ「山口ペイトリオッツ」（略称「山口」、club_detail TeamID=2487）,公式順位表で略称とクラブ名・TeamIDの対応を確認,SUPPORTED,2026-09-30,
Batch 33 Wave 02,B33W2E0097,Career,C002015,start,2021,B33W2S0017,クラブ所属履歴 > 「2021-22 山口」,所属履歴の最初のシーズン2021-22の開始年,SUPPORTED,2026-09-30,
Batch 33 Wave 02,B33W2E0098,Career,C002015,end,2024,B33W2S0017,クラブ所属履歴 > 「2023-24 山口」,所属履歴の最後のシーズン2023-24の終了年,SUPPORTED,2026-09-30,
Batch 33 Wave 02,B33W2E0099,Career,C002016,organization_id,ORG000205,B33W2S0017,クラブ所属履歴 > 「2024-25 金沢」,B.LEAGUE公式の所属履歴で在籍を確認（略称表記）,SUPPORTED,2026-09-30,
Batch 33 Wave 02,B33W2E0100,Career,C002016,organization_id,ORG000205,B33W2S0002,順位表 > クラブ「金沢武士団」（略称「金沢」、club_detail TeamID=750）,公式順位表で略称とクラブ名・TeamIDの対応を確認,SUPPORTED,2026-09-30,
Batch 33 Wave 02,B33W2E0101,Career,C002016,start,2024,B33W2S0017,クラブ所属履歴 > 「2024-25 金沢」,所属履歴の最初のシーズン2024-25の開始年,SUPPORTED,2026-09-30,
Batch 33 Wave 02,B33W2E0102,Career,C002016,end,2025,B33W2S0017,クラブ所属履歴 > 「2024-25 金沢」,所属履歴の最後のシーズン2024-25の終了年,SUPPORTED,2026-09-30,
Batch 33 Wave 02,B33W2E0103,Career,C002017,organization_id,ORG000223,B33W2S0017,クラブ所属履歴 > 「2025-26 東京U」〜「2026-27 東京U」,B.LEAGUE公式の所属履歴で在籍を確認（略称表記）,SUPPORTED,2026-09-30,
Batch 33 Wave 02,B33W2E0104,Career,C002017,organization_id,ORG000223,B33W2S0014,順位表 > クラブ「東京ユナイテッドバスケットボールクラブ」（略称「東京U」、club_detail TeamID=2725）,公式順位表で略称とクラブ名・TeamIDの対応を確認,SUPPORTED,2026-09-30,
Batch 33 Wave 02,B33W2E0105,Career,C002017,start,2025,B33W2S0017,クラブ所属履歴 > 「2025-26 東京U」,所属履歴の最初のシーズン2025-26の開始年,SUPPORTED,2026-09-30,
Batch 33 Wave 02,B33W2E0106,Career,C002017,organization_id,ORG000223,B33W2S0009,選手一覧 > 東京U > 田中 幸之介,2026-27シーズンの公式選手一覧で現所属を確認,SUPPORTED,2026-09-30,
Batch 33 Wave 02,B33W2E0107,Person,P000428,name,德川 慎之介,B33W2S0022,基本情報 > 選手名,B.LEAGUE公式プロフィールで氏名を確認,SUPPORTED,2026-09-30,
Batch 33 Wave 02,B33W2E0108,Person,P000428,birth_date,1993-06-10,B33W2S0022,基本情報 > 生年月日：1993年6月10日,B.LEAGUE公式プロフィールで生年月日を確認,SUPPORTED,2026-09-30,
Batch 33 Wave 02,B33W2E0109,Career,C002018,organization_id,ORG000390,B33W2S0022,基本情報 > 出身校（高）：佐賀県立唐津東高等学校,B.LEAGUE公式プロフィールで出身校（高）を確認,SUPPORTED,2026-09-30,
Batch 33 Wave 02,B33W2E0110,Career,C002019,organization_id,ORG000015,B33W2S0022,基本情報 > 出身校（大）：東海大学,B.LEAGUE公式プロフィールで出身校（大）を確認,SUPPORTED,2026-09-30,
Batch 33 Wave 02,B33W2E0111,Career,C002020,organization_id,ORG000150,B33W2S0022,クラブ所属履歴 > 「2016-17 信州」,B.LEAGUE公式の所属履歴で在籍を確認（略称表記）,SUPPORTED,2026-09-30,
Batch 33 Wave 02,B33W2E0112,Career,C002020,organization_id,ORG000150,B33W2S0016,順位表 > クラブ「信州ブレイブウォリアーズ」（略称「信州」、club_detail TeamID=716）,公式順位表で略称とクラブ名・TeamIDの対応を確認,SUPPORTED,2026-09-30,
Batch 33 Wave 02,B33W2E0113,Career,C002020,start,2016,B33W2S0022,クラブ所属履歴 > 「2016-17 信州」,所属履歴の最初のシーズン2016-17の開始年,SUPPORTED,2026-09-30,
Batch 33 Wave 02,B33W2E0114,Career,C002020,end,2017,B33W2S0022,クラブ所属履歴 > 「2016-17 信州」,所属履歴の最後のシーズン2016-17の終了年,SUPPORTED,2026-09-30,
Batch 33 Wave 02,B33W2E0115,Career,C002021,organization_id,ORG000202,B33W2S0022,クラブ所属履歴 > 「2017-18 福島」〜「2019-20 福島」,B.LEAGUE公式の所属履歴で在籍を確認（略称表記）,SUPPORTED,2026-09-30,
Batch 33 Wave 02,B33W2E0116,Career,C002021,organization_id,ORG000202,B33W2S0023,順位表 > クラブ「福島ファイヤーボンズ」（略称「福島」、club_detail TeamID=711）,公式順位表で略称とクラブ名・TeamIDの対応を確認,SUPPORTED,2026-09-30,
Batch 33 Wave 02,B33W2E0117,Career,C002021,start,2017,B33W2S0022,クラブ所属履歴 > 「2017-18 福島」,所属履歴の最初のシーズン2017-18の開始年,SUPPORTED,2026-09-30,
Batch 33 Wave 02,B33W2E0118,Career,C002021,end,2020,B33W2S0022,クラブ所属履歴 > 「2019-20 福島」,所属履歴の最後のシーズン2019-20の終了年,SUPPORTED,2026-09-30,
Batch 33 Wave 02,B33W2E0119,Career,C002022,organization_id,ORG000048,B33W2S0022,クラブ所属履歴 > 「2020-21 佐賀」〜「2022-23 佐賀」,B.LEAGUE公式の所属履歴で在籍を確認（略称表記）,SUPPORTED,2026-09-30,
Batch 33 Wave 02,B33W2E0120,Career,C002022,organization_id,ORG000048,B33W2S0024,順位表 > クラブ「佐賀バルーナーズ」（略称「佐賀」、club_detail TeamID=1638）,公式順位表で略称とクラブ名・TeamIDの対応を確認,SUPPORTED,2026-09-30,
Batch 33 Wave 02,B33W2E0121,Career,C002022,start,2020,B33W2S0022,クラブ所属履歴 > 「2020-21 佐賀」,所属履歴の最初のシーズン2020-21の開始年,SUPPORTED,2026-09-30,
Batch 33 Wave 02,B33W2E0122,Career,C002022,end,2023,B33W2S0022,クラブ所属履歴 > 「2022-23 佐賀」,所属履歴の最後のシーズン2022-23の終了年,SUPPORTED,2026-09-30,
Batch 33 Wave 02,B33W2E0123,Career,C002023,organization_id,ORG000223,B33W2S0022,クラブ所属履歴 > 「2023-24 東京U」〜「2026-27 東京U」,B.LEAGUE公式の所属履歴で在籍を確認（略称表記）,SUPPORTED,2026-09-30,
Batch 33 Wave 02,B33W2E0124,Career,C002023,organization_id,ORG000223,B33W2S0013,順位表 > クラブ「東京ユナイテッドバスケットボールクラブ」（略称「東京U」、club_detail TeamID=2725）,公式順位表で略称とクラブ名・TeamIDの対応を確認,SUPPORTED,2026-09-30,
Batch 33 Wave 02,B33W2E0125,Career,C002023,start,2023,B33W2S0022,クラブ所属履歴 > 「2023-24 東京U」,所属履歴の最初のシーズン2023-24の開始年,SUPPORTED,2026-09-30,
Batch 33 Wave 02,B33W2E0126,Career,C002023,organization_id,ORG000223,B33W2S0009,選手一覧 > 東京U > 德川 慎之介,2026-27シーズンの公式選手一覧で現所属を確認,SUPPORTED,2026-09-30,
Batch 33 Wave 02,B33W2E0127,Person,P000429,name,東 宏輝,B33W2S0025,基本情報 > 選手名,B.LEAGUE公式プロフィールで氏名を確認,SUPPORTED,2026-09-30,
Batch 33 Wave 02,B33W2E0128,Person,P000429,birth_date,1995-06-24,B33W2S0025,基本情報 > 生年月日：1995年6月24日,B.LEAGUE公式プロフィールで生年月日を確認,SUPPORTED,2026-09-30,
Batch 33 Wave 02,B33W2E0129,Career,C002024,organization_id,ORG000242,B33W2S0025,基本情報 > 出身校（高）：國學院大學久我山高等学校,B.LEAGUE公式プロフィールで出身校（高）を確認,SUPPORTED,2026-09-30,
Batch 33 Wave 02,B33W2E0130,Career,C002025,organization_id,ORG000214,B33W2S0025,基本情報 > 出身校（大）：名古屋学院大学,B.LEAGUE公式プロフィールで出身校（大）を確認,SUPPORTED,2026-09-30,
Batch 33 Wave 02,B33W2E0131,Career,C002026,organization_id,ORG000225,B33W2S0025,クラブ所属履歴 > 「2017-18 豊田合成」〜「2021-22 豊田合成」,B.LEAGUE公式の所属履歴で在籍を確認（略称表記）,SUPPORTED,2026-09-30,
Batch 33 Wave 02,B33W2E0132,Career,C002026,organization_id,ORG000225,B33W2S0026,順位表 > クラブ「豊田合成スコーピオンズ」（略称「豊田合成」、club_detail TeamID=752）,公式順位表で略称とクラブ名・TeamIDの対応を確認,SUPPORTED,2026-09-30,
Batch 33 Wave 02,B33W2E0133,Career,C002026,start,2017,B33W2S0025,クラブ所属履歴 > 「2017-18 豊田合成」,所属履歴の最初のシーズン2017-18の開始年,SUPPORTED,2026-09-30,
Batch 33 Wave 02,B33W2E0134,Career,C002026,end,2022,B33W2S0025,クラブ所属履歴 > 「2021-22 豊田合成」,所属履歴の最後のシーズン2021-22の終了年,SUPPORTED,2026-09-30,
Batch 33 Wave 02,B33W2E0135,Career,C002027,organization_id,ORG000223,B33W2S0025,クラブ所属履歴 > 「2022-23 東京U」,B.LEAGUE公式の所属履歴で在籍を確認（略称表記）,SUPPORTED,2026-09-30,
Batch 33 Wave 02,B33W2E0136,Career,C002027,organization_id,ORG000223,B33W2S0008,順位表 > クラブ「東京ユナイテッドバスケットボールクラブ」（略称「東京U」、club_detail TeamID=2725）,公式順位表で略称とクラブ名・TeamIDの対応を確認,SUPPORTED,2026-09-30,
Batch 33 Wave 02,B33W2E0137,Career,C002027,start,2022,B33W2S0025,クラブ所属履歴 > 「2022-23 東京U」,所属履歴の最初のシーズン2022-23の開始年,SUPPORTED,2026-09-30,
Batch 33 Wave 02,B33W2E0138,Career,C002027,end,2023,B33W2S0025,クラブ所属履歴 > 「2022-23 東京U」,所属履歴の最後のシーズン2022-23の終了年,SUPPORTED,2026-09-30,
Batch 33 Wave 02,B33W2E0139,Career,C002028,organization_id,ORG000149,B33W2S0025,クラブ所属履歴 > 「2023-24 富山」,B.LEAGUE公式の所属履歴で在籍を確認（略称表記）,SUPPORTED,2026-09-30,
Batch 33 Wave 02,B33W2E0140,Career,C002028,organization_id,ORG000149,B33W2S0027,順位表 > クラブ「富山グラウジーズ」（略称「富山」、club_detail TeamID=696）,公式順位表で略称とクラブ名・TeamIDの対応を確認,SUPPORTED,2026-09-30,
Batch 33 Wave 02,B33W2E0141,Career,C002028,start,2023,B33W2S0025,クラブ所属履歴 > 「2023-24 富山」,所属履歴の最初のシーズン2023-24の開始年,SUPPORTED,2026-09-30,
Batch 33 Wave 02,B33W2E0142,Career,C002028,end,2024,B33W2S0025,クラブ所属履歴 > 「2023-24 富山」,所属履歴の最後のシーズン2023-24の終了年,SUPPORTED,2026-09-30,
Batch 33 Wave 02,B33W2E0143,Career,C002029,organization_id,ORG000174,B33W2S0025,クラブ所属履歴 > 「2024-25 品川」,B.LEAGUE公式の所属履歴で在籍を確認（略称表記）,SUPPORTED,2026-09-30,
Batch 33 Wave 02,B33W2E0144,Career,C002029,organization_id,ORG000174,B33W2S0002,順位表 > クラブ「しながわシティ バスケットボールクラブ」（略称「品川」、club_detail TeamID=748）,公式順位表で略称とクラブ名・TeamIDの対応を確認,SUPPORTED,2026-09-30,
Batch 33 Wave 02,B33W2E0145,Career,C002029,start,2024,B33W2S0025,クラブ所属履歴 > 「2024-25 品川」,所属履歴の最初のシーズン2024-25の開始年,SUPPORTED,2026-09-30,
Batch 33 Wave 02,B33W2E0146,Career,C002029,end,2025,B33W2S0025,クラブ所属履歴 > 「2024-25 品川」,所属履歴の最後のシーズン2024-25の終了年,SUPPORTED,2026-09-30,
Batch 33 Wave 02,B33W2E0147,Career,C002030,organization_id,ORG000223,B33W2S0025,クラブ所属履歴 > 「2025-26 東京U」〜「2026-27 東京U」,B.LEAGUE公式の所属履歴で在籍を確認（略称表記）,SUPPORTED,2026-09-30,
Batch 33 Wave 02,B33W2E0148,Career,C002030,organization_id,ORG000223,B33W2S0014,順位表 > クラブ「東京ユナイテッドバスケットボールクラブ」（略称「東京U」、club_detail TeamID=2725）,公式順位表で略称とクラブ名・TeamIDの対応を確認,SUPPORTED,2026-09-30,
Batch 33 Wave 02,B33W2E0149,Career,C002030,start,2025,B33W2S0025,クラブ所属履歴 > 「2025-26 東京U」,所属履歴の最初のシーズン2025-26の開始年,SUPPORTED,2026-09-30,
Batch 33 Wave 02,B33W2E0150,Career,C002030,organization_id,ORG000223,B33W2S0009,選手一覧 > 東京U > 東 宏輝,2026-27シーズンの公式選手一覧で現所属を確認,SUPPORTED,2026-09-30,
Batch 33 Wave 02,B33W2E0151,Person,P000430,name,古河 ウェスリー,B33W2S0028,基本情報 > 選手名,B.LEAGUE公式プロフィールで氏名を確認,SUPPORTED,2026-09-30,
Batch 33 Wave 02,B33W2E0152,Person,P000430,birth_date,1999-05-16,B33W2S0028,基本情報 > 生年月日：1999年5月16日,B.LEAGUE公式プロフィールで生年月日を確認,SUPPORTED,2026-09-30,
Batch 33 Wave 02,B33W2E0153,Career,C002031,organization_id,ORG000391,B33W2S0028,基本情報 > 出身校（高）：中央学院大学中央高等学校,B.LEAGUE公式プロフィールで出身校（高）を確認,SUPPORTED,2026-09-30,
Batch 33 Wave 02,B33W2E0154,Career,C002032,organization_id,ORG000016,B33W2S0028,基本情報 > 出身校（大）：中央大学,B.LEAGUE公式プロフィールで出身校（大）を確認,SUPPORTED,2026-09-30,
Batch 33 Wave 02,B33W2E0155,Career,C002033,organization_id,ORG000090,B33W2S0028,クラブ所属履歴 > 「2021-22 横浜EX」〜「2023-24 横浜EX」,B.LEAGUE公式の所属履歴で在籍を確認（略称表記）,SUPPORTED,2026-09-30,
Batch 33 Wave 02,B33W2E0156,Career,C002033,organization_id,ORG000090,B33W2S0021,順位表 > クラブ「横浜エクセレンス」（略称「横浜EX」、club_detail TeamID=714）,公式順位表で略称とクラブ名・TeamIDの対応を確認,SUPPORTED,2026-09-30,
Batch 33 Wave 02,B33W2E0157,Career,C002033,start,2021,B33W2S0028,クラブ所属履歴 > 「2021-22 横浜EX」,所属履歴の最初のシーズン2021-22の開始年,SUPPORTED,2026-09-30,
Batch 33 Wave 02,B33W2E0158,Career,C002033,end,2024,B33W2S0028,クラブ所属履歴 > 「2023-24 横浜EX」,所属履歴の最後のシーズン2023-24の終了年,SUPPORTED,2026-09-30,
Batch 33 Wave 02,B33W2E0159,Career,C002034,organization_id,ORG000116,B33W2S0028,クラブ所属履歴 > 「2024-25 徳島」,B.LEAGUE公式の所属履歴で在籍を確認（略称表記）,SUPPORTED,2026-09-30,
Batch 33 Wave 02,B33W2E0160,Career,C002034,organization_id,ORG000116,B33W2S0002,順位表 > クラブ「徳島ガンバロウズ」（略称「徳島」、club_detail TeamID=2890）,公式順位表で略称とクラブ名・TeamIDの対応を確認,SUPPORTED,2026-09-30,
Batch 33 Wave 02,B33W2E0161,Career,C002034,start,2024,B33W2S0028,クラブ所属履歴 > 「2024-25 徳島」,所属履歴の最初のシーズン2024-25の開始年,SUPPORTED,2026-09-30,
Batch 33 Wave 02,B33W2E0162,Career,C002034,end,2025,B33W2S0028,クラブ所属履歴 > 「2024-25 徳島」,所属履歴の最後のシーズン2024-25の終了年,SUPPORTED,2026-09-30,
Batch 33 Wave 02,B33W2E0163,Career,C002035,organization_id,ORG000223,B33W2S0028,クラブ所属履歴 > 「2025-26 東京U」〜「2026-27 東京U」,B.LEAGUE公式の所属履歴で在籍を確認（略称表記）,SUPPORTED,2026-09-30,
Batch 33 Wave 02,B33W2E0164,Career,C002035,organization_id,ORG000223,B33W2S0014,順位表 > クラブ「東京ユナイテッドバスケットボールクラブ」（略称「東京U」、club_detail TeamID=2725）,公式順位表で略称とクラブ名・TeamIDの対応を確認,SUPPORTED,2026-09-30,
Batch 33 Wave 02,B33W2E0165,Career,C002035,start,2025,B33W2S0028,クラブ所属履歴 > 「2025-26 東京U」,所属履歴の最初のシーズン2025-26の開始年,SUPPORTED,2026-09-30,
Batch 33 Wave 02,B33W2E0166,Career,C002035,organization_id,ORG000223,B33W2S0009,選手一覧 > 東京U > 古河 ウェスリー,2026-27シーズンの公式選手一覧で現所属を確認,SUPPORTED,2026-09-30,
Batch 33 Wave 02,B33W2E0167,Person,P000431,name,石橋 侑磨,B33W2S0029,基本情報 > 選手名,B.LEAGUE公式プロフィールで氏名を確認,SUPPORTED,2026-09-30,
Batch 33 Wave 02,B33W2E0168,Person,P000431,birth_date,1999-10-21,B33W2S0029,基本情報 > 生年月日：1999年10月21日,B.LEAGUE公式プロフィールで生年月日を確認,SUPPORTED,2026-09-30,
Batch 33 Wave 02,B33W2E0169,Career,C002036,organization_id,ORG000392,B33W2S0029,基本情報 > 出身校（高）：柳川高等学校,B.LEAGUE公式プロフィールで出身校（高）を確認,SUPPORTED,2026-09-30,
Batch 33 Wave 02,B33W2E0170,Career,C002037,organization_id,ORG000095,B33W2S0029,基本情報 > 出身校（大）：東海大学九州,B.LEAGUE公式プロフィールで出身校（大）を確認,SUPPORTED,2026-09-30,
Batch 33 Wave 02,B33W2E0171,Career,C002038,organization_id,ORG000040,B33W2S0029,クラブ所属履歴 > 「2021-22 福岡」〜「2022-23 福岡」,B.LEAGUE公式の所属履歴で在籍を確認（略称表記）,SUPPORTED,2026-09-30,
Batch 33 Wave 02,B33W2E0172,Career,C002038,organization_id,ORG000040,B33W2S0012,順位表 > クラブ「ライジングゼファー福岡」（略称「福岡」、club_detail TeamID=753）,公式順位表で略称とクラブ名・TeamIDの対応を確認,SUPPORTED,2026-09-30,
Batch 33 Wave 02,B33W2E0173,Career,C002038,start,2021,B33W2S0029,クラブ所属履歴 > 「2021-22 福岡」,所属履歴の最初のシーズン2021-22の開始年,SUPPORTED,2026-09-30,
Batch 33 Wave 02,B33W2E0174,Career,C002038,end,2023,B33W2S0029,クラブ所属履歴 > 「2022-23 福岡」,所属履歴の最後のシーズン2022-23の終了年,SUPPORTED,2026-09-30,
Batch 33 Wave 02,B33W2E0175,Career,C002039,organization_id,ORG000067,B33W2S0029,クラブ所属履歴 > 「2023-24 熊本」,B.LEAGUE公式の所属履歴で在籍を確認（略称表記）,SUPPORTED,2026-09-30,
Batch 33 Wave 02,B33W2E0176,Career,C002039,organization_id,ORG000067,B33W2S0030,順位表 > クラブ「熊本ヴォルターズ」（略称「熊本」、club_detail TeamID=724）,公式順位表で略称とクラブ名・TeamIDの対応を確認,SUPPORTED,2026-09-30,
Batch 33 Wave 02,B33W2E0177,Career,C002039,start,2023,B33W2S0029,クラブ所属履歴 > 「2023-24 熊本」,所属履歴の最初のシーズン2023-24の開始年,SUPPORTED,2026-09-30,
Batch 33 Wave 02,B33W2E0178,Career,C002039,end,2024,B33W2S0029,クラブ所属履歴 > 「2023-24 熊本」,所属履歴の最後のシーズン2023-24の終了年,SUPPORTED,2026-09-30,
Batch 33 Wave 02,B33W2E0179,Career,C002040,organization_id,ORG000132,B33W2S0029,クラブ所属履歴 > 「2024-25 仙台」,B.LEAGUE公式の所属履歴で在籍を確認（略称表記）,SUPPORTED,2026-09-30,
Batch 33 Wave 02,B33W2E0180,Career,C002040,organization_id,ORG000132,B33W2S0031,順位表 > クラブ「仙台89ERS」（略称「仙台」、club_detail TeamID=692）,公式順位表で略称とクラブ名・TeamIDの対応を確認,SUPPORTED,2026-09-30,
Batch 33 Wave 02,B33W2E0181,Career,C002040,start,2024,B33W2S0029,クラブ所属履歴 > 「2024-25 仙台」,所属履歴の最初のシーズン2024-25の開始年,SUPPORTED,2026-09-30,
Batch 33 Wave 02,B33W2E0182,Career,C002040,end,2025,B33W2S0029,クラブ所属履歴 > 「2024-25 仙台」,所属履歴の最後のシーズン2024-25の終了年,SUPPORTED,2026-09-30,
Batch 33 Wave 02,B33W2E0183,Career,C002041,organization_id,ORG000046,B33W2S0029,クラブ所属履歴 > 「2026-27 東京Z」,B.LEAGUE公式の所属履歴で在籍を確認（略称表記）,SUPPORTED,2026-09-30,
Batch 33 Wave 02,B33W2E0184,Career,C002041,organization_id,ORG000046,B33W2S0003,順位表 > クラブ「アースフレンズ東京Z」（略称「東京Z」、club_detail TeamID=715）,公式順位表で略称とクラブ名・TeamIDの対応を確認,SUPPORTED,2026-09-30,
Batch 33 Wave 02,B33W2E0185,Career,C002041,start,2026,B33W2S0029,クラブ所属履歴 > 「2026-27 東京Z」,所属履歴の最初のシーズン2026-27の開始年,SUPPORTED,2026-09-30,
Batch 33 Wave 02,B33W2E0186,Career,C002041,organization_id,ORG000046,B33W2S0032,選手一覧 > 東京Z > 石橋 侑磨,2026-27シーズンの公式選手一覧で現所属を確認,SUPPORTED,2026-09-30,
Batch 33 Wave 02,B33W2E0187,Person,P000432,name,金本 一真,B33W2S0033,基本情報 > 選手名,B.LEAGUE公式プロフィールで氏名を確認,SUPPORTED,2026-09-30,
Batch 33 Wave 02,B33W2E0188,Person,P000432,birth_date,1999-08-10,B33W2S0033,基本情報 > 生年月日：1999年8月10日,B.LEAGUE公式プロフィールで生年月日を確認,SUPPORTED,2026-09-30,
Batch 33 Wave 02,B33W2E0189,Career,C002042,organization_id,ORG000316,B33W2S0033,基本情報 > 出身校（高）：光泉高等学校(現・光泉カトリック高等学校),B.LEAGUE公式プロフィールで出身校（高）を確認,SUPPORTED,2026-09-30,プロフィール上の表記は「光泉高等学校(現・光泉カトリック高等学校)」
Batch 33 Wave 02,B33W2E0190,Career,C002043,organization_id,ORG000207,B33W2S0033,基本情報 > 出身校（大）：法政大学,B.LEAGUE公式プロフィールで出身校（大）を確認,SUPPORTED,2026-09-30,
Batch 33 Wave 02,B33W2E0191,Career,C002044,organization_id,ORG000153,B33W2S0033,クラブ所属履歴 > 「2022-23 滋賀」,B.LEAGUE公式の所属履歴で在籍を確認（略称表記）,SUPPORTED,2026-09-30,
Batch 33 Wave 02,B33W2E0192,Career,C002044,organization_id,ORG000153,B33W2S0034,順位表 > クラブ「滋賀レイクス」（略称「滋賀」、club_detail TeamID=698）,公式順位表で略称とクラブ名・TeamIDの対応を確認,SUPPORTED,2026-09-30,
Batch 33 Wave 02,B33W2E0193,Career,C002044,start,2022,B33W2S0033,クラブ所属履歴 > 「2022-23 滋賀」,所属履歴の最初のシーズン2022-23の開始年,SUPPORTED,2026-09-30,
Batch 33 Wave 02,B33W2E0194,Career,C002044,end,2023,B33W2S0033,クラブ所属履歴 > 「2022-23 滋賀」,所属履歴の最後のシーズン2022-23の終了年,SUPPORTED,2026-09-30,
Batch 33 Wave 02,B33W2E0195,Career,C002045,organization_id,ORG000091,B33W2S0033,クラブ所属履歴 > 「2023-24 愛媛」,B.LEAGUE公式の所属履歴で在籍を確認（略称表記）,SUPPORTED,2026-09-30,
Batch 33 Wave 02,B33W2E0196,Career,C002045,organization_id,ORG000091,B33W2S0030,順位表 > クラブ「愛媛オレンジバイキングス」（略称「愛媛」、club_detail TeamID=723）,公式順位表で略称とクラブ名・TeamIDの対応を確認,SUPPORTED,2026-09-30,
Batch 33 Wave 02,B33W2E0197,Career,C002045,start,2023,B33W2S0033,クラブ所属履歴 > 「2023-24 愛媛」,所属履歴の最初のシーズン2023-24の開始年,SUPPORTED,2026-09-30,
Batch 33 Wave 02,B33W2E0198,Career,C002045,end,2024,B33W2S0033,クラブ所属履歴 > 「2023-24 愛媛」,所属履歴の最後のシーズン2023-24の終了年,SUPPORTED,2026-09-30,
Batch 33 Wave 02,B33W2E0199,Career,C002046,organization_id,ORG000046,B33W2S0033,クラブ所属履歴 > 「2026-27 東京Z」,B.LEAGUE公式の所属履歴で在籍を確認（略称表記）,SUPPORTED,2026-09-30,
Batch 33 Wave 02,B33W2E0200,Career,C002046,organization_id,ORG000046,B33W2S0003,順位表 > クラブ「アースフレンズ東京Z」（略称「東京Z」、club_detail TeamID=715）,公式順位表で略称とクラブ名・TeamIDの対応を確認,SUPPORTED,2026-09-30,
Batch 33 Wave 02,B33W2E0201,Career,C002046,start,2026,B33W2S0033,クラブ所属履歴 > 「2026-27 東京Z」,所属履歴の最初のシーズン2026-27の開始年,SUPPORTED,2026-09-30,
Batch 33 Wave 02,B33W2E0202,Career,C002046,organization_id,ORG000046,B33W2S0032,選手一覧 > 東京Z > 金本 一真,2026-27シーズンの公式選手一覧で現所属を確認,SUPPORTED,2026-09-30,
Batch 33 Wave 02,B33W2E0203,Person,P000433,name,喜志永 修斗,B33W2S0035,基本情報 > 選手名,B.LEAGUE公式プロフィールで氏名を確認,SUPPORTED,2026-09-30,
Batch 33 Wave 02,B33W2E0204,Person,P000433,birth_date,2000-08-11,B33W2S0035,基本情報 > 生年月日：2000年8月11日,B.LEAGUE公式プロフィールで生年月日を確認,SUPPORTED,2026-09-30,
Batch 33 Wave 02,B33W2E0205,Career,C002047,organization_id,ORG000167,B33W2S0035,基本情報 > 出身校（高）：山口県立豊浦高等学校,B.LEAGUE公式プロフィールで出身校（高）を確認,SUPPORTED,2026-09-30,
Batch 33 Wave 02,B33W2E0206,Career,C002048,organization_id,ORG000018,B33W2S0035,基本情報 > 出身校（大）：専修大学,B.LEAGUE公式プロフィールで出身校（大）を確認,SUPPORTED,2026-09-30,
Batch 33 Wave 02,B33W2E0207,Career,C002049,organization_id,ORG000149,B33W2S0035,クラブ所属履歴 > 「2022-23 富山」〜「2024-25 富山」,B.LEAGUE公式の所属履歴で在籍を確認（略称表記）,SUPPORTED,2026-09-30,
Batch 33 Wave 02,B33W2E0208,Career,C002049,organization_id,ORG000149,B33W2S0034,順位表 > クラブ「富山グラウジーズ」（略称「富山」、club_detail TeamID=696）,公式順位表で略称とクラブ名・TeamIDの対応を確認,SUPPORTED,2026-09-30,
Batch 33 Wave 02,B33W2E0209,Career,C002049,start,2022,B33W2S0035,クラブ所属履歴 > 「2022-23 富山」,所属履歴の最初のシーズン2022-23の開始年,SUPPORTED,2026-09-30,
Batch 33 Wave 02,B33W2E0210,Career,C002049,end,2025,B33W2S0035,クラブ所属履歴 > 「2024-25 富山」,所属履歴の最後のシーズン2024-25の終了年,SUPPORTED,2026-09-30,
Batch 33 Wave 02,B33W2E0211,Career,C002050,organization_id,ORG000046,B33W2S0035,クラブ所属履歴 > 「2026-27 東京Z」,B.LEAGUE公式の所属履歴で在籍を確認（略称表記）,SUPPORTED,2026-09-30,
Batch 33 Wave 02,B33W2E0212,Career,C002050,organization_id,ORG000046,B33W2S0003,順位表 > クラブ「アースフレンズ東京Z」（略称「東京Z」、club_detail TeamID=715）,公式順位表で略称とクラブ名・TeamIDの対応を確認,SUPPORTED,2026-09-30,
Batch 33 Wave 02,B33W2E0213,Career,C002050,start,2026,B33W2S0035,クラブ所属履歴 > 「2026-27 東京Z」,所属履歴の最初のシーズン2026-27の開始年,SUPPORTED,2026-09-30,
Batch 33 Wave 02,B33W2E0214,Career,C002050,organization_id,ORG000046,B33W2S0032,選手一覧 > 東京Z > 喜志永 修斗,2026-27シーズンの公式選手一覧で現所属を確認,SUPPORTED,2026-09-30,
Batch 33 Wave 02,B33W2E0215,Person,P000434,name,木下 大南帆,B33W2S0036,基本情報 > 選手名,B.LEAGUE公式プロフィールで氏名を確認,SUPPORTED,2026-09-30,
Batch 33 Wave 02,B33W2E0216,Person,P000434,birth_date,2002-09-01,B33W2S0036,基本情報 > 生年月日：2002年9月1日,B.LEAGUE公式プロフィールで生年月日を確認,SUPPORTED,2026-09-30,
Batch 33 Wave 02,B33W2E0217,Career,C002051,organization_id,ORG000393,B33W2S0036,基本情報 > 出身校（高）：中村学園三陽高等学校,B.LEAGUE公式プロフィールで出身校（高）を確認,SUPPORTED,2026-09-30,
Batch 33 Wave 02,B33W2E0218,Career,C002052,organization_id,ORG000019,B33W2S0036,基本情報 > 出身校（大）：日本経済大学,B.LEAGUE公式プロフィールで出身校（大）を確認,SUPPORTED,2026-09-30,
Batch 33 Wave 02,B33W2E0219,Career,C002053,organization_id,ORG000090,B33W2S0036,クラブ所属履歴 > 「2024-25 横浜EX」〜「2025-26 横浜EX」,B.LEAGUE公式の所属履歴で在籍を確認（略称表記）,SUPPORTED,2026-09-30,
Batch 33 Wave 02,B33W2E0220,Career,C002053,organization_id,ORG000090,B33W2S0002,順位表 > クラブ「横浜エクセレンス」（略称「横浜EX」、club_detail TeamID=714）,公式順位表で略称とクラブ名・TeamIDの対応を確認,SUPPORTED,2026-09-30,
Batch 33 Wave 02,B33W2E0221,Career,C002053,start,2024,B33W2S0036,クラブ所属履歴 > 「2024-25 横浜EX」,所属履歴の最初のシーズン2024-25の開始年,SUPPORTED,2026-09-30,
Batch 33 Wave 02,B33W2E0222,Career,C002053,end,2026,B33W2S0036,クラブ所属履歴 > 「2025-26 横浜EX」,所属履歴の最後のシーズン2025-26の終了年,SUPPORTED,2026-09-30,
Batch 33 Wave 02,B33W2E0223,Career,C002054,organization_id,ORG000046,B33W2S0036,クラブ所属履歴 > 「2026-27 東京Z」,B.LEAGUE公式の所属履歴で在籍を確認（略称表記）,SUPPORTED,2026-09-30,
Batch 33 Wave 02,B33W2E0224,Career,C002054,organization_id,ORG000046,B33W2S0003,順位表 > クラブ「アースフレンズ東京Z」（略称「東京Z」、club_detail TeamID=715）,公式順位表で略称とクラブ名・TeamIDの対応を確認,SUPPORTED,2026-09-30,
Batch 33 Wave 02,B33W2E0225,Career,C002054,start,2026,B33W2S0036,クラブ所属履歴 > 「2026-27 東京Z」,所属履歴の最初のシーズン2026-27の開始年,SUPPORTED,2026-09-30,
Batch 33 Wave 02,B33W2E0226,Career,C002054,organization_id,ORG000046,B33W2S0032,選手一覧 > 東京Z > 木下 大南帆,2026-27シーズンの公式選手一覧で現所属を確認,SUPPORTED,2026-09-30,
Batch 33 Wave 02,B33W2E0227,Person,P000435,name,ジュウ イーサン龍英,B33W2S0037,基本情報 > 選手名,B.LEAGUE公式プロフィールで氏名を確認,SUPPORTED,2026-09-30,
Batch 33 Wave 02,B33W2E0228,Person,P000435,birth_date,2003-01-02,B33W2S0037,基本情報 > 生年月日：2003年1月2日,B.LEAGUE公式プロフィールで生年月日を確認,SUPPORTED,2026-09-30,
Batch 33 Wave 02,B33W2E0229,Career,C002055,organization_id,ORG000394,B33W2S0037,基本情報 > 出身校（高）：セント・イグナティウス大学進学準備校,B.LEAGUE公式プロフィールで出身校（高）を確認,SUPPORTED,2026-09-30,
Batch 33 Wave 02,B33W2E0230,Career,C002056,organization_id,ORG000395,B33W2S0037,基本情報 > 出身校（大）：フットヒル・カレッジ,B.LEAGUE公式プロフィールで出身校（大）を確認,SUPPORTED,2026-09-30,
Batch 33 Wave 02,B33W2E0231,Career,C002057,organization_id,ORG000046,B33W2S0037,クラブ所属履歴 > 「2024-25 東京Z」〜「2026-27 東京Z」,B.LEAGUE公式の所属履歴で在籍を確認（略称表記）,SUPPORTED,2026-09-30,
Batch 33 Wave 02,B33W2E0232,Career,C002057,organization_id,ORG000046,B33W2S0002,順位表 > クラブ「アースフレンズ東京Z」（略称「東京Z」、club_detail TeamID=715）,公式順位表で略称とクラブ名・TeamIDの対応を確認,SUPPORTED,2026-09-30,
Batch 33 Wave 02,B33W2E0233,Career,C002057,start,2024,B33W2S0037,クラブ所属履歴 > 「2024-25 東京Z」,所属履歴の最初のシーズン2024-25の開始年,SUPPORTED,2026-09-30,
Batch 33 Wave 02,B33W2E0234,Career,C002057,organization_id,ORG000046,B33W2S0032,選手一覧 > 東京Z > ジュウ イーサン龍英,2026-27シーズンの公式選手一覧で現所属を確認,SUPPORTED,2026-09-30,
Batch 33 Wave 02,B33W2E0235,Person,P000436,name,田中 晴大,B33W2S0038,基本情報 > 選手名,B.LEAGUE公式プロフィールで氏名を確認,SUPPORTED,2026-09-30,
Batch 33 Wave 02,B33W2E0236,Person,P000436,birth_date,2006-03-08,B33W2S0038,基本情報 > 生年月日：2006年3月8日,B.LEAGUE公式プロフィールで生年月日を確認,SUPPORTED,2026-09-30,
Batch 33 Wave 02,B33W2E0237,Career,C002058,organization_id,ORG000396,B33W2S0038,基本情報 > 出身校（高）：クラーク記念国際高等学校,B.LEAGUE公式プロフィールで出身校（高）を確認,SUPPORTED,2026-09-30,
Batch 33 Wave 02,B33W2E0238,Career,C002059,organization_id,ORG000236,B33W2S0038,基本情報 > 出身校（大）：関東学院大学,B.LEAGUE公式プロフィールで出身校（大）を確認,SUPPORTED,2026-09-30,
Batch 33 Wave 02,B33W2E0239,Career,C002060,organization_id,ORG000046,B33W2S0038,クラブ所属履歴 > 「2024-25 東京Z」〜「2026-27 東京Z」,B.LEAGUE公式の所属履歴で在籍を確認（略称表記）,SUPPORTED,2026-09-30,
Batch 33 Wave 02,B33W2E0240,Career,C002060,organization_id,ORG000046,B33W2S0002,順位表 > クラブ「アースフレンズ東京Z」（略称「東京Z」、club_detail TeamID=715）,公式順位表で略称とクラブ名・TeamIDの対応を確認,SUPPORTED,2026-09-30,
Batch 33 Wave 02,B33W2E0241,Career,C002060,start,2024,B33W2S0038,クラブ所属履歴 > 「2024-25 東京Z」,所属履歴の最初のシーズン2024-25の開始年,SUPPORTED,2026-09-30,
Batch 33 Wave 02,B33W2E0242,Career,C002060,organization_id,ORG000046,B33W2S0032,選手一覧 > 東京Z > 田中 晴大,2026-27シーズンの公式選手一覧で現所属を確認,SUPPORTED,2026-09-30,
Batch 33 Wave 02,B33W2E0243,Person,P000437,name,福島 ハリス慈音ウチェ,B33W2S0039,基本情報 > 選手名,B.LEAGUE公式プロフィールで氏名を確認,SUPPORTED,2026-09-30,
Batch 33 Wave 02,B33W2E0244,Person,P000437,birth_date,2003-12-25,B33W2S0039,基本情報 > 生年月日：2003年12月25日,B.LEAGUE公式プロフィールで生年月日を確認,SUPPORTED,2026-09-30,
Batch 33 Wave 02,B33W2E0245,Career,C002061,organization_id,ORG000397,B33W2S0039,基本情報 > 出身校（高）：FSG開志学園,B.LEAGUE公式プロフィールで出身校（高）を確認,SUPPORTED,2026-09-30,
Batch 33 Wave 02,B33W2E0246,Career,C002062,organization_id,ORG000398,B33W2S0039,基本情報 > 出身校（大）：Marshalltown community college,B.LEAGUE公式プロフィールで出身校（大）を確認,SUPPORTED,2026-09-30,
Batch 33 Wave 02,B33W2E0247,Career,C002063,organization_id,ORG000150,B33W2S0039,クラブ所属履歴 > 「2025-26 信州」,B.LEAGUE公式の所属履歴で在籍を確認（略称表記）,SUPPORTED,2026-09-30,
Batch 33 Wave 02,B33W2E0248,Career,C002063,organization_id,ORG000150,B33W2S0040,順位表 > クラブ「信州ブレイブウォリアーズ」（略称「信州」、club_detail TeamID=716）,公式順位表で略称とクラブ名・TeamIDの対応を確認,SUPPORTED,2026-09-30,
Batch 33 Wave 02,B33W2E0249,Career,C002063,start,2025,B33W2S0039,クラブ所属履歴 > 「2025-26 信州」,所属履歴の最初のシーズン2025-26の開始年,SUPPORTED,2026-09-30,
Batch 33 Wave 02,B33W2E0250,Career,C002063,end,2026,B33W2S0039,クラブ所属履歴 > 「2025-26 信州」,所属履歴の最後のシーズン2025-26の終了年,SUPPORTED,2026-09-30,
Batch 33 Wave 02,B33W2E0251,Career,C002064,organization_id,ORG000046,B33W2S0039,クラブ所属履歴 > 「2026-27 東京Z」,B.LEAGUE公式の所属履歴で在籍を確認（略称表記）,SUPPORTED,2026-09-30,
Batch 33 Wave 02,B33W2E0252,Career,C002064,organization_id,ORG000046,B33W2S0003,順位表 > クラブ「アースフレンズ東京Z」（略称「東京Z」、club_detail TeamID=715）,公式順位表で略称とクラブ名・TeamIDの対応を確認,SUPPORTED,2026-09-30,
Batch 33 Wave 02,B33W2E0253,Career,C002064,start,2026,B33W2S0039,クラブ所属履歴 > 「2026-27 東京Z」,所属履歴の最初のシーズン2026-27の開始年,SUPPORTED,2026-09-30,
Batch 33 Wave 02,B33W2E0254,Career,C002064,organization_id,ORG000046,B33W2S0032,選手一覧 > 東京Z > 福島 ハリス慈音ウチェ,2026-27シーズンの公式選手一覧で現所属を確認,SUPPORTED,2026-09-30,
Batch 33 Wave 02,B33W2E0255,Person,P000438,name,吉田 健太郎,B33W2S0041,基本情報 > 選手名,B.LEAGUE公式プロフィールで氏名を確認,SUPPORTED,2026-09-30,
Batch 33 Wave 02,B33W2E0256,Person,P000438,birth_date,1995-09-27,B33W2S0041,基本情報 > 生年月日：1995年9月27日,B.LEAGUE公式プロフィールで生年月日を確認,SUPPORTED,2026-09-30,
Batch 33 Wave 02,B33W2E0257,Career,C002065,organization_id,ORG000399,B33W2S0041,基本情報 > 出身校（高）：岐阜県立岐阜農林高等学校,B.LEAGUE公式プロフィールで出身校（高）を確認,SUPPORTED,2026-09-30,
Batch 33 Wave 02,B33W2E0258,Career,C002066,organization_id,ORG000351,B33W2S0041,基本情報 > 出身校（大）：大阪教育大学,B.LEAGUE公式プロフィールで出身校（大）を確認,SUPPORTED,2026-09-30,
Batch 33 Wave 02,B33W2E0259,Career,C002067,organization_id,ORG000226,B33W2S0041,クラブ所属履歴 > 「2018-19 岐阜」〜「2020-21 岐阜」,B.LEAGUE公式の所属履歴で在籍を確認（略称表記）,SUPPORTED,2026-09-30,
Batch 33 Wave 02,B33W2E0260,Career,C002067,organization_id,ORG000226,B33W2S0018,順位表 > クラブ「岐阜スゥープス」（略称「岐阜」、club_detail TeamID=1363）,公式順位表で略称とクラブ名・TeamIDの対応を確認,SUPPORTED,2026-09-30,
Batch 33 Wave 02,B33W2E0261,Career,C002067,start,2018,B33W2S0041,クラブ所属履歴 > 「2018-19 岐阜」,所属履歴の最初のシーズン2018-19の開始年,SUPPORTED,2026-09-30,
Batch 33 Wave 02,B33W2E0262,Career,C002067,end,2021,B33W2S0041,クラブ所属履歴 > 「2020-21 岐阜」,所属履歴の最後のシーズン2020-21の終了年,SUPPORTED,2026-09-30,
Batch 33 Wave 02,B33W2E0263,Career,C002068,organization_id,ORG000227,B33W2S0041,クラブ所属履歴 > 「2021-22 静岡」〜「2023-24 静岡」,B.LEAGUE公式の所属履歴で在籍を確認（略称表記）,SUPPORTED,2026-09-30,
Batch 33 Wave 02,B33W2E0264,Career,C002068,organization_id,ORG000227,B33W2S0021,順位表 > クラブ「ベルテックス静岡」（略称「静岡」、club_detail TeamID=1637）,公式順位表で略称とクラブ名・TeamIDの対応を確認,SUPPORTED,2026-09-30,
Batch 33 Wave 02,B33W2E0265,Career,C002068,start,2021,B33W2S0041,クラブ所属履歴 > 「2021-22 静岡」,所属履歴の最初のシーズン2021-22の開始年,SUPPORTED,2026-09-30,
Batch 33 Wave 02,B33W2E0266,Career,C002068,end,2024,B33W2S0041,クラブ所属履歴 > 「2023-24 静岡」,所属履歴の最後のシーズン2023-24の終了年,SUPPORTED,2026-09-30,
Batch 33 Wave 02,B33W2E0267,Career,C002069,organization_id,ORG000183,B33W2S0041,クラブ所属履歴 > 「2024-25 埼玉」,B.LEAGUE公式の所属履歴で在籍を確認（略称表記）,SUPPORTED,2026-09-30,
Batch 33 Wave 02,B33W2E0268,Career,C002069,organization_id,ORG000183,B33W2S0002,順位表 > クラブ「さいたまブロンコス」（略称「埼玉」、club_detail TeamID=744）,公式順位表で略称とクラブ名・TeamIDの対応を確認,SUPPORTED,2026-09-30,
Batch 33 Wave 02,B33W2E0269,Career,C002069,start,2024,B33W2S0041,クラブ所属履歴 > 「2024-25 埼玉」,所属履歴の最初のシーズン2024-25の開始年,SUPPORTED,2026-09-30,
Batch 33 Wave 02,B33W2E0270,Career,C002069,end,2025,B33W2S0041,クラブ所属履歴 > 「2024-25 埼玉」,所属履歴の最後のシーズン2024-25の終了年,SUPPORTED,2026-09-30,
Batch 33 Wave 02,B33W2E0271,Career,C002070,organization_id,ORG000181,B33W2S0041,クラブ所属履歴 > 「2025-26 山形」,B.LEAGUE公式の所属履歴で在籍を確認（略称表記）,SUPPORTED,2026-09-30,
Batch 33 Wave 02,B33W2E0272,Career,C002070,organization_id,ORG000181,B33W2S0040,順位表 > クラブ「山形ワイヴァンズ」（略称「山形」、club_detail TeamID=710）,公式順位表で略称とクラブ名・TeamIDの対応を確認,SUPPORTED,2026-09-30,
Batch 33 Wave 02,B33W2E0273,Career,C002070,start,2025,B33W2S0041,クラブ所属履歴 > 「2025-26 山形」,所属履歴の最初のシーズン2025-26の開始年,SUPPORTED,2026-09-30,
Batch 33 Wave 02,B33W2E0274,Career,C002070,end,2026,B33W2S0041,クラブ所属履歴 > 「2025-26 山形」,所属履歴の最後のシーズン2025-26の終了年,SUPPORTED,2026-09-30,
Batch 33 Wave 02,B33W2E0275,Career,C002071,organization_id,ORG000046,B33W2S0041,クラブ所属履歴 > 「2026-27 東京Z」,B.LEAGUE公式の所属履歴で在籍を確認（略称表記）,SUPPORTED,2026-09-30,
Batch 33 Wave 02,B33W2E0276,Career,C002071,organization_id,ORG000046,B33W2S0003,順位表 > クラブ「アースフレンズ東京Z」（略称「東京Z」、club_detail TeamID=715）,公式順位表で略称とクラブ名・TeamIDの対応を確認,SUPPORTED,2026-09-30,
Batch 33 Wave 02,B33W2E0277,Career,C002071,start,2026,B33W2S0041,クラブ所属履歴 > 「2026-27 東京Z」,所属履歴の最初のシーズン2026-27の開始年,SUPPORTED,2026-09-30,
Batch 33 Wave 02,B33W2E0278,Career,C002071,organization_id,ORG000046,B33W2S0032,選手一覧 > 東京Z > 吉田 健太郎,2026-27シーズンの公式選手一覧で現所属を確認,SUPPORTED,2026-09-30,
Batch 33 Wave 02,B33W2E0279,Person,P000439,name,今西 優斗,B33W2S0042,基本情報 > 選手名,B.LEAGUE公式プロフィールで氏名を確認,SUPPORTED,2026-09-30,
Batch 33 Wave 02,B33W2E0280,Person,P000439,birth_date,2006-05-16,B33W2S0042,基本情報 > 生年月日：2006年5月16日,B.LEAGUE公式プロフィールで生年月日を確認,SUPPORTED,2026-09-30,
Batch 33 Wave 02,B33W2E0281,Career,C002072,organization_id,ORG000338,B33W2S0042,基本情報 > 出身校（高）：至学館高等学校,B.LEAGUE公式プロフィールで出身校（高）を確認,SUPPORTED,2026-09-30,
Batch 33 Wave 02,B33W2E0282,Career,C002073,organization_id,ORG000054,B33W2S0042,クラブ所属履歴 > 「2022-23 名古屋D」〜「2025-26 名古屋D」,B.LEAGUE公式の所属履歴で在籍を確認（略称表記）,SUPPORTED,2026-09-30,
Batch 33 Wave 02,B33W2E0283,Career,C002073,organization_id,ORG000054,B33W2S0034,順位表 > クラブ「名古屋ダイヤモンドドルフィンズ」（略称「名古屋D」、club_detail TeamID=729）,公式順位表で略称とクラブ名・TeamIDの対応を確認,SUPPORTED,2026-09-30,
Batch 33 Wave 02,B33W2E0284,Career,C002073,start,2022,B33W2S0042,クラブ所属履歴 > 「2022-23 名古屋D」,所属履歴の最初のシーズン2022-23の開始年,SUPPORTED,2026-09-30,
Batch 33 Wave 02,B33W2E0285,Career,C002073,end,2026,B33W2S0042,クラブ所属履歴 > 「2025-26 名古屋D」,所属履歴の最後のシーズン2025-26の終了年,SUPPORTED,2026-09-30,
Batch 33 Wave 02,B33W2E0286,Career,C002074,organization_id,ORG000115,B33W2S0042,クラブ所属履歴 > 「2026-27 立川」,B.LEAGUE公式の所属履歴で在籍を確認（略称表記）,SUPPORTED,2026-09-30,
Batch 33 Wave 02,B33W2E0287,Career,C002074,organization_id,ORG000115,B33W2S0003,順位表 > クラブ「立川ダイス」（略称「立川」、club_detail TeamID=2727）,公式順位表で略称とクラブ名・TeamIDの対応を確認,SUPPORTED,2026-09-30,
Batch 33 Wave 02,B33W2E0288,Career,C002074,start,2026,B33W2S0042,クラブ所属履歴 > 「2026-27 立川」,所属履歴の最初のシーズン2026-27の開始年,SUPPORTED,2026-09-30,
Batch 33 Wave 02,B33W2E0289,Career,C002074,organization_id,ORG000115,B33W2S0043,選手一覧 > 立川 > 今西 優斗,2026-27シーズンの公式選手一覧で現所属を確認,SUPPORTED,2026-09-30,
Batch 33 Wave 02,B33W2E0290,Person,P000440,name,上良 潤起,B33W2S0044,基本情報 > 選手名,B.LEAGUE公式プロフィールで氏名を確認,SUPPORTED,2026-09-30,
Batch 33 Wave 02,B33W2E0291,Person,P000440,birth_date,1997-08-26,B33W2S0044,基本情報 > 生年月日：1997年8月26日,B.LEAGUE公式プロフィールで生年月日を確認,SUPPORTED,2026-09-30,
Batch 33 Wave 02,B33W2E0292,Career,C002075,organization_id,ORG000379,B33W2S0044,基本情報 > 出身校（高）：沖縄県立小禄高等学校,B.LEAGUE公式プロフィールで出身校（高）を確認,SUPPORTED,2026-09-30,
Batch 33 Wave 02,B33W2E0293,Career,C002076,organization_id,ORG000400,B33W2S0044,基本情報 > 出身校（大）：九州産業大学,B.LEAGUE公式プロフィールで出身校（大）を確認,SUPPORTED,2026-09-30,
Batch 33 Wave 02,B33W2E0294,Career,C002077,organization_id,ORG000224,B33W2S0044,クラブ所属履歴 > 「2019-20 香川」〜「2023-24 香川」,B.LEAGUE公式の所属履歴で在籍を確認（略称表記）,SUPPORTED,2026-09-30,
Batch 33 Wave 02,B33W2E0295,Career,C002077,organization_id,ORG000224,B33W2S0045,順位表 > クラブ「香川ファイブアローズ」（略称「香川」、club_detail TeamID=722）,公式順位表で略称とクラブ名・TeamIDの対応を確認,SUPPORTED,2026-09-30,
Batch 33 Wave 02,B33W2E0296,Career,C002077,start,2019,B33W2S0044,クラブ所属履歴 > 「2019-20 香川」,所属履歴の最初のシーズン2019-20の開始年,SUPPORTED,2026-09-30,
Batch 33 Wave 02,B33W2E0297,Career,C002077,end,2024,B33W2S0044,クラブ所属履歴 > 「2023-24 香川」,所属履歴の最後のシーズン2023-24の終了年,SUPPORTED,2026-09-30,
Batch 33 Wave 02,B33W2E0298,Career,C002078,organization_id,ORG000101,B33W2S0044,クラブ所属履歴 > 「2024-25 鹿児島」,B.LEAGUE公式の所属履歴で在籍を確認（略称表記）,SUPPORTED,2026-09-30,
Batch 33 Wave 02,B33W2E0299,Career,C002078,organization_id,ORG000101,B33W2S0046,順位表 > クラブ「鹿児島レブナイズ」（略称「鹿児島」、club_detail TeamID=725）,公式順位表で略称とクラブ名・TeamIDの対応を確認,SUPPORTED,2026-09-30,
Batch 33 Wave 02,B33W2E0300,Career,C002078,start,2024,B33W2S0044,クラブ所属履歴 > 「2024-25 鹿児島」,所属履歴の最初のシーズン2024-25の開始年,SUPPORTED,2026-09-30,
Batch 33 Wave 02,B33W2E0301,Career,C002078,end,2025,B33W2S0044,クラブ所属履歴 > 「2024-25 鹿児島」,所属履歴の最後のシーズン2024-25の終了年,SUPPORTED,2026-09-30,
Batch 33 Wave 02,B33W2E0302,Career,C002079,organization_id,ORG000090,B33W2S0044,クラブ所属履歴 > 「2025-26 横浜EX」,B.LEAGUE公式の所属履歴で在籍を確認（略称表記）,SUPPORTED,2026-09-30,
Batch 33 Wave 02,B33W2E0303,Career,C002079,organization_id,ORG000090,B33W2S0040,順位表 > クラブ「横浜エクセレンス」（略称「横浜EX」、club_detail TeamID=714）,公式順位表で略称とクラブ名・TeamIDの対応を確認,SUPPORTED,2026-09-30,
Batch 33 Wave 02,B33W2E0304,Career,C002079,start,2025,B33W2S0044,クラブ所属履歴 > 「2025-26 横浜EX」,所属履歴の最初のシーズン2025-26の開始年,SUPPORTED,2026-09-30,
Batch 33 Wave 02,B33W2E0305,Career,C002079,end,2026,B33W2S0044,クラブ所属履歴 > 「2025-26 横浜EX」,所属履歴の最後のシーズン2025-26の終了年,SUPPORTED,2026-09-30,
Batch 33 Wave 02,B33W2E0306,Career,C002080,organization_id,ORG000115,B33W2S0044,クラブ所属履歴 > 「2026-27 立川」,B.LEAGUE公式の所属履歴で在籍を確認（略称表記）,SUPPORTED,2026-09-30,
Batch 33 Wave 02,B33W2E0307,Career,C002080,organization_id,ORG000115,B33W2S0003,順位表 > クラブ「立川ダイス」（略称「立川」、club_detail TeamID=2727）,公式順位表で略称とクラブ名・TeamIDの対応を確認,SUPPORTED,2026-09-30,
Batch 33 Wave 02,B33W2E0308,Career,C002080,start,2026,B33W2S0044,クラブ所属履歴 > 「2026-27 立川」,所属履歴の最初のシーズン2026-27の開始年,SUPPORTED,2026-09-30,
Batch 33 Wave 02,B33W2E0309,Career,C002080,organization_id,ORG000115,B33W2S0043,選手一覧 > 立川 > 上良 潤起,2026-27シーズンの公式選手一覧で現所属を確認,SUPPORTED,2026-09-30,
Batch 33 Wave 02,B33W2E0310,Person,P000441,name,奥田 雄伍,B33W2S0047,基本情報 > 選手名,B.LEAGUE公式プロフィールで氏名を確認,SUPPORTED,2026-09-30,
Batch 33 Wave 02,B33W2E0311,Person,P000441,birth_date,1999-02-18,B33W2S0047,基本情報 > 生年月日：1999年2月18日,B.LEAGUE公式プロフィールで生年月日を確認,SUPPORTED,2026-09-30,
Batch 33 Wave 02,B33W2E0312,Career,C002081,organization_id,ORG000401,B33W2S0047,基本情報 > 出身校（高）：如水館高等学校,B.LEAGUE公式プロフィールで出身校（高）を確認,SUPPORTED,2026-09-30,
Batch 33 Wave 02,B33W2E0313,Career,C002082,organization_id,ORG000328,B33W2S0047,基本情報 > 出身校（大）：九州共立大学,B.LEAGUE公式プロフィールで出身校（大）を確認,SUPPORTED,2026-09-30,
Batch 33 Wave 02,B33W2E0314,Career,C002083,organization_id,ORG000067,B33W2S0047,クラブ所属履歴 > 「2019-20 熊本」,B.LEAGUE公式の所属履歴で在籍を確認（略称表記）,SUPPORTED,2026-09-30,
Batch 33 Wave 02,B33W2E0315,Career,C002083,organization_id,ORG000067,B33W2S0045,順位表 > クラブ「熊本ヴォルターズ」（略称「熊本」、club_detail TeamID=724）,公式順位表で略称とクラブ名・TeamIDの対応を確認,SUPPORTED,2026-09-30,
Batch 33 Wave 02,B33W2E0316,Career,C002083,start,2019,B33W2S0047,クラブ所属履歴 > 「2019-20 熊本」,所属履歴の最初のシーズン2019-20の開始年,SUPPORTED,2026-09-30,
Batch 33 Wave 02,B33W2E0317,Career,C002083,end,2020,B33W2S0047,クラブ所属履歴 > 「2019-20 熊本」,所属履歴の最後のシーズン2019-20の終了年,SUPPORTED,2026-09-30,
Batch 33 Wave 02,B33W2E0318,Career,C002084,organization_id,ORG000205,B33W2S0047,クラブ所属履歴 > 「2021-22 金沢」〜「2022-23 金沢」,B.LEAGUE公式の所属履歴で在籍を確認（略称表記）,SUPPORTED,2026-09-30,
Batch 33 Wave 02,B33W2E0319,Career,C002084,organization_id,ORG000205,B33W2S0021,順位表 > クラブ「金沢武士団」（略称「金沢」、club_detail TeamID=750）,公式順位表で略称とクラブ名・TeamIDの対応を確認,SUPPORTED,2026-09-30,
Batch 33 Wave 02,B33W2E0320,Career,C002084,start,2021,B33W2S0047,クラブ所属履歴 > 「2021-22 金沢」,所属履歴の最初のシーズン2021-22の開始年,SUPPORTED,2026-09-30,
Batch 33 Wave 02,B33W2E0321,Career,C002084,end,2023,B33W2S0047,クラブ所属履歴 > 「2022-23 金沢」,所属履歴の最後のシーズン2022-23の終了年,SUPPORTED,2026-09-30,
Batch 33 Wave 02,B33W2E0322,Career,C002085,organization_id,ORG000091,B33W2S0047,クラブ所属履歴 > 「2023-24 愛媛」〜「2025-26 愛媛」,B.LEAGUE公式の所属履歴で在籍を確認（略称表記）,SUPPORTED,2026-09-30,
Batch 33 Wave 02,B33W2E0323,Career,C002085,organization_id,ORG000091,B33W2S0030,順位表 > クラブ「愛媛オレンジバイキングス」（略称「愛媛」、club_detail TeamID=723）,公式順位表で略称とクラブ名・TeamIDの対応を確認,SUPPORTED,2026-09-30,
Batch 33 Wave 02,B33W2E0324,Career,C002085,start,2023,B33W2S0047,クラブ所属履歴 > 「2023-24 愛媛」,所属履歴の最初のシーズン2023-24の開始年,SUPPORTED,2026-09-30,
Batch 33 Wave 02,B33W2E0325,Career,C002085,end,2026,B33W2S0047,クラブ所属履歴 > 「2025-26 愛媛」,所属履歴の最後のシーズン2025-26の終了年,SUPPORTED,2026-09-30,
Batch 33 Wave 02,B33W2E0326,Career,C002086,organization_id,ORG000115,B33W2S0047,クラブ所属履歴 > 「2026-27 立川」,B.LEAGUE公式の所属履歴で在籍を確認（略称表記）,SUPPORTED,2026-09-30,
Batch 33 Wave 02,B33W2E0327,Career,C002086,organization_id,ORG000115,B33W2S0003,順位表 > クラブ「立川ダイス」（略称「立川」、club_detail TeamID=2727）,公式順位表で略称とクラブ名・TeamIDの対応を確認,SUPPORTED,2026-09-30,
Batch 33 Wave 02,B33W2E0328,Career,C002086,start,2026,B33W2S0047,クラブ所属履歴 > 「2026-27 立川」,所属履歴の最初のシーズン2026-27の開始年,SUPPORTED,2026-09-30,
Batch 33 Wave 02,B33W2E0329,Career,C002086,organization_id,ORG000115,B33W2S0043,選手一覧 > 立川 > 奥田 雄伍,2026-27シーズンの公式選手一覧で現所属を確認,SUPPORTED,2026-09-30,
Batch 33 Wave 02,B33W2E0330,Person,P000442,name,小玉 大智,B33W2S0048,基本情報 > 選手名,B.LEAGUE公式プロフィールで氏名を確認,SUPPORTED,2026-09-30,
Batch 33 Wave 02,B33W2E0331,Person,P000442,birth_date,2000-06-17,B33W2S0048,基本情報 > 生年月日：2000年6月17日,B.LEAGUE公式プロフィールで生年月日を確認,SUPPORTED,2026-09-30,
Batch 33 Wave 02,B33W2E0332,Career,C002087,organization_id,ORG000254,B33W2S0048,基本情報 > 出身校（高）：実践学園高等学校,B.LEAGUE公式プロフィールで出身校（高）を確認,SUPPORTED,2026-09-30,
Batch 33 Wave 02,B33W2E0333,Career,C002088,organization_id,ORG000015,B33W2S0048,基本情報 > 出身校（大）：東海大学,B.LEAGUE公式プロフィールで出身校（大）を確認,SUPPORTED,2026-09-30,
Batch 33 Wave 02,B33W2E0334,Career,C002089,organization_id,ORG000150,B33W2S0048,クラブ所属履歴 > 「2023-24 信州」〜「2025-26 信州」,B.LEAGUE公式の所属履歴で在籍を確認（略称表記）,SUPPORTED,2026-09-30,
Batch 33 Wave 02,B33W2E0335,Career,C002089,organization_id,ORG000150,B33W2S0027,順位表 > クラブ「信州ブレイブウォリアーズ」（略称「信州」、club_detail TeamID=716）,公式順位表で略称とクラブ名・TeamIDの対応を確認,SUPPORTED,2026-09-30,
Batch 33 Wave 02,B33W2E0336,Career,C002089,start,2023,B33W2S0048,クラブ所属履歴 > 「2023-24 信州」,所属履歴の最初のシーズン2023-24の開始年,SUPPORTED,2026-09-30,
Batch 33 Wave 02,B33W2E0337,Career,C002089,end,2026,B33W2S0048,クラブ所属履歴 > 「2025-26 信州」,所属履歴の最後のシーズン2025-26の終了年,SUPPORTED,2026-09-30,
Batch 33 Wave 02,B33W2E0338,Career,C002090,organization_id,ORG000115,B33W2S0048,クラブ所属履歴 > 「2026-27 立川」,B.LEAGUE公式の所属履歴で在籍を確認（略称表記）,SUPPORTED,2026-09-30,
Batch 33 Wave 02,B33W2E0339,Career,C002090,organization_id,ORG000115,B33W2S0003,順位表 > クラブ「立川ダイス」（略称「立川」、club_detail TeamID=2727）,公式順位表で略称とクラブ名・TeamIDの対応を確認,SUPPORTED,2026-09-30,
Batch 33 Wave 02,B33W2E0340,Career,C002090,start,2026,B33W2S0048,クラブ所属履歴 > 「2026-27 立川」,所属履歴の最初のシーズン2026-27の開始年,SUPPORTED,2026-09-30,
Batch 33 Wave 02,B33W2E0341,Career,C002090,organization_id,ORG000115,B33W2S0043,選手一覧 > 立川 > 小玉 大智,2026-27シーズンの公式選手一覧で現所属を確認,SUPPORTED,2026-09-30,
Batch 33 Wave 02,B33W2E0342,Person,P000443,name,長尾 光輝,B33W2S0049,基本情報 > 選手名,B.LEAGUE公式プロフィールで氏名を確認,SUPPORTED,2026-09-30,
Batch 33 Wave 02,B33W2E0343,Person,P000443,birth_date,1999-04-28,B33W2S0049,基本情報 > 生年月日：1999年4月28日,B.LEAGUE公式プロフィールで生年月日を確認,SUPPORTED,2026-09-30,
Batch 33 Wave 02,B33W2E0344,Career,C002091,organization_id,ORG000243,B33W2S0049,基本情報 > 出身校（高）：東海大学付属第四高等学校(現・東海大学付属札幌高等学校),B.LEAGUE公式プロフィールで出身校（高）を確認,SUPPORTED,2026-09-30,プロフィール上の表記は「東海大学付属第四高等学校(現・東海大学付属札幌高等学校)」
Batch 33 Wave 02,B33W2E0345,Career,C002092,organization_id,ORG000015,B33W2S0049,基本情報 > 出身校（大）：東海大学,B.LEAGUE公式プロフィールで出身校（大）を確認,SUPPORTED,2026-09-30,
Batch 33 Wave 02,B33W2E0346,Career,C002093,organization_id,ORG000101,B33W2S0049,クラブ所属履歴 > 「2022-23 鹿児島」〜「2023-24 鹿児島」,B.LEAGUE公式の所属履歴で在籍を確認（略称表記）,SUPPORTED,2026-09-30,
Batch 33 Wave 02,B33W2E0347,Career,C002093,organization_id,ORG000101,B33W2S0008,順位表 > クラブ「鹿児島レブナイズ」（略称「鹿児島」、club_detail TeamID=725）,公式順位表で略称とクラブ名・TeamIDの対応を確認,SUPPORTED,2026-09-30,
Batch 33 Wave 02,B33W2E0348,Career,C002093,start,2022,B33W2S0049,クラブ所属履歴 > 「2022-23 鹿児島」,所属履歴の最初のシーズン2022-23の開始年,SUPPORTED,2026-09-30,
Batch 33 Wave 02,B33W2E0349,Career,C002093,end,2024,B33W2S0049,クラブ所属履歴 > 「2023-24 鹿児島」,所属履歴の最後のシーズン2023-24の終了年,SUPPORTED,2026-09-30,
Batch 33 Wave 02,B33W2E0350,Career,C002094,organization_id,ORG000223,B33W2S0049,クラブ所属履歴 > 「2024-25 東京U」,B.LEAGUE公式の所属履歴で在籍を確認（略称表記）,SUPPORTED,2026-09-30,
Batch 33 Wave 02,B33W2E0351,Career,C002094,organization_id,ORG000223,B33W2S0002,順位表 > クラブ「東京ユナイテッドバスケットボールクラブ」（略称「東京U」、club_detail TeamID=2725）,公式順位表で略称とクラブ名・TeamIDの対応を確認,SUPPORTED,2026-09-30,
Batch 33 Wave 02,B33W2E0352,Career,C002094,start,2024,B33W2S0049,クラブ所属履歴 > 「2024-25 東京U」,所属履歴の最初のシーズン2024-25の開始年,SUPPORTED,2026-09-30,
Batch 33 Wave 02,B33W2E0353,Career,C002094,end,2025,B33W2S0049,クラブ所属履歴 > 「2024-25 東京U」,所属履歴の最後のシーズン2024-25の終了年,SUPPORTED,2026-09-30,
Batch 33 Wave 02,B33W2E0354,Career,C002095,organization_id,ORG000052,B33W2S0049,クラブ所属履歴 > 「2025-26 新潟」,B.LEAGUE公式の所属履歴で在籍を確認（略称表記）,SUPPORTED,2026-09-30,
Batch 33 Wave 02,B33W2E0355,Career,C002095,organization_id,ORG000052,B33W2S0014,順位表 > クラブ「新潟アルビレックスBB」（略称「新潟」、club_detail TeamID=695）,公式順位表で略称とクラブ名・TeamIDの対応を確認,SUPPORTED,2026-09-30,
Batch 33 Wave 02,B33W2E0356,Career,C002095,start,2025,B33W2S0049,クラブ所属履歴 > 「2025-26 新潟」,所属履歴の最初のシーズン2025-26の開始年,SUPPORTED,2026-09-30,
Batch 33 Wave 02,B33W2E0357,Career,C002095,end,2026,B33W2S0049,クラブ所属履歴 > 「2025-26 新潟」,所属履歴の最後のシーズン2025-26の終了年,SUPPORTED,2026-09-30,
Batch 33 Wave 02,B33W2E0358,Career,C002096,organization_id,ORG000115,B33W2S0049,クラブ所属履歴 > 「2026-27 立川」,B.LEAGUE公式の所属履歴で在籍を確認（略称表記）,SUPPORTED,2026-09-30,
Batch 33 Wave 02,B33W2E0359,Career,C002096,organization_id,ORG000115,B33W2S0003,順位表 > クラブ「立川ダイス」（略称「立川」、club_detail TeamID=2727）,公式順位表で略称とクラブ名・TeamIDの対応を確認,SUPPORTED,2026-09-30,
Batch 33 Wave 02,B33W2E0360,Career,C002096,start,2026,B33W2S0049,クラブ所属履歴 > 「2026-27 立川」,所属履歴の最初のシーズン2026-27の開始年,SUPPORTED,2026-09-30,
Batch 33 Wave 02,B33W2E0361,Career,C002096,organization_id,ORG000115,B33W2S0043,選手一覧 > 立川 > 長尾 光輝,2026-27シーズンの公式選手一覧で現所属を確認,SUPPORTED,2026-09-30,
Batch 33 Wave 02,B33W2E0362,Person,P000444,name,野口 侑真,B33W2S0050,基本情報 > 選手名,B.LEAGUE公式プロフィールで氏名を確認,SUPPORTED,2026-09-30,
Batch 33 Wave 02,B33W2E0363,Person,P000444,birth_date,2001-09-18,B33W2S0050,基本情報 > 生年月日：2001年9月18日,B.LEAGUE公式プロフィールで生年月日を確認,SUPPORTED,2026-09-30,
Batch 33 Wave 02,B33W2E0364,Career,C002097,organization_id,ORG000402,B33W2S0050,基本情報 > 出身校（高）：鹿児島県立川内高等学校,B.LEAGUE公式プロフィールで出身校（高）を確認,SUPPORTED,2026-09-30,
Batch 33 Wave 02,B33W2E0365,Career,C002098,organization_id,ORG000121,B33W2S0050,基本情報 > 出身校（大）：日本大学,B.LEAGUE公式プロフィールで出身校（大）を確認,SUPPORTED,2026-09-30,
Batch 33 Wave 02,B33W2E0366,Career,C002099,organization_id,ORG000067,B33W2S0050,クラブ所属履歴 > 「2023-24 熊本」〜「2024-25 熊本」,B.LEAGUE公式の所属履歴で在籍を確認（略称表記）,SUPPORTED,2026-09-30,
Batch 33 Wave 02,B33W2E0367,Career,C002099,organization_id,ORG000067,B33W2S0030,順位表 > クラブ「熊本ヴォルターズ」（略称「熊本」、club_detail TeamID=724）,公式順位表で略称とクラブ名・TeamIDの対応を確認,SUPPORTED,2026-09-30,
Batch 33 Wave 02,B33W2E0368,Career,C002099,start,2023,B33W2S0050,クラブ所属履歴 > 「2023-24 熊本」,所属履歴の最初のシーズン2023-24の開始年,SUPPORTED,2026-09-30,
Batch 33 Wave 02,B33W2E0369,Career,C002099,end,2025,B33W2S0050,クラブ所属履歴 > 「2024-25 熊本」,所属履歴の最後のシーズン2024-25の終了年,SUPPORTED,2026-09-30,
Batch 33 Wave 02,B33W2E0370,Career,C002100,organization_id,ORG000115,B33W2S0050,クラブ所属履歴 > 「2026-27 立川」,B.LEAGUE公式の所属履歴で在籍を確認（略称表記）,SUPPORTED,2026-09-30,
Batch 33 Wave 02,B33W2E0371,Career,C002100,organization_id,ORG000115,B33W2S0003,順位表 > クラブ「立川ダイス」（略称「立川」、club_detail TeamID=2727）,公式順位表で略称とクラブ名・TeamIDの対応を確認,SUPPORTED,2026-09-30,
Batch 33 Wave 02,B33W2E0372,Career,C002100,start,2026,B33W2S0050,クラブ所属履歴 > 「2026-27 立川」,所属履歴の最初のシーズン2026-27の開始年,SUPPORTED,2026-09-30,
Batch 33 Wave 02,B33W2E0373,Career,C002100,organization_id,ORG000115,B33W2S0043,選手一覧 > 立川 > 野口 侑真,2026-27シーズンの公式選手一覧で現所属を確認,SUPPORTED,2026-09-30,
Batch 33 Wave 02,B33W2E0374,Person,P000445,name,蒔苗 勇人,B33W2S0051,基本情報 > 選手名,B.LEAGUE公式プロフィールで氏名を確認,SUPPORTED,2026-09-30,
Batch 33 Wave 02,B33W2E0375,Person,P000445,birth_date,2001-09-24,B33W2S0051,基本情報 > 生年月日：2001年9月24日,B.LEAGUE公式プロフィールで生年月日を確認,SUPPORTED,2026-09-30,
Batch 33 Wave 02,B33W2E0376,Career,C002101,organization_id,ORG000147,B33W2S0051,基本情報 > 出身校（高）：明成高等学校,B.LEAGUE公式プロフィールで出身校（高）を確認,SUPPORTED,2026-09-30,
Batch 33 Wave 02,B33W2E0377,Career,C002102,organization_id,ORG000016,B33W2S0051,基本情報 > 出身校（大）：中央大学,B.LEAGUE公式プロフィールで出身校（大）を確認,SUPPORTED,2026-09-30,
Batch 33 Wave 02,B33W2E0378,Career,C002103,organization_id,ORG000173,B33W2S0051,クラブ所属履歴 > 「2023-24 岩手」,B.LEAGUE公式の所属履歴で在籍を確認（略称表記）,SUPPORTED,2026-09-30,
Batch 33 Wave 02,B33W2E0379,Career,C002103,organization_id,ORG000173,B33W2S0030,順位表 > クラブ「岩手ビッグブルズ」（略称「岩手」、club_detail TeamID=709）,公式順位表で略称とクラブ名・TeamIDの対応を確認,SUPPORTED,2026-09-30,
Batch 33 Wave 02,B33W2E0380,Career,C002103,start,2023,B33W2S0051,クラブ所属履歴 > 「2023-24 岩手」,所属履歴の最初のシーズン2023-24の開始年,SUPPORTED,2026-09-30,
Batch 33 Wave 02,B33W2E0381,Career,C002103,end,2024,B33W2S0051,クラブ所属履歴 > 「2023-24 岩手」,所属履歴の最後のシーズン2023-24の終了年,SUPPORTED,2026-09-30,
Batch 33 Wave 02,B33W2E0382,Career,C002104,organization_id,ORG000115,B33W2S0051,クラブ所属履歴 > 「2026-27 立川」,B.LEAGUE公式の所属履歴で在籍を確認（略称表記）,SUPPORTED,2026-09-30,
Batch 33 Wave 02,B33W2E0383,Career,C002104,organization_id,ORG000115,B33W2S0003,順位表 > クラブ「立川ダイス」（略称「立川」、club_detail TeamID=2727）,公式順位表で略称とクラブ名・TeamIDの対応を確認,SUPPORTED,2026-09-30,
Batch 33 Wave 02,B33W2E0384,Career,C002104,start,2026,B33W2S0051,クラブ所属履歴 > 「2026-27 立川」,所属履歴の最初のシーズン2026-27の開始年,SUPPORTED,2026-09-30,
Batch 33 Wave 02,B33W2E0385,Career,C002104,organization_id,ORG000115,B33W2S0043,選手一覧 > 立川 > 蒔苗 勇人,2026-27シーズンの公式選手一覧で現所属を確認,SUPPORTED,2026-09-30,
Batch 33 Wave 02,B33W2E0386,Person,P000446,name,町井 丈太,B33W2S0052,基本情報 > 選手名,B.LEAGUE公式プロフィールで氏名を確認,SUPPORTED,2026-09-30,
Batch 33 Wave 02,B33W2E0387,Person,P000446,birth_date,1999-07-18,B33W2S0052,基本情報 > 生年月日：1999年7月18日,B.LEAGUE公式プロフィールで生年月日を確認,SUPPORTED,2026-09-30,
Batch 33 Wave 02,B33W2E0388,Career,C002105,organization_id,ORG000254,B33W2S0052,基本情報 > 出身校（高）：実践学園高等学校,B.LEAGUE公式プロフィールで出身校（高）を確認,SUPPORTED,2026-09-30,
Batch 33 Wave 02,B33W2E0389,Career,C002106,organization_id,ORG000016,B33W2S0052,基本情報 > 出身校（大）：中央大学,B.LEAGUE公式プロフィールで出身校（大）を確認,SUPPORTED,2026-09-30,
Batch 33 Wave 02,B33W2E0390,Career,C002107,organization_id,ORG000115,B33W2S0052,クラブ所属履歴 > 「2022-23 立川」〜「2026-27 立川」,B.LEAGUE公式の所属履歴で在籍を確認（略称表記）,SUPPORTED,2026-09-30,
Batch 33 Wave 02,B33W2E0391,Career,C002107,organization_id,ORG000115,B33W2S0008,順位表 > クラブ「立川ダイス」（略称「立川」、club_detail TeamID=2727）,公式順位表で略称とクラブ名・TeamIDの対応を確認,SUPPORTED,2026-09-30,
Batch 33 Wave 02,B33W2E0392,Career,C002107,start,2022,B33W2S0052,クラブ所属履歴 > 「2022-23 立川」,所属履歴の最初のシーズン2022-23の開始年,SUPPORTED,2026-09-30,
Batch 33 Wave 02,B33W2E0393,Career,C002107,organization_id,ORG000115,B33W2S0043,選手一覧 > 立川 > 町井 丈太,2026-27シーズンの公式選手一覧で現所属を確認,SUPPORTED,2026-09-30,
Batch 33 Wave 02,B33W2E0394,Person,P000447,name,エドワード・モリス,B33W2S0053,基本情報 > 選手名,B.LEAGUE公式プロフィールで氏名を確認,SUPPORTED,2026-09-30,
Batch 33 Wave 02,B33W2E0395,Person,P000447,birth_date,1984-05-04,B33W2S0053,基本情報 > 生年月日：1984年5月4日,B.LEAGUE公式プロフィールで生年月日を確認,SUPPORTED,2026-09-30,
Batch 33 Wave 02,B33W2E0396,Career,C002108,organization_id,ORG000111,B33W2S0053,クラブ所属履歴 > 「2016-17 八王子」〜「2017-18 八王子」,B.LEAGUE公式の所属履歴で在籍を確認（略称表記）,SUPPORTED,2026-09-30,
Batch 33 Wave 02,B33W2E0397,Career,C002108,organization_id,ORG000111,B33W2S0054,順位表 > クラブ「東京八王子トレインズ」（略称「八王子」、club_detail TeamID=749）,公式順位表で略称とクラブ名・TeamIDの対応を確認,SUPPORTED,2026-09-30,
Batch 33 Wave 02,B33W2E0398,Career,C002108,start,2016,B33W2S0053,クラブ所属履歴 > 「2016-17 八王子」,所属履歴の最初のシーズン2016-17の開始年,SUPPORTED,2026-09-30,
Batch 33 Wave 02,B33W2E0399,Career,C002108,end,2018,B33W2S0053,クラブ所属履歴 > 「2017-18 八王子」,所属履歴の最後のシーズン2017-18の終了年,SUPPORTED,2026-09-30,
Batch 33 Wave 02,B33W2E0400,Career,C002109,organization_id,ORG000055,B33W2S0053,クラブ所属履歴 > 「2018-19 横浜」〜「2023-24 横浜BC」,B.LEAGUE公式の所属履歴で在籍を確認（略称表記）,SUPPORTED,2026-09-30,
Batch 33 Wave 02,B33W2E0401,Career,C002109,organization_id,ORG000055,B33W2S0055,順位表 > クラブ「横浜ビー・コルセアーズ」（略称「横浜」、club_detail TeamID=694）,公式順位表で略称とクラブ名・TeamIDの対応を確認,SUPPORTED,2026-09-30,
Batch 33 Wave 02,B33W2E0402,Career,C002109,start,2018,B33W2S0053,クラブ所属履歴 > 「2018-19 横浜」,所属履歴の最初のシーズン2018-19の開始年,SUPPORTED,2026-09-30,
Batch 33 Wave 02,B33W2E0403,Career,C002109,end,2024,B33W2S0053,クラブ所属履歴 > 「2023-24 横浜BC」,所属履歴の最後のシーズン2023-24の終了年,SUPPORTED,2026-09-30,
Batch 33 Wave 02,B33W2E0404,Career,C002110,organization_id,ORG000155,B33W2S0053,クラブ所属履歴 > 「2023-24 島根」,B.LEAGUE公式の所属履歴で在籍を確認（略称表記）,SUPPORTED,2026-09-30,
Batch 33 Wave 02,B33W2E0405,Career,C002110,organization_id,ORG000155,B33W2S0027,順位表 > クラブ「島根スサノオマジック」（略称「島根」、club_detail TeamID=720）,公式順位表で略称とクラブ名・TeamIDの対応を確認,SUPPORTED,2026-09-30,
Batch 33 Wave 02,B33W2E0406,Career,C002110,start,2023,B33W2S0053,クラブ所属履歴 > 「2023-24 島根」,所属履歴の最初のシーズン2023-24の開始年,SUPPORTED,2026-09-30,
Batch 33 Wave 02,B33W2E0407,Career,C002110,end,2024,B33W2S0053,クラブ所属履歴 > 「2023-24 島根」,所属履歴の最後のシーズン2023-24の終了年,SUPPORTED,2026-09-30,
Batch 33 Wave 02,B33W2E0408,Career,C002111,organization_id,ORG000047,B33W2S0053,クラブ所属履歴 > 「2023-24 宇都宮」,B.LEAGUE公式の所属履歴で在籍を確認（略称表記）,SUPPORTED,2026-09-30,
Batch 33 Wave 02,B33W2E0409,Career,C002111,organization_id,ORG000047,B33W2S0027,順位表 > クラブ「宇都宮ブレックス」（略称「宇都宮」、club_detail TeamID=703）,公式順位表で略称とクラブ名・TeamIDの対応を確認,SUPPORTED,2026-09-30,
Batch 33 Wave 02,B33W2E0410,Career,C002111,start,2023,B33W2S0053,クラブ所属履歴 > 「2023-24 宇都宮」,所属履歴の最初のシーズン2023-24の開始年,SUPPORTED,2026-09-30,
Batch 33 Wave 02,B33W2E0411,Career,C002111,end,2024,B33W2S0053,クラブ所属履歴 > 「2023-24 宇都宮」,所属履歴の最後のシーズン2023-24の終了年,SUPPORTED,2026-09-30,
Batch 33 Wave 02,B33W2E0412,Career,C002112,organization_id,ORG000042,B33W2S0053,クラブ所属履歴 > 「2024-25 京都」,B.LEAGUE公式の所属履歴で在籍を確認（略称表記）,SUPPORTED,2026-09-30,
Batch 33 Wave 02,B33W2E0413,Career,C002112,organization_id,ORG000042,B33W2S0031,順位表 > クラブ「京都ハンナリーズ」（略称「京都」、club_detail TeamID=699）,公式順位表で略称とクラブ名・TeamIDの対応を確認,SUPPORTED,2026-09-30,
Batch 33 Wave 02,B33W2E0414,Career,C002112,start,2024,B33W2S0053,クラブ所属履歴 > 「2024-25 京都」,所属履歴の最初のシーズン2024-25の開始年,SUPPORTED,2026-09-30,
Batch 33 Wave 02,B33W2E0415,Career,C002112,end,2025,B33W2S0053,クラブ所属履歴 > 「2024-25 京都」,所属履歴の最後のシーズン2024-25の終了年,SUPPORTED,2026-09-30,
Batch 33 Wave 02,B33W2E0416,Career,C002113,organization_id,ORG000115,B33W2S0053,クラブ所属履歴 > 「2025-26 立川」〜「2026-27 立川」,B.LEAGUE公式の所属履歴で在籍を確認（略称表記）,SUPPORTED,2026-09-30,
Batch 33 Wave 02,B33W2E0417,Career,C002113,organization_id,ORG000115,B33W2S0014,順位表 > クラブ「立川ダイス」（略称「立川」、club_detail TeamID=2727）,公式順位表で略称とクラブ名・TeamIDの対応を確認,SUPPORTED,2026-09-30,
Batch 33 Wave 02,B33W2E0418,Career,C002113,start,2025,B33W2S0053,クラブ所属履歴 > 「2025-26 立川」,所属履歴の最初のシーズン2025-26の開始年,SUPPORTED,2026-09-30,
Batch 33 Wave 02,B33W2E0419,Career,C002113,organization_id,ORG000115,B33W2S0043,選手一覧 > 立川 > エドワード・モリス,2026-27シーズンの公式選手一覧で現所属を確認,SUPPORTED,2026-09-30,
Batch 33 Wave 02,B33W2E0420,Person,P000448,name,大金 広弥,B33W2S0056,基本情報 > 選手名,B.LEAGUE公式プロフィールで氏名を確認,SUPPORTED,2026-09-30,
Batch 33 Wave 02,B33W2E0421,Person,P000448,birth_date,1989-12-21,B33W2S0056,基本情報 > 生年月日：1989年12月21日,B.LEAGUE公式プロフィールで生年月日を確認,SUPPORTED,2026-09-30,
Batch 33 Wave 02,B33W2E0422,Career,C002114,organization_id,ORG000403,B33W2S0056,基本情報 > 出身校（高）：茨城県立水戸商業高等学校,B.LEAGUE公式プロフィールで出身校（高）を確認,SUPPORTED,2026-09-30,
Batch 33 Wave 02,B33W2E0423,Career,C002115,organization_id,ORG000404,B33W2S0056,基本情報 > 出身校（大）：国際武道大学,B.LEAGUE公式プロフィールで出身校（大）を確認,SUPPORTED,2026-09-30,
Batch 33 Wave 02,B33W2E0424,Career,C002116,organization_id,ORG000111,B33W2S0056,クラブ所属履歴 > 「2016-17 八王子」〜「2026-27 八王子」,B.LEAGUE公式の所属履歴で在籍を確認（略称表記）,SUPPORTED,2026-09-30,
Batch 33 Wave 02,B33W2E0425,Career,C002116,organization_id,ORG000111,B33W2S0054,順位表 > クラブ「東京八王子トレインズ」（略称「八王子」、club_detail TeamID=749）,公式順位表で略称とクラブ名・TeamIDの対応を確認,SUPPORTED,2026-09-30,
Batch 33 Wave 02,B33W2E0426,Career,C002116,start,2016,B33W2S0056,クラブ所属履歴 > 「2016-17 八王子」,所属履歴の最初のシーズン2016-17の開始年,SUPPORTED,2026-09-30,
Batch 33 Wave 02,B33W2E0427,Career,C002116,organization_id,ORG000111,B33W2S0057,選手一覧 > 八王子 > 大金 広弥,2026-27シーズンの公式選手一覧で現所属を確認,SUPPORTED,2026-09-30,
Batch 33 Wave 02,B33W2E0428,Person,P000449,name,神里 和,B33W2S0058,基本情報 > 選手名,B.LEAGUE公式プロフィールで氏名を確認,SUPPORTED,2026-09-30,
Batch 33 Wave 02,B33W2E0429,Person,P000449,birth_date,1995-05-02,B33W2S0058,基本情報 > 生年月日：1995年5月2日,B.LEAGUE公式プロフィールで生年月日を確認,SUPPORTED,2026-09-30,
Batch 33 Wave 02,B33W2E0430,Career,C002117,organization_id,ORG000379,B33W2S0058,基本情報 > 出身校（高）：沖縄県立小禄高等学校,B.LEAGUE公式プロフィールで出身校（高）を確認,SUPPORTED,2026-09-30,
Batch 33 Wave 02,B33W2E0431,Career,C002118,organization_id,ORG000208,B33W2S0058,基本情報 > 出身校（大）：白鴎大学,B.LEAGUE公式プロフィールで出身校（大）を確認,SUPPORTED,2026-09-30,
Batch 33 Wave 02,B33W2E0432,Career,C002119,organization_id,ORG000046,B33W2S0058,クラブ所属履歴 > 「2017-18 東京Z」,B.LEAGUE公式の所属履歴で在籍を確認（略称表記）,SUPPORTED,2026-09-30,
Batch 33 Wave 02,B33W2E0433,Career,C002119,organization_id,ORG000046,B33W2S0023,順位表 > クラブ「アースフレンズ東京Z」（略称「東京Z」、club_detail TeamID=715）,公式順位表で略称とクラブ名・TeamIDの対応を確認,SUPPORTED,2026-09-30,
Batch 33 Wave 02,B33W2E0434,Career,C002119,start,2017,B33W2S0058,クラブ所属履歴 > 「2017-18 東京Z」,所属履歴の最初のシーズン2017-18の開始年,SUPPORTED,2026-09-30,
Batch 33 Wave 02,B33W2E0435,Career,C002119,end,2018,B33W2S0058,クラブ所属履歴 > 「2017-18 東京Z」,所属履歴の最後のシーズン2017-18の終了年,SUPPORTED,2026-09-30,
Batch 33 Wave 02,B33W2E0436,Career,C002120,organization_id,ORG000155,B33W2S0058,クラブ所属履歴 > 「2019-20 島根」〜「2020-21 島根」,B.LEAGUE公式の所属履歴で在籍を確認（略称表記）,SUPPORTED,2026-09-30,
Batch 33 Wave 02,B33W2E0437,Career,C002120,organization_id,ORG000155,B33W2S0059,順位表 > クラブ「島根スサノオマジック」（略称「島根」、club_detail TeamID=720）,公式順位表で略称とクラブ名・TeamIDの対応を確認,SUPPORTED,2026-09-30,
Batch 33 Wave 02,B33W2E0438,Career,C002120,start,2019,B33W2S0058,クラブ所属履歴 > 「2019-20 島根」,所属履歴の最初のシーズン2019-20の開始年,SUPPORTED,2026-09-30,
Batch 33 Wave 02,B33W2E0439,Career,C002120,end,2021,B33W2S0058,クラブ所属履歴 > 「2020-21 島根」,所属履歴の最後のシーズン2020-21の終了年,SUPPORTED,2026-09-30,
Batch 33 Wave 02,B33W2E0440,Career,C002121,organization_id,ORG000132,B33W2S0058,クラブ所属履歴 > 「2021-22 仙台」,B.LEAGUE公式の所属履歴で在籍を確認（略称表記）,SUPPORTED,2026-09-30,
Batch 33 Wave 02,B33W2E0441,Career,C002121,organization_id,ORG000132,B33W2S0012,順位表 > クラブ「仙台89ERS」（略称「仙台」、club_detail TeamID=692）,公式順位表で略称とクラブ名・TeamIDの対応を確認,SUPPORTED,2026-09-30,
Batch 33 Wave 02,B33W2E0442,Career,C002121,start,2021,B33W2S0058,クラブ所属履歴 > 「2021-22 仙台」,所属履歴の最初のシーズン2021-22の開始年,SUPPORTED,2026-09-30,
Batch 33 Wave 02,B33W2E0443,Career,C002121,end,2022,B33W2S0058,クラブ所属履歴 > 「2021-22 仙台」,所属履歴の最後のシーズン2021-22の終了年,SUPPORTED,2026-09-30,
Batch 33 Wave 02,B33W2E0444,Career,C002122,organization_id,ORG000067,B33W2S0058,クラブ所属履歴 > 「2022-23 熊本」〜「2023-24 熊本」,B.LEAGUE公式の所属履歴で在籍を確認（略称表記）,SUPPORTED,2026-09-30,
Batch 33 Wave 02,B33W2E0445,Career,C002122,organization_id,ORG000067,B33W2S0060,順位表 > クラブ「熊本ヴォルターズ」（略称「熊本」、club_detail TeamID=724）,公式順位表で略称とクラブ名・TeamIDの対応を確認,SUPPORTED,2026-09-30,
Batch 33 Wave 02,B33W2E0446,Career,C002122,start,2022,B33W2S0058,クラブ所属履歴 > 「2022-23 熊本」,所属履歴の最初のシーズン2022-23の開始年,SUPPORTED,2026-09-30,
Batch 33 Wave 02,B33W2E0447,Career,C002122,end,2024,B33W2S0058,クラブ所属履歴 > 「2023-24 熊本」,所属履歴の最後のシーズン2023-24の終了年,SUPPORTED,2026-09-30,
Batch 33 Wave 02,B33W2E0448,Career,C002123,organization_id,ORG000182,B33W2S0058,クラブ所属履歴 > 「2024-25 青森」〜「2025-26 青森」,B.LEAGUE公式の所属履歴で在籍を確認（略称表記）,SUPPORTED,2026-09-30,
Batch 33 Wave 02,B33W2E0449,Career,C002123,organization_id,ORG000182,B33W2S0046,順位表 > クラブ「青森ワッツ」（略称「青森」、club_detail TeamID=708）,公式順位表で略称とクラブ名・TeamIDの対応を確認,SUPPORTED,2026-09-30,
Batch 33 Wave 02,B33W2E0450,Career,C002123,start,2024,B33W2S0058,クラブ所属履歴 > 「2024-25 青森」,所属履歴の最初のシーズン2024-25の開始年,SUPPORTED,2026-09-30,
Batch 33 Wave 02,B33W2E0451,Career,C002123,end,2026,B33W2S0058,クラブ所属履歴 > 「2025-26 青森」,所属履歴の最後のシーズン2025-26の終了年,SUPPORTED,2026-09-30,
Batch 33 Wave 02,B33W2E0452,Career,C002124,organization_id,ORG000111,B33W2S0058,クラブ所属履歴 > 「2026-27 八王子」,B.LEAGUE公式の所属履歴で在籍を確認（略称表記）,SUPPORTED,2026-09-30,
Batch 33 Wave 02,B33W2E0453,Career,C002124,organization_id,ORG000111,B33W2S0003,順位表 > クラブ「東京八王子ビートレインズ」（略称「八王子」、club_detail TeamID=749）,公式順位表で略称とクラブ名・TeamIDの対応を確認,SUPPORTED,2026-09-30,
Batch 33 Wave 02,B33W2E0454,Career,C002124,start,2026,B33W2S0058,クラブ所属履歴 > 「2026-27 八王子」,所属履歴の最初のシーズン2026-27の開始年,SUPPORTED,2026-09-30,
Batch 33 Wave 02,B33W2E0455,Career,C002124,organization_id,ORG000111,B33W2S0057,選手一覧 > 八王子 > 神里 和,2026-27シーズンの公式選手一覧で現所属を確認,SUPPORTED,2026-09-30,
Batch 33 Wave 02,B33W2E0456,Person,P000450,name,工藤 貴哉,B33W2S0061,基本情報 > 選手名,B.LEAGUE公式プロフィールで氏名を確認,SUPPORTED,2026-09-30,
Batch 33 Wave 02,B33W2E0457,Person,P000450,birth_date,2000-06-16,B33W2S0061,基本情報 > 生年月日：2000年6月16日,B.LEAGUE公式プロフィールで生年月日を確認,SUPPORTED,2026-09-30,
Batch 33 Wave 02,B33W2E0458,Career,C002125,organization_id,ORG000405,B33W2S0061,基本情報 > 出身校（高）：八千代松陰高等学校,B.LEAGUE公式プロフィールで出身校（高）を確認,SUPPORTED,2026-09-30,
Batch 33 Wave 02,B33W2E0459,Career,C002126,organization_id,ORG000210,B33W2S0061,基本情報 > 出身校（大）：神奈川大学,B.LEAGUE公式プロフィールで出身校（大）を確認,SUPPORTED,2026-09-30,
Batch 33 Wave 02,B33W2E0460,Career,C002127,organization_id,ORG000224,B33W2S0061,クラブ所属履歴 > 「2022-23 香川」,B.LEAGUE公式の所属履歴で在籍を確認（略称表記）,SUPPORTED,2026-09-30,
Batch 33 Wave 02,B33W2E0461,Career,C002127,organization_id,ORG000224,B33W2S0060,順位表 > クラブ「香川ファイブアローズ」（略称「香川」、club_detail TeamID=722）,公式順位表で略称とクラブ名・TeamIDの対応を確認,SUPPORTED,2026-09-30,
Batch 33 Wave 02,B33W2E0462,Career,C002127,start,2022,B33W2S0061,クラブ所属履歴 > 「2022-23 香川」,所属履歴の最初のシーズン2022-23の開始年,SUPPORTED,2026-09-30,
Batch 33 Wave 02,B33W2E0463,Career,C002127,end,2023,B33W2S0061,クラブ所属履歴 > 「2022-23 香川」,所属履歴の最後のシーズン2022-23の終了年,SUPPORTED,2026-09-30,
Batch 33 Wave 02,B33W2E0464,Career,C002128,organization_id,ORG000181,B33W2S0061,クラブ所属履歴 > 「2023-24 山形」〜「2024-25 山形」,B.LEAGUE公式の所属履歴で在籍を確認（略称表記）,SUPPORTED,2026-09-30,
Batch 33 Wave 02,B33W2E0465,Career,C002128,organization_id,ORG000181,B33W2S0030,順位表 > クラブ「山形ワイヴァンズ」（略称「山形」、club_detail TeamID=710）,公式順位表で略称とクラブ名・TeamIDの対応を確認,SUPPORTED,2026-09-30,
Batch 33 Wave 02,B33W2E0466,Career,C002128,start,2023,B33W2S0061,クラブ所属履歴 > 「2023-24 山形」,所属履歴の最初のシーズン2023-24の開始年,SUPPORTED,2026-09-30,
Batch 33 Wave 02,B33W2E0467,Career,C002128,end,2025,B33W2S0061,クラブ所属履歴 > 「2024-25 山形」,所属履歴の最後のシーズン2024-25の終了年,SUPPORTED,2026-09-30,
Batch 33 Wave 02,B33W2E0468,Career,C002129,organization_id,ORG000111,B33W2S0061,クラブ所属履歴 > 「2026-27 八王子」,B.LEAGUE公式の所属履歴で在籍を確認（略称表記）,SUPPORTED,2026-09-30,
Batch 33 Wave 02,B33W2E0469,Career,C002129,organization_id,ORG000111,B33W2S0003,順位表 > クラブ「東京八王子ビートレインズ」（略称「八王子」、club_detail TeamID=749）,公式順位表で略称とクラブ名・TeamIDの対応を確認,SUPPORTED,2026-09-30,
Batch 33 Wave 02,B33W2E0470,Career,C002129,start,2026,B33W2S0061,クラブ所属履歴 > 「2026-27 八王子」,所属履歴の最初のシーズン2026-27の開始年,SUPPORTED,2026-09-30,
Batch 33 Wave 02,B33W2E0471,Career,C002129,organization_id,ORG000111,B33W2S0057,選手一覧 > 八王子 > 工藤 貴哉,2026-27シーズンの公式選手一覧で現所属を確認,SUPPORTED,2026-09-30,
Batch 33 Wave 02,B33W2E0472,Person,P000451,name,平 凌輝,B33W2S0062,基本情報 > 選手名,B.LEAGUE公式プロフィールで氏名を確認,SUPPORTED,2026-09-30,
Batch 33 Wave 02,B33W2E0473,Person,P000451,birth_date,2002-12-22,B33W2S0062,基本情報 > 生年月日：2002年12月22日,B.LEAGUE公式プロフィールで生年月日を確認,SUPPORTED,2026-09-30,
Batch 33 Wave 02,B33W2E0474,Career,C002130,organization_id,ORG000406,B33W2S0062,基本情報 > 出身校（高）：新田高等学校,B.LEAGUE公式プロフィールで出身校（高）を確認,SUPPORTED,2026-09-30,
Batch 33 Wave 02,B33W2E0475,Career,C002131,organization_id,ORG000250,B33W2S0062,基本情報 > 出身校（大）：鹿屋体育大学,B.LEAGUE公式プロフィールで出身校（大）を確認,SUPPORTED,2026-09-30,
Batch 33 Wave 02,B33W2E0476,Career,C002132,organization_id,ORG000091,B33W2S0062,クラブ所属履歴 > 「2024-25 愛媛」〜「2025-26 愛媛」,B.LEAGUE公式の所属履歴で在籍を確認（略称表記）,SUPPORTED,2026-09-30,
Batch 33 Wave 02,B33W2E0477,Career,C002132,organization_id,ORG000091,B33W2S0046,順位表 > クラブ「愛媛オレンジバイキングス」（略称「愛媛」、club_detail TeamID=723）,公式順位表で略称とクラブ名・TeamIDの対応を確認,SUPPORTED,2026-09-30,
Batch 33 Wave 02,B33W2E0478,Career,C002132,start,2024,B33W2S0062,クラブ所属履歴 > 「2024-25 愛媛」,所属履歴の最初のシーズン2024-25の開始年,SUPPORTED,2026-09-30,
Batch 33 Wave 02,B33W2E0479,Career,C002132,end,2026,B33W2S0062,クラブ所属履歴 > 「2025-26 愛媛」,所属履歴の最後のシーズン2025-26の終了年,SUPPORTED,2026-09-30,
Batch 33 Wave 02,B33W2E0480,Career,C002133,organization_id,ORG000111,B33W2S0062,クラブ所属履歴 > 「2026-27 八王子」,B.LEAGUE公式の所属履歴で在籍を確認（略称表記）,SUPPORTED,2026-09-30,
Batch 33 Wave 02,B33W2E0481,Career,C002133,organization_id,ORG000111,B33W2S0003,順位表 > クラブ「東京八王子ビートレインズ」（略称「八王子」、club_detail TeamID=749）,公式順位表で略称とクラブ名・TeamIDの対応を確認,SUPPORTED,2026-09-30,
Batch 33 Wave 02,B33W2E0482,Career,C002133,start,2026,B33W2S0062,クラブ所属履歴 > 「2026-27 八王子」,所属履歴の最初のシーズン2026-27の開始年,SUPPORTED,2026-09-30,
Batch 33 Wave 02,B33W2E0483,Career,C002133,organization_id,ORG000111,B33W2S0057,選手一覧 > 八王子 > 平 凌輝,2026-27シーズンの公式選手一覧で現所属を確認,SUPPORTED,2026-09-30,
Batch 33 Wave 02,B33W2E0484,Person,P000452,name,宮本 龍世,B33W2S0063,基本情報 > 選手名,B.LEAGUE公式プロフィールで氏名を確認,SUPPORTED,2026-09-30,
Batch 33 Wave 02,B33W2E0485,Person,P000452,birth_date,2003-05-15,B33W2S0063,基本情報 > 生年月日：2003年5月15日,B.LEAGUE公式プロフィールで生年月日を確認,SUPPORTED,2026-09-30,
Batch 33 Wave 02,B33W2E0486,Career,C002134,organization_id,ORG000111,B33W2S0063,クラブ所属履歴 > 「2026-27 八王子」,B.LEAGUE公式の所属履歴で在籍を確認（略称表記）,SUPPORTED,2026-09-30,
Batch 33 Wave 02,B33W2E0487,Career,C002134,organization_id,ORG000111,B33W2S0003,順位表 > クラブ「東京八王子ビートレインズ」（略称「八王子」、club_detail TeamID=749）,公式順位表で略称とクラブ名・TeamIDの対応を確認,SUPPORTED,2026-09-30,
Batch 33 Wave 02,B33W2E0488,Career,C002134,start,2026,B33W2S0063,クラブ所属履歴 > 「2026-27 八王子」,所属履歴の最初のシーズン2026-27の開始年,SUPPORTED,2026-09-30,
Batch 33 Wave 02,B33W2E0489,Career,C002134,organization_id,ORG000111,B33W2S0057,選手一覧 > 八王子 > 宮本 龍世,2026-27シーズンの公式選手一覧で現所属を確認,SUPPORTED,2026-09-30,
Batch 33 Wave 02,B33W2E0490,Person,P000453,name,山本 楓己,B33W2S0064,基本情報 > 選手名,B.LEAGUE公式プロフィールで氏名を確認,SUPPORTED,2026-09-30,
Batch 33 Wave 02,B33W2E0491,Person,P000453,birth_date,1998-08-09,B33W2S0064,基本情報 > 生年月日：1998年8月9日,B.LEAGUE公式プロフィールで生年月日を確認,SUPPORTED,2026-09-30,
Batch 33 Wave 02,B33W2E0492,Career,C002135,organization_id,ORG000407,B33W2S0064,基本情報 > 出身校（高）：安城学園高等学校,B.LEAGUE公式プロフィールで出身校（高）を確認,SUPPORTED,2026-09-30,
Batch 33 Wave 02,B33W2E0493,Career,C002136,organization_id,ORG000214,B33W2S0064,基本情報 > 出身校（大）：名古屋学院大学,B.LEAGUE公式プロフィールで出身校（大）を確認,SUPPORTED,2026-09-30,
Batch 33 Wave 02,B33W2E0494,Career,C002137,organization_id,ORG000150,B33W2S0064,クラブ所属履歴 > 「2023-24 信州」,B.LEAGUE公式の所属履歴で在籍を確認（略称表記）,SUPPORTED,2026-09-30,
Batch 33 Wave 02,B33W2E0495,Career,C002137,organization_id,ORG000150,B33W2S0027,順位表 > クラブ「信州ブレイブウォリアーズ」（略称「信州」、club_detail TeamID=716）,公式順位表で略称とクラブ名・TeamIDの対応を確認,SUPPORTED,2026-09-30,
Batch 33 Wave 02,B33W2E0496,Career,C002137,start,2023,B33W2S0064,クラブ所属履歴 > 「2023-24 信州」,所属履歴の最初のシーズン2023-24の開始年,SUPPORTED,2026-09-30,
Batch 33 Wave 02,B33W2E0497,Career,C002137,end,2024,B33W2S0064,クラブ所属履歴 > 「2023-24 信州」,所属履歴の最後のシーズン2023-24の終了年,SUPPORTED,2026-09-30,
Batch 33 Wave 02,B33W2E0498,Career,C002138,organization_id,ORG000043,B33W2S0064,クラブ所属履歴 > 「2024-25 神戸」,B.LEAGUE公式の所属履歴で在籍を確認（略称表記）,SUPPORTED,2026-09-30,
Batch 33 Wave 02,B33W2E0499,Career,C002138,organization_id,ORG000043,B33W2S0046,順位表 > クラブ「神戸ストークス」（略称「神戸」、club_detail TeamID=718）,公式順位表で略称とクラブ名・TeamIDの対応を確認,SUPPORTED,2026-09-30,
Batch 33 Wave 02,B33W2E0500,Career,C002138,start,2024,B33W2S0064,クラブ所属履歴 > 「2024-25 神戸」,所属履歴の最初のシーズン2024-25の開始年,SUPPORTED,2026-09-30,
Batch 33 Wave 02,B33W2E0501,Career,C002138,end,2025,B33W2S0064,クラブ所属履歴 > 「2024-25 神戸」,所属履歴の最後のシーズン2024-25の終了年,SUPPORTED,2026-09-30,
Batch 33 Wave 02,B33W2E0502,Career,C002139,organization_id,ORG000111,B33W2S0064,クラブ所属履歴 > 「2026-27 八王子」,B.LEAGUE公式の所属履歴で在籍を確認（略称表記）,SUPPORTED,2026-09-30,
Batch 33 Wave 02,B33W2E0503,Career,C002139,organization_id,ORG000111,B33W2S0003,順位表 > クラブ「東京八王子ビートレインズ」（略称「八王子」、club_detail TeamID=749）,公式順位表で略称とクラブ名・TeamIDの対応を確認,SUPPORTED,2026-09-30,
Batch 33 Wave 02,B33W2E0504,Career,C002139,start,2026,B33W2S0064,クラブ所属履歴 > 「2026-27 八王子」,所属履歴の最初のシーズン2026-27の開始年,SUPPORTED,2026-09-30,
Batch 33 Wave 02,B33W2E0505,Career,C002139,organization_id,ORG000111,B33W2S0057,選手一覧 > 八王子 > 山本 楓己,2026-27シーズンの公式選手一覧で現所属を確認,SUPPORTED,2026-09-30,
Batch 33 Wave 02,B33W2E0506,Person,P000454,name,クーリバリ セリンムルタラ,B33W2S0065,基本情報 > 選手名,B.LEAGUE公式プロフィールで氏名を確認,SUPPORTED,2026-09-30,
Batch 33 Wave 02,B33W2E0507,Person,P000454,birth_date,2007-03-04,B33W2S0065,基本情報 > 生年月日：2007年3月4日,B.LEAGUE公式プロフィールで生年月日を確認,SUPPORTED,2026-09-30,
Batch 33 Wave 02,B33W2E0508,Career,C002140,organization_id,ORG000090,B33W2S0065,クラブ所属履歴 > 「2025-26 横浜EX」〜「2026-27 横浜EX」,B.LEAGUE公式の所属履歴で在籍を確認（略称表記）,SUPPORTED,2026-09-30,
Batch 33 Wave 02,B33W2E0509,Career,C002140,organization_id,ORG000090,B33W2S0040,順位表 > クラブ「横浜エクセレンス」（略称「横浜EX」、club_detail TeamID=714）,公式順位表で略称とクラブ名・TeamIDの対応を確認,SUPPORTED,2026-09-30,
Batch 33 Wave 02,B33W2E0510,Career,C002140,start,2025,B33W2S0065,クラブ所属履歴 > 「2025-26 横浜EX」,所属履歴の最初のシーズン2025-26の開始年,SUPPORTED,2026-09-30,
Batch 33 Wave 02,B33W2E0511,Career,C002140,organization_id,ORG000090,B33W2S0066,選手一覧 > 横浜EX > クーリバリ セリンムルタラ,2026-27シーズンの公式選手一覧で現所属を確認,SUPPORTED,2026-09-30,
Batch 33 Wave 02,B33W2E0512,Person,P000455,name,シェイク・ケイタ,B33W2S0067,基本情報 > 選手名,B.LEAGUE公式プロフィールで氏名を確認,SUPPORTED,2026-09-30,
Batch 33 Wave 02,B33W2E0513,Person,P000455,birth_date,1999-12-12,B33W2S0067,基本情報 > 生年月日：1999年12月12日,B.LEAGUE公式プロフィールで生年月日を確認,SUPPORTED,2026-09-30,
Batch 33 Wave 02,B33W2E0514,Career,C002141,organization_id,ORG000408,B33W2S0067,基本情報 > 出身校（高）：日本体育大学柏高等学校,B.LEAGUE公式プロフィールで出身校（高）を確認,SUPPORTED,2026-09-30,
Batch 33 Wave 02,B33W2E0515,Career,C002142,organization_id,ORG000018,B33W2S0067,基本情報 > 出身校（大）：専修大学,B.LEAGUE公式プロフィールで出身校（大）を確認,SUPPORTED,2026-09-30,
Batch 33 Wave 02,B33W2E0516,Career,C002143,organization_id,ORG000224,B33W2S0067,クラブ所属履歴 > 「2024-25 香川」,B.LEAGUE公式の所属履歴で在籍を確認（略称表記）,SUPPORTED,2026-09-30,
Batch 33 Wave 02,B33W2E0517,Career,C002143,organization_id,ORG000224,B33W2S0002,順位表 > クラブ「香川ファイブアローズ」（略称「香川」、club_detail TeamID=722）,公式順位表で略称とクラブ名・TeamIDの対応を確認,SUPPORTED,2026-09-30,
Batch 33 Wave 02,B33W2E0518,Career,C002143,start,2024,B33W2S0067,クラブ所属履歴 > 「2024-25 香川」,所属履歴の最初のシーズン2024-25の開始年,SUPPORTED,2026-09-30,
Batch 33 Wave 02,B33W2E0519,Career,C002143,end,2025,B33W2S0067,クラブ所属履歴 > 「2024-25 香川」,所属履歴の最後のシーズン2024-25の終了年,SUPPORTED,2026-09-30,
Batch 33 Wave 02,B33W2E0520,Career,C002144,organization_id,ORG000090,B33W2S0067,クラブ所属履歴 > 「2025-26 横浜EX」〜「2026-27 横浜EX」,B.LEAGUE公式の所属履歴で在籍を確認（略称表記）,SUPPORTED,2026-09-30,
Batch 33 Wave 02,B33W2E0521,Career,C002144,organization_id,ORG000090,B33W2S0040,順位表 > クラブ「横浜エクセレンス」（略称「横浜EX」、club_detail TeamID=714）,公式順位表で略称とクラブ名・TeamIDの対応を確認,SUPPORTED,2026-09-30,
Batch 33 Wave 02,B33W2E0522,Career,C002144,start,2025,B33W2S0067,クラブ所属履歴 > 「2025-26 横浜EX」,所属履歴の最初のシーズン2025-26の開始年,SUPPORTED,2026-09-30,
Batch 33 Wave 02,B33W2E0523,Career,C002144,organization_id,ORG000090,B33W2S0066,選手一覧 > 横浜EX > シェイク・ケイタ,2026-27シーズンの公式選手一覧で現所属を確認,SUPPORTED,2026-09-30,
Batch 33 Wave 02,B33W2E0524,Person,P000456,name,古賀 森人,B33W2S0068,基本情報 > 選手名,B.LEAGUE公式プロフィールで氏名を確認,SUPPORTED,2026-09-30,
Batch 33 Wave 02,B33W2E0525,Person,P000456,birth_date,1998-06-24,B33W2S0068,基本情報 > 生年月日：1998年6月24日,B.LEAGUE公式プロフィールで生年月日を確認,SUPPORTED,2026-09-30,
Batch 33 Wave 02,B33W2E0526,Career,C002145,organization_id,ORG000409,B33W2S0068,基本情報 > 出身校（高）：横浜高等学校,B.LEAGUE公式プロフィールで出身校（高）を確認,SUPPORTED,2026-09-30,
Batch 33 Wave 02,B33W2E0527,Career,C002146,organization_id,ORG000247,B33W2S0068,基本情報 > 出身校（大）：東洋大学,B.LEAGUE公式プロフィールで出身校（大）を確認,SUPPORTED,2026-09-30,
Batch 33 Wave 02,B33W2E0528,Career,C002147,organization_id,ORG000226,B33W2S0068,クラブ所属履歴 > 「2021-22 岐阜」〜「2022-23 岐阜」,B.LEAGUE公式の所属履歴で在籍を確認（略称表記）,SUPPORTED,2026-09-30,
Batch 33 Wave 02,B33W2E0529,Career,C002147,organization_id,ORG000226,B33W2S0021,順位表 > クラブ「岐阜スゥープス」（略称「岐阜」、club_detail TeamID=1363）,公式順位表で略称とクラブ名・TeamIDの対応を確認,SUPPORTED,2026-09-30,
Batch 33 Wave 02,B33W2E0530,Career,C002147,start,2021,B33W2S0068,クラブ所属履歴 > 「2021-22 岐阜」,所属履歴の最初のシーズン2021-22の開始年,SUPPORTED,2026-09-30,
Batch 33 Wave 02,B33W2E0531,Career,C002147,end,2023,B33W2S0068,クラブ所属履歴 > 「2022-23 岐阜」,所属履歴の最後のシーズン2022-23の終了年,SUPPORTED,2026-09-30,
Batch 33 Wave 02,B33W2E0532,Career,C002148,organization_id,ORG000226,B33W2S0068,クラブ所属履歴 > 「2024-25 岐阜」〜「2025-26 岐阜」,B.LEAGUE公式の所属履歴で在籍を確認（略称表記）,SUPPORTED,2026-09-30,
Batch 33 Wave 02,B33W2E0533,Career,C002148,organization_id,ORG000226,B33W2S0002,順位表 > クラブ「岐阜スゥープス」（略称「岐阜」、club_detail TeamID=1363）,公式順位表で略称とクラブ名・TeamIDの対応を確認,SUPPORTED,2026-09-30,
Batch 33 Wave 02,B33W2E0534,Career,C002148,start,2024,B33W2S0068,クラブ所属履歴 > 「2024-25 岐阜」,所属履歴の最初のシーズン2024-25の開始年,SUPPORTED,2026-09-30,
Batch 33 Wave 02,B33W2E0535,Career,C002148,end,2026,B33W2S0068,クラブ所属履歴 > 「2025-26 岐阜」,所属履歴の最後のシーズン2025-26の終了年,SUPPORTED,2026-09-30,
Batch 33 Wave 02,B33W2E0536,Career,C002149,organization_id,ORG000090,B33W2S0068,クラブ所属履歴 > 「2026-27 横浜EX」,B.LEAGUE公式の所属履歴で在籍を確認（略称表記）,SUPPORTED,2026-09-30,
Batch 33 Wave 02,B33W2E0537,Career,C002149,organization_id,ORG000090,B33W2S0003,順位表 > クラブ「横浜エクセレンス」（略称「横浜EX」、club_detail TeamID=714）,公式順位表で略称とクラブ名・TeamIDの対応を確認,SUPPORTED,2026-09-30,
Batch 33 Wave 02,B33W2E0538,Career,C002149,start,2026,B33W2S0068,クラブ所属履歴 > 「2026-27 横浜EX」,所属履歴の最初のシーズン2026-27の開始年,SUPPORTED,2026-09-30,
Batch 33 Wave 02,B33W2E0539,Career,C002149,organization_id,ORG000090,B33W2S0066,選手一覧 > 横浜EX > 古賀 森人,2026-27シーズンの公式選手一覧で現所属を確認,SUPPORTED,2026-09-30,
Batch 33 Wave 02,B33W2E0540,Person,P000457,name,杉山 裕介,B33W2S0069,基本情報 > 選手名,B.LEAGUE公式プロフィールで氏名を確認,SUPPORTED,2026-09-30,
Batch 33 Wave 02,B33W2E0541,Person,P000457,birth_date,2000-10-11,B33W2S0069,基本情報 > 生年月日：2000年10月11日,B.LEAGUE公式プロフィールで生年月日を確認,SUPPORTED,2026-09-30,
Batch 33 Wave 02,B33W2E0542,Career,C002150,organization_id,ORG000170,B33W2S0069,基本情報 > 出身校（高）：飛龍高等学校,B.LEAGUE公式プロフィールで出身校（高）を確認,SUPPORTED,2026-09-30,
Batch 33 Wave 02,B33W2E0543,Career,C002151,organization_id,ORG000208,B33W2S0069,基本情報 > 出身校（大）：白鴎大学,B.LEAGUE公式プロフィールで出身校（大）を確認,SUPPORTED,2026-09-30,
Batch 33 Wave 02,B33W2E0544,Career,C002152,organization_id,ORG000043,B33W2S0069,クラブ所属履歴 > 「2022-23 神戸」〜「2023-24 神戸」,B.LEAGUE公式の所属履歴で在籍を確認（略称表記）,SUPPORTED,2026-09-30,
Batch 33 Wave 02,B33W2E0545,Career,C002152,organization_id,ORG000043,B33W2S0060,順位表 > クラブ「西宮ストークス」（略称「西宮」、club_detail TeamID=718）,公式順位表で略称とクラブ名・TeamIDの対応を確認,SUPPORTED,2026-09-30,
Batch 33 Wave 02,B33W2E0546,Career,C002152,start,2022,B33W2S0069,クラブ所属履歴 > 「2022-23 神戸」,所属履歴の最初のシーズン2022-23の開始年,SUPPORTED,2026-09-30,
Batch 33 Wave 02,B33W2E0547,Career,C002152,end,2024,B33W2S0069,クラブ所属履歴 > 「2023-24 神戸」,所属履歴の最後のシーズン2023-24の終了年,SUPPORTED,2026-09-30,
Batch 33 Wave 02,B33W2E0548,Career,C002153,organization_id,ORG000090,B33W2S0069,クラブ所属履歴 > 「2025-26 横浜EX」〜「2026-27 横浜EX」,B.LEAGUE公式の所属履歴で在籍を確認（略称表記）,SUPPORTED,2026-09-30,
Batch 33 Wave 02,B33W2E0549,Career,C002153,organization_id,ORG000090,B33W2S0040,順位表 > クラブ「横浜エクセレンス」（略称「横浜EX」、club_detail TeamID=714）,公式順位表で略称とクラブ名・TeamIDの対応を確認,SUPPORTED,2026-09-30,
Batch 33 Wave 02,B33W2E0550,Career,C002153,start,2025,B33W2S0069,クラブ所属履歴 > 「2025-26 横浜EX」,所属履歴の最初のシーズン2025-26の開始年,SUPPORTED,2026-09-30,
Batch 33 Wave 02,B33W2E0551,Career,C002153,organization_id,ORG000090,B33W2S0066,選手一覧 > 横浜EX > 杉山 裕介,2026-27シーズンの公式選手一覧で現所属を確認,SUPPORTED,2026-09-30,
Batch 33 Wave 02,B33W2E0552,Person,P000458,name,長谷川 比源,B33W2S0070,基本情報 > 選手名,B.LEAGUE公式プロフィールで氏名を確認,SUPPORTED,2026-09-30,
Batch 33 Wave 02,B33W2E0553,Person,P000458,birth_date,2005-05-10,B33W2S0070,基本情報 > 生年月日：2005年5月10日,B.LEAGUE公式プロフィールで生年月日を確認,SUPPORTED,2026-09-30,
Batch 33 Wave 02,B33W2E0554,Career,C002154,organization_id,ORG000258,B33W2S0070,基本情報 > 出身校（高）：横浜清風高等学校,B.LEAGUE公式プロフィールで出身校（高）を確認,SUPPORTED,2026-09-30,
Batch 33 Wave 02,B33W2E0555,Career,C002155,organization_id,ORG000210,B33W2S0070,基本情報 > 出身校（大）：神奈川大学,B.LEAGUE公式プロフィールで出身校（大）を確認,SUPPORTED,2026-09-30,
Batch 33 Wave 02,B33W2E0556,Career,C002156,organization_id,ORG000153,B33W2S0070,クラブ所属履歴 > 「2024-25 滋賀」〜「2025-26 滋賀」,B.LEAGUE公式の所属履歴で在籍を確認（略称表記）,SUPPORTED,2026-09-30,
Batch 33 Wave 02,B33W2E0557,Career,C002156,organization_id,ORG000153,B33W2S0031,順位表 > クラブ「滋賀レイクス」（略称「滋賀」、club_detail TeamID=698）,公式順位表で略称とクラブ名・TeamIDの対応を確認,SUPPORTED,2026-09-30,
Batch 33 Wave 02,B33W2E0558,Career,C002156,start,2024,B33W2S0070,クラブ所属履歴 > 「2024-25 滋賀」,所属履歴の最初のシーズン2024-25の開始年,SUPPORTED,2026-09-30,
Batch 33 Wave 02,B33W2E0559,Career,C002156,end,2026,B33W2S0070,クラブ所属履歴 > 「2025-26 滋賀」,所属履歴の最後のシーズン2025-26の終了年,SUPPORTED,2026-09-30,
Batch 33 Wave 02,B33W2E0560,Career,C002157,organization_id,ORG000090,B33W2S0070,クラブ所属履歴 > 「2026-27 横浜EX」,B.LEAGUE公式の所属履歴で在籍を確認（略称表記）,SUPPORTED,2026-09-30,
Batch 33 Wave 02,B33W2E0561,Career,C002157,organization_id,ORG000090,B33W2S0003,順位表 > クラブ「横浜エクセレンス」（略称「横浜EX」、club_detail TeamID=714）,公式順位表で略称とクラブ名・TeamIDの対応を確認,SUPPORTED,2026-09-30,
Batch 33 Wave 02,B33W2E0562,Career,C002157,start,2026,B33W2S0070,クラブ所属履歴 > 「2026-27 横浜EX」,所属履歴の最初のシーズン2026-27の開始年,SUPPORTED,2026-09-30,
Batch 33 Wave 02,B33W2E0563,Career,C002157,organization_id,ORG000090,B33W2S0066,選手一覧 > 横浜EX > 長谷川 比源,2026-27シーズンの公式選手一覧で現所属を確認,SUPPORTED,2026-09-30,
Batch 33 Wave 02,B33W2E0564,Person,P000459,name,ザック・モーア,B33W2S0071,基本情報 > 選手名,B.LEAGUE公式プロフィールで氏名を確認,SUPPORTED,2026-09-30,
Batch 33 Wave 02,B33W2E0565,Person,P000459,birth_date,1997-03-26,B33W2S0071,基本情報 > 生年月日：1997年3月26日,B.LEAGUE公式プロフィールで生年月日を確認,SUPPORTED,2026-09-30,
Batch 33 Wave 02,B33W2E0566,Career,C002158,organization_id,ORG000410,B33W2S0071,基本情報 > 出身校（高）：Lakeside School/Bellevue Senior High School,B.LEAGUE公式プロフィールで出身校（高）を確認,SUPPORTED,2026-09-30,
Batch 33 Wave 02,B33W2E0567,Career,C002159,organization_id,ORG000411,B33W2S0071,基本情報 > 出身校（高）：Lakeside School/Bellevue Senior High School,B.LEAGUE公式プロフィールで出身校（高）を確認,SUPPORTED,2026-09-30,
Batch 33 Wave 02,B33W2E0568,Career,C002160,organization_id,ORG000412,B33W2S0071,"基本情報 > 出身校（大）：University of California Santa Barbara (Bachelor), University of British Columbia (Graduate/Masters)",B.LEAGUE公式プロフィールで出身校（大）を確認,SUPPORTED,2026-09-30,
Batch 33 Wave 02,B33W2E0569,Career,C002161,organization_id,ORG000413,B33W2S0071,"基本情報 > 出身校（大）：University of California Santa Barbara (Bachelor), University of British Columbia (Graduate/Masters)",B.LEAGUE公式プロフィールで出身校（大）を確認,SUPPORTED,2026-09-30,
Batch 33 Wave 02,B33W2E0570,Career,C002162,organization_id,ORG000414,B33W2S0071,"基本情報 > 出身校（大）：University of California Santa Barbara (Bachelor), University of British Columbia (Graduate/Masters)",B.LEAGUE公式プロフィールで出身校（大）を確認,SUPPORTED,2026-09-30,
Batch 33 Wave 02,B33W2E0571,Career,C002163,organization_id,ORG000142,B33W2S0071,クラブ所属履歴 > 「2021-22 大阪」,B.LEAGUE公式の所属履歴で在籍を確認（略称表記）,SUPPORTED,2026-09-30,
Batch 33 Wave 02,B33W2E0572,Career,C002163,organization_id,ORG000142,B33W2S0006,順位表 > クラブ「大阪エヴェッサ」（略称「大阪」、club_detail TeamID=700）,公式順位表で略称とクラブ名・TeamIDの対応を確認,SUPPORTED,2026-09-30,
Batch 33 Wave 02,B33W2E0573,Career,C002163,start,2021,B33W2S0071,クラブ所属履歴 > 「2021-22 大阪」,所属履歴の最初のシーズン2021-22の開始年,SUPPORTED,2026-09-30,
Batch 33 Wave 02,B33W2E0574,Career,C002163,end,2022,B33W2S0071,クラブ所属履歴 > 「2021-22 大阪」,所属履歴の最後のシーズン2021-22の終了年,SUPPORTED,2026-09-30,
Batch 33 Wave 02,B33W2E0575,Career,C002164,organization_id,ORG000042,B33W2S0071,クラブ所属履歴 > 「2022-23 京都」,B.LEAGUE公式の所属履歴で在籍を確認（略称表記）,SUPPORTED,2026-09-30,
Batch 33 Wave 02,B33W2E0576,Career,C002164,organization_id,ORG000042,B33W2S0034,順位表 > クラブ「京都ハンナリーズ」（略称「京都」、club_detail TeamID=699）,公式順位表で略称とクラブ名・TeamIDの対応を確認,SUPPORTED,2026-09-30,
Batch 33 Wave 02,B33W2E0577,Career,C002164,start,2022,B33W2S0071,クラブ所属履歴 > 「2022-23 京都」,所属履歴の最初のシーズン2022-23の開始年,SUPPORTED,2026-09-30,
Batch 33 Wave 02,B33W2E0578,Career,C002164,end,2023,B33W2S0071,クラブ所属履歴 > 「2022-23 京都」,所属履歴の最後のシーズン2022-23の終了年,SUPPORTED,2026-09-30,
Batch 33 Wave 02,B33W2E0579,Career,C002165,organization_id,ORG000090,B33W2S0071,クラブ所属履歴 > 「2025-26 横浜EX」〜「2026-27 横浜EX」,B.LEAGUE公式の所属履歴で在籍を確認（略称表記）,SUPPORTED,2026-09-30,
Batch 33 Wave 02,B33W2E0580,Career,C002165,organization_id,ORG000090,B33W2S0040,順位表 > クラブ「横浜エクセレンス」（略称「横浜EX」、club_detail TeamID=714）,公式順位表で略称とクラブ名・TeamIDの対応を確認,SUPPORTED,2026-09-30,
Batch 33 Wave 02,B33W2E0581,Career,C002165,start,2025,B33W2S0071,クラブ所属履歴 > 「2025-26 横浜EX」,所属履歴の最初のシーズン2025-26の開始年,SUPPORTED,2026-09-30,
Batch 33 Wave 02,B33W2E0582,Career,C002165,organization_id,ORG000090,B33W2S0066,選手一覧 > 横浜EX > ザック・モーア,2026-27シーズンの公式選手一覧で現所属を確認,SUPPORTED,2026-09-30,
Batch 33 Wave 02,B33W2E0583,Person,P000460,name,アロン・レーガン,B33W2S0072,基本情報 > 選手名,B.LEAGUE公式プロフィールで氏名を確認,SUPPORTED,2026-09-30,
Batch 33 Wave 02,B33W2E0584,Person,P000460,birth_date,2003-04-16,B33W2S0072,基本情報 > 生年月日：2003年4月16日,B.LEAGUE公式プロフィールで生年月日を確認,SUPPORTED,2026-09-30,
Batch 33 Wave 02,B33W2E0585,Career,C002166,organization_id,ORG000415,B33W2S0072,基本情報 > 出身校（高）：Utah Prep高等学校,B.LEAGUE公式プロフィールで出身校（高）を確認,SUPPORTED,2026-09-30,
Batch 33 Wave 02,B33W2E0586,Career,C002167,organization_id,ORG000416,B33W2S0072,基本情報 > 出身校（大）：カリフォルニア州立大学サンマルコス校,B.LEAGUE公式プロフィールで出身校（大）を確認,SUPPORTED,2026-09-30,
Batch 33 Wave 02,B33W2E0587,Career,C002168,organization_id,ORG000090,B33W2S0072,クラブ所属履歴 > 「2026-27 横浜EX」,B.LEAGUE公式の所属履歴で在籍を確認（略称表記）,SUPPORTED,2026-09-30,
Batch 33 Wave 02,B33W2E0588,Career,C002168,organization_id,ORG000090,B33W2S0003,順位表 > クラブ「横浜エクセレンス」（略称「横浜EX」、club_detail TeamID=714）,公式順位表で略称とクラブ名・TeamIDの対応を確認,SUPPORTED,2026-09-30,
Batch 33 Wave 02,B33W2E0589,Career,C002168,start,2026,B33W2S0072,クラブ所属履歴 > 「2026-27 横浜EX」,所属履歴の最初のシーズン2026-27の開始年,SUPPORTED,2026-09-30,
Batch 33 Wave 02,B33W2E0590,Career,C002168,organization_id,ORG000090,B33W2S0066,選手一覧 > 横浜EX > アロン・レーガン,2026-27シーズンの公式選手一覧で現所属を確認,SUPPORTED,2026-09-30,
Batch 33 Wave 02,B33W2E0591,Person,P000461,name,五十嵐 圭,B33W2S0073,基本情報 > 選手名,B.LEAGUE公式プロフィールで氏名を確認,SUPPORTED,2026-09-30,
Batch 33 Wave 02,B33W2E0592,Person,P000461,birth_date,1980-05-07,B33W2S0073,基本情報 > 生年月日：1980年5月7日,B.LEAGUE公式プロフィールで生年月日を確認,SUPPORTED,2026-09-30,
Batch 33 Wave 02,B33W2E0593,Career,C002169,organization_id,ORG000052,B33W2S0073,クラブ所属履歴 > 「2016-17 新潟」〜「2020-21 新潟」,B.LEAGUE公式の所属履歴で在籍を確認（略称表記）,SUPPORTED,2026-09-30,
Batch 33 Wave 02,B33W2E0594,Career,C002169,organization_id,ORG000052,B33W2S0074,順位表 > クラブ「新潟アルビレックスBB」（略称「新潟」、club_detail TeamID=695）,公式順位表で略称とクラブ名・TeamIDの対応を確認,SUPPORTED,2026-09-30,
Batch 33 Wave 02,B33W2E0595,Career,C002169,start,2016,B33W2S0073,クラブ所属履歴 > 「2016-17 新潟」,所属履歴の最初のシーズン2016-17の開始年,SUPPORTED,2026-09-30,
Batch 33 Wave 02,B33W2E0596,Career,C002169,end,2021,B33W2S0073,クラブ所属履歴 > 「2020-21 新潟」,所属履歴の最後のシーズン2020-21の終了年,SUPPORTED,2026-09-30,
Batch 33 Wave 02,B33W2E0597,Career,C002170,organization_id,ORG000143,B33W2S0073,クラブ所属履歴 > 「2021-22 群馬」〜「2023-24 群馬」,B.LEAGUE公式の所属履歴で在籍を確認（略称表記）,SUPPORTED,2026-09-30,
Batch 33 Wave 02,B33W2E0598,Career,C002170,organization_id,ORG000143,B33W2S0006,順位表 > クラブ「群馬クレインサンダーズ」（略称「群馬」、club_detail TeamID=713）,公式順位表で略称とクラブ名・TeamIDの対応を確認,SUPPORTED,2026-09-30,
Batch 33 Wave 02,B33W2E0599,Career,C002170,start,2021,B33W2S0073,クラブ所属履歴 > 「2021-22 群馬」,所属履歴の最初のシーズン2021-22の開始年,SUPPORTED,2026-09-30,
Batch 33 Wave 02,B33W2E0600,Career,C002170,end,2024,B33W2S0073,クラブ所属履歴 > 「2023-24 群馬」,所属履歴の最後のシーズン2023-24の終了年,SUPPORTED,2026-09-30,
Batch 33 Wave 02,B33W2E0601,Career,C002171,organization_id,ORG000052,B33W2S0073,クラブ所属履歴 > 「2024-25 新潟」〜「2026-27 新潟」,B.LEAGUE公式の所属履歴で在籍を確認（略称表記）,SUPPORTED,2026-09-30,
Batch 33 Wave 02,B33W2E0602,Career,C002171,organization_id,ORG000052,B33W2S0002,順位表 > クラブ「新潟アルビレックスBB」（略称「新潟」、club_detail TeamID=695）,公式順位表で略称とクラブ名・TeamIDの対応を確認,SUPPORTED,2026-09-30,
Batch 33 Wave 02,B33W2E0603,Career,C002171,start,2024,B33W2S0073,クラブ所属履歴 > 「2024-25 新潟」,所属履歴の最初のシーズン2024-25の開始年,SUPPORTED,2026-09-30,
Batch 33 Wave 02,B33W2E0604,Career,C002171,organization_id,ORG000052,B33W2S0075,選手一覧 > 新潟 > 五十嵐 圭,2026-27シーズンの公式選手一覧で現所属を確認,SUPPORTED,2026-09-30,
Batch 33 Wave 03,B33W3E0001,Person,P000462,name,大森 尊之,B33W3S0001,基本情報 > 選手名,B.LEAGUE公式プロフィールで氏名を確認,SUPPORTED,2026-09-30,
Batch 33 Wave 03,B33W3E0002,Person,P000462,birth_date,2002-08-14,B33W3S0001,基本情報 > 生年月日：2002年8月14日,B.LEAGUE公式プロフィールで生年月日を確認,SUPPORTED,2026-09-30,
Batch 33 Wave 03,B33W3E0003,Career,C002172,organization_id,ORG000067,B33W3S0001,クラブ所属履歴 > 「2024-25 熊本」,B.LEAGUE公式の所属履歴で在籍を確認（略称表記）,SUPPORTED,2026-09-30,
Batch 33 Wave 03,B33W3E0004,Career,C002172,organization_id,ORG000067,B33W3S0002,順位表 > クラブ「熊本ヴォルターズ」（略称「熊本」、club_detail TeamID=724）,公式順位表で略称とクラブ名・TeamIDの対応を確認,SUPPORTED,2026-09-30,
Batch 33 Wave 03,B33W3E0005,Career,C002172,start,2024,B33W3S0001,クラブ所属履歴 > 「2024-25 熊本」,所属履歴の最初のシーズン2024-25の開始年,SUPPORTED,2026-09-30,
Batch 33 Wave 03,B33W3E0006,Career,C002172,end,2025,B33W3S0001,クラブ所属履歴 > 「2024-25 熊本」,所属履歴の最後のシーズン2024-25の終了年,SUPPORTED,2026-09-30,
Batch 33 Wave 03,B33W3E0007,Career,C002173,organization_id,ORG000052,B33W3S0001,クラブ所属履歴 > 「2026-27 新潟」,B.LEAGUE公式の所属履歴で在籍を確認（略称表記）,SUPPORTED,2026-09-30,
Batch 33 Wave 03,B33W3E0008,Career,C002173,organization_id,ORG000052,B33W3S0003,順位表 > クラブ「新潟アルビレックスBB」（略称「新潟」、club_detail TeamID=695）,公式順位表で略称とクラブ名・TeamIDの対応を確認,SUPPORTED,2026-09-30,
Batch 33 Wave 03,B33W3E0009,Career,C002173,start,2026,B33W3S0001,クラブ所属履歴 > 「2026-27 新潟」,所属履歴の最初のシーズン2026-27の開始年,SUPPORTED,2026-09-30,
Batch 33 Wave 03,B33W3E0010,Career,C002173,organization_id,ORG000052,B33W3S0004,選手一覧 > 新潟 > 大森 尊之,2026-27シーズンの公式選手一覧で現所属を確認,SUPPORTED,2026-09-30,
Batch 33 Wave 03,B33W3E0011,Person,P000463,name,長谷川 智伸,B33W3S0005,基本情報 > 選手名,B.LEAGUE公式プロフィールで氏名を確認,SUPPORTED,2026-09-30,
Batch 33 Wave 03,B33W3E0012,Person,P000463,birth_date,1990-11-09,B33W3S0005,基本情報 > 生年月日：1990年11月9日,B.LEAGUE公式プロフィールで生年月日を確認,SUPPORTED,2026-09-30,
Batch 33 Wave 03,B33W3E0013,Career,C002174,organization_id,ORG000153,B33W3S0005,クラブ所属履歴 > 「2016-17 滋賀」〜「2017-18 滋賀」,B.LEAGUE公式の所属履歴で在籍を確認（略称表記）,SUPPORTED,2026-09-30,
Batch 33 Wave 03,B33W3E0014,Career,C002174,organization_id,ORG000153,B33W3S0006,順位表 > クラブ「滋賀レイクスターズ」（略称「滋賀」、club_detail TeamID=698）,公式順位表で略称とクラブ名・TeamIDの対応を確認,SUPPORTED,2026-09-30,
Batch 33 Wave 03,B33W3E0015,Career,C002174,start,2016,B33W3S0005,クラブ所属履歴 > 「2016-17 滋賀」,所属履歴の最初のシーズン2016-17の開始年,SUPPORTED,2026-09-30,
Batch 33 Wave 03,B33W3E0016,Career,C002174,end,2018,B33W3S0005,クラブ所属履歴 > 「2017-18 滋賀」,所属履歴の最後のシーズン2017-18の終了年,SUPPORTED,2026-09-30,
Batch 33 Wave 03,B33W3E0017,Career,C002175,organization_id,ORG000097,B33W3S0005,クラブ所属履歴 > 「2018-19 三遠」,B.LEAGUE公式の所属履歴で在籍を確認（略称表記）,SUPPORTED,2026-09-30,
Batch 33 Wave 03,B33W3E0018,Career,C002175,organization_id,ORG000097,B33W3S0007,順位表 > クラブ「三遠ネオフェニックス」（略称「三遠」、club_detail TeamID=697）,公式順位表で略称とクラブ名・TeamIDの対応を確認,SUPPORTED,2026-09-30,
Batch 33 Wave 03,B33W3E0019,Career,C002175,start,2018,B33W3S0005,クラブ所属履歴 > 「2018-19 三遠」,所属履歴の最初のシーズン2018-19の開始年,SUPPORTED,2026-09-30,
Batch 33 Wave 03,B33W3E0020,Career,C002175,end,2019,B33W3S0005,クラブ所属履歴 > 「2018-19 三遠」,所属履歴の最後のシーズン2018-19の終了年,SUPPORTED,2026-09-30,
Batch 33 Wave 03,B33W3E0021,Career,C002176,organization_id,ORG000106,B33W3S0005,クラブ所属履歴 > 「2019-20 琉球」,B.LEAGUE公式の所属履歴で在籍を確認（略称表記）,SUPPORTED,2026-09-30,
Batch 33 Wave 03,B33W3E0022,Career,C002176,organization_id,ORG000106,B33W3S0008,順位表 > クラブ「琉球ゴールデンキングス」（略称「琉球」、club_detail TeamID=701）,公式順位表で略称とクラブ名・TeamIDの対応を確認,SUPPORTED,2026-09-30,
Batch 33 Wave 03,B33W3E0023,Career,C002176,start,2019,B33W3S0005,クラブ所属履歴 > 「2019-20 琉球」,所属履歴の最初のシーズン2019-20の開始年,SUPPORTED,2026-09-30,
Batch 33 Wave 03,B33W3E0024,Career,C002176,end,2020,B33W3S0005,クラブ所属履歴 > 「2019-20 琉球」,所属履歴の最後のシーズン2019-20の終了年,SUPPORTED,2026-09-30,
Batch 33 Wave 03,B33W3E0025,Career,C002177,organization_id,ORG000171,B33W3S0005,クラブ所属履歴 > 「2020-21 奈良」,B.LEAGUE公式の所属履歴で在籍を確認（略称表記）,SUPPORTED,2026-09-30,
Batch 33 Wave 03,B33W3E0026,Career,C002177,organization_id,ORG000171,B33W3S0009,順位表 > クラブ「バンビシャス奈良」（略称「奈良」、club_detail TeamID=719）,公式順位表で略称とクラブ名・TeamIDの対応を確認,SUPPORTED,2026-09-30,
Batch 33 Wave 03,B33W3E0027,Career,C002177,start,2020,B33W3S0005,クラブ所属履歴 > 「2020-21 奈良」,所属履歴の最初のシーズン2020-21の開始年,SUPPORTED,2026-09-30,
Batch 33 Wave 03,B33W3E0028,Career,C002177,end,2021,B33W3S0005,クラブ所属履歴 > 「2020-21 奈良」,所属履歴の最後のシーズン2020-21の終了年,SUPPORTED,2026-09-30,
Batch 33 Wave 03,B33W3E0029,Career,C002178,organization_id,ORG000202,B33W3S0005,クラブ所属履歴 > 「2021-22 福島」〜「2022-23 福島」,B.LEAGUE公式の所属履歴で在籍を確認（略称表記）,SUPPORTED,2026-09-30,
Batch 33 Wave 03,B33W3E0030,Career,C002178,organization_id,ORG000202,B33W3S0010,順位表 > クラブ「福島ファイヤーボンズ」（略称「福島」、club_detail TeamID=711）,公式順位表で略称とクラブ名・TeamIDの対応を確認,SUPPORTED,2026-09-30,
Batch 33 Wave 03,B33W3E0031,Career,C002178,start,2021,B33W3S0005,クラブ所属履歴 > 「2021-22 福島」,所属履歴の最初のシーズン2021-22の開始年,SUPPORTED,2026-09-30,
Batch 33 Wave 03,B33W3E0032,Career,C002178,end,2023,B33W3S0005,クラブ所属履歴 > 「2022-23 福島」,所属履歴の最後のシーズン2022-23の終了年,SUPPORTED,2026-09-30,
Batch 33 Wave 03,B33W3E0033,Career,C002179,organization_id,ORG000200,B33W3S0005,クラブ所属履歴 > 「2023-24 福井」〜「2024-25 福井」,B.LEAGUE公式の所属履歴で在籍を確認（略称表記）,SUPPORTED,2026-09-30,
Batch 33 Wave 03,B33W3E0034,Career,C002179,organization_id,ORG000200,B33W3S0011,順位表 > クラブ「福井ブローウィンズ」（略称「福井」、club_detail TeamID=2891）,公式順位表で略称とクラブ名・TeamIDの対応を確認,SUPPORTED,2026-09-30,
Batch 33 Wave 03,B33W3E0035,Career,C002179,start,2023,B33W3S0005,クラブ所属履歴 > 「2023-24 福井」,所属履歴の最初のシーズン2023-24の開始年,SUPPORTED,2026-09-30,
Batch 33 Wave 03,B33W3E0036,Career,C002179,end,2025,B33W3S0005,クラブ所属履歴 > 「2024-25 福井」,所属履歴の最後のシーズン2024-25の終了年,SUPPORTED,2026-09-30,
Batch 33 Wave 03,B33W3E0037,Career,C002180,organization_id,ORG000052,B33W3S0005,クラブ所属履歴 > 「2025-26 新潟」〜「2026-27 新潟」,B.LEAGUE公式の所属履歴で在籍を確認（略称表記）,SUPPORTED,2026-09-30,
Batch 33 Wave 03,B33W3E0038,Career,C002180,organization_id,ORG000052,B33W3S0012,順位表 > クラブ「新潟アルビレックスBB」（略称「新潟」、club_detail TeamID=695）,公式順位表で略称とクラブ名・TeamIDの対応を確認,SUPPORTED,2026-09-30,
Batch 33 Wave 03,B33W3E0039,Career,C002180,start,2025,B33W3S0005,クラブ所属履歴 > 「2025-26 新潟」,所属履歴の最初のシーズン2025-26の開始年,SUPPORTED,2026-09-30,
Batch 33 Wave 03,B33W3E0040,Career,C002180,organization_id,ORG000052,B33W3S0004,選手一覧 > 新潟 > 長谷川 智伸,2026-27シーズンの公式選手一覧で現所属を確認,SUPPORTED,2026-09-30,
Batch 33 Wave 03,B33W3E0041,Person,P000464,name,濵高 康明,B33W3S0013,基本情報 > 選手名,B.LEAGUE公式プロフィールで氏名を確認,SUPPORTED,2026-09-30,
Batch 33 Wave 03,B33W3E0042,Person,P000464,birth_date,1997-01-18,B33W3S0013,基本情報 > 生年月日：1997年1月18日,B.LEAGUE公式プロフィールで生年月日を確認,SUPPORTED,2026-09-30,
Batch 33 Wave 03,B33W3E0043,Career,C002181,organization_id,ORG000043,B33W3S0013,クラブ所属履歴 > 「2018-19 西宮」〜「2022-23 神戸」,B.LEAGUE公式の所属履歴で在籍を確認（略称表記）,SUPPORTED,2026-09-30,
Batch 33 Wave 03,B33W3E0044,Career,C002181,organization_id,ORG000043,B33W3S0014,順位表 > クラブ「西宮ストークス」（略称「西宮」、club_detail TeamID=718）,公式順位表で略称とクラブ名・TeamIDの対応を確認,SUPPORTED,2026-09-30,
Batch 33 Wave 03,B33W3E0045,Career,C002181,start,2018,B33W3S0013,クラブ所属履歴 > 「2018-19 西宮」,所属履歴の最初のシーズン2018-19の開始年,SUPPORTED,2026-09-30,
Batch 33 Wave 03,B33W3E0046,Career,C002181,end,2023,B33W3S0013,クラブ所属履歴 > 「2022-23 神戸」,所属履歴の最後のシーズン2022-23の終了年,SUPPORTED,2026-09-30,
Batch 33 Wave 03,B33W3E0047,Career,C002182,organization_id,ORG000052,B33W3S0013,クラブ所属履歴 > 「2024-25 新潟」〜「2026-27 新潟」,B.LEAGUE公式の所属履歴で在籍を確認（略称表記）,SUPPORTED,2026-09-30,
Batch 33 Wave 03,B33W3E0048,Career,C002182,organization_id,ORG000052,B33W3S0015,順位表 > クラブ「新潟アルビレックスBB」（略称「新潟」、club_detail TeamID=695）,公式順位表で略称とクラブ名・TeamIDの対応を確認,SUPPORTED,2026-09-30,
Batch 33 Wave 03,B33W3E0049,Career,C002182,start,2024,B33W3S0013,クラブ所属履歴 > 「2024-25 新潟」,所属履歴の最初のシーズン2024-25の開始年,SUPPORTED,2026-09-30,
Batch 33 Wave 03,B33W3E0050,Career,C002182,organization_id,ORG000052,B33W3S0004,選手一覧 > 新潟 > 濵高 康明,2026-27シーズンの公式選手一覧で現所属を確認,SUPPORTED,2026-09-30,
Batch 33 Wave 03,B33W3E0051,Person,P000465,name,濱田 貴流馬,B33W3S0016,基本情報 > 選手名,B.LEAGUE公式プロフィールで氏名を確認,SUPPORTED,2026-09-30,
Batch 33 Wave 03,B33W3E0052,Person,P000465,birth_date,1997-07-01,B33W3S0016,基本情報 > 生年月日：1997年7月1日,B.LEAGUE公式プロフィールで生年月日を確認,SUPPORTED,2026-09-30,
Batch 33 Wave 03,B33W3E0053,Career,C002183,organization_id,ORG000067,B33W3S0016,クラブ所属履歴 > 「2019-20 熊本」〜「2020-21 熊本」,B.LEAGUE公式の所属履歴で在籍を確認（略称表記）,SUPPORTED,2026-09-30,
Batch 33 Wave 03,B33W3E0054,Career,C002183,organization_id,ORG000067,B33W3S0017,順位表 > クラブ「熊本ヴォルターズ」（略称「熊本」、club_detail TeamID=724）,公式順位表で略称とクラブ名・TeamIDの対応を確認,SUPPORTED,2026-09-30,
Batch 33 Wave 03,B33W3E0055,Career,C002183,start,2019,B33W3S0016,クラブ所属履歴 > 「2019-20 熊本」,所属履歴の最初のシーズン2019-20の開始年,SUPPORTED,2026-09-30,
Batch 33 Wave 03,B33W3E0056,Career,C002183,end,2021,B33W3S0016,クラブ所属履歴 > 「2020-21 熊本」,所属履歴の最後のシーズン2020-21の終了年,SUPPORTED,2026-09-30,
Batch 33 Wave 03,B33W3E0057,Career,C002184,organization_id,ORG000101,B33W3S0016,クラブ所属履歴 > 「2020-21 鹿児島」〜「2022-23 鹿児島」,B.LEAGUE公式の所属履歴で在籍を確認（略称表記）,SUPPORTED,2026-09-30,
Batch 33 Wave 03,B33W3E0058,Career,C002184,organization_id,ORG000101,B33W3S0018,順位表 > クラブ「鹿児島レブナイズ」（略称「鹿児島」、club_detail TeamID=725）,公式順位表で略称とクラブ名・TeamIDの対応を確認,SUPPORTED,2026-09-30,
Batch 33 Wave 03,B33W3E0059,Career,C002184,start,2020,B33W3S0016,クラブ所属履歴 > 「2020-21 鹿児島」,所属履歴の最初のシーズン2020-21の開始年,SUPPORTED,2026-09-30,
Batch 33 Wave 03,B33W3E0060,Career,C002184,end,2023,B33W3S0016,クラブ所属履歴 > 「2022-23 鹿児島」,所属履歴の最後のシーズン2022-23の終了年,SUPPORTED,2026-09-30,
Batch 33 Wave 03,B33W3E0061,Career,C002185,organization_id,ORG000183,B33W3S0016,クラブ所属履歴 > 「2023-24 埼玉」,B.LEAGUE公式の所属履歴で在籍を確認（略称表記）,SUPPORTED,2026-09-30,
Batch 33 Wave 03,B33W3E0062,Career,C002185,organization_id,ORG000183,B33W3S0011,順位表 > クラブ「さいたまブロンコス」（略称「埼玉」、club_detail TeamID=744）,公式順位表で略称とクラブ名・TeamIDの対応を確認,SUPPORTED,2026-09-30,
Batch 33 Wave 03,B33W3E0063,Career,C002185,start,2023,B33W3S0016,クラブ所属履歴 > 「2023-24 埼玉」,所属履歴の最初のシーズン2023-24の開始年,SUPPORTED,2026-09-30,
Batch 33 Wave 03,B33W3E0064,Career,C002185,end,2024,B33W3S0016,クラブ所属履歴 > 「2023-24 埼玉」,所属履歴の最後のシーズン2023-24の終了年,SUPPORTED,2026-09-30,
Batch 33 Wave 03,B33W3E0065,Career,C002186,organization_id,ORG000222,B33W3S0016,クラブ所属履歴 > 「2024-25 岡山」,B.LEAGUE公式の所属履歴で在籍を確認（略称表記）,SUPPORTED,2026-09-30,
Batch 33 Wave 03,B33W3E0066,Career,C002186,organization_id,ORG000222,B33W3S0015,順位表 > クラブ「トライフープ岡山」（略称「岡山」、club_detail TeamID=1639）,公式順位表で略称とクラブ名・TeamIDの対応を確認,SUPPORTED,2026-09-30,
Batch 33 Wave 03,B33W3E0067,Career,C002186,start,2024,B33W3S0016,クラブ所属履歴 > 「2024-25 岡山」,所属履歴の最初のシーズン2024-25の開始年,SUPPORTED,2026-09-30,
Batch 33 Wave 03,B33W3E0068,Career,C002186,end,2025,B33W3S0016,クラブ所属履歴 > 「2024-25 岡山」,所属履歴の最後のシーズン2024-25の終了年,SUPPORTED,2026-09-30,
Batch 33 Wave 03,B33W3E0069,Career,C002187,organization_id,ORG000052,B33W3S0016,クラブ所属履歴 > 「2025-26 新潟」〜「2026-27 新潟」,B.LEAGUE公式の所属履歴で在籍を確認（略称表記）,SUPPORTED,2026-09-30,
Batch 33 Wave 03,B33W3E0070,Career,C002187,organization_id,ORG000052,B33W3S0012,順位表 > クラブ「新潟アルビレックスBB」（略称「新潟」、club_detail TeamID=695）,公式順位表で略称とクラブ名・TeamIDの対応を確認,SUPPORTED,2026-09-30,
Batch 33 Wave 03,B33W3E0071,Career,C002187,start,2025,B33W3S0016,クラブ所属履歴 > 「2025-26 新潟」,所属履歴の最初のシーズン2025-26の開始年,SUPPORTED,2026-09-30,
Batch 33 Wave 03,B33W3E0072,Career,C002187,organization_id,ORG000052,B33W3S0004,選手一覧 > 新潟 > 濱田 貴流馬,2026-27シーズンの公式選手一覧で現所属を確認,SUPPORTED,2026-09-30,
Batch 33 Wave 03,B33W3E0073,Person,P000466,name,星野 曹樹,B33W3S0019,基本情報 > 選手名,B.LEAGUE公式プロフィールで氏名を確認,SUPPORTED,2026-09-30,
Batch 33 Wave 03,B33W3E0074,Person,P000466,birth_date,1997-11-05,B33W3S0019,基本情報 > 生年月日：1997年11月5日,B.LEAGUE公式プロフィールで生年月日を確認,SUPPORTED,2026-09-30,
Batch 33 Wave 03,B33W3E0075,Career,C002188,organization_id,ORG000052,B33W3S0019,クラブ所属履歴 > 「2019-20 新潟」〜「2021-22 新潟」,B.LEAGUE公式の所属履歴で在籍を確認（略称表記）,SUPPORTED,2026-09-30,
Batch 33 Wave 03,B33W3E0076,Career,C002188,organization_id,ORG000052,B33W3S0008,順位表 > クラブ「新潟アルビレックスBB」（略称「新潟」、club_detail TeamID=695）,公式順位表で略称とクラブ名・TeamIDの対応を確認,SUPPORTED,2026-09-30,
Batch 33 Wave 03,B33W3E0077,Career,C002188,start,2019,B33W3S0019,クラブ所属履歴 > 「2019-20 新潟」,所属履歴の最初のシーズン2019-20の開始年,SUPPORTED,2026-09-30,
Batch 33 Wave 03,B33W3E0078,Career,C002188,end,2022,B33W3S0019,クラブ所属履歴 > 「2021-22 新潟」,所属履歴の最後のシーズン2021-22の終了年,SUPPORTED,2026-09-30,
Batch 33 Wave 03,B33W3E0079,Career,C002189,organization_id,ORG000143,B33W3S0019,クラブ所属履歴 > 「2022-23 群馬」〜「2023-24 群馬」,B.LEAGUE公式の所属履歴で在籍を確認（略称表記）,SUPPORTED,2026-09-30,
Batch 33 Wave 03,B33W3E0080,Career,C002189,organization_id,ORG000143,B33W3S0020,順位表 > クラブ「群馬クレインサンダーズ」（略称「群馬」、club_detail TeamID=713）,公式順位表で略称とクラブ名・TeamIDの対応を確認,SUPPORTED,2026-09-30,
Batch 33 Wave 03,B33W3E0081,Career,C002189,start,2022,B33W3S0019,クラブ所属履歴 > 「2022-23 群馬」,所属履歴の最初のシーズン2022-23の開始年,SUPPORTED,2026-09-30,
Batch 33 Wave 03,B33W3E0082,Career,C002189,end,2024,B33W3S0019,クラブ所属履歴 > 「2023-24 群馬」,所属履歴の最後のシーズン2023-24の終了年,SUPPORTED,2026-09-30,
Batch 33 Wave 03,B33W3E0083,Career,C002190,organization_id,ORG000132,B33W3S0019,クラブ所属履歴 > 「2024-25 仙台」,B.LEAGUE公式の所属履歴で在籍を確認（略称表記）,SUPPORTED,2026-09-30,
Batch 33 Wave 03,B33W3E0084,Career,C002190,organization_id,ORG000132,B33W3S0021,順位表 > クラブ「仙台89ERS」（略称「仙台」、club_detail TeamID=692）,公式順位表で略称とクラブ名・TeamIDの対応を確認,SUPPORTED,2026-09-30,
Batch 33 Wave 03,B33W3E0085,Career,C002190,start,2024,B33W3S0019,クラブ所属履歴 > 「2024-25 仙台」,所属履歴の最初のシーズン2024-25の開始年,SUPPORTED,2026-09-30,
Batch 33 Wave 03,B33W3E0086,Career,C002190,end,2025,B33W3S0019,クラブ所属履歴 > 「2024-25 仙台」,所属履歴の最後のシーズン2024-25の終了年,SUPPORTED,2026-09-30,
Batch 33 Wave 03,B33W3E0087,Career,C002191,organization_id,ORG000052,B33W3S0019,クラブ所属履歴 > 「2026-27 新潟」,B.LEAGUE公式の所属履歴で在籍を確認（略称表記）,SUPPORTED,2026-09-30,
Batch 33 Wave 03,B33W3E0088,Career,C002191,organization_id,ORG000052,B33W3S0003,順位表 > クラブ「新潟アルビレックスBB」（略称「新潟」、club_detail TeamID=695）,公式順位表で略称とクラブ名・TeamIDの対応を確認,SUPPORTED,2026-09-30,
Batch 33 Wave 03,B33W3E0089,Career,C002191,start,2026,B33W3S0019,クラブ所属履歴 > 「2026-27 新潟」,所属履歴の最初のシーズン2026-27の開始年,SUPPORTED,2026-09-30,
Batch 33 Wave 03,B33W3E0090,Career,C002191,organization_id,ORG000052,B33W3S0004,選手一覧 > 新潟 > 星野 曹樹,2026-27シーズンの公式選手一覧で現所属を確認,SUPPORTED,2026-09-30,
Batch 33 Wave 03,B33W3E0091,Person,P000467,name,堀内 星夜,B33W3S0022,基本情報 > 選手名,B.LEAGUE公式プロフィールで氏名を確認,SUPPORTED,2026-09-30,
Batch 33 Wave 03,B33W3E0092,Person,P000467,birth_date,1997-12-26,B33W3S0022,基本情報 > 生年月日：1997年12月26日,B.LEAGUE公式プロフィールで生年月日を確認,SUPPORTED,2026-09-30,
Batch 33 Wave 03,B33W3E0093,Career,C002192,organization_id,ORG000174,B33W3S0022,クラブ所属履歴 > 「2022-23 品川」〜「2025-26 品川」,B.LEAGUE公式の所属履歴で在籍を確認（略称表記）,SUPPORTED,2026-09-30,
Batch 33 Wave 03,B33W3E0094,Career,C002192,organization_id,ORG000174,B33W3S0023,順位表 > クラブ「しながわシティ バスケットボールクラブ」（略称「品川」、club_detail TeamID=748）,公式順位表で略称とクラブ名・TeamIDの対応を確認,SUPPORTED,2026-09-30,
Batch 33 Wave 03,B33W3E0095,Career,C002192,start,2022,B33W3S0022,クラブ所属履歴 > 「2022-23 品川」,所属履歴の最初のシーズン2022-23の開始年,SUPPORTED,2026-09-30,
Batch 33 Wave 03,B33W3E0096,Career,C002192,end,2026,B33W3S0022,クラブ所属履歴 > 「2025-26 品川」,所属履歴の最後のシーズン2025-26の終了年,SUPPORTED,2026-09-30,
Batch 33 Wave 03,B33W3E0097,Career,C002193,organization_id,ORG000052,B33W3S0022,クラブ所属履歴 > 「2026-27 新潟」,B.LEAGUE公式の所属履歴で在籍を確認（略称表記）,SUPPORTED,2026-09-30,
Batch 33 Wave 03,B33W3E0098,Career,C002193,organization_id,ORG000052,B33W3S0003,順位表 > クラブ「新潟アルビレックスBB」（略称「新潟」、club_detail TeamID=695）,公式順位表で略称とクラブ名・TeamIDの対応を確認,SUPPORTED,2026-09-30,
Batch 33 Wave 03,B33W3E0099,Career,C002193,start,2026,B33W3S0022,クラブ所属履歴 > 「2026-27 新潟」,所属履歴の最初のシーズン2026-27の開始年,SUPPORTED,2026-09-30,
Batch 33 Wave 03,B33W3E0100,Career,C002193,organization_id,ORG000052,B33W3S0004,選手一覧 > 新潟 > 堀内 星夜,2026-27シーズンの公式選手一覧で現所属を確認,SUPPORTED,2026-09-30,
Batch 33 Wave 03,B33W3E0101,Person,P000468,name,松井 啓十郎,B33W3S0024,基本情報 > 選手名,B.LEAGUE公式プロフィールで氏名を確認,SUPPORTED,2026-09-30,
Batch 33 Wave 03,B33W3E0102,Person,P000468,birth_date,1985-10-16,B33W3S0024,基本情報 > 生年月日：1985年10月16日,B.LEAGUE公式プロフィールで生年月日を確認,SUPPORTED,2026-09-30,
Batch 33 Wave 03,B33W3E0103,Career,C002194,organization_id,ORG000109,B33W3S0024,クラブ所属履歴 > 「2016-17 A東京」,B.LEAGUE公式の所属履歴で在籍を確認（略称表記）,SUPPORTED,2026-09-30,
Batch 33 Wave 03,B33W3E0104,Career,C002194,organization_id,ORG000109,B33W3S0006,順位表 > クラブ「アルバルク東京」（略称「A東京」、club_detail TeamID=706）,公式順位表で略称とクラブ名・TeamIDの対応を確認,SUPPORTED,2026-09-30,
Batch 33 Wave 03,B33W3E0105,Career,C002194,start,2016,B33W3S0024,クラブ所属履歴 > 「2016-17 A東京」,所属履歴の最初のシーズン2016-17の開始年,SUPPORTED,2026-09-30,
Batch 33 Wave 03,B33W3E0106,Career,C002194,end,2017,B33W3S0024,クラブ所属履歴 > 「2016-17 A東京」,所属履歴の最後のシーズン2016-17の終了年,SUPPORTED,2026-09-30,
Batch 33 Wave 03,B33W3E0107,Career,C002195,organization_id,ORG000130,B33W3S0024,クラブ所属履歴 > 「2017-18 三河」〜「2018-19 三河」,B.LEAGUE公式の所属履歴で在籍を確認（略称表記）,SUPPORTED,2026-09-30,
Batch 33 Wave 03,B33W3E0108,Career,C002195,organization_id,ORG000130,B33W3S0025,順位表 > クラブ「シーホース三河」（略称「三河」、club_detail TeamID=728）,公式順位表で略称とクラブ名・TeamIDの対応を確認,SUPPORTED,2026-09-30,
Batch 33 Wave 03,B33W3E0109,Career,C002195,start,2017,B33W3S0024,クラブ所属履歴 > 「2017-18 三河」,所属履歴の最初のシーズン2017-18の開始年,SUPPORTED,2026-09-30,
Batch 33 Wave 03,B33W3E0110,Career,C002195,end,2019,B33W3S0024,クラブ所属履歴 > 「2018-19 三河」,所属履歴の最後のシーズン2018-19の終了年,SUPPORTED,2026-09-30,
Batch 33 Wave 03,B33W3E0111,Career,C002196,organization_id,ORG000042,B33W3S0024,クラブ所属履歴 > 「2019-20 京都」〜「2020-21 京都」,B.LEAGUE公式の所属履歴で在籍を確認（略称表記）,SUPPORTED,2026-09-30,
Batch 33 Wave 03,B33W3E0112,Career,C002196,organization_id,ORG000042,B33W3S0008,順位表 > クラブ「京都ハンナリーズ」（略称「京都」、club_detail TeamID=699）,公式順位表で略称とクラブ名・TeamIDの対応を確認,SUPPORTED,2026-09-30,
Batch 33 Wave 03,B33W3E0113,Career,C002196,start,2019,B33W3S0024,クラブ所属履歴 > 「2019-20 京都」,所属履歴の最初のシーズン2019-20の開始年,SUPPORTED,2026-09-30,
Batch 33 Wave 03,B33W3E0114,Career,C002196,end,2021,B33W3S0024,クラブ所属履歴 > 「2020-21 京都」,所属履歴の最後のシーズン2020-21の終了年,SUPPORTED,2026-09-30,
Batch 33 Wave 03,B33W3E0115,Career,C002197,organization_id,ORG000149,B33W3S0024,クラブ所属履歴 > 「2021-22 富山」〜「2022-23 富山」,B.LEAGUE公式の所属履歴で在籍を確認（略称表記）,SUPPORTED,2026-09-30,
Batch 33 Wave 03,B33W3E0116,Career,C002197,organization_id,ORG000149,B33W3S0026,順位表 > クラブ「富山グラウジーズ」（略称「富山」、club_detail TeamID=696）,公式順位表で略称とクラブ名・TeamIDの対応を確認,SUPPORTED,2026-09-30,
Batch 33 Wave 03,B33W3E0117,Career,C002197,start,2021,B33W3S0024,クラブ所属履歴 > 「2021-22 富山」,所属履歴の最初のシーズン2021-22の開始年,SUPPORTED,2026-09-30,
Batch 33 Wave 03,B33W3E0118,Career,C002197,end,2023,B33W3S0024,クラブ所属履歴 > 「2022-23 富山」,所属履歴の最後のシーズン2022-23の終了年,SUPPORTED,2026-09-30,
Batch 33 Wave 03,B33W3E0119,Career,C002198,organization_id,ORG000224,B33W3S0024,クラブ所属履歴 > 「2023-24 香川」,B.LEAGUE公式の所属履歴で在籍を確認（略称表記）,SUPPORTED,2026-09-30,
Batch 33 Wave 03,B33W3E0120,Career,C002198,organization_id,ORG000224,B33W3S0011,順位表 > クラブ「香川ファイブアローズ」（略称「香川」、club_detail TeamID=722）,公式順位表で略称とクラブ名・TeamIDの対応を確認,SUPPORTED,2026-09-30,
Batch 33 Wave 03,B33W3E0121,Career,C002198,start,2023,B33W3S0024,クラブ所属履歴 > 「2023-24 香川」,所属履歴の最初のシーズン2023-24の開始年,SUPPORTED,2026-09-30,
Batch 33 Wave 03,B33W3E0122,Career,C002198,end,2024,B33W3S0024,クラブ所属履歴 > 「2023-24 香川」,所属履歴の最後のシーズン2023-24の終了年,SUPPORTED,2026-09-30,
Batch 33 Wave 03,B33W3E0123,Career,C002199,organization_id,ORG000183,B33W3S0024,クラブ所属履歴 > 「2024-25 埼玉」〜「2025-26 埼玉」,B.LEAGUE公式の所属履歴で在籍を確認（略称表記）,SUPPORTED,2026-09-30,
Batch 33 Wave 03,B33W3E0124,Career,C002199,organization_id,ORG000183,B33W3S0015,順位表 > クラブ「さいたまブロンコス」（略称「埼玉」、club_detail TeamID=744）,公式順位表で略称とクラブ名・TeamIDの対応を確認,SUPPORTED,2026-09-30,
Batch 33 Wave 03,B33W3E0125,Career,C002199,start,2024,B33W3S0024,クラブ所属履歴 > 「2024-25 埼玉」,所属履歴の最初のシーズン2024-25の開始年,SUPPORTED,2026-09-30,
Batch 33 Wave 03,B33W3E0126,Career,C002199,end,2026,B33W3S0024,クラブ所属履歴 > 「2025-26 埼玉」,所属履歴の最後のシーズン2025-26の終了年,SUPPORTED,2026-09-30,
Batch 33 Wave 03,B33W3E0127,Career,C002200,organization_id,ORG000052,B33W3S0024,クラブ所属履歴 > 「2026-27 新潟」,B.LEAGUE公式の所属履歴で在籍を確認（略称表記）,SUPPORTED,2026-09-30,
Batch 33 Wave 03,B33W3E0128,Career,C002200,organization_id,ORG000052,B33W3S0003,順位表 > クラブ「新潟アルビレックスBB」（略称「新潟」、club_detail TeamID=695）,公式順位表で略称とクラブ名・TeamIDの対応を確認,SUPPORTED,2026-09-30,
Batch 33 Wave 03,B33W3E0129,Career,C002200,start,2026,B33W3S0024,クラブ所属履歴 > 「2026-27 新潟」,所属履歴の最初のシーズン2026-27の開始年,SUPPORTED,2026-09-30,
Batch 33 Wave 03,B33W3E0130,Career,C002200,organization_id,ORG000052,B33W3S0004,選手一覧 > 新潟 > 松井 啓十郎,2026-27シーズンの公式選手一覧で現所属を確認,SUPPORTED,2026-09-30,
Batch 33 Wave 03,B33W3E0131,Person,P000469,name,丸山 賢人,B33W3S0027,基本情報 > 選手名,B.LEAGUE公式プロフィールで氏名を確認,SUPPORTED,2026-09-30,
Batch 33 Wave 03,B33W3E0132,Person,P000469,birth_date,2002-09-09,B33W3S0027,基本情報 > 生年月日：2002年9月9日,B.LEAGUE公式プロフィールで生年月日を確認,SUPPORTED,2026-09-30,
Batch 33 Wave 03,B33W3E0133,Career,C002201,organization_id,ORG000052,B33W3S0027,クラブ所属履歴 > 「2026-27 新潟」,B.LEAGUE公式の所属履歴で在籍を確認（略称表記）,SUPPORTED,2026-09-30,
Batch 33 Wave 03,B33W3E0134,Career,C002201,organization_id,ORG000052,B33W3S0003,順位表 > クラブ「新潟アルビレックスBB」（略称「新潟」、club_detail TeamID=695）,公式順位表で略称とクラブ名・TeamIDの対応を確認,SUPPORTED,2026-09-30,
Batch 33 Wave 03,B33W3E0135,Career,C002201,start,2026,B33W3S0027,クラブ所属履歴 > 「2026-27 新潟」,所属履歴の最初のシーズン2026-27の開始年,SUPPORTED,2026-09-30,
Batch 33 Wave 03,B33W3E0136,Career,C002201,organization_id,ORG000052,B33W3S0004,選手一覧 > 新潟 > 丸山 賢人,2026-27シーズンの公式選手一覧で現所属を確認,SUPPORTED,2026-09-30,
Batch 33 Wave 03,B33W3E0137,Person,P000470,name,石川 響太郎,B33W3S0028,基本情報 > 選手名,B.LEAGUE公式プロフィールで氏名を確認,SUPPORTED,2026-09-30,
Batch 33 Wave 03,B33W3E0138,Person,P000470,birth_date,2003-09-27,B33W3S0028,基本情報 > 生年月日：2003年9月27日,B.LEAGUE公式プロフィールで生年月日を確認,SUPPORTED,2026-09-30,
Batch 33 Wave 03,B33W3E0139,Career,C002202,organization_id,ORG000369,B33W3S0028,基本情報 > 出身校（高）：宮崎県立小林高等学校,B.LEAGUE公式プロフィールで出身校（高）を確認,SUPPORTED,2026-09-30,
Batch 33 Wave 03,B33W3E0140,Career,C002203,organization_id,ORG000020,B33W3S0028,基本情報 > 出身校（大）：日本体育大学,B.LEAGUE公式プロフィールで出身校（大）を確認,SUPPORTED,2026-09-30,
Batch 33 Wave 03,B33W3E0141,Career,C002204,organization_id,ORG000171,B33W3S0028,クラブ所属履歴 > 「2025-26 奈良」,B.LEAGUE公式の所属履歴で在籍を確認（略称表記）,SUPPORTED,2026-09-30,
Batch 33 Wave 03,B33W3E0142,Career,C002204,organization_id,ORG000171,B33W3S0029,順位表 > クラブ「バンビシャス奈良」（略称「奈良」、club_detail TeamID=719）,公式順位表で略称とクラブ名・TeamIDの対応を確認,SUPPORTED,2026-09-30,
Batch 33 Wave 03,B33W3E0143,Career,C002204,start,2025,B33W3S0028,クラブ所属履歴 > 「2025-26 奈良」,所属履歴の最初のシーズン2025-26の開始年,SUPPORTED,2026-09-30,
Batch 33 Wave 03,B33W3E0144,Career,C002204,end,2026,B33W3S0028,クラブ所属履歴 > 「2025-26 奈良」,所属履歴の最後のシーズン2025-26の終了年,SUPPORTED,2026-09-30,
Batch 33 Wave 03,B33W3E0145,Career,C002205,organization_id,ORG000205,B33W3S0028,クラブ所属履歴 > 「2026-27 金沢」,B.LEAGUE公式の所属履歴で在籍を確認（略称表記）,SUPPORTED,2026-09-30,
Batch 33 Wave 03,B33W3E0146,Career,C002205,organization_id,ORG000205,B33W3S0003,順位表 > クラブ「金沢サムライズ」（略称「金沢」、club_detail TeamID=750）,公式順位表で略称とクラブ名・TeamIDの対応を確認,SUPPORTED,2026-09-30,
Batch 33 Wave 03,B33W3E0147,Career,C002205,start,2026,B33W3S0028,クラブ所属履歴 > 「2026-27 金沢」,所属履歴の最初のシーズン2026-27の開始年,SUPPORTED,2026-09-30,
Batch 33 Wave 03,B33W3E0148,Career,C002205,organization_id,ORG000205,B33W3S0030,選手一覧 > 金沢 > 石川 響太郎,2026-27シーズンの公式選手一覧で現所属を確認,SUPPORTED,2026-09-30,
Batch 33 Wave 03,B33W3E0149,Person,P000471,name,請田 祐哉,B33W3S0031,基本情報 > 選手名,B.LEAGUE公式プロフィールで氏名を確認,SUPPORTED,2026-09-30,
Batch 33 Wave 03,B33W3E0150,Person,P000471,birth_date,2000-09-19,B33W3S0031,基本情報 > 生年月日：2000年9月19日,B.LEAGUE公式プロフィールで生年月日を確認,SUPPORTED,2026-09-30,
Batch 33 Wave 03,B33W3E0151,Career,C002206,organization_id,ORG000417,B33W3S0031,基本情報 > 出身校（高）：金沢学院大学附属高等学校,B.LEAGUE公式プロフィールで出身校（高）を確認,SUPPORTED,2026-09-30,
Batch 33 Wave 03,B33W3E0152,Career,C002207,organization_id,ORG000340,B33W3S0031,基本情報 > 出身校（大）：大阪体育大学,B.LEAGUE公式プロフィールで出身校（大）を確認,SUPPORTED,2026-09-30,
Batch 33 Wave 03,B33W3E0153,Career,C002208,organization_id,ORG000225,B33W3S0031,クラブ所属履歴 > 「2022-23 豊田合成」,B.LEAGUE公式の所属履歴で在籍を確認（略称表記）,SUPPORTED,2026-09-30,
Batch 33 Wave 03,B33W3E0154,Career,C002208,organization_id,ORG000225,B33W3S0023,順位表 > クラブ「豊田合成スコーピオンズ」（略称「豊田合成」、club_detail TeamID=752）,公式順位表で略称とクラブ名・TeamIDの対応を確認,SUPPORTED,2026-09-30,
Batch 33 Wave 03,B33W3E0155,Career,C002208,start,2022,B33W3S0031,クラブ所属履歴 > 「2022-23 豊田合成」,所属履歴の最初のシーズン2022-23の開始年,SUPPORTED,2026-09-30,
Batch 33 Wave 03,B33W3E0156,Career,C002208,end,2023,B33W3S0031,クラブ所属履歴 > 「2022-23 豊田合成」,所属履歴の最後のシーズン2022-23の終了年,SUPPORTED,2026-09-30,
Batch 33 Wave 03,B33W3E0157,Career,C002209,organization_id,ORG000046,B33W3S0031,クラブ所属履歴 > 「2023-24 東京Z」,B.LEAGUE公式の所属履歴で在籍を確認（略称表記）,SUPPORTED,2026-09-30,
Batch 33 Wave 03,B33W3E0158,Career,C002209,organization_id,ORG000046,B33W3S0011,順位表 > クラブ「アースフレンズ東京Z」（略称「東京Z」、club_detail TeamID=715）,公式順位表で略称とクラブ名・TeamIDの対応を確認,SUPPORTED,2026-09-30,
Batch 33 Wave 03,B33W3E0159,Career,C002209,start,2023,B33W3S0031,クラブ所属履歴 > 「2023-24 東京Z」,所属履歴の最初のシーズン2023-24の開始年,SUPPORTED,2026-09-30,
Batch 33 Wave 03,B33W3E0160,Career,C002209,end,2024,B33W3S0031,クラブ所属履歴 > 「2023-24 東京Z」,所属履歴の最後のシーズン2023-24の終了年,SUPPORTED,2026-09-30,
Batch 33 Wave 03,B33W3E0161,Career,C002210,organization_id,ORG000224,B33W3S0031,クラブ所属履歴 > 「2024-25 香川」〜「2025-26 香川」,B.LEAGUE公式の所属履歴で在籍を確認（略称表記）,SUPPORTED,2026-09-30,
Batch 33 Wave 03,B33W3E0162,Career,C002210,organization_id,ORG000224,B33W3S0015,順位表 > クラブ「香川ファイブアローズ」（略称「香川」、club_detail TeamID=722）,公式順位表で略称とクラブ名・TeamIDの対応を確認,SUPPORTED,2026-09-30,
Batch 33 Wave 03,B33W3E0163,Career,C002210,start,2024,B33W3S0031,クラブ所属履歴 > 「2024-25 香川」,所属履歴の最初のシーズン2024-25の開始年,SUPPORTED,2026-09-30,
Batch 33 Wave 03,B33W3E0164,Career,C002210,end,2026,B33W3S0031,クラブ所属履歴 > 「2025-26 香川」,所属履歴の最後のシーズン2025-26の終了年,SUPPORTED,2026-09-30,
Batch 33 Wave 03,B33W3E0165,Career,C002211,organization_id,ORG000205,B33W3S0031,クラブ所属履歴 > 「2026-27 金沢」,B.LEAGUE公式の所属履歴で在籍を確認（略称表記）,SUPPORTED,2026-09-30,
Batch 33 Wave 03,B33W3E0166,Career,C002211,organization_id,ORG000205,B33W3S0003,順位表 > クラブ「金沢サムライズ」（略称「金沢」、club_detail TeamID=750）,公式順位表で略称とクラブ名・TeamIDの対応を確認,SUPPORTED,2026-09-30,
Batch 33 Wave 03,B33W3E0167,Career,C002211,start,2026,B33W3S0031,クラブ所属履歴 > 「2026-27 金沢」,所属履歴の最初のシーズン2026-27の開始年,SUPPORTED,2026-09-30,
Batch 33 Wave 03,B33W3E0168,Career,C002211,organization_id,ORG000205,B33W3S0030,選手一覧 > 金沢 > 請田 祐哉,2026-27シーズンの公式選手一覧で現所属を確認,SUPPORTED,2026-09-30,
Batch 33 Wave 03,B33W3E0169,Person,P000472,name,酒井 達晶,B33W3S0032,基本情報 > 選手名,B.LEAGUE公式プロフィールで氏名を確認,SUPPORTED,2026-09-30,
Batch 33 Wave 03,B33W3E0170,Person,P000472,birth_date,1997-05-06,B33W3S0032,基本情報 > 生年月日：1997年5月6日,B.LEAGUE公式プロフィールで生年月日を確認,SUPPORTED,2026-09-30,
Batch 33 Wave 03,B33W3E0171,Career,C002212,organization_id,ORG000240,B33W3S0032,基本情報 > 出身校（高）：北陸学院高等学校 - セントトーマスモアスクール,B.LEAGUE公式プロフィールで出身校（高）を確認,SUPPORTED,2026-09-30,
Batch 33 Wave 03,B33W3E0172,Career,C002213,organization_id,ORG000108,B33W3S0032,基本情報 > 出身校（高）：北陸学院高等学校 - セントトーマスモアスクール,B.LEAGUE公式プロフィールで出身校（高）を確認,SUPPORTED,2026-09-30,
Batch 33 Wave 03,B33W3E0173,Career,C002214,organization_id,ORG000418,B33W3S0032,基本情報 > 出身校（大）：セントジョセフ大学,B.LEAGUE公式プロフィールで出身校（大）を確認,SUPPORTED,2026-09-30,
Batch 33 Wave 03,B33W3E0174,Career,C002215,organization_id,ORG000205,B33W3S0032,クラブ所属履歴 > 「2024-25 金沢」〜「2026-27 金沢」,B.LEAGUE公式の所属履歴で在籍を確認（略称表記）,SUPPORTED,2026-09-30,
Batch 33 Wave 03,B33W3E0175,Career,C002215,organization_id,ORG000205,B33W3S0015,順位表 > クラブ「金沢武士団」（略称「金沢」、club_detail TeamID=750）,公式順位表で略称とクラブ名・TeamIDの対応を確認,SUPPORTED,2026-09-30,
Batch 33 Wave 03,B33W3E0176,Career,C002215,start,2024,B33W3S0032,クラブ所属履歴 > 「2024-25 金沢」,所属履歴の最初のシーズン2024-25の開始年,SUPPORTED,2026-09-30,
Batch 33 Wave 03,B33W3E0177,Career,C002215,organization_id,ORG000205,B33W3S0030,選手一覧 > 金沢 > 酒井 達晶,2026-27シーズンの公式選手一覧で現所属を確認,SUPPORTED,2026-09-30,
Batch 33 Wave 03,B33W3E0178,Person,P000473,name,清水 愛葉,B33W3S0033,基本情報 > 選手名,B.LEAGUE公式プロフィールで氏名を確認,SUPPORTED,2026-09-30,
Batch 33 Wave 03,B33W3E0179,Person,P000473,birth_date,2003-07-08,B33W3S0033,基本情報 > 生年月日：2003年7月8日,B.LEAGUE公式プロフィールで生年月日を確認,SUPPORTED,2026-09-30,
Batch 33 Wave 03,B33W3E0180,Career,C002216,organization_id,ORG000240,B33W3S0033,基本情報 > 出身校（高）：北陸学院高等学校,B.LEAGUE公式プロフィールで出身校（高）を確認,SUPPORTED,2026-09-30,
Batch 33 Wave 03,B33W3E0181,Career,C002217,organization_id,ORG000018,B33W3S0033,基本情報 > 出身校（大）：専修大学,B.LEAGUE公式プロフィールで出身校（大）を確認,SUPPORTED,2026-09-30,
Batch 33 Wave 03,B33W3E0182,Career,C002218,organization_id,ORG000205,B33W3S0033,クラブ所属履歴 > 「2025-26 金沢」〜「2026-27 金沢」,B.LEAGUE公式の所属履歴で在籍を確認（略称表記）,SUPPORTED,2026-09-30,
Batch 33 Wave 03,B33W3E0183,Career,C002218,organization_id,ORG000205,B33W3S0012,順位表 > クラブ「金沢武士団」（略称「金沢」、club_detail TeamID=750）,公式順位表で略称とクラブ名・TeamIDの対応を確認,SUPPORTED,2026-09-30,
Batch 33 Wave 03,B33W3E0184,Career,C002218,start,2025,B33W3S0033,クラブ所属履歴 > 「2025-26 金沢」,所属履歴の最初のシーズン2025-26の開始年,SUPPORTED,2026-09-30,
Batch 33 Wave 03,B33W3E0185,Career,C002218,organization_id,ORG000205,B33W3S0030,選手一覧 > 金沢 > 清水 愛葉,2026-27シーズンの公式選手一覧で現所属を確認,SUPPORTED,2026-09-30,
Batch 33 Wave 03,B33W3E0186,Person,P000474,name,バローン マーテル,B33W3S0034,基本情報 > 選手名,B.LEAGUE公式プロフィールで氏名を確認,SUPPORTED,2026-09-30,
Batch 33 Wave 03,B33W3E0187,Person,P000474,birth_date,1995-01-10,B33W3S0034,基本情報 > 生年月日：1995年1月10日,B.LEAGUE公式プロフィールで生年月日を確認,SUPPORTED,2026-09-30,
Batch 33 Wave 03,B33W3E0188,Career,C002219,organization_id,ORG000419,B33W3S0034,基本情報 > 出身校（高）：Kent-Meridian,B.LEAGUE公式プロフィールで出身校（高）を確認,SUPPORTED,2026-09-30,
Batch 33 Wave 03,B33W3E0189,Career,C002220,organization_id,ORG000309,B33W3S0034,基本情報 > 出身校（大）：上武大学,B.LEAGUE公式プロフィールで出身校（大）を確認,SUPPORTED,2026-09-30,
Batch 33 Wave 03,B33W3E0190,Career,C002221,organization_id,ORG000102,B33W3S0034,クラブ所属履歴 > 「2017-18 東京CR」,B.LEAGUE公式の所属履歴で在籍を確認（略称表記）,SUPPORTED,2026-09-30,
Batch 33 Wave 03,B33W3E0191,Career,C002221,organization_id,ORG000102,B33W3S0035,順位表 > クラブ「東京サンレーヴス」（略称「東京CR」、club_detail TeamID=748）,公式順位表で略称とクラブ名・TeamIDの対応を確認,SUPPORTED,2026-09-30,
Batch 33 Wave 03,B33W3E0192,Career,C002221,start,2017,B33W3S0034,クラブ所属履歴 > 「2017-18 東京CR」,所属履歴の最初のシーズン2017-18の開始年,SUPPORTED,2026-09-30,
Batch 33 Wave 03,B33W3E0193,Career,C002221,end,2018,B33W3S0034,クラブ所属履歴 > 「2017-18 東京CR」,所属履歴の最後のシーズン2017-18の終了年,SUPPORTED,2026-09-30,
Batch 33 Wave 03,B33W3E0194,Career,C002222,organization_id,ORG000091,B33W3S0034,クラブ所属履歴 > 「2023-24 愛媛」,B.LEAGUE公式の所属履歴で在籍を確認（略称表記）,SUPPORTED,2026-09-30,
Batch 33 Wave 03,B33W3E0195,Career,C002222,organization_id,ORG000091,B33W3S0036,順位表 > クラブ「愛媛オレンジバイキングス」（略称「愛媛」、club_detail TeamID=723）,公式順位表で略称とクラブ名・TeamIDの対応を確認,SUPPORTED,2026-09-30,
Batch 33 Wave 03,B33W3E0196,Career,C002222,start,2023,B33W3S0034,クラブ所属履歴 > 「2023-24 愛媛」,所属履歴の最初のシーズン2023-24の開始年,SUPPORTED,2026-09-30,
Batch 33 Wave 03,B33W3E0197,Career,C002222,end,2024,B33W3S0034,クラブ所属履歴 > 「2023-24 愛媛」,所属履歴の最後のシーズン2023-24の終了年,SUPPORTED,2026-09-30,
Batch 33 Wave 03,B33W3E0198,Career,C002223,organization_id,ORG000227,B33W3S0034,クラブ所属履歴 > 「2024-25 静岡」〜「2025-26 静岡」,B.LEAGUE公式の所属履歴で在籍を確認（略称表記）,SUPPORTED,2026-09-30,
Batch 33 Wave 03,B33W3E0199,Career,C002223,organization_id,ORG000227,B33W3S0002,順位表 > クラブ「ベルテックス静岡」（略称「静岡」、club_detail TeamID=1637）,公式順位表で略称とクラブ名・TeamIDの対応を確認,SUPPORTED,2026-09-30,
Batch 33 Wave 03,B33W3E0200,Career,C002223,start,2024,B33W3S0034,クラブ所属履歴 > 「2024-25 静岡」,所属履歴の最初のシーズン2024-25の開始年,SUPPORTED,2026-09-30,
Batch 33 Wave 03,B33W3E0201,Career,C002223,end,2026,B33W3S0034,クラブ所属履歴 > 「2025-26 静岡」,所属履歴の最後のシーズン2025-26の終了年,SUPPORTED,2026-09-30,
Batch 33 Wave 03,B33W3E0202,Career,C002224,organization_id,ORG000205,B33W3S0034,クラブ所属履歴 > 「2026-27 金沢」,B.LEAGUE公式の所属履歴で在籍を確認（略称表記）,SUPPORTED,2026-09-30,
Batch 33 Wave 03,B33W3E0203,Career,C002224,organization_id,ORG000205,B33W3S0003,順位表 > クラブ「金沢サムライズ」（略称「金沢」、club_detail TeamID=750）,公式順位表で略称とクラブ名・TeamIDの対応を確認,SUPPORTED,2026-09-30,
Batch 33 Wave 03,B33W3E0204,Career,C002224,start,2026,B33W3S0034,クラブ所属履歴 > 「2026-27 金沢」,所属履歴の最初のシーズン2026-27の開始年,SUPPORTED,2026-09-30,
Batch 33 Wave 03,B33W3E0205,Career,C002224,organization_id,ORG000205,B33W3S0030,選手一覧 > 金沢 > バローン マーテル,2026-27シーズンの公式選手一覧で現所属を確認,SUPPORTED,2026-09-30,
Batch 33 Wave 03,B33W3E0206,Person,P000475,name,マーク・バートン,B33W3S0037,基本情報 > 選手名,B.LEAGUE公式プロフィールで氏名を確認,SUPPORTED,2026-09-30,
Batch 33 Wave 03,B33W3E0207,Person,P000475,birth_date,1998-01-30,B33W3S0037,基本情報 > 生年月日：1998年1月30日,B.LEAGUE公式プロフィールで生年月日を確認,SUPPORTED,2026-09-30,
Batch 33 Wave 03,B33W3E0208,Career,C002225,organization_id,ORG000420,B33W3S0037,基本情報 > 出身校（高）：Layton Christian Academy,B.LEAGUE公式プロフィールで出身校（高）を確認,SUPPORTED,2026-09-30,
Batch 33 Wave 03,B33W3E0209,Career,C002226,organization_id,ORG000421,B33W3S0037,基本情報 > 出身校（大）：Clark Atlanta University,B.LEAGUE公式プロフィールで出身校（大）を確認,SUPPORTED,2026-09-30,
Batch 33 Wave 03,B33W3E0210,Career,C002227,organization_id,ORG000046,B33W3S0037,クラブ所属履歴 > 「2021-22 東京Z」,B.LEAGUE公式の所属履歴で在籍を確認（略称表記）,SUPPORTED,2026-09-30,
Batch 33 Wave 03,B33W3E0211,Career,C002227,organization_id,ORG000046,B33W3S0010,順位表 > クラブ「アースフレンズ東京Z」（略称「東京Z」、club_detail TeamID=715）,公式順位表で略称とクラブ名・TeamIDの対応を確認,SUPPORTED,2026-09-30,
Batch 33 Wave 03,B33W3E0212,Career,C002227,start,2021,B33W3S0037,クラブ所属履歴 > 「2021-22 東京Z」,所属履歴の最初のシーズン2021-22の開始年,SUPPORTED,2026-09-30,
Batch 33 Wave 03,B33W3E0213,Career,C002227,end,2022,B33W3S0037,クラブ所属履歴 > 「2021-22 東京Z」,所属履歴の最後のシーズン2021-22の終了年,SUPPORTED,2026-09-30,
Batch 33 Wave 03,B33W3E0214,Career,C002228,organization_id,ORG000202,B33W3S0037,クラブ所属履歴 > 「2023-24 福島」,B.LEAGUE公式の所属履歴で在籍を確認（略称表記）,SUPPORTED,2026-09-30,
Batch 33 Wave 03,B33W3E0215,Career,C002228,organization_id,ORG000202,B33W3S0036,順位表 > クラブ「福島ファイヤーボンズ」（略称「福島」、club_detail TeamID=711）,公式順位表で略称とクラブ名・TeamIDの対応を確認,SUPPORTED,2026-09-30,
Batch 33 Wave 03,B33W3E0216,Career,C002228,start,2023,B33W3S0037,クラブ所属履歴 > 「2023-24 福島」,所属履歴の最初のシーズン2023-24の開始年,SUPPORTED,2026-09-30,
Batch 33 Wave 03,B33W3E0217,Career,C002228,end,2024,B33W3S0037,クラブ所属履歴 > 「2023-24 福島」,所属履歴の最後のシーズン2023-24の終了年,SUPPORTED,2026-09-30,
Batch 33 Wave 03,B33W3E0218,Career,C002229,organization_id,ORG000180,B33W3S0037,クラブ所属履歴 > 「2025-26 FE名古屋」,B.LEAGUE公式の所属履歴で在籍を確認（略称表記）,SUPPORTED,2026-09-30,
Batch 33 Wave 03,B33W3E0219,Career,C002229,organization_id,ORG000180,B33W3S0038,順位表 > クラブ「ファイティングイーグルス名古屋」（略称「FE名古屋」、club_detail TeamID=717）,公式順位表で略称とクラブ名・TeamIDの対応を確認,SUPPORTED,2026-09-30,
Batch 33 Wave 03,B33W3E0220,Career,C002229,start,2025,B33W3S0037,クラブ所属履歴 > 「2025-26 FE名古屋」,所属履歴の最初のシーズン2025-26の開始年,SUPPORTED,2026-09-30,
Batch 33 Wave 03,B33W3E0221,Career,C002229,end,2026,B33W3S0037,クラブ所属履歴 > 「2025-26 FE名古屋」,所属履歴の最後のシーズン2025-26の終了年,SUPPORTED,2026-09-30,
Batch 33 Wave 03,B33W3E0222,Career,C002230,organization_id,ORG000205,B33W3S0037,クラブ所属履歴 > 「2026-27 金沢」,B.LEAGUE公式の所属履歴で在籍を確認（略称表記）,SUPPORTED,2026-09-30,
Batch 33 Wave 03,B33W3E0223,Career,C002230,organization_id,ORG000205,B33W3S0003,順位表 > クラブ「金沢サムライズ」（略称「金沢」、club_detail TeamID=750）,公式順位表で略称とクラブ名・TeamIDの対応を確認,SUPPORTED,2026-09-30,
Batch 33 Wave 03,B33W3E0224,Career,C002230,start,2026,B33W3S0037,クラブ所属履歴 > 「2026-27 金沢」,所属履歴の最初のシーズン2026-27の開始年,SUPPORTED,2026-09-30,
Batch 33 Wave 03,B33W3E0225,Career,C002230,organization_id,ORG000205,B33W3S0030,選手一覧 > 金沢 > マーク・バートン,2026-27シーズンの公式選手一覧で現所属を確認,SUPPORTED,2026-09-30,
Batch 33 Wave 03,B33W3E0226,Person,P000476,name,満尾 竜次,B33W3S0039,基本情報 > 選手名,B.LEAGUE公式プロフィールで氏名を確認,SUPPORTED,2026-09-30,
Batch 33 Wave 03,B33W3E0227,Person,P000476,birth_date,2001-02-26,B33W3S0039,基本情報 > 生年月日：2001年2月26日,B.LEAGUE公式プロフィールで生年月日を確認,SUPPORTED,2026-09-30,
Batch 33 Wave 03,B33W3E0228,Career,C002231,organization_id,ORG000422,B33W3S0039,基本情報 > 出身校（高）：兵庫県立尼崎小田高等学校,B.LEAGUE公式プロフィールで出身校（高）を確認,SUPPORTED,2026-09-30,
Batch 33 Wave 03,B33W3E0229,Career,C002232,organization_id,ORG000423,B33W3S0039,基本情報 > 出身校（大）：立命館大学,B.LEAGUE公式プロフィールで出身校（大）を確認,SUPPORTED,2026-09-30,
Batch 33 Wave 03,B33W3E0230,Career,C002233,organization_id,ORG000180,B33W3S0039,クラブ所属履歴 > 「2022-23 FE名古屋」〜「2023-24 FE名古屋」,B.LEAGUE公式の所属履歴で在籍を確認（略称表記）,SUPPORTED,2026-09-30,
Batch 33 Wave 03,B33W3E0231,Career,C002233,organization_id,ORG000180,B33W3S0020,順位表 > クラブ「ファイティングイーグルス名古屋」（略称「FE名古屋」、club_detail TeamID=717）,公式順位表で略称とクラブ名・TeamIDの対応を確認,SUPPORTED,2026-09-30,
Batch 33 Wave 03,B33W3E0232,Career,C002233,start,2022,B33W3S0039,クラブ所属履歴 > 「2022-23 FE名古屋」,所属履歴の最初のシーズン2022-23の開始年,SUPPORTED,2026-09-30,
Batch 33 Wave 03,B33W3E0233,Career,C002233,end,2024,B33W3S0039,クラブ所属履歴 > 「2023-24 FE名古屋」,所属履歴の最後のシーズン2023-24の終了年,SUPPORTED,2026-09-30,
Batch 33 Wave 03,B33W3E0234,Career,C002234,organization_id,ORG000205,B33W3S0039,クラブ所属履歴 > 「2026-27 金沢」,B.LEAGUE公式の所属履歴で在籍を確認（略称表記）,SUPPORTED,2026-09-30,
Batch 33 Wave 03,B33W3E0235,Career,C002234,organization_id,ORG000205,B33W3S0003,順位表 > クラブ「金沢サムライズ」（略称「金沢」、club_detail TeamID=750）,公式順位表で略称とクラブ名・TeamIDの対応を確認,SUPPORTED,2026-09-30,
Batch 33 Wave 03,B33W3E0236,Career,C002234,start,2026,B33W3S0039,クラブ所属履歴 > 「2026-27 金沢」,所属履歴の最初のシーズン2026-27の開始年,SUPPORTED,2026-09-30,
Batch 33 Wave 03,B33W3E0237,Career,C002234,organization_id,ORG000205,B33W3S0030,選手一覧 > 金沢 > 満尾 竜次,2026-27シーズンの公式選手一覧で現所属を確認,SUPPORTED,2026-09-30,
Batch 33 Wave 03,B33W3E0238,Person,P000477,name,村上 駿斗,B33W3S0040,基本情報 > 選手名,B.LEAGUE公式プロフィールで氏名を確認,SUPPORTED,2026-09-30,
Batch 33 Wave 03,B33W3E0239,Person,P000477,birth_date,1996-02-17,B33W3S0040,基本情報 > 生年月日：1996年2月17日,B.LEAGUE公式プロフィールで生年月日を確認,SUPPORTED,2026-09-30,
Batch 33 Wave 03,B33W3E0240,Career,C002235,organization_id,ORG000263,B33W3S0040,基本情報 > 出身校（高）：山形県立山形南高等学校,B.LEAGUE公式プロフィールで出身校（高）を確認,SUPPORTED,2026-09-30,
Batch 33 Wave 03,B33W3E0241,Career,C002236,organization_id,ORG000121,B33W3S0040,基本情報 > 出身校（大）：日本大学,B.LEAGUE公式プロフィールで出身校（大）を確認,SUPPORTED,2026-09-30,
Batch 33 Wave 03,B33W3E0242,Career,C002237,organization_id,ORG000181,B33W3S0040,クラブ所属履歴 > 「2016-17 山形」,B.LEAGUE公式の所属履歴で在籍を確認（略称表記）,SUPPORTED,2026-09-30,
Batch 33 Wave 03,B33W3E0243,Career,C002237,organization_id,ORG000181,B33W3S0041,順位表 > クラブ「山形ワイヴァンズ」（略称「山形」、club_detail TeamID=710）,公式順位表で略称とクラブ名・TeamIDの対応を確認,SUPPORTED,2026-09-30,
Batch 33 Wave 03,B33W3E0244,Career,C002237,start,2016,B33W3S0040,クラブ所属履歴 > 「2016-17 山形」,所属履歴の最初のシーズン2016-17の開始年,SUPPORTED,2026-09-30,
Batch 33 Wave 03,B33W3E0245,Career,C002237,end,2017,B33W3S0040,クラブ所属履歴 > 「2016-17 山形」,所属履歴の最後のシーズン2016-17の終了年,SUPPORTED,2026-09-30,
Batch 33 Wave 03,B33W3E0246,Career,C002238,organization_id,ORG000110,B33W3S0040,クラブ所属履歴 > 「2017-18 広島」〜「2018-19 広島」,B.LEAGUE公式の所属履歴で在籍を確認（略称表記）,SUPPORTED,2026-09-30,
Batch 33 Wave 03,B33W3E0247,Career,C002238,organization_id,ORG000110,B33W3S0042,順位表 > クラブ「広島ドラゴンフライズ」（略称「広島」、club_detail TeamID=721）,公式順位表で略称とクラブ名・TeamIDの対応を確認,SUPPORTED,2026-09-30,
Batch 33 Wave 03,B33W3E0248,Career,C002238,start,2017,B33W3S0040,クラブ所属履歴 > 「2017-18 広島」,所属履歴の最初のシーズン2017-18の開始年,SUPPORTED,2026-09-30,
Batch 33 Wave 03,B33W3E0249,Career,C002238,end,2019,B33W3S0040,クラブ所属履歴 > 「2018-19 広島」,所属履歴の最後のシーズン2018-19の終了年,SUPPORTED,2026-09-30,
Batch 33 Wave 03,B33W3E0250,Career,C002239,organization_id,ORG000040,B33W3S0040,クラブ所属履歴 > 「2019-20 福岡」,B.LEAGUE公式の所属履歴で在籍を確認（略称表記）,SUPPORTED,2026-09-30,
Batch 33 Wave 03,B33W3E0251,Career,C002239,organization_id,ORG000040,B33W3S0017,順位表 > クラブ「ライジングゼファー福岡」（略称「福岡」、club_detail TeamID=753）,公式順位表で略称とクラブ名・TeamIDの対応を確認,SUPPORTED,2026-09-30,
Batch 33 Wave 03,B33W3E0252,Career,C002239,start,2019,B33W3S0040,クラブ所属履歴 > 「2019-20 福岡」,所属履歴の最初のシーズン2019-20の開始年,SUPPORTED,2026-09-30,
Batch 33 Wave 03,B33W3E0253,Career,C002239,end,2020,B33W3S0040,クラブ所属履歴 > 「2019-20 福岡」,所属履歴の最後のシーズン2019-20の終了年,SUPPORTED,2026-09-30,
Batch 33 Wave 03,B33W3E0254,Career,C002240,organization_id,ORG000153,B33W3S0040,クラブ所属履歴 > 「2020-21 滋賀」,B.LEAGUE公式の所属履歴で在籍を確認（略称表記）,SUPPORTED,2026-09-30,
Batch 33 Wave 03,B33W3E0255,Career,C002240,organization_id,ORG000153,B33W3S0043,順位表 > クラブ「滋賀レイクスターズ」（略称「滋賀」、club_detail TeamID=698）,公式順位表で略称とクラブ名・TeamIDの対応を確認,SUPPORTED,2026-09-30,
Batch 33 Wave 03,B33W3E0256,Career,C002240,start,2020,B33W3S0040,クラブ所属履歴 > 「2020-21 滋賀」,所属履歴の最初のシーズン2020-21の開始年,SUPPORTED,2026-09-30,
Batch 33 Wave 03,B33W3E0257,Career,C002240,end,2021,B33W3S0040,クラブ所属履歴 > 「2020-21 滋賀」,所属履歴の最後のシーズン2020-21の終了年,SUPPORTED,2026-09-30,
Batch 33 Wave 03,B33W3E0258,Career,C002241,organization_id,ORG000181,B33W3S0040,クラブ所属履歴 > 「2021-22 山形」〜「2022-23 山形」,B.LEAGUE公式の所属履歴で在籍を確認（略称表記）,SUPPORTED,2026-09-30,
Batch 33 Wave 03,B33W3E0259,Career,C002241,organization_id,ORG000181,B33W3S0010,順位表 > クラブ「山形ワイヴァンズ」（略称「山形」、club_detail TeamID=710）,公式順位表で略称とクラブ名・TeamIDの対応を確認,SUPPORTED,2026-09-30,
Batch 33 Wave 03,B33W3E0260,Career,C002241,start,2021,B33W3S0040,クラブ所属履歴 > 「2021-22 山形」,所属履歴の最初のシーズン2021-22の開始年,SUPPORTED,2026-09-30,
Batch 33 Wave 03,B33W3E0261,Career,C002241,end,2023,B33W3S0040,クラブ所属履歴 > 「2022-23 山形」,所属履歴の最後のシーズン2022-23の終了年,SUPPORTED,2026-09-30,
Batch 33 Wave 03,B33W3E0262,Career,C002242,organization_id,ORG000040,B33W3S0040,クラブ所属履歴 > 「2023-24 福岡」〜「2025-26 福岡」,B.LEAGUE公式の所属履歴で在籍を確認（略称表記）,SUPPORTED,2026-09-30,
Batch 33 Wave 03,B33W3E0263,Career,C002242,organization_id,ORG000040,B33W3S0036,順位表 > クラブ「ライジングゼファー福岡」（略称「福岡」、club_detail TeamID=753）,公式順位表で略称とクラブ名・TeamIDの対応を確認,SUPPORTED,2026-09-30,
Batch 33 Wave 03,B33W3E0264,Career,C002242,start,2023,B33W3S0040,クラブ所属履歴 > 「2023-24 福岡」,所属履歴の最初のシーズン2023-24の開始年,SUPPORTED,2026-09-30,
Batch 33 Wave 03,B33W3E0265,Career,C002242,end,2026,B33W3S0040,クラブ所属履歴 > 「2025-26 福岡」,所属履歴の最後のシーズン2025-26の終了年,SUPPORTED,2026-09-30,
Batch 33 Wave 03,B33W3E0266,Career,C002243,organization_id,ORG000205,B33W3S0040,クラブ所属履歴 > 「2026-27 金沢」,B.LEAGUE公式の所属履歴で在籍を確認（略称表記）,SUPPORTED,2026-09-30,
Batch 33 Wave 03,B33W3E0267,Career,C002243,organization_id,ORG000205,B33W3S0003,順位表 > クラブ「金沢サムライズ」（略称「金沢」、club_detail TeamID=750）,公式順位表で略称とクラブ名・TeamIDの対応を確認,SUPPORTED,2026-09-30,
Batch 33 Wave 03,B33W3E0268,Career,C002243,start,2026,B33W3S0040,クラブ所属履歴 > 「2026-27 金沢」,所属履歴の最初のシーズン2026-27の開始年,SUPPORTED,2026-09-30,
Batch 33 Wave 03,B33W3E0269,Career,C002243,organization_id,ORG000205,B33W3S0030,選手一覧 > 金沢 > 村上 駿斗,2026-27シーズンの公式選手一覧で現所属を確認,SUPPORTED,2026-09-30,
Batch 33 Wave 03,B33W3E0270,Person,P000478,name,川島 聖那,B33W3S0044,基本情報 > 選手名,B.LEAGUE公式プロフィールで氏名を確認,SUPPORTED,2026-09-30,
Batch 33 Wave 03,B33W3E0271,Person,P000478,birth_date,2000-03-14,B33W3S0044,基本情報 > 生年月日：2000年3月14日,B.LEAGUE公式プロフィールで生年月日を確認,SUPPORTED,2026-09-30,
Batch 33 Wave 03,B33W3E0272,Career,C002244,organization_id,ORG000127,B33W3S0044,基本情報 > 出身校（高）：福岡大学付属大濠高等学校,B.LEAGUE公式プロフィールで出身校（高）を確認,SUPPORTED,2026-09-30,
Batch 33 Wave 03,B33W3E0273,Career,C002245,organization_id,ORG000207,B33W3S0044,基本情報 > 出身校（大）：法政大学,B.LEAGUE公式プロフィールで出身校（大）を確認,SUPPORTED,2026-09-30,
Batch 33 Wave 03,B33W3E0274,Career,C002246,organization_id,ORG000180,B33W3S0044,クラブ所属履歴 > 「2021-22 FE名古屋」,B.LEAGUE公式の所属履歴で在籍を確認（略称表記）,SUPPORTED,2026-09-30,
Batch 33 Wave 03,B33W3E0275,Career,C002246,organization_id,ORG000180,B33W3S0010,順位表 > クラブ「ファイティングイーグルス名古屋」（略称「FE名古屋」、club_detail TeamID=717）,公式順位表で略称とクラブ名・TeamIDの対応を確認,SUPPORTED,2026-09-30,
Batch 33 Wave 03,B33W3E0276,Career,C002246,start,2021,B33W3S0044,クラブ所属履歴 > 「2021-22 FE名古屋」,所属履歴の最初のシーズン2021-22の開始年,SUPPORTED,2026-09-30,
Batch 33 Wave 03,B33W3E0277,Career,C002246,end,2022,B33W3S0044,クラブ所属履歴 > 「2021-22 FE名古屋」,所属履歴の最後のシーズン2021-22の終了年,SUPPORTED,2026-09-30,
Batch 33 Wave 03,B33W3E0278,Career,C002247,organization_id,ORG000043,B33W3S0044,クラブ所属履歴 > 「2022-23 神戸」〜「2024-25 神戸」,B.LEAGUE公式の所属履歴で在籍を確認（略称表記）,SUPPORTED,2026-09-30,
Batch 33 Wave 03,B33W3E0279,Career,C002247,organization_id,ORG000043,B33W3S0045,順位表 > クラブ「西宮ストークス」（略称「西宮」、club_detail TeamID=718）,公式順位表で略称とクラブ名・TeamIDの対応を確認,SUPPORTED,2026-09-30,
Batch 33 Wave 03,B33W3E0280,Career,C002247,start,2022,B33W3S0044,クラブ所属履歴 > 「2022-23 神戸」,所属履歴の最初のシーズン2022-23の開始年,SUPPORTED,2026-09-30,
Batch 33 Wave 03,B33W3E0281,Career,C002247,end,2025,B33W3S0044,クラブ所属履歴 > 「2024-25 神戸」,所属履歴の最後のシーズン2024-25の終了年,SUPPORTED,2026-09-30,
Batch 33 Wave 03,B33W3E0282,Career,C002248,organization_id,ORG000200,B33W3S0044,クラブ所属履歴 > 「2025-26 福井」〜「2026-27 福井」,B.LEAGUE公式の所属履歴で在籍を確認（略称表記）,SUPPORTED,2026-09-30,
Batch 33 Wave 03,B33W3E0283,Career,C002248,organization_id,ORG000200,B33W3S0029,順位表 > クラブ「福井ブローウィンズ」（略称「福井」、club_detail TeamID=2891）,公式順位表で略称とクラブ名・TeamIDの対応を確認,SUPPORTED,2026-09-30,
Batch 33 Wave 03,B33W3E0284,Career,C002248,start,2025,B33W3S0044,クラブ所属履歴 > 「2025-26 福井」,所属履歴の最初のシーズン2025-26の開始年,SUPPORTED,2026-09-30,
Batch 33 Wave 03,B33W3E0285,Career,C002248,organization_id,ORG000200,B33W3S0046,選手一覧 > 福井 > 川島 聖那,2026-27シーズンの公式選手一覧で現所属を確認,SUPPORTED,2026-09-30,
Batch 33 Wave 03,B33W3E0286,Person,P000479,name,高橋 育実,B33W3S0047,基本情報 > 選手名,B.LEAGUE公式プロフィールで氏名を確認,SUPPORTED,2026-09-30,
Batch 33 Wave 03,B33W3E0287,Person,P000479,birth_date,1998-06-10,B33W3S0047,基本情報 > 生年月日：1998年6月10日,B.LEAGUE公式プロフィールで生年月日を確認,SUPPORTED,2026-09-30,
Batch 33 Wave 03,B33W3E0288,Career,C002249,organization_id,ORG000375,B33W3S0047,基本情報 > 出身校（高）：桜宮高等学校,B.LEAGUE公式プロフィールで出身校（高）を確認,SUPPORTED,2026-09-30,
Batch 33 Wave 03,B33W3E0289,Career,C002250,organization_id,ORG000168,B33W3S0047,基本情報 > 出身校（大）：天理大学,B.LEAGUE公式プロフィールで出身校（大）を確認,SUPPORTED,2026-09-30,
Batch 33 Wave 03,B33W3E0290,Career,C002251,organization_id,ORG000174,B33W3S0047,クラブ所属履歴 > 「2022-23 品川」〜「2023-24 品川」,B.LEAGUE公式の所属履歴で在籍を確認（略称表記）,SUPPORTED,2026-09-30,
Batch 33 Wave 03,B33W3E0291,Career,C002251,organization_id,ORG000174,B33W3S0023,順位表 > クラブ「しながわシティ バスケットボールクラブ」（略称「品川」、club_detail TeamID=748）,公式順位表で略称とクラブ名・TeamIDの対応を確認,SUPPORTED,2026-09-30,
Batch 33 Wave 03,B33W3E0292,Career,C002251,start,2022,B33W3S0047,クラブ所属履歴 > 「2022-23 品川」,所属履歴の最初のシーズン2022-23の開始年,SUPPORTED,2026-09-30,
Batch 33 Wave 03,B33W3E0293,Career,C002251,end,2024,B33W3S0047,クラブ所属履歴 > 「2023-24 品川」,所属履歴の最後のシーズン2023-24の終了年,SUPPORTED,2026-09-30,
Batch 33 Wave 03,B33W3E0294,Career,C002252,organization_id,ORG000224,B33W3S0047,クラブ所属履歴 > 「2024-25 香川」〜「2025-26 香川」,B.LEAGUE公式の所属履歴で在籍を確認（略称表記）,SUPPORTED,2026-09-30,
Batch 33 Wave 03,B33W3E0295,Career,C002252,organization_id,ORG000224,B33W3S0015,順位表 > クラブ「香川ファイブアローズ」（略称「香川」、club_detail TeamID=722）,公式順位表で略称とクラブ名・TeamIDの対応を確認,SUPPORTED,2026-09-30,
Batch 33 Wave 03,B33W3E0296,Career,C002252,start,2024,B33W3S0047,クラブ所属履歴 > 「2024-25 香川」,所属履歴の最初のシーズン2024-25の開始年,SUPPORTED,2026-09-30,
Batch 33 Wave 03,B33W3E0297,Career,C002252,end,2026,B33W3S0047,クラブ所属履歴 > 「2025-26 香川」,所属履歴の最後のシーズン2025-26の終了年,SUPPORTED,2026-09-30,
Batch 33 Wave 03,B33W3E0298,Career,C002253,organization_id,ORG000200,B33W3S0047,クラブ所属履歴 > 「2026-27 福井」,B.LEAGUE公式の所属履歴で在籍を確認（略称表記）,SUPPORTED,2026-09-30,
Batch 33 Wave 03,B33W3E0299,Career,C002253,organization_id,ORG000200,B33W3S0003,順位表 > クラブ「福井ブローウィンズ」（略称「福井」、club_detail TeamID=2891）,公式順位表で略称とクラブ名・TeamIDの対応を確認,SUPPORTED,2026-09-30,
Batch 33 Wave 03,B33W3E0300,Career,C002253,start,2026,B33W3S0047,クラブ所属履歴 > 「2026-27 福井」,所属履歴の最初のシーズン2026-27の開始年,SUPPORTED,2026-09-30,
Batch 33 Wave 03,B33W3E0301,Career,C002253,organization_id,ORG000200,B33W3S0046,選手一覧 > 福井 > 高橋 育実,2026-27シーズンの公式選手一覧で現所属を確認,SUPPORTED,2026-09-30,
Batch 33 Wave 03,B33W3E0302,Person,P000480,name,田渡 修人,B33W3S0048,基本情報 > 選手名,B.LEAGUE公式プロフィールで氏名を確認,SUPPORTED,2026-09-30,
Batch 33 Wave 03,B33W3E0303,Person,P000480,birth_date,1990-01-06,B33W3S0048,基本情報 > 生年月日：1990年1月6日,B.LEAGUE公式プロフィールで生年月日を確認,SUPPORTED,2026-09-30,
Batch 33 Wave 03,B33W3E0304,Career,C002254,organization_id,ORG000293,B33W3S0048,基本情報 > 出身校（高）：京北高等学校(現・東洋大学京北高等学校),B.LEAGUE公式プロフィールで出身校（高）を確認,SUPPORTED,2026-09-30,プロフィール上の表記は「京北高等学校(現・東洋大学京北高等学校)」
Batch 33 Wave 03,B33W3E0305,Career,C002255,organization_id,ORG000166,B33W3S0048,基本情報 > 出身校（大）：筑波大学,B.LEAGUE公式プロフィールで出身校（大）を確認,SUPPORTED,2026-09-30,
Batch 33 Wave 03,B33W3E0306,Career,C002256,organization_id,ORG000097,B33W3S0048,クラブ所属履歴 > 「2016-17 三遠」〜「2018-19 三遠」,B.LEAGUE公式の所属履歴で在籍を確認（略称表記）,SUPPORTED,2026-09-30,
Batch 33 Wave 03,B33W3E0307,Career,C002256,organization_id,ORG000097,B33W3S0006,順位表 > クラブ「三遠ネオフェニックス」（略称「三遠」、club_detail TeamID=697）,公式順位表で略称とクラブ名・TeamIDの対応を確認,SUPPORTED,2026-09-30,
Batch 33 Wave 03,B33W3E0308,Career,C002256,start,2016,B33W3S0048,クラブ所属履歴 > 「2016-17 三遠」,所属履歴の最初のシーズン2016-17の開始年,SUPPORTED,2026-09-30,
Batch 33 Wave 03,B33W3E0309,Career,C002256,end,2019,B33W3S0048,クラブ所属履歴 > 「2018-19 三遠」,所属履歴の最後のシーズン2018-19の終了年,SUPPORTED,2026-09-30,
Batch 33 Wave 03,B33W3E0310,Career,C002257,organization_id,ORG000114,B33W3S0048,クラブ所属履歴 > 「2019-20 SR渋谷」〜「2022-23 SR渋谷」,B.LEAGUE公式の所属履歴で在籍を確認（略称表記）,SUPPORTED,2026-09-30,
Batch 33 Wave 03,B33W3E0311,Career,C002257,organization_id,ORG000114,B33W3S0008,順位表 > クラブ「サンロッカーズ渋谷」（略称「SR渋谷」、club_detail TeamID=726）,公式順位表で略称とクラブ名・TeamIDの対応を確認,SUPPORTED,2026-09-30,
Batch 33 Wave 03,B33W3E0312,Career,C002257,start,2019,B33W3S0048,クラブ所属履歴 > 「2019-20 SR渋谷」,所属履歴の最初のシーズン2019-20の開始年,SUPPORTED,2026-09-30,
Batch 33 Wave 03,B33W3E0313,Career,C002257,end,2023,B33W3S0048,クラブ所属履歴 > 「2022-23 SR渋谷」,所属履歴の最後のシーズン2022-23の終了年,SUPPORTED,2026-09-30,
Batch 33 Wave 03,B33W3E0314,Career,C002258,organization_id,ORG000200,B33W3S0048,クラブ所属履歴 > 「2023-24 福井」〜「2026-27 福井」,B.LEAGUE公式の所属履歴で在籍を確認（略称表記）,SUPPORTED,2026-09-30,
Batch 33 Wave 03,B33W3E0315,Career,C002258,organization_id,ORG000200,B33W3S0011,順位表 > クラブ「福井ブローウィンズ」（略称「福井」、club_detail TeamID=2891）,公式順位表で略称とクラブ名・TeamIDの対応を確認,SUPPORTED,2026-09-30,
Batch 33 Wave 03,B33W3E0316,Career,C002258,start,2023,B33W3S0048,クラブ所属履歴 > 「2023-24 福井」,所属履歴の最初のシーズン2023-24の開始年,SUPPORTED,2026-09-30,
Batch 33 Wave 03,B33W3E0317,Career,C002258,organization_id,ORG000200,B33W3S0046,選手一覧 > 福井 > 田渡 修人,2026-27シーズンの公式選手一覧で現所属を確認,SUPPORTED,2026-09-30,
Batch 33 Wave 03,B33W3E0318,Person,P000481,name,塚本 智裕,B33W3S0049,基本情報 > 選手名,B.LEAGUE公式プロフィールで氏名を確認,SUPPORTED,2026-09-30,
Batch 33 Wave 03,B33W3E0319,Person,P000481,birth_date,2003-04-20,B33W3S0049,基本情報 > 生年月日：2003年4月20日,B.LEAGUE公式プロフィールで生年月日を確認,SUPPORTED,2026-09-30,
Batch 33 Wave 03,B33W3E0320,Career,C002259,organization_id,ORG000240,B33W3S0049,基本情報 > 出身校（高）：北陸学院高等学校,B.LEAGUE公式プロフィールで出身校（高）を確認,SUPPORTED,2026-09-30,
Batch 33 Wave 03,B33W3E0321,Career,C002260,organization_id,ORG000128,B33W3S0049,基本情報 > 出身校（大）：大東文化大学,B.LEAGUE公式プロフィールで出身校（大）を確認,SUPPORTED,2026-09-30,
Batch 33 Wave 03,B33W3E0322,Career,C002261,organization_id,ORG000106,B33W3S0049,クラブ所属履歴 > 「2024-25 琉球」,B.LEAGUE公式の所属履歴で在籍を確認（略称表記）,SUPPORTED,2026-09-30,
Batch 33 Wave 03,B33W3E0323,Career,C002261,organization_id,ORG000106,B33W3S0021,順位表 > クラブ「琉球ゴールデンキングス」（略称「琉球」、club_detail TeamID=701）,公式順位表で略称とクラブ名・TeamIDの対応を確認,SUPPORTED,2026-09-30,
Batch 33 Wave 03,B33W3E0324,Career,C002261,start,2024,B33W3S0049,クラブ所属履歴 > 「2024-25 琉球」,所属履歴の最初のシーズン2024-25の開始年,SUPPORTED,2026-09-30,
Batch 33 Wave 03,B33W3E0325,Career,C002261,end,2025,B33W3S0049,クラブ所属履歴 > 「2024-25 琉球」,所属履歴の最後のシーズン2024-25の終了年,SUPPORTED,2026-09-30,
Batch 33 Wave 03,B33W3E0326,Career,C002262,organization_id,ORG000200,B33W3S0049,クラブ所属履歴 > 「2026-27 福井」,B.LEAGUE公式の所属履歴で在籍を確認（略称表記）,SUPPORTED,2026-09-30,
Batch 33 Wave 03,B33W3E0327,Career,C002262,organization_id,ORG000200,B33W3S0003,順位表 > クラブ「福井ブローウィンズ」（略称「福井」、club_detail TeamID=2891）,公式順位表で略称とクラブ名・TeamIDの対応を確認,SUPPORTED,2026-09-30,
Batch 33 Wave 03,B33W3E0328,Career,C002262,start,2026,B33W3S0049,クラブ所属履歴 > 「2026-27 福井」,所属履歴の最初のシーズン2026-27の開始年,SUPPORTED,2026-09-30,
Batch 33 Wave 03,B33W3E0329,Career,C002262,organization_id,ORG000200,B33W3S0046,選手一覧 > 福井 > 塚本 智裕,2026-27シーズンの公式選手一覧で現所属を確認,SUPPORTED,2026-09-30,
Batch 33 Wave 03,B33W3E0330,Person,P000482,name,内藤 英真,B33W3S0050,基本情報 > 選手名,B.LEAGUE公式プロフィールで氏名を確認,SUPPORTED,2026-09-30,
Batch 33 Wave 03,B33W3E0331,Person,P000482,birth_date,2004-12-01,B33W3S0050,基本情報 > 生年月日：2004年12月1日,B.LEAGUE公式プロフィールで生年月日を確認,SUPPORTED,2026-09-30,
Batch 33 Wave 03,B33W3E0332,Career,C002263,organization_id,ORG000200,B33W3S0050,クラブ所属履歴 > 「2024-25 福井」〜「2026-27 福井」,B.LEAGUE公式の所属履歴で在籍を確認（略称表記）,SUPPORTED,2026-09-30,
Batch 33 Wave 03,B33W3E0333,Career,C002263,organization_id,ORG000200,B33W3S0002,順位表 > クラブ「福井ブローウィンズ」（略称「福井」、club_detail TeamID=2891）,公式順位表で略称とクラブ名・TeamIDの対応を確認,SUPPORTED,2026-09-30,
Batch 33 Wave 03,B33W3E0334,Career,C002263,start,2024,B33W3S0050,クラブ所属履歴 > 「2024-25 福井」,所属履歴の最初のシーズン2024-25の開始年,SUPPORTED,2026-09-30,
Batch 33 Wave 03,B33W3E0335,Career,C002263,organization_id,ORG000200,B33W3S0046,選手一覧 > 福井 > 内藤 英真,2026-27シーズンの公式選手一覧で現所属を確認,SUPPORTED,2026-09-30,
Batch 33 Wave 03,B33W3E0336,Person,P000483,name,満田 丈太郎,B33W3S0051,基本情報 > 選手名,B.LEAGUE公式プロフィールで氏名を確認,SUPPORTED,2026-09-30,
Batch 33 Wave 03,B33W3E0337,Person,P000483,birth_date,1994-04-18,B33W3S0051,基本情報 > 生年月日：1994年4月18日,B.LEAGUE公式プロフィールで生年月日を確認,SUPPORTED,2026-09-30,
Batch 33 Wave 03,B33W3E0338,Career,C002264,organization_id,ORG000055,B33W3S0051,クラブ所属履歴 > 「2016-17 横浜」〜「2017-18 横浜」,B.LEAGUE公式の所属履歴で在籍を確認（略称表記）,SUPPORTED,2026-09-30,
Batch 33 Wave 03,B33W3E0339,Career,C002264,organization_id,ORG000055,B33W3S0006,順位表 > クラブ「横浜ビー・コルセアーズ」（略称「横浜」、club_detail TeamID=694）,公式順位表で略称とクラブ名・TeamIDの対応を確認,SUPPORTED,2026-09-30,
Batch 33 Wave 03,B33W3E0340,Career,C002264,start,2016,B33W3S0051,クラブ所属履歴 > 「2016-17 横浜」,所属履歴の最初のシーズン2016-17の開始年,SUPPORTED,2026-09-30,
Batch 33 Wave 03,B33W3E0341,Career,C002264,end,2018,B33W3S0051,クラブ所属履歴 > 「2017-18 横浜」,所属履歴の最後のシーズン2017-18の終了年,SUPPORTED,2026-09-30,
Batch 33 Wave 03,B33W3E0342,Career,C002265,organization_id,ORG000054,B33W3S0051,クラブ所属履歴 > 「2018-19 名古屋D」〜「2019-20 名古屋D」,B.LEAGUE公式の所属履歴で在籍を確認（略称表記）,SUPPORTED,2026-09-30,
Batch 33 Wave 03,B33W3E0343,Career,C002265,organization_id,ORG000054,B33W3S0007,順位表 > クラブ「名古屋ダイヤモンドドルフィンズ」（略称「名古屋D」、club_detail TeamID=729）,公式順位表で略称とクラブ名・TeamIDの対応を確認,SUPPORTED,2026-09-30,
Batch 33 Wave 03,B33W3E0344,Career,C002265,start,2018,B33W3S0051,クラブ所属履歴 > 「2018-19 名古屋D」,所属履歴の最初のシーズン2018-19の開始年,SUPPORTED,2026-09-30,
Batch 33 Wave 03,B33W3E0345,Career,C002265,end,2020,B33W3S0051,クラブ所属履歴 > 「2019-20 名古屋D」,所属履歴の最後のシーズン2019-20の終了年,SUPPORTED,2026-09-30,
Batch 33 Wave 03,B33W3E0346,Career,C002266,organization_id,ORG000042,B33W3S0051,クラブ所属履歴 > 「2020-21 京都」〜「2022-23 京都」,B.LEAGUE公式の所属履歴で在籍を確認（略称表記）,SUPPORTED,2026-09-30,
Batch 33 Wave 03,B33W3E0347,Career,C002266,organization_id,ORG000042,B33W3S0043,順位表 > クラブ「京都ハンナリーズ」（略称「京都」、club_detail TeamID=699）,公式順位表で略称とクラブ名・TeamIDの対応を確認,SUPPORTED,2026-09-30,
Batch 33 Wave 03,B33W3E0348,Career,C002266,start,2020,B33W3S0051,クラブ所属履歴 > 「2020-21 京都」,所属履歴の最初のシーズン2020-21の開始年,SUPPORTED,2026-09-30,
Batch 33 Wave 03,B33W3E0349,Career,C002266,end,2023,B33W3S0051,クラブ所属履歴 > 「2022-23 京都」,所属履歴の最後のシーズン2022-23の終了年,SUPPORTED,2026-09-30,
Batch 33 Wave 03,B33W3E0350,Career,C002267,organization_id,ORG000200,B33W3S0051,クラブ所属履歴 > 「2023-24 福井」〜「2026-27 福井」,B.LEAGUE公式の所属履歴で在籍を確認（略称表記）,SUPPORTED,2026-09-30,
Batch 33 Wave 03,B33W3E0351,Career,C002267,organization_id,ORG000200,B33W3S0011,順位表 > クラブ「福井ブローウィンズ」（略称「福井」、club_detail TeamID=2891）,公式順位表で略称とクラブ名・TeamIDの対応を確認,SUPPORTED,2026-09-30,
Batch 33 Wave 03,B33W3E0352,Career,C002267,start,2023,B33W3S0051,クラブ所属履歴 > 「2023-24 福井」,所属履歴の最初のシーズン2023-24の開始年,SUPPORTED,2026-09-30,
Batch 33 Wave 03,B33W3E0353,Career,C002267,organization_id,ORG000200,B33W3S0046,選手一覧 > 福井 > 満田 丈太郎,2026-27シーズンの公式選手一覧で現所属を確認,SUPPORTED,2026-09-30,
Batch 33 Wave 03,B33W3E0354,Person,P000484,name,卜部 兼慎,B33W3S0052,基本情報 > 選手名,B.LEAGUE公式プロフィールで氏名を確認,SUPPORTED,2026-09-30,
Batch 33 Wave 03,B33W3E0355,Person,P000484,birth_date,1995-04-05,B33W3S0052,基本情報 > 生年月日：1995年4月5日,B.LEAGUE公式プロフィールで生年月日を確認,SUPPORTED,2026-09-30,
Batch 33 Wave 03,B33W3E0356,Career,C002268,organization_id,ORG000356,B33W3S0052,基本情報 > 出身校（高）：神戸市立科学技術高等学校,B.LEAGUE公式プロフィールで出身校（高）を確認,SUPPORTED,2026-09-30,
Batch 33 Wave 03,B33W3E0357,Career,C002269,organization_id,ORG000015,B33W3S0052,基本情報 > 出身校（大）：東海大学,B.LEAGUE公式プロフィールで出身校（大）を確認,SUPPORTED,2026-09-30,
Batch 33 Wave 03,B33W3E0358,Career,C002270,organization_id,ORG000229,B33W3S0052,クラブ所属履歴 > 「2017-18 アイシンAW」〜「2021-22 アイシン」,B.LEAGUE公式の所属履歴で在籍を確認（略称表記）,SUPPORTED,2026-09-30,
Batch 33 Wave 03,B33W3E0359,Career,C002270,organization_id,ORG000229,B33W3S0035,順位表 > クラブ「アイシン・エィ・ダブリュ アレイオンズ安城」（略称「アイシンAW」、club_detail TeamID=751）,公式順位表で略称とクラブ名・TeamIDの対応を確認,SUPPORTED,2026-09-30,
Batch 33 Wave 03,B33W3E0360,Career,C002270,start,2017,B33W3S0052,クラブ所属履歴 > 「2017-18 アイシンAW」,所属履歴の最初のシーズン2017-18の開始年,SUPPORTED,2026-09-30,
Batch 33 Wave 03,B33W3E0361,Career,C002270,end,2022,B33W3S0052,クラブ所属履歴 > 「2021-22 アイシン」,所属履歴の最後のシーズン2021-22の終了年,SUPPORTED,2026-09-30,
Batch 33 Wave 03,B33W3E0362,Career,C002271,organization_id,ORG000225,B33W3S0052,クラブ所属履歴 > 「2022-23 豊田合成」,B.LEAGUE公式の所属履歴で在籍を確認（略称表記）,SUPPORTED,2026-09-30,
Batch 33 Wave 03,B33W3E0363,Career,C002271,organization_id,ORG000225,B33W3S0023,順位表 > クラブ「豊田合成スコーピオンズ」（略称「豊田合成」、club_detail TeamID=752）,公式順位表で略称とクラブ名・TeamIDの対応を確認,SUPPORTED,2026-09-30,
Batch 33 Wave 03,B33W3E0364,Career,C002271,start,2022,B33W3S0052,クラブ所属履歴 > 「2022-23 豊田合成」,所属履歴の最初のシーズン2022-23の開始年,SUPPORTED,2026-09-30,
Batch 33 Wave 03,B33W3E0365,Career,C002271,end,2023,B33W3S0052,クラブ所属履歴 > 「2022-23 豊田合成」,所属履歴の最後のシーズン2022-23の終了年,SUPPORTED,2026-09-30,
Batch 33 Wave 03,B33W3E0366,Career,C002272,organization_id,ORG000130,B33W3S0052,クラブ所属履歴 > 「2023-24 三河」,B.LEAGUE公式の所属履歴で在籍を確認（略称表記）,SUPPORTED,2026-09-30,
Batch 33 Wave 03,B33W3E0367,Career,C002272,organization_id,ORG000130,B33W3S0053,順位表 > クラブ「シーホース三河」（略称「三河」、club_detail TeamID=728）,公式順位表で略称とクラブ名・TeamIDの対応を確認,SUPPORTED,2026-09-30,
Batch 33 Wave 03,B33W3E0368,Career,C002272,start,2023,B33W3S0052,クラブ所属履歴 > 「2023-24 三河」,所属履歴の最初のシーズン2023-24の開始年,SUPPORTED,2026-09-30,
Batch 33 Wave 03,B33W3E0369,Career,C002272,end,2024,B33W3S0052,クラブ所属履歴 > 「2023-24 三河」,所属履歴の最後のシーズン2023-24の終了年,SUPPORTED,2026-09-30,
Batch 33 Wave 03,B33W3E0370,Career,C002273,organization_id,ORG000226,B33W3S0052,クラブ所属履歴 > 「2024-25 岐阜」〜「2026-27 岐阜」,B.LEAGUE公式の所属履歴で在籍を確認（略称表記）,SUPPORTED,2026-09-30,
Batch 33 Wave 03,B33W3E0371,Career,C002273,organization_id,ORG000226,B33W3S0015,順位表 > クラブ「岐阜スゥープス」（略称「岐阜」、club_detail TeamID=1363）,公式順位表で略称とクラブ名・TeamIDの対応を確認,SUPPORTED,2026-09-30,
Batch 33 Wave 03,B33W3E0372,Career,C002273,start,2024,B33W3S0052,クラブ所属履歴 > 「2024-25 岐阜」,所属履歴の最初のシーズン2024-25の開始年,SUPPORTED,2026-09-30,
Batch 33 Wave 03,B33W3E0373,Career,C002273,organization_id,ORG000226,B33W3S0054,選手一覧 > 岐阜 > 卜部 兼慎,2026-27シーズンの公式選手一覧で現所属を確認,SUPPORTED,2026-09-30,
Batch 33 Wave 03,B33W3E0374,Person,P000485,name,大矢 孝太朗,B33W3S0055,基本情報 > 選手名,B.LEAGUE公式プロフィールで氏名を確認,SUPPORTED,2026-09-30,
Batch 33 Wave 03,B33W3E0375,Person,P000485,birth_date,1994-08-16,B33W3S0055,基本情報 > 生年月日：1994年8月16日,B.LEAGUE公式プロフィールで生年月日を確認,SUPPORTED,2026-09-30,
Batch 33 Wave 03,B33W3E0376,Career,C002274,organization_id,ORG000348,B33W3S0055,基本情報 > 出身校（高）：新潟県立新潟商業高等学校,B.LEAGUE公式プロフィールで出身校（高）を確認,SUPPORTED,2026-09-30,
Batch 33 Wave 03,B33W3E0377,Career,C002275,organization_id,ORG000015,B33W3S0055,基本情報 > 出身校（大）：東海大学,B.LEAGUE公式プロフィールで出身校（大）を確認,SUPPORTED,2026-09-30,
Batch 33 Wave 03,B33W3E0378,Career,C002276,organization_id,ORG000052,B33W3S0055,クラブ所属履歴 > 「2020-21 新潟」〜「2021-22 新潟」,B.LEAGUE公式の所属履歴で在籍を確認（略称表記）,SUPPORTED,2026-09-30,
Batch 33 Wave 03,B33W3E0379,Career,C002276,organization_id,ORG000052,B33W3S0043,順位表 > クラブ「新潟アルビレックスBB」（略称「新潟」、club_detail TeamID=695）,公式順位表で略称とクラブ名・TeamIDの対応を確認,SUPPORTED,2026-09-30,
Batch 33 Wave 03,B33W3E0380,Career,C002276,start,2020,B33W3S0055,クラブ所属履歴 > 「2020-21 新潟」,所属履歴の最初のシーズン2020-21の開始年,SUPPORTED,2026-09-30,
Batch 33 Wave 03,B33W3E0381,Career,C002276,end,2022,B33W3S0055,クラブ所属履歴 > 「2021-22 新潟」,所属履歴の最後のシーズン2021-22の終了年,SUPPORTED,2026-09-30,
Batch 33 Wave 03,B33W3E0382,Career,C002277,organization_id,ORG000046,B33W3S0055,クラブ所属履歴 > 「2022-23 東京Z」,B.LEAGUE公式の所属履歴で在籍を確認（略称表記）,SUPPORTED,2026-09-30,
Batch 33 Wave 03,B33W3E0383,Career,C002277,organization_id,ORG000046,B33W3S0045,順位表 > クラブ「アースフレンズ東京Z」（略称「東京Z」、club_detail TeamID=715）,公式順位表で略称とクラブ名・TeamIDの対応を確認,SUPPORTED,2026-09-30,
Batch 33 Wave 03,B33W3E0384,Career,C002277,start,2022,B33W3S0055,クラブ所属履歴 > 「2022-23 東京Z」,所属履歴の最初のシーズン2022-23の開始年,SUPPORTED,2026-09-30,
Batch 33 Wave 03,B33W3E0385,Career,C002277,end,2023,B33W3S0055,クラブ所属履歴 > 「2022-23 東京Z」,所属履歴の最後のシーズン2022-23の終了年,SUPPORTED,2026-09-30,
Batch 33 Wave 03,B33W3E0386,Career,C002278,organization_id,ORG000052,B33W3S0055,クラブ所属履歴 > 「2023-24 新潟」〜「2024-25 新潟」,B.LEAGUE公式の所属履歴で在籍を確認（略称表記）,SUPPORTED,2026-09-30,
Batch 33 Wave 03,B33W3E0387,Career,C002278,organization_id,ORG000052,B33W3S0036,順位表 > クラブ「新潟アルビレックスBB」（略称「新潟」、club_detail TeamID=695）,公式順位表で略称とクラブ名・TeamIDの対応を確認,SUPPORTED,2026-09-30,
Batch 33 Wave 03,B33W3E0388,Career,C002278,start,2023,B33W3S0055,クラブ所属履歴 > 「2023-24 新潟」,所属履歴の最初のシーズン2023-24の開始年,SUPPORTED,2026-09-30,
Batch 33 Wave 03,B33W3E0389,Career,C002278,end,2025,B33W3S0055,クラブ所属履歴 > 「2024-25 新潟」,所属履歴の最後のシーズン2024-25の終了年,SUPPORTED,2026-09-30,
Batch 33 Wave 03,B33W3E0390,Career,C002279,organization_id,ORG000183,B33W3S0055,クラブ所属履歴 > 「2025-26 埼玉」,B.LEAGUE公式の所属履歴で在籍を確認（略称表記）,SUPPORTED,2026-09-30,
Batch 33 Wave 03,B33W3E0391,Career,C002279,organization_id,ORG000183,B33W3S0012,順位表 > クラブ「さいたまブロンコス」（略称「埼玉」、club_detail TeamID=744）,公式順位表で略称とクラブ名・TeamIDの対応を確認,SUPPORTED,2026-09-30,
Batch 33 Wave 03,B33W3E0392,Career,C002279,start,2025,B33W3S0055,クラブ所属履歴 > 「2025-26 埼玉」,所属履歴の最初のシーズン2025-26の開始年,SUPPORTED,2026-09-30,
Batch 33 Wave 03,B33W3E0393,Career,C002279,end,2026,B33W3S0055,クラブ所属履歴 > 「2025-26 埼玉」,所属履歴の最後のシーズン2025-26の終了年,SUPPORTED,2026-09-30,
Batch 33 Wave 03,B33W3E0394,Career,C002280,organization_id,ORG000226,B33W3S0055,クラブ所属履歴 > 「2026-27 岐阜」,B.LEAGUE公式の所属履歴で在籍を確認（略称表記）,SUPPORTED,2026-09-30,
Batch 33 Wave 03,B33W3E0395,Career,C002280,organization_id,ORG000226,B33W3S0003,順位表 > クラブ「岐阜スゥープス」（略称「岐阜」、club_detail TeamID=1363）,公式順位表で略称とクラブ名・TeamIDの対応を確認,SUPPORTED,2026-09-30,
Batch 33 Wave 03,B33W3E0396,Career,C002280,start,2026,B33W3S0055,クラブ所属履歴 > 「2026-27 岐阜」,所属履歴の最初のシーズン2026-27の開始年,SUPPORTED,2026-09-30,
Batch 33 Wave 03,B33W3E0397,Career,C002280,organization_id,ORG000226,B33W3S0054,選手一覧 > 岐阜 > 大矢 孝太朗,2026-27シーズンの公式選手一覧で現所属を確認,SUPPORTED,2026-09-30,
Batch 33 Wave 03,B33W3E0398,Person,P000486,name,髙木 涼,B33W3S0056,基本情報 > 選手名,B.LEAGUE公式プロフィールで氏名を確認,SUPPORTED,2026-09-30,
Batch 33 Wave 03,B33W3E0399,Person,P000486,birth_date,2003-08-30,B33W3S0056,基本情報 > 生年月日：2003年8月30日,B.LEAGUE公式プロフィールで生年月日を確認,SUPPORTED,2026-09-30,
Batch 33 Wave 03,B33W3E0400,Career,C002281,organization_id,ORG000359,B33W3S0056,基本情報 > 出身校（高）：桐生第一高等学校,B.LEAGUE公式プロフィールで出身校（高）を確認,SUPPORTED,2026-09-30,
Batch 33 Wave 03,B33W3E0401,Career,C002282,organization_id,ORG000424,B33W3S0056,基本情報 > 出身校（大）：江戸川大学,B.LEAGUE公式プロフィールで出身校（大）を確認,SUPPORTED,2026-09-30,
Batch 33 Wave 03,B33W3E0402,Career,C002283,organization_id,ORG000226,B33W3S0056,クラブ所属履歴 > 「2025-26 岐阜」〜「2026-27 岐阜」,B.LEAGUE公式の所属履歴で在籍を確認（略称表記）,SUPPORTED,2026-09-30,
Batch 33 Wave 03,B33W3E0403,Career,C002283,organization_id,ORG000226,B33W3S0012,順位表 > クラブ「岐阜スゥープス」（略称「岐阜」、club_detail TeamID=1363）,公式順位表で略称とクラブ名・TeamIDの対応を確認,SUPPORTED,2026-09-30,
Batch 33 Wave 03,B33W3E0404,Career,C002283,start,2025,B33W3S0056,クラブ所属履歴 > 「2025-26 岐阜」,所属履歴の最初のシーズン2025-26の開始年,SUPPORTED,2026-09-30,
Batch 33 Wave 03,B33W3E0405,Career,C002283,organization_id,ORG000226,B33W3S0054,選手一覧 > 岐阜 > 髙木 涼,2026-27シーズンの公式選手一覧で現所属を確認,SUPPORTED,2026-09-30,
Batch 33 Wave 03,B33W3E0406,Person,P000487,name,髙橋 幸大,B33W3S0057,基本情報 > 選手名,B.LEAGUE公式プロフィールで氏名を確認,SUPPORTED,2026-09-30,
Batch 33 Wave 03,B33W3E0407,Person,P000487,birth_date,1991-11-21,B33W3S0057,基本情報 > 生年月日：1991年11月21日,B.LEAGUE公式プロフィールで生年月日を確認,SUPPORTED,2026-09-30,
Batch 33 Wave 03,B33W3E0408,Career,C002284,organization_id,ORG000425,B33W3S0057,基本情報 > 出身校（高）：高志高等学校,B.LEAGUE公式プロフィールで出身校（高）を確認,SUPPORTED,2026-09-30,
Batch 33 Wave 03,B33W3E0409,Career,C002285,organization_id,ORG000031,B33W3S0057,基本情報 > 出身校（大）：拓殖大学,B.LEAGUE公式プロフィールで出身校（大）を確認,SUPPORTED,2026-09-30,
Batch 33 Wave 03,B33W3E0410,Career,C002286,organization_id,ORG000102,B33W3S0057,クラブ所属履歴 > 「2016-17 東京」,B.LEAGUE公式の所属履歴で在籍を確認（略称表記）,SUPPORTED,2026-09-30,
Batch 33 Wave 03,B33W3E0411,Career,C002286,organization_id,ORG000102,B33W3S0058,順位表 > クラブ「東京サンレーヴス」（略称「東京」、club_detail TeamID=748）,公式順位表で略称とクラブ名・TeamIDの対応を確認,SUPPORTED,2026-09-30,
Batch 33 Wave 03,B33W3E0412,Career,C002286,start,2016,B33W3S0057,クラブ所属履歴 > 「2016-17 東京」,所属履歴の最初のシーズン2016-17の開始年,SUPPORTED,2026-09-30,
Batch 33 Wave 03,B33W3E0413,Career,C002286,end,2017,B33W3S0057,クラブ所属履歴 > 「2016-17 東京」,所属履歴の最後のシーズン2016-17の終了年,SUPPORTED,2026-09-30,
Batch 33 Wave 03,B33W3E0414,Career,C002287,organization_id,ORG000183,B33W3S0057,クラブ所属履歴 > 「2017-18 埼玉」,B.LEAGUE公式の所属履歴で在籍を確認（略称表記）,SUPPORTED,2026-09-30,
Batch 33 Wave 03,B33W3E0415,Career,C002287,organization_id,ORG000183,B33W3S0035,順位表 > クラブ「埼玉ブロンコス」（略称「埼玉」、club_detail TeamID=744）,公式順位表で略称とクラブ名・TeamIDの対応を確認,SUPPORTED,2026-09-30,
Batch 33 Wave 03,B33W3E0416,Career,C002287,start,2017,B33W3S0057,クラブ所属履歴 > 「2017-18 埼玉」,所属履歴の最初のシーズン2017-18の開始年,SUPPORTED,2026-09-30,
Batch 33 Wave 03,B33W3E0417,Career,C002287,end,2018,B33W3S0057,クラブ所属履歴 > 「2017-18 埼玉」,所属履歴の最後のシーズン2017-18の終了年,SUPPORTED,2026-09-30,
Batch 33 Wave 03,B33W3E0418,Career,C002288,organization_id,ORG000102,B33W3S0057,クラブ所属履歴 > 「2018-19 東京CR」,B.LEAGUE公式の所属履歴で在籍を確認（略称表記）,SUPPORTED,2026-09-30,
Batch 33 Wave 03,B33W3E0419,Career,C002288,organization_id,ORG000102,B33W3S0059,順位表 > クラブ「東京サンレーヴス」（略称「東京CR」、club_detail TeamID=748）,公式順位表で略称とクラブ名・TeamIDの対応を確認,SUPPORTED,2026-09-30,
Batch 33 Wave 03,B33W3E0420,Career,C002288,start,2018,B33W3S0057,クラブ所属履歴 > 「2018-19 東京CR」,所属履歴の最初のシーズン2018-19の開始年,SUPPORTED,2026-09-30,
Batch 33 Wave 03,B33W3E0421,Career,C002288,end,2019,B33W3S0057,クラブ所属履歴 > 「2018-19 東京CR」,所属履歴の最後のシーズン2018-19の終了年,SUPPORTED,2026-09-30,
Batch 33 Wave 03,B33W3E0422,Career,C002289,organization_id,ORG000173,B33W3S0057,クラブ所属履歴 > 「2019-20 岩手」〜「2020-21 岩手」,B.LEAGUE公式の所属履歴で在籍を確認（略称表記）,SUPPORTED,2026-09-30,
Batch 33 Wave 03,B33W3E0423,Career,C002289,organization_id,ORG000173,B33W3S0060,順位表 > クラブ「岩手ビッグブルズ」（略称「岩手」、club_detail TeamID=709）,公式順位表で略称とクラブ名・TeamIDの対応を確認,SUPPORTED,2026-09-30,
Batch 33 Wave 03,B33W3E0424,Career,C002289,start,2019,B33W3S0057,クラブ所属履歴 > 「2019-20 岩手」,所属履歴の最初のシーズン2019-20の開始年,SUPPORTED,2026-09-30,
Batch 33 Wave 03,B33W3E0425,Career,C002289,end,2021,B33W3S0057,クラブ所属履歴 > 「2020-21 岩手」,所属履歴の最後のシーズン2020-21の終了年,SUPPORTED,2026-09-30,
Batch 33 Wave 03,B33W3E0426,Career,C002290,organization_id,ORG000101,B33W3S0057,クラブ所属履歴 > 「2021-22 鹿児島」,B.LEAGUE公式の所属履歴で在籍を確認（略称表記）,SUPPORTED,2026-09-30,
Batch 33 Wave 03,B33W3E0427,Career,C002290,organization_id,ORG000101,B33W3S0061,順位表 > クラブ「鹿児島レブナイズ」（略称「鹿児島」、club_detail TeamID=725）,公式順位表で略称とクラブ名・TeamIDの対応を確認,SUPPORTED,2026-09-30,
Batch 33 Wave 03,B33W3E0428,Career,C002290,start,2021,B33W3S0057,クラブ所属履歴 > 「2021-22 鹿児島」,所属履歴の最初のシーズン2021-22の開始年,SUPPORTED,2026-09-30,
Batch 33 Wave 03,B33W3E0429,Career,C002290,end,2022,B33W3S0057,クラブ所属履歴 > 「2021-22 鹿児島」,所属履歴の最後のシーズン2021-22の終了年,SUPPORTED,2026-09-30,
Batch 33 Wave 03,B33W3E0430,Career,C002291,organization_id,ORG000111,B33W3S0057,クラブ所属履歴 > 「2022-23 八王子」〜「2023-24 八王子」,B.LEAGUE公式の所属履歴で在籍を確認（略称表記）,SUPPORTED,2026-09-30,
Batch 33 Wave 03,B33W3E0431,Career,C002291,organization_id,ORG000111,B33W3S0023,順位表 > クラブ「東京八王子ビートレインズ」（略称「八王子」、club_detail TeamID=749）,公式順位表で略称とクラブ名・TeamIDの対応を確認,SUPPORTED,2026-09-30,
Batch 33 Wave 03,B33W3E0432,Career,C002291,start,2022,B33W3S0057,クラブ所属履歴 > 「2022-23 八王子」,所属履歴の最初のシーズン2022-23の開始年,SUPPORTED,2026-09-30,
Batch 33 Wave 03,B33W3E0433,Career,C002291,end,2024,B33W3S0057,クラブ所属履歴 > 「2023-24 八王子」,所属履歴の最後のシーズン2023-24の終了年,SUPPORTED,2026-09-30,
Batch 33 Wave 03,B33W3E0434,Career,C002292,organization_id,ORG000205,B33W3S0057,クラブ所属履歴 > 「2024-25 金沢」,B.LEAGUE公式の所属履歴で在籍を確認（略称表記）,SUPPORTED,2026-09-30,
Batch 33 Wave 03,B33W3E0435,Career,C002292,organization_id,ORG000205,B33W3S0015,順位表 > クラブ「金沢武士団」（略称「金沢」、club_detail TeamID=750）,公式順位表で略称とクラブ名・TeamIDの対応を確認,SUPPORTED,2026-09-30,
Batch 33 Wave 03,B33W3E0436,Career,C002292,start,2024,B33W3S0057,クラブ所属履歴 > 「2024-25 金沢」,所属履歴の最初のシーズン2024-25の開始年,SUPPORTED,2026-09-30,
Batch 33 Wave 03,B33W3E0437,Career,C002292,end,2025,B33W3S0057,クラブ所属履歴 > 「2024-25 金沢」,所属履歴の最後のシーズン2024-25の終了年,SUPPORTED,2026-09-30,
Batch 33 Wave 03,B33W3E0438,Career,C002293,organization_id,ORG000226,B33W3S0057,クラブ所属履歴 > 「2025-26 岐阜」〜「2026-27 岐阜」,B.LEAGUE公式の所属履歴で在籍を確認（略称表記）,SUPPORTED,2026-09-30,
Batch 33 Wave 03,B33W3E0439,Career,C002293,organization_id,ORG000226,B33W3S0012,順位表 > クラブ「岐阜スゥープス」（略称「岐阜」、club_detail TeamID=1363）,公式順位表で略称とクラブ名・TeamIDの対応を確認,SUPPORTED,2026-09-30,
Batch 33 Wave 03,B33W3E0440,Career,C002293,start,2025,B33W3S0057,クラブ所属履歴 > 「2025-26 岐阜」,所属履歴の最初のシーズン2025-26の開始年,SUPPORTED,2026-09-30,
Batch 33 Wave 03,B33W3E0441,Career,C002293,organization_id,ORG000226,B33W3S0054,選手一覧 > 岐阜 > 髙橋 幸大,2026-27シーズンの公式選手一覧で現所属を確認,SUPPORTED,2026-09-30,
Batch 33 Wave 03,B33W3E0442,Person,P000488,name,髙橋 浩平,B33W3S0062,基本情報 > 選手名,B.LEAGUE公式プロフィールで氏名を確認,SUPPORTED,2026-09-30,
Batch 33 Wave 03,B33W3E0443,Person,P000488,birth_date,1996-05-20,B33W3S0062,基本情報 > 生年月日：1996年5月20日,B.LEAGUE公式プロフィールで生年月日を確認,SUPPORTED,2026-09-30,
Batch 33 Wave 03,B33W3E0444,Career,C002294,organization_id,ORG000426,B33W3S0062,基本情報 > 出身校（高）：新潟県立十日町高等学校,B.LEAGUE公式プロフィールで出身校（高）を確認,SUPPORTED,2026-09-30,
Batch 33 Wave 03,B33W3E0445,Career,C002295,organization_id,ORG000030,B33W3S0062,基本情報 > 出身校（大）：青山学院大学,B.LEAGUE公式プロフィールで出身校（大）を確認,SUPPORTED,2026-09-30,
Batch 33 Wave 03,B33W3E0446,Career,C002296,organization_id,ORG000052,B33W3S0062,クラブ所属履歴 > 「2018-19 新潟」〜「2019-20 新潟」,B.LEAGUE公式の所属履歴で在籍を確認（略称表記）,SUPPORTED,2026-09-30,
Batch 33 Wave 03,B33W3E0447,Career,C002296,organization_id,ORG000052,B33W3S0007,順位表 > クラブ「新潟アルビレックスBB」（略称「新潟」、club_detail TeamID=695）,公式順位表で略称とクラブ名・TeamIDの対応を確認,SUPPORTED,2026-09-30,
Batch 33 Wave 03,B33W3E0448,Career,C002296,start,2018,B33W3S0062,クラブ所属履歴 > 「2018-19 新潟」,所属履歴の最初のシーズン2018-19の開始年,SUPPORTED,2026-09-30,
Batch 33 Wave 03,B33W3E0449,Career,C002296,end,2020,B33W3S0062,クラブ所属履歴 > 「2019-20 新潟」,所属履歴の最後のシーズン2019-20の終了年,SUPPORTED,2026-09-30,
Batch 33 Wave 03,B33W3E0450,Career,C002297,organization_id,ORG000205,B33W3S0062,クラブ所属履歴 > 「2020-21 金沢」,B.LEAGUE公式の所属履歴で在籍を確認（略称表記）,SUPPORTED,2026-09-30,
Batch 33 Wave 03,B33W3E0451,Career,C002297,organization_id,ORG000205,B33W3S0018,順位表 > クラブ「金沢武士団」（略称「金沢」、club_detail TeamID=750）,公式順位表で略称とクラブ名・TeamIDの対応を確認,SUPPORTED,2026-09-30,
Batch 33 Wave 03,B33W3E0452,Career,C002297,start,2020,B33W3S0062,クラブ所属履歴 > 「2020-21 金沢」,所属履歴の最初のシーズン2020-21の開始年,SUPPORTED,2026-09-30,
Batch 33 Wave 03,B33W3E0453,Career,C002297,end,2021,B33W3S0062,クラブ所属履歴 > 「2020-21 金沢」,所属履歴の最後のシーズン2020-21の終了年,SUPPORTED,2026-09-30,
Batch 33 Wave 03,B33W3E0454,Career,C002298,organization_id,ORG000181,B33W3S0062,クラブ所属履歴 > 「2021-22 山形」〜「2023-24 山形」,B.LEAGUE公式の所属履歴で在籍を確認（略称表記）,SUPPORTED,2026-09-30,
Batch 33 Wave 03,B33W3E0455,Career,C002298,organization_id,ORG000181,B33W3S0010,順位表 > クラブ「山形ワイヴァンズ」（略称「山形」、club_detail TeamID=710）,公式順位表で略称とクラブ名・TeamIDの対応を確認,SUPPORTED,2026-09-30,
Batch 33 Wave 03,B33W3E0456,Career,C002298,start,2021,B33W3S0062,クラブ所属履歴 > 「2021-22 山形」,所属履歴の最初のシーズン2021-22の開始年,SUPPORTED,2026-09-30,
Batch 33 Wave 03,B33W3E0457,Career,C002298,end,2024,B33W3S0062,クラブ所属履歴 > 「2023-24 山形」,所属履歴の最後のシーズン2023-24の終了年,SUPPORTED,2026-09-30,
Batch 33 Wave 03,B33W3E0458,Career,C002299,organization_id,ORG000111,B33W3S0062,クラブ所属履歴 > 「2024-25 八王子」〜「2025-26 八王子」,B.LEAGUE公式の所属履歴で在籍を確認（略称表記）,SUPPORTED,2026-09-30,
Batch 33 Wave 03,B33W3E0459,Career,C002299,organization_id,ORG000111,B33W3S0015,順位表 > クラブ「東京八王子ビートレインズ」（略称「八王子」、club_detail TeamID=749）,公式順位表で略称とクラブ名・TeamIDの対応を確認,SUPPORTED,2026-09-30,
Batch 33 Wave 03,B33W3E0460,Career,C002299,start,2024,B33W3S0062,クラブ所属履歴 > 「2024-25 八王子」,所属履歴の最初のシーズン2024-25の開始年,SUPPORTED,2026-09-30,
Batch 33 Wave 03,B33W3E0461,Career,C002299,end,2026,B33W3S0062,クラブ所属履歴 > 「2025-26 八王子」,所属履歴の最後のシーズン2025-26の終了年,SUPPORTED,2026-09-30,
Batch 33 Wave 03,B33W3E0462,Career,C002300,organization_id,ORG000226,B33W3S0062,クラブ所属履歴 > 「2026-27 岐阜」,B.LEAGUE公式の所属履歴で在籍を確認（略称表記）,SUPPORTED,2026-09-30,
Batch 33 Wave 03,B33W3E0463,Career,C002300,organization_id,ORG000226,B33W3S0003,順位表 > クラブ「岐阜スゥープス」（略称「岐阜」、club_detail TeamID=1363）,公式順位表で略称とクラブ名・TeamIDの対応を確認,SUPPORTED,2026-09-30,
Batch 33 Wave 03,B33W3E0464,Career,C002300,start,2026,B33W3S0062,クラブ所属履歴 > 「2026-27 岐阜」,所属履歴の最初のシーズン2026-27の開始年,SUPPORTED,2026-09-30,
Batch 33 Wave 03,B33W3E0465,Career,C002300,organization_id,ORG000226,B33W3S0054,選手一覧 > 岐阜 > 髙橋 浩平,2026-27シーズンの公式選手一覧で現所属を確認,SUPPORTED,2026-09-30,
Batch 33 Wave 03,B33W3E0466,Person,P000489,name,タイガ・フォースター,B33W3S0063,基本情報 > 選手名,B.LEAGUE公式プロフィールで氏名を確認,SUPPORTED,2026-09-30,
Batch 33 Wave 03,B33W3E0467,Person,P000489,birth_date,2001-08-14,B33W3S0063,基本情報 > 生年月日：2001年8月14日,B.LEAGUE公式プロフィールで生年月日を確認,SUPPORTED,2026-09-30,
Batch 33 Wave 03,B33W3E0468,Career,C002301,organization_id,ORG000427,B33W3S0063,基本情報 > 出身校（高）：Elmgreen(イングランド),B.LEAGUE公式プロフィールで出身校（高）を確認,SUPPORTED,2026-09-30,
Batch 33 Wave 03,B33W3E0469,Career,C002302,organization_id,ORG000428,B33W3S0063,基本情報 > 出身校（大）：Canarias Basketball Academy(スペイン),B.LEAGUE公式プロフィールで出身校（大）を確認,SUPPORTED,2026-09-30,
Batch 33 Wave 03,B33W3E0470,Career,C002303,organization_id,ORG000226,B33W3S0063,クラブ所属履歴 > 「2026-27 岐阜」,B.LEAGUE公式の所属履歴で在籍を確認（略称表記）,SUPPORTED,2026-09-30,
Batch 33 Wave 03,B33W3E0471,Career,C002303,organization_id,ORG000226,B33W3S0003,順位表 > クラブ「岐阜スゥープス」（略称「岐阜」、club_detail TeamID=1363）,公式順位表で略称とクラブ名・TeamIDの対応を確認,SUPPORTED,2026-09-30,
Batch 33 Wave 03,B33W3E0472,Career,C002303,start,2026,B33W3S0063,クラブ所属履歴 > 「2026-27 岐阜」,所属履歴の最初のシーズン2026-27の開始年,SUPPORTED,2026-09-30,
Batch 33 Wave 03,B33W3E0473,Career,C002303,organization_id,ORG000226,B33W3S0054,選手一覧 > 岐阜 > タイガ・フォースター,2026-27シーズンの公式選手一覧で現所属を確認,SUPPORTED,2026-09-30,
Batch 33 Wave 03,B33W3E0474,Person,P000490,name,増本 優太,B33W3S0064,基本情報 > 選手名,B.LEAGUE公式プロフィールで氏名を確認,SUPPORTED,2026-09-30,
Batch 33 Wave 03,B33W3E0475,Person,P000490,birth_date,1997-06-16,B33W3S0064,基本情報 > 生年月日：1997年6月16日,B.LEAGUE公式プロフィールで生年月日を確認,SUPPORTED,2026-09-30,
Batch 33 Wave 03,B33W3E0476,Career,C002304,organization_id,ORG000399,B33W3S0064,基本情報 > 出身校（高）：岐阜県立岐阜農林高等学校,B.LEAGUE公式プロフィールで出身校（高）を確認,SUPPORTED,2026-09-30,
Batch 33 Wave 03,B33W3E0477,Career,C002305,organization_id,ORG000128,B33W3S0064,基本情報 > 出身校（大）：大東文化大学,B.LEAGUE公式プロフィールで出身校（大）を確認,SUPPORTED,2026-09-30,
Batch 33 Wave 03,B33W3E0478,Career,C002306,organization_id,ORG000226,B33W3S0064,クラブ所属履歴 > 「2019-20 岐阜」〜「2026-27 岐阜」,B.LEAGUE公式の所属履歴で在籍を確認（略称表記）,SUPPORTED,2026-09-30,
Batch 33 Wave 03,B33W3E0479,Career,C002306,organization_id,ORG000226,B33W3S0060,順位表 > クラブ「岐阜スゥープス」（略称「岐阜」、club_detail TeamID=1363）,公式順位表で略称とクラブ名・TeamIDの対応を確認,SUPPORTED,2026-09-30,
Batch 33 Wave 03,B33W3E0480,Career,C002306,start,2019,B33W3S0064,クラブ所属履歴 > 「2019-20 岐阜」,所属履歴の最初のシーズン2019-20の開始年,SUPPORTED,2026-09-30,
Batch 33 Wave 03,B33W3E0481,Career,C002306,organization_id,ORG000226,B33W3S0054,選手一覧 > 岐阜 > 増本 優太,2026-27シーズンの公式選手一覧で現所属を確認,SUPPORTED,2026-09-30,
Batch 33 Wave 03,B33W3E0482,Person,P000491,name,山崎 玲緒,B33W3S0065,基本情報 > 選手名,B.LEAGUE公式プロフィールで氏名を確認,SUPPORTED,2026-09-30,
Batch 33 Wave 03,B33W3E0483,Person,P000491,birth_date,1999-11-04,B33W3S0065,基本情報 > 生年月日：1999年11月4日,B.LEAGUE公式プロフィールで生年月日を確認,SUPPORTED,2026-09-30,
Batch 33 Wave 03,B33W3E0484,Career,C002307,organization_id,ORG000251,B33W3S0065,基本情報 > 出身校（高）：つくば秀英高等学校,B.LEAGUE公式プロフィールで出身校（高）を確認,SUPPORTED,2026-09-30,
Batch 33 Wave 03,B33W3E0485,Career,C002308,organization_id,ORG000105,B33W3S0065,基本情報 > 出身校（大）：新潟経営大学,B.LEAGUE公式プロフィールで出身校（大）を確認,SUPPORTED,2026-09-30,
Batch 33 Wave 03,B33W3E0486,Career,C002309,organization_id,ORG000144,B33W3S0065,クラブ所属履歴 > 「2021-22 A千葉」,B.LEAGUE公式の所属履歴で在籍を確認（略称表記）,SUPPORTED,2026-09-30,
Batch 33 Wave 03,B33W3E0487,Career,C002309,organization_id,ORG000144,B33W3S0061,順位表 > クラブ「アルティーリ千葉」（略称「A千葉」、club_detail TeamID=2486）,公式順位表で略称とクラブ名・TeamIDの対応を確認,SUPPORTED,2026-09-30,
Batch 33 Wave 03,B33W3E0488,Career,C002309,start,2021,B33W3S0065,クラブ所属履歴 > 「2021-22 A千葉」,所属履歴の最初のシーズン2021-22の開始年,SUPPORTED,2026-09-30,
Batch 33 Wave 03,B33W3E0489,Career,C002309,end,2022,B33W3S0065,クラブ所属履歴 > 「2021-22 A千葉」,所属履歴の最後のシーズン2021-22の終了年,SUPPORTED,2026-09-30,
Batch 33 Wave 03,B33W3E0490,Career,C002310,organization_id,ORG000183,B33W3S0065,クラブ所属履歴 > 「2022-23 埼玉」〜「2023-24 埼玉」,B.LEAGUE公式の所属履歴で在籍を確認（略称表記）,SUPPORTED,2026-09-30,
Batch 33 Wave 03,B33W3E0491,Career,C002310,organization_id,ORG000183,B33W3S0023,順位表 > クラブ「さいたまブロンコス」（略称「埼玉」、club_detail TeamID=744）,公式順位表で略称とクラブ名・TeamIDの対応を確認,SUPPORTED,2026-09-30,
Batch 33 Wave 03,B33W3E0492,Career,C002310,start,2022,B33W3S0065,クラブ所属履歴 > 「2022-23 埼玉」,所属履歴の最初のシーズン2022-23の開始年,SUPPORTED,2026-09-30,
Batch 33 Wave 03,B33W3E0493,Career,C002310,end,2024,B33W3S0065,クラブ所属履歴 > 「2023-24 埼玉」,所属履歴の最後のシーズン2023-24の終了年,SUPPORTED,2026-09-30,
Batch 33 Wave 03,B33W3E0494,Career,C002311,organization_id,ORG000150,B33W3S0065,クラブ所属履歴 > 「2024-25 信州」,B.LEAGUE公式の所属履歴で在籍を確認（略称表記）,SUPPORTED,2026-09-30,
Batch 33 Wave 03,B33W3E0495,Career,C002311,organization_id,ORG000150,B33W3S0002,順位表 > クラブ「信州ブレイブウォリアーズ」（略称「信州」、club_detail TeamID=716）,公式順位表で略称とクラブ名・TeamIDの対応を確認,SUPPORTED,2026-09-30,
Batch 33 Wave 03,B33W3E0496,Career,C002311,start,2024,B33W3S0065,クラブ所属履歴 > 「2024-25 信州」,所属履歴の最初のシーズン2024-25の開始年,SUPPORTED,2026-09-30,
Batch 33 Wave 03,B33W3E0497,Career,C002311,end,2025,B33W3S0065,クラブ所属履歴 > 「2024-25 信州」,所属履歴の最後のシーズン2024-25の終了年,SUPPORTED,2026-09-30,
Batch 33 Wave 03,B33W3E0498,Career,C002312,organization_id,ORG000226,B33W3S0065,クラブ所属履歴 > 「2025-26 岐阜」〜「2026-27 岐阜」,B.LEAGUE公式の所属履歴で在籍を確認（略称表記）,SUPPORTED,2026-09-30,
Batch 33 Wave 03,B33W3E0499,Career,C002312,organization_id,ORG000226,B33W3S0012,順位表 > クラブ「岐阜スゥープス」（略称「岐阜」、club_detail TeamID=1363）,公式順位表で略称とクラブ名・TeamIDの対応を確認,SUPPORTED,2026-09-30,
Batch 33 Wave 03,B33W3E0500,Career,C002312,start,2025,B33W3S0065,クラブ所属履歴 > 「2025-26 岐阜」,所属履歴の最初のシーズン2025-26の開始年,SUPPORTED,2026-09-30,
Batch 33 Wave 03,B33W3E0501,Career,C002312,organization_id,ORG000226,B33W3S0054,選手一覧 > 岐阜 > 山崎 玲緒,2026-27シーズンの公式選手一覧で現所属を確認,SUPPORTED,2026-09-30,
Batch 33 Wave 03,B33W3E0502,Person,P000492,name,柏倉 哲平,B33W3S0066,基本情報 > 選手名,B.LEAGUE公式プロフィールで氏名を確認,SUPPORTED,2026-09-30,
Batch 33 Wave 03,B33W3E0503,Person,P000492,birth_date,1995-01-20,B33W3S0066,基本情報 > 生年月日：1995年1月20日,B.LEAGUE公式プロフィールで生年月日を確認,SUPPORTED,2026-09-30,
Batch 33 Wave 03,B33W3E0504,Career,C002313,organization_id,ORG000263,B33W3S0066,基本情報 > 出身校（高）：山形県立山形南高等学校,B.LEAGUE公式プロフィールで出身校（高）を確認,SUPPORTED,2026-09-30,
Batch 33 Wave 03,B33W3E0505,Career,C002314,organization_id,ORG000030,B33W3S0066,基本情報 > 出身校（大）：青山学院大学,B.LEAGUE公式プロフィールで出身校（大）を確認,SUPPORTED,2026-09-30,
Batch 33 Wave 03,B33W3E0506,Career,C002315,organization_id,ORG000046,B33W3S0066,クラブ所属履歴 > 「2016-17 東京Z」〜「2019-20 東京Z」,B.LEAGUE公式の所属履歴で在籍を確認（略称表記）,SUPPORTED,2026-09-30,
Batch 33 Wave 03,B33W3E0507,Career,C002315,organization_id,ORG000046,B33W3S0041,順位表 > クラブ「アースフレンズ東京Z」（略称「東京Z」、club_detail TeamID=715）,公式順位表で略称とクラブ名・TeamIDの対応を確認,SUPPORTED,2026-09-30,
Batch 33 Wave 03,B33W3E0508,Career,C002315,start,2016,B33W3S0066,クラブ所属履歴 > 「2016-17 東京Z」,所属履歴の最初のシーズン2016-17の開始年,SUPPORTED,2026-09-30,
Batch 33 Wave 03,B33W3E0509,Career,C002315,end,2020,B33W3S0066,クラブ所属履歴 > 「2019-20 東京Z」,所属履歴の最後のシーズン2019-20の終了年,SUPPORTED,2026-09-30,
Batch 33 Wave 03,B33W3E0510,Career,C002316,organization_id,ORG000052,B33W3S0066,クラブ所属履歴 > 「2020-21 新潟」,B.LEAGUE公式の所属履歴で在籍を確認（略称表記）,SUPPORTED,2026-09-30,
Batch 33 Wave 03,B33W3E0511,Career,C002316,organization_id,ORG000052,B33W3S0043,順位表 > クラブ「新潟アルビレックスBB」（略称「新潟」、club_detail TeamID=695）,公式順位表で略称とクラブ名・TeamIDの対応を確認,SUPPORTED,2026-09-30,
Batch 33 Wave 03,B33W3E0512,Career,C002316,start,2020,B33W3S0066,クラブ所属履歴 > 「2020-21 新潟」,所属履歴の最初のシーズン2020-21の開始年,SUPPORTED,2026-09-30,
Batch 33 Wave 03,B33W3E0513,Career,C002316,end,2021,B33W3S0066,クラブ所属履歴 > 「2020-21 新潟」,所属履歴の最後のシーズン2020-21の終了年,SUPPORTED,2026-09-30,
Batch 33 Wave 03,B33W3E0514,Career,C002317,organization_id,ORG000153,B33W3S0066,クラブ所属履歴 > 「2021-22 滋賀」〜「2023-24 滋賀」,B.LEAGUE公式の所属履歴で在籍を確認（略称表記）,SUPPORTED,2026-09-30,
Batch 33 Wave 03,B33W3E0515,Career,C002317,organization_id,ORG000153,B33W3S0026,順位表 > クラブ「滋賀レイクスターズ」（略称「滋賀」、club_detail TeamID=698）,公式順位表で略称とクラブ名・TeamIDの対応を確認,SUPPORTED,2026-09-30,
Batch 33 Wave 03,B33W3E0516,Career,C002317,start,2021,B33W3S0066,クラブ所属履歴 > 「2021-22 滋賀」,所属履歴の最初のシーズン2021-22の開始年,SUPPORTED,2026-09-30,
Batch 33 Wave 03,B33W3E0517,Career,C002317,end,2024,B33W3S0066,クラブ所属履歴 > 「2023-24 滋賀」,所属履歴の最後のシーズン2023-24の終了年,SUPPORTED,2026-09-30,
Batch 33 Wave 03,B33W3E0518,Career,C002318,organization_id,ORG000122,B33W3S0066,クラブ所属履歴 > 「2024-25 川崎」,B.LEAGUE公式の所属履歴で在籍を確認（略称表記）,SUPPORTED,2026-09-30,
Batch 33 Wave 03,B33W3E0519,Career,C002318,organization_id,ORG000122,B33W3S0021,順位表 > クラブ「川崎ブレイブサンダース」（略称「川崎」、club_detail TeamID=727）,公式順位表で略称とクラブ名・TeamIDの対応を確認,SUPPORTED,2026-09-30,
Batch 33 Wave 03,B33W3E0520,Career,C002318,start,2024,B33W3S0066,クラブ所属履歴 > 「2024-25 川崎」,所属履歴の最初のシーズン2024-25の開始年,SUPPORTED,2026-09-30,
Batch 33 Wave 03,B33W3E0521,Career,C002318,end,2025,B33W3S0066,クラブ所属履歴 > 「2024-25 川崎」,所属履歴の最後のシーズン2024-25の終了年,SUPPORTED,2026-09-30,
Batch 33 Wave 03,B33W3E0522,Career,C002319,organization_id,ORG000227,B33W3S0066,クラブ所属履歴 > 「2025-26 静岡」〜「2026-27 静岡」,B.LEAGUE公式の所属履歴で在籍を確認（略称表記）,SUPPORTED,2026-09-30,
Batch 33 Wave 03,B33W3E0523,Career,C002319,organization_id,ORG000227,B33W3S0029,順位表 > クラブ「ベルテックス静岡」（略称「静岡」、club_detail TeamID=1637）,公式順位表で略称とクラブ名・TeamIDの対応を確認,SUPPORTED,2026-09-30,
Batch 33 Wave 03,B33W3E0524,Career,C002319,start,2025,B33W3S0066,クラブ所属履歴 > 「2025-26 静岡」,所属履歴の最初のシーズン2025-26の開始年,SUPPORTED,2026-09-30,
Batch 33 Wave 03,B33W3E0525,Career,C002319,organization_id,ORG000227,B33W3S0067,選手一覧 > 静岡 > 柏倉 哲平,2026-27シーズンの公式選手一覧で現所属を確認,SUPPORTED,2026-09-30,
Batch 33 Wave 03,B33W3E0526,Person,P000493,name,君座 武志,B33W3S0068,基本情報 > 選手名,B.LEAGUE公式プロフィールで氏名を確認,SUPPORTED,2026-09-30,
Batch 33 Wave 03,B33W3E0527,Person,P000493,birth_date,2003-05-04,B33W3S0068,基本情報 > 生年月日：2003年5月4日,B.LEAGUE公式プロフィールで生年月日を確認,SUPPORTED,2026-09-30,
Batch 33 Wave 03,B33W3E0528,Career,C002320,organization_id,ORG000234,B33W3S0068,基本情報 > 出身校（高）：宇都宮工業高等学校,B.LEAGUE公式プロフィールで出身校（高）を確認,SUPPORTED,2026-09-30,
Batch 33 Wave 03,B33W3E0529,Career,C002321,organization_id,ORG000015,B33W3S0068,基本情報 > 出身校（大）：東海大学,B.LEAGUE公式プロフィールで出身校（大）を確認,SUPPORTED,2026-09-30,
Batch 33 Wave 03,B33W3E0530,Career,C002322,organization_id,ORG000067,B33W3S0068,クラブ所属履歴 > 「2025-26 熊本」,B.LEAGUE公式の所属履歴で在籍を確認（略称表記）,SUPPORTED,2026-09-30,
Batch 33 Wave 03,B33W3E0531,Career,C002322,organization_id,ORG000067,B33W3S0029,順位表 > クラブ「熊本ヴォルターズ」（略称「熊本」、club_detail TeamID=724）,公式順位表で略称とクラブ名・TeamIDの対応を確認,SUPPORTED,2026-09-30,
Batch 33 Wave 03,B33W3E0532,Career,C002322,start,2025,B33W3S0068,クラブ所属履歴 > 「2025-26 熊本」,所属履歴の最初のシーズン2025-26の開始年,SUPPORTED,2026-09-30,
Batch 33 Wave 03,B33W3E0533,Career,C002322,end,2026,B33W3S0068,クラブ所属履歴 > 「2025-26 熊本」,所属履歴の最後のシーズン2025-26の終了年,SUPPORTED,2026-09-30,
Batch 33 Wave 03,B33W3E0534,Career,C002323,organization_id,ORG000227,B33W3S0068,クラブ所属履歴 > 「2026-27 静岡」,B.LEAGUE公式の所属履歴で在籍を確認（略称表記）,SUPPORTED,2026-09-30,
Batch 33 Wave 03,B33W3E0535,Career,C002323,organization_id,ORG000227,B33W3S0003,順位表 > クラブ「ベルテックス静岡」（略称「静岡」、club_detail TeamID=1637）,公式順位表で略称とクラブ名・TeamIDの対応を確認,SUPPORTED,2026-09-30,
Batch 33 Wave 03,B33W3E0536,Career,C002323,start,2026,B33W3S0068,クラブ所属履歴 > 「2026-27 静岡」,所属履歴の最初のシーズン2026-27の開始年,SUPPORTED,2026-09-30,
Batch 33 Wave 03,B33W3E0537,Career,C002323,organization_id,ORG000227,B33W3S0067,選手一覧 > 静岡 > 君座 武志,2026-27シーズンの公式選手一覧で現所属を確認,SUPPORTED,2026-09-30,
Batch 33 Wave 03,B33W3E0538,Person,P000494,name,サイモン 拓海,B33W3S0069,基本情報 > 選手名,B.LEAGUE公式プロフィールで氏名を確認,SUPPORTED,2026-09-30,
Batch 33 Wave 03,B33W3E0539,Person,P000494,birth_date,2000-03-10,B33W3S0069,基本情報 > 生年月日：2000年3月10日,B.LEAGUE公式プロフィールで生年月日を確認,SUPPORTED,2026-09-30,
Batch 33 Wave 03,B33W3E0540,Career,C002324,organization_id,ORG000429,B33W3S0069,基本情報 > 出身校（高）：セントジョーンズスクール,B.LEAGUE公式プロフィールで出身校（高）を確認,SUPPORTED,2026-09-30,
Batch 33 Wave 03,B33W3E0541,Career,C002325,organization_id,ORG000430,B33W3S0069,基本情報 > 出身校（大）：サンタクララ大学,B.LEAGUE公式プロフィールで出身校（大）を確認,SUPPORTED,2026-09-30,
Batch 33 Wave 03,B33W3E0542,Career,C002326,organization_id,ORG000150,B33W3S0069,クラブ所属履歴 > 「2022-23 信州」〜「2023-24 信州」,B.LEAGUE公式の所属履歴で在籍を確認（略称表記）,SUPPORTED,2026-09-30,
Batch 33 Wave 03,B33W3E0543,Career,C002326,organization_id,ORG000150,B33W3S0020,順位表 > クラブ「信州ブレイブウォリアーズ」（略称「信州」、club_detail TeamID=716）,公式順位表で略称とクラブ名・TeamIDの対応を確認,SUPPORTED,2026-09-30,
Batch 33 Wave 03,B33W3E0544,Career,C002326,start,2022,B33W3S0069,クラブ所属履歴 > 「2022-23 信州」,所属履歴の最初のシーズン2022-23の開始年,SUPPORTED,2026-09-30,
Batch 33 Wave 03,B33W3E0545,Career,C002326,end,2024,B33W3S0069,クラブ所属履歴 > 「2023-24 信州」,所属履歴の最後のシーズン2023-24の終了年,SUPPORTED,2026-09-30,
Batch 33 Wave 03,B33W3E0546,Career,C002327,organization_id,ORG000227,B33W3S0069,クラブ所属履歴 > 「2024-25 静岡」〜「2026-27 静岡」,B.LEAGUE公式の所属履歴で在籍を確認（略称表記）,SUPPORTED,2026-09-30,
Batch 33 Wave 03,B33W3E0547,Career,C002327,organization_id,ORG000227,B33W3S0002,順位表 > クラブ「ベルテックス静岡」（略称「静岡」、club_detail TeamID=1637）,公式順位表で略称とクラブ名・TeamIDの対応を確認,SUPPORTED,2026-09-30,
Batch 33 Wave 03,B33W3E0548,Career,C002327,start,2024,B33W3S0069,クラブ所属履歴 > 「2024-25 静岡」,所属履歴の最初のシーズン2024-25の開始年,SUPPORTED,2026-09-30,
Batch 33 Wave 03,B33W3E0549,Career,C002327,organization_id,ORG000227,B33W3S0067,選手一覧 > 静岡 > サイモン 拓海,2026-27シーズンの公式選手一覧で現所属を確認,SUPPORTED,2026-09-30,
Batch 33 Wave 03,B33W3E0550,Person,P000495,name,ジャンバルボ 海斗,B33W3S0070,基本情報 > 選手名,B.LEAGUE公式プロフィールで氏名を確認,SUPPORTED,2026-09-30,
Batch 33 Wave 03,B33W3E0551,Person,P000495,birth_date,2003-09-29,B33W3S0070,基本情報 > 生年月日：2003年9月29日,B.LEAGUE公式プロフィールで生年月日を確認,SUPPORTED,2026-09-30,
Batch 33 Wave 03,B33W3E0552,Career,C002328,organization_id,ORG000227,B33W3S0070,クラブ所属履歴 > 「2026-27 静岡」,B.LEAGUE公式の所属履歴で在籍を確認（略称表記）,SUPPORTED,2026-09-30,
Batch 33 Wave 03,B33W3E0553,Career,C002328,organization_id,ORG000227,B33W3S0003,順位表 > クラブ「ベルテックス静岡」（略称「静岡」、club_detail TeamID=1637）,公式順位表で略称とクラブ名・TeamIDの対応を確認,SUPPORTED,2026-09-30,
Batch 33 Wave 03,B33W3E0554,Career,C002328,start,2026,B33W3S0070,クラブ所属履歴 > 「2026-27 静岡」,所属履歴の最初のシーズン2026-27の開始年,SUPPORTED,2026-09-30,
Batch 33 Wave 03,B33W3E0555,Career,C002328,organization_id,ORG000227,B33W3S0067,選手一覧 > 静岡 > ジャンバルボ 海斗,2026-27シーズンの公式選手一覧で現所属を確認,SUPPORTED,2026-09-30,
Batch 33 Wave 03,B33W3E0556,Person,P000496,name,関谷 間,B33W3S0071,基本情報 > 選手名,B.LEAGUE公式プロフィールで氏名を確認,SUPPORTED,2026-09-30,
Batch 33 Wave 03,B33W3E0557,Person,P000496,birth_date,2006-09-08,B33W3S0071,基本情報 > 生年月日：2006年9月8日,B.LEAGUE公式プロフィールで生年月日を確認,SUPPORTED,2026-09-30,
Batch 33 Wave 03,B33W3E0558,Career,C002329,organization_id,ORG000431,B33W3S0071,基本情報 > 出身校（高）：NHK学園高等学校(在学中),B.LEAGUE公式プロフィールで出身校（高）を確認,SUPPORTED,2026-09-30,プロフィール上は「(在学中)」の表記
Batch 33 Wave 03,B33W3E0559,Career,C002330,organization_id,ORG000118,B33W3S0071,クラブ所属履歴 > 「2023-24 千葉J」〜「2024-25 千葉J」,B.LEAGUE公式の所属履歴で在籍を確認（略称表記）,SUPPORTED,2026-09-30,
Batch 33 Wave 03,B33W3E0560,Career,C002330,organization_id,ORG000118,B33W3S0053,順位表 > クラブ「千葉ジェッツ」（略称「千葉J」、club_detail TeamID=704）,公式順位表で略称とクラブ名・TeamIDの対応を確認,SUPPORTED,2026-09-30,
Batch 33 Wave 03,B33W3E0561,Career,C002330,start,2023,B33W3S0071,クラブ所属履歴 > 「2023-24 千葉J」,所属履歴の最初のシーズン2023-24の開始年,SUPPORTED,2026-09-30,
Batch 33 Wave 03,B33W3E0562,Career,C002330,end,2025,B33W3S0071,クラブ所属履歴 > 「2024-25 千葉J」,所属履歴の最後のシーズン2024-25の終了年,SUPPORTED,2026-09-30,
Batch 33 Wave 03,B33W3E0563,Career,C002331,organization_id,ORG000227,B33W3S0071,クラブ所属履歴 > 「2026-27 静岡」,B.LEAGUE公式の所属履歴で在籍を確認（略称表記）,SUPPORTED,2026-09-30,
Batch 33 Wave 03,B33W3E0564,Career,C002331,organization_id,ORG000227,B33W3S0003,順位表 > クラブ「ベルテックス静岡」（略称「静岡」、club_detail TeamID=1637）,公式順位表で略称とクラブ名・TeamIDの対応を確認,SUPPORTED,2026-09-30,
Batch 33 Wave 03,B33W3E0565,Career,C002331,start,2026,B33W3S0071,クラブ所属履歴 > 「2026-27 静岡」,所属履歴の最初のシーズン2026-27の開始年,SUPPORTED,2026-09-30,
Batch 33 Wave 03,B33W3E0566,Career,C002331,organization_id,ORG000227,B33W3S0067,選手一覧 > 静岡 > 関谷 間,2026-27シーズンの公式選手一覧で現所属を確認,SUPPORTED,2026-09-30,
Batch 33 Wave 03,B33W3E0567,Person,P000497,name,橋本 竜馬,B33W3S0072,基本情報 > 選手名,B.LEAGUE公式プロフィールで氏名を確認,SUPPORTED,2026-09-30,
Batch 33 Wave 03,B33W3E0568,Person,P000497,birth_date,1988-05-11,B33W3S0072,基本情報 > 生年月日：1988年5月11日,B.LEAGUE公式プロフィールで生年月日を確認,SUPPORTED,2026-09-30,
Batch 33 Wave 03,B33W3E0569,Career,C002332,organization_id,ORG000127,B33W3S0072,基本情報 > 出身校（高）：福岡大学付属大濠高等学校,B.LEAGUE公式プロフィールで出身校（高）を確認,SUPPORTED,2026-09-30,
Batch 33 Wave 03,B33W3E0570,Career,C002333,organization_id,ORG000030,B33W3S0072,基本情報 > 出身校（大）：青山学院大学,B.LEAGUE公式プロフィールで出身校（大）を確認,SUPPORTED,2026-09-30,
Batch 33 Wave 03,B33W3E0571,Career,C002334,organization_id,ORG000130,B33W3S0072,クラブ所属履歴 > 「2016-17 三河」〜「2017-18 三河」,B.LEAGUE公式の所属履歴で在籍を確認（略称表記）,SUPPORTED,2026-09-30,
Batch 33 Wave 03,B33W3E0572,Career,C002334,organization_id,ORG000130,B33W3S0006,順位表 > クラブ「シーホース三河」（略称「三河」、club_detail TeamID=728）,公式順位表で略称とクラブ名・TeamIDの対応を確認,SUPPORTED,2026-09-30,
Batch 33 Wave 03,B33W3E0573,Career,C002334,start,2016,B33W3S0072,クラブ所属履歴 > 「2016-17 三河」,所属履歴の最初のシーズン2016-17の開始年,SUPPORTED,2026-09-30,
Batch 33 Wave 03,B33W3E0574,Career,C002334,end,2018,B33W3S0072,クラブ所属履歴 > 「2017-18 三河」,所属履歴の最後のシーズン2017-18の終了年,SUPPORTED,2026-09-30,
Batch 33 Wave 03,B33W3E0575,Career,C002335,organization_id,ORG000106,B33W3S0072,クラブ所属履歴 > 「2018-19 琉球」,B.LEAGUE公式の所属履歴で在籍を確認（略称表記）,SUPPORTED,2026-09-30,
Batch 33 Wave 03,B33W3E0576,Career,C002335,organization_id,ORG000106,B33W3S0007,順位表 > クラブ「琉球ゴールデンキングス」（略称「琉球」、club_detail TeamID=701）,公式順位表で略称とクラブ名・TeamIDの対応を確認,SUPPORTED,2026-09-30,
Batch 33 Wave 03,B33W3E0577,Career,C002335,start,2018,B33W3S0072,クラブ所属履歴 > 「2018-19 琉球」,所属履歴の最初のシーズン2018-19の開始年,SUPPORTED,2026-09-30,
Batch 33 Wave 03,B33W3E0578,Career,C002335,end,2019,B33W3S0072,クラブ所属履歴 > 「2018-19 琉球」,所属履歴の最後のシーズン2018-19の終了年,SUPPORTED,2026-09-30,
Batch 33 Wave 03,B33W3E0579,Career,C002336,organization_id,ORG000092,B33W3S0072,クラブ所属履歴 > 「2019-20 北海道」〜「2022-23 北海道」,B.LEAGUE公式の所属履歴で在籍を確認（略称表記）,SUPPORTED,2026-09-30,
Batch 33 Wave 03,B33W3E0580,Career,C002336,organization_id,ORG000092,B33W3S0008,順位表 > クラブ「レバンガ北海道」（略称「北海道」、club_detail TeamID=702）,公式順位表で略称とクラブ名・TeamIDの対応を確認,SUPPORTED,2026-09-30,
Batch 33 Wave 03,B33W3E0581,Career,C002336,start,2019,B33W3S0072,クラブ所属履歴 > 「2019-20 北海道」,所属履歴の最初のシーズン2019-20の開始年,SUPPORTED,2026-09-30,
Batch 33 Wave 03,B33W3E0582,Career,C002336,end,2023,B33W3S0072,クラブ所属履歴 > 「2022-23 北海道」,所属履歴の最後のシーズン2022-23の終了年,SUPPORTED,2026-09-30,
Batch 33 Wave 03,B33W3E0583,Career,C002337,organization_id,ORG000109,B33W3S0072,クラブ所属履歴 > 「2023-24 A東京」,B.LEAGUE公式の所属履歴で在籍を確認（略称表記）,SUPPORTED,2026-09-30,
Batch 33 Wave 03,B33W3E0584,Career,C002337,organization_id,ORG000109,B33W3S0053,順位表 > クラブ「アルバルク東京」（略称「A東京」、club_detail TeamID=706）,公式順位表で略称とクラブ名・TeamIDの対応を確認,SUPPORTED,2026-09-30,
Batch 33 Wave 03,B33W3E0585,Career,C002337,start,2023,B33W3S0072,クラブ所属履歴 > 「2023-24 A東京」,所属履歴の最初のシーズン2023-24の開始年,SUPPORTED,2026-09-30,
Batch 33 Wave 03,B33W3E0586,Career,C002337,end,2024,B33W3S0072,クラブ所属履歴 > 「2023-24 A東京」,所属履歴の最後のシーズン2023-24の終了年,SUPPORTED,2026-09-30,
Batch 33 Wave 03,B33W3E0587,Career,C002338,organization_id,ORG000190,B33W3S0072,クラブ所属履歴 > 「2024-25 越谷」,B.LEAGUE公式の所属履歴で在籍を確認（略称表記）,SUPPORTED,2026-09-30,
Batch 33 Wave 03,B33W3E0588,Career,C002338,organization_id,ORG000190,B33W3S0021,順位表 > クラブ「越谷アルファーズ」（略称「越谷」、club_detail TeamID=745）,公式順位表で略称とクラブ名・TeamIDの対応を確認,SUPPORTED,2026-09-30,
Batch 33 Wave 03,B33W3E0589,Career,C002338,start,2024,B33W3S0072,クラブ所属履歴 > 「2024-25 越谷」,所属履歴の最初のシーズン2024-25の開始年,SUPPORTED,2026-09-30,
Batch 33 Wave 03,B33W3E0590,Career,C002338,end,2025,B33W3S0072,クラブ所属履歴 > 「2024-25 越谷」,所属履歴の最後のシーズン2024-25の終了年,SUPPORTED,2026-09-30,
Batch 33 Wave 03,B33W3E0591,Career,C002339,organization_id,ORG000227,B33W3S0072,クラブ所属履歴 > 「2024-25 静岡」〜「2026-27 静岡」,B.LEAGUE公式の所属履歴で在籍を確認（略称表記）,SUPPORTED,2026-09-30,
Batch 33 Wave 03,B33W3E0592,Career,C002339,organization_id,ORG000227,B33W3S0002,順位表 > クラブ「ベルテックス静岡」（略称「静岡」、club_detail TeamID=1637）,公式順位表で略称とクラブ名・TeamIDの対応を確認,SUPPORTED,2026-09-30,
Batch 33 Wave 03,B33W3E0593,Career,C002339,start,2024,B33W3S0072,クラブ所属履歴 > 「2024-25 静岡」,所属履歴の最初のシーズン2024-25の開始年,SUPPORTED,2026-09-30,
Batch 33 Wave 03,B33W3E0594,Career,C002339,organization_id,ORG000227,B33W3S0067,選手一覧 > 静岡 > 橋本 竜馬,2026-27シーズンの公式選手一覧で現所属を確認,SUPPORTED,2026-09-30,
Batch 33 Wave 03,B33W3E0595,Person,P000498,name,林 翔太郎,B33W3S0073,基本情報 > 選手名,B.LEAGUE公式プロフィールで氏名を確認,SUPPORTED,2026-09-30,
Batch 33 Wave 03,B33W3E0596,Person,P000498,birth_date,1995-09-13,B33W3S0073,基本情報 > 生年月日：1995年9月13日,B.LEAGUE公式プロフィールで生年月日を確認,SUPPORTED,2026-09-30,
Batch 33 Wave 03,B33W3E0597,Career,C002340,organization_id,ORG000432,B33W3S0073,基本情報 > 出身校（高）：旭川大学高等学校,B.LEAGUE公式プロフィールで出身校（高）を確認,SUPPORTED,2026-09-30,
Batch 33 Wave 03,B33W3E0598,Career,C002341,organization_id,ORG000095,B33W3S0073,基本情報 > 出身校（大）：東海大学九州,B.LEAGUE公式プロフィールで出身校（大）を確認,SUPPORTED,2026-09-30,
Batch 33 Wave 03,B33W3E0599,Career,C002342,organization_id,ORG000122,B33W3S0073,クラブ所属履歴 > 「2017-18 川崎」〜「2019-20 川崎」,B.LEAGUE公式の所属履歴で在籍を確認（略称表記）,SUPPORTED,2026-09-30,
Batch 33 Wave 03,B33W3E0600,Career,C002342,organization_id,ORG000122,B33W3S0025,順位表 > クラブ「川崎ブレイブサンダース」（略称「川崎」、club_detail TeamID=727）,公式順位表で略称とクラブ名・TeamIDの対応を確認,SUPPORTED,2026-09-30,
Batch 33 Wave 03,B33W3E0601,Career,C002342,start,2017,B33W3S0073,クラブ所属履歴 > 「2017-18 川崎」,所属履歴の最初のシーズン2017-18の開始年,SUPPORTED,2026-09-30,
Batch 33 Wave 03,B33W3E0602,Career,C002342,end,2020,B33W3S0073,クラブ所属履歴 > 「2019-20 川崎」,所属履歴の最後のシーズン2019-20の終了年,SUPPORTED,2026-09-30,
Batch 33 Wave 03,B33W3E0603,Career,C002343,organization_id,ORG000052,B33W3S0073,クラブ所属履歴 > 「2020-21 新潟」,B.LEAGUE公式の所属履歴で在籍を確認（略称表記）,SUPPORTED,2026-09-30,
Batch 33 Wave 03,B33W3E0604,Career,C002343,organization_id,ORG000052,B33W3S0043,順位表 > クラブ「新潟アルビレックスBB」（略称「新潟」、club_detail TeamID=695）,公式順位表で略称とクラブ名・TeamIDの対応を確認,SUPPORTED,2026-09-30,
Batch 33 Wave 03,B33W3E0605,Career,C002343,start,2020,B33W3S0073,クラブ所属履歴 > 「2020-21 新潟」,所属履歴の最初のシーズン2020-21の開始年,SUPPORTED,2026-09-30,
Batch 33 Wave 03,B33W3E0606,Career,C002343,end,2021,B33W3S0073,クラブ所属履歴 > 「2020-21 新潟」,所属履歴の最後のシーズン2020-21の終了年,SUPPORTED,2026-09-30,
Batch 33 Wave 03,B33W3E0607,Career,C002344,organization_id,ORG000153,B33W3S0073,クラブ所属履歴 > 「2021-22 滋賀」,B.LEAGUE公式の所属履歴で在籍を確認（略称表記）,SUPPORTED,2026-09-30,
Batch 33 Wave 03,B33W3E0608,Career,C002344,organization_id,ORG000153,B33W3S0026,順位表 > クラブ「滋賀レイクスターズ」（略称「滋賀」、club_detail TeamID=698）,公式順位表で略称とクラブ名・TeamIDの対応を確認,SUPPORTED,2026-09-30,
Batch 33 Wave 03,B33W3E0609,Career,C002344,start,2021,B33W3S0073,クラブ所属履歴 > 「2021-22 滋賀」,所属履歴の最初のシーズン2021-22の開始年,SUPPORTED,2026-09-30,
Batch 33 Wave 03,B33W3E0610,Career,C002344,end,2022,B33W3S0073,クラブ所属履歴 > 「2021-22 滋賀」,所属履歴の最後のシーズン2021-22の終了年,SUPPORTED,2026-09-30,
Batch 33 Wave 03,B33W3E0611,Career,C002345,organization_id,ORG000103,B33W3S0073,クラブ所属履歴 > 「2022-23 茨城」,B.LEAGUE公式の所属履歴で在籍を確認（略称表記）,SUPPORTED,2026-09-30,
Batch 33 Wave 03,B33W3E0612,Career,C002345,organization_id,ORG000103,B33W3S0020,順位表 > クラブ「茨城ロボッツ」（略称「茨城」、club_detail TeamID=712）,公式順位表で略称とクラブ名・TeamIDの対応を確認,SUPPORTED,2026-09-30,
Batch 33 Wave 03,B33W3E0613,Career,C002345,start,2022,B33W3S0073,クラブ所属履歴 > 「2022-23 茨城」,所属履歴の最初のシーズン2022-23の開始年,SUPPORTED,2026-09-30,
Batch 33 Wave 03,B33W3E0614,Career,C002345,end,2023,B33W3S0073,クラブ所属履歴 > 「2022-23 茨城」,所属履歴の最後のシーズン2022-23の終了年,SUPPORTED,2026-09-30,
Batch 33 Wave 03,B33W3E0615,Career,C002346,organization_id,ORG000202,B33W3S0073,クラブ所属履歴 > 「2023-24 福島」〜「2024-25 福島」,B.LEAGUE公式の所属履歴で在籍を確認（略称表記）,SUPPORTED,2026-09-30,
Batch 33 Wave 03,B33W3E0616,Career,C002346,organization_id,ORG000202,B33W3S0036,順位表 > クラブ「福島ファイヤーボンズ」（略称「福島」、club_detail TeamID=711）,公式順位表で略称とクラブ名・TeamIDの対応を確認,SUPPORTED,2026-09-30,
Batch 33 Wave 03,B33W3E0617,Career,C002346,start,2023,B33W3S0073,クラブ所属履歴 > 「2023-24 福島」,所属履歴の最初のシーズン2023-24の開始年,SUPPORTED,2026-09-30,
Batch 33 Wave 03,B33W3E0618,Career,C002346,end,2025,B33W3S0073,クラブ所属履歴 > 「2024-25 福島」,所属履歴の最後のシーズン2024-25の終了年,SUPPORTED,2026-09-30,
Batch 33 Wave 03,B33W3E0619,Career,C002347,organization_id,ORG000227,B33W3S0073,クラブ所属履歴 > 「2025-26 静岡」〜「2026-27 静岡」,B.LEAGUE公式の所属履歴で在籍を確認（略称表記）,SUPPORTED,2026-09-30,
Batch 33 Wave 03,B33W3E0620,Career,C002347,organization_id,ORG000227,B33W3S0029,順位表 > クラブ「ベルテックス静岡」（略称「静岡」、club_detail TeamID=1637）,公式順位表で略称とクラブ名・TeamIDの対応を確認,SUPPORTED,2026-09-30,
Batch 33 Wave 03,B33W3E0621,Career,C002347,start,2025,B33W3S0073,クラブ所属履歴 > 「2025-26 静岡」,所属履歴の最初のシーズン2025-26の開始年,SUPPORTED,2026-09-30,
Batch 33 Wave 03,B33W3E0622,Career,C002347,organization_id,ORG000227,B33W3S0067,選手一覧 > 静岡 > 林 翔太郎,2026-27シーズンの公式選手一覧で現所属を確認,SUPPORTED,2026-09-30,
Batch 33 Wave 03,B33W3E0623,Person,P000499,name,増田 啓介,B33W3S0074,基本情報 > 選手名,B.LEAGUE公式プロフィールで氏名を確認,SUPPORTED,2026-09-30,
Batch 33 Wave 03,B33W3E0624,Person,P000499,birth_date,1998-01-22,B33W3S0074,基本情報 > 生年月日：1998年1月22日,B.LEAGUE公式プロフィールで生年月日を確認,SUPPORTED,2026-09-30,
Batch 33 Wave 03,B33W3E0625,Career,C002348,organization_id,ORG000127,B33W3S0074,基本情報 > 出身校（高）：福岡大学付属大濠高等学校,B.LEAGUE公式プロフィールで出身校（高）を確認,SUPPORTED,2026-09-30,
Batch 33 Wave 03,B33W3E0626,Career,C002349,organization_id,ORG000166,B33W3S0074,基本情報 > 出身校（大）：筑波大学,B.LEAGUE公式プロフィールで出身校（大）を確認,SUPPORTED,2026-09-30,
Batch 33 Wave 03,B33W3E0627,Career,C002350,organization_id,ORG000122,B33W3S0074,クラブ所属履歴 > 「2018-19 川崎」〜「2023-24 川崎」,B.LEAGUE公式の所属履歴で在籍を確認（略称表記）,SUPPORTED,2026-09-30,
Batch 33 Wave 03,B33W3E0628,Career,C002350,organization_id,ORG000122,B33W3S0007,順位表 > クラブ「川崎ブレイブサンダース」（略称「川崎」、club_detail TeamID=727）,公式順位表で略称とクラブ名・TeamIDの対応を確認,SUPPORTED,2026-09-30,
Batch 33 Wave 03,B33W3E0629,Career,C002350,start,2018,B33W3S0074,クラブ所属履歴 > 「2018-19 川崎」,所属履歴の最初のシーズン2018-19の開始年,SUPPORTED,2026-09-30,
Batch 33 Wave 03,B33W3E0630,Career,C002350,end,2024,B33W3S0074,クラブ所属履歴 > 「2023-24 川崎」,所属履歴の最後のシーズン2023-24の終了年,SUPPORTED,2026-09-30,
Batch 33 Wave 03,B33W3E0631,Career,C002351,organization_id,ORG000227,B33W3S0074,クラブ所属履歴 > 「2024-25 静岡」〜「2026-27 静岡」,B.LEAGUE公式の所属履歴で在籍を確認（略称表記）,SUPPORTED,2026-09-30,
Batch 33 Wave 03,B33W3E0632,Career,C002351,organization_id,ORG000227,B33W3S0002,順位表 > クラブ「ベルテックス静岡」（略称「静岡」、club_detail TeamID=1637）,公式順位表で略称とクラブ名・TeamIDの対応を確認,SUPPORTED,2026-09-30,
Batch 33 Wave 03,B33W3E0633,Career,C002351,start,2024,B33W3S0074,クラブ所属履歴 > 「2024-25 静岡」,所属履歴の最初のシーズン2024-25の開始年,SUPPORTED,2026-09-30,
Batch 33 Wave 03,B33W3E0634,Career,C002351,organization_id,ORG000227,B33W3S0067,選手一覧 > 静岡 > 増田 啓介,2026-27シーズンの公式選手一覧で現所属を確認,SUPPORTED,2026-09-30,
Batch 33 Wave 03,B33W3E0635,Person,P000500,name,山本 愛哉,B33W3S0075,基本情報 > 選手名,B.LEAGUE公式プロフィールで氏名を確認,SUPPORTED,2026-09-30,
Batch 33 Wave 03,B33W3E0636,Person,P000500,birth_date,2004-03-01,B33W3S0075,基本情報 > 生年月日：2004年3月1日,B.LEAGUE公式プロフィールで生年月日を確認,SUPPORTED,2026-09-30,
Batch 33 Wave 03,B33W3E0637,Career,C002352,organization_id,ORG000170,B33W3S0075,基本情報 > 出身校（高）：飛龍高等学校,B.LEAGUE公式プロフィールで出身校（高）を確認,SUPPORTED,2026-09-30,
Batch 33 Wave 03,B33W3E0638,Career,C002353,organization_id,ORG000210,B33W3S0075,基本情報 > 出身校（大）：神奈川大学,B.LEAGUE公式プロフィールで出身校（大）を確認,SUPPORTED,2026-09-30,
Batch 33 Wave 03,B33W3E0639,Career,C002354,organization_id,ORG000227,B33W3S0075,クラブ所属履歴 > 「2024-25 静岡」〜「2026-27 静岡」,B.LEAGUE公式の所属履歴で在籍を確認（略称表記）,SUPPORTED,2026-09-30,
Batch 33 Wave 03,B33W3E0640,Career,C002354,organization_id,ORG000227,B33W3S0002,順位表 > クラブ「ベルテックス静岡」（略称「静岡」、club_detail TeamID=1637）,公式順位表で略称とクラブ名・TeamIDの対応を確認,SUPPORTED,2026-09-30,
Batch 33 Wave 03,B33W3E0641,Career,C002354,start,2024,B33W3S0075,クラブ所属履歴 > 「2024-25 静岡」,所属履歴の最初のシーズン2024-25の開始年,SUPPORTED,2026-09-30,
Batch 33 Wave 03,B33W3E0642,Career,C002354,organization_id,ORG000227,B33W3S0067,選手一覧 > 静岡 > 山本 愛哉,2026-27シーズンの公式選手一覧で現所属を確認,SUPPORTED,2026-09-30,
Batch 33 Wave 03,B33W3E0643,Person,P000501,name,鍵冨 太雅,B33W3S0076,基本情報 > 選手名,B.LEAGUE公式プロフィールで氏名を確認,SUPPORTED,2026-09-30,
Batch 33 Wave 03,B33W3E0644,Person,P000501,birth_date,1999-03-08,B33W3S0076,基本情報 > 生年月日：1999年3月8日,B.LEAGUE公式プロフィールで生年月日を確認,SUPPORTED,2026-09-30,
Batch 33 Wave 03,B33W3E0645,Career,C002355,organization_id,ORG000127,B33W3S0076,基本情報 > 出身校（高）：福岡大学付属大濠高等学校,B.LEAGUE公式プロフィールで出身校（高）を確認,SUPPORTED,2026-09-30,
Batch 33 Wave 03,B33W3E0646,Career,C002356,organization_id,ORG000433,B33W3S0076,基本情報 > 出身校（大）：ボウドイン大学,B.LEAGUE公式プロフィールで出身校（大）を確認,SUPPORTED,2026-09-30,
Batch 33 Wave 03,B33W3E0647,Career,C002357,organization_id,ORG000103,B33W3S0076,クラブ所属履歴 > 「2022-23 茨城」,B.LEAGUE公式の所属履歴で在籍を確認（略称表記）,SUPPORTED,2026-09-30,
Batch 33 Wave 03,B33W3E0648,Career,C002357,organization_id,ORG000103,B33W3S0020,順位表 > クラブ「茨城ロボッツ」（略称「茨城」、club_detail TeamID=712）,公式順位表で略称とクラブ名・TeamIDの対応を確認,SUPPORTED,2026-09-30,
Batch 33 Wave 03,B33W3E0649,Career,C002357,start,2022,B33W3S0076,クラブ所属履歴 > 「2022-23 茨城」,所属履歴の最初のシーズン2022-23の開始年,SUPPORTED,2026-09-30,
Batch 33 Wave 03,B33W3E0650,Career,C002357,end,2023,B33W3S0076,クラブ所属履歴 > 「2022-23 茨城」,所属履歴の最後のシーズン2022-23の終了年,SUPPORTED,2026-09-30,
Batch 33 Wave 03,B33W3E0651,Career,C002358,organization_id,ORG000180,B33W3S0076,クラブ所属履歴 > 「2023-24 FE名古屋」,B.LEAGUE公式の所属履歴で在籍を確認（略称表記）,SUPPORTED,2026-09-30,
Batch 33 Wave 03,B33W3E0652,Career,C002358,organization_id,ORG000180,B33W3S0053,順位表 > クラブ「ファイティングイーグルス名古屋」（略称「FE名古屋」、club_detail TeamID=717）,公式順位表で略称とクラブ名・TeamIDの対応を確認,SUPPORTED,2026-09-30,
Batch 33 Wave 03,B33W3E0653,Career,C002358,start,2023,B33W3S0076,クラブ所属履歴 > 「2023-24 FE名古屋」,所属履歴の最初のシーズン2023-24の開始年,SUPPORTED,2026-09-30,
Batch 33 Wave 03,B33W3E0654,Career,C002358,end,2024,B33W3S0076,クラブ所属履歴 > 「2023-24 FE名古屋」,所属履歴の最後のシーズン2023-24の終了年,SUPPORTED,2026-09-30,
Batch 33 Wave 03,B33W3E0655,Career,C002359,organization_id,ORG000182,B33W3S0076,クラブ所属履歴 > 「2024-25 青森」〜「2025-26 青森」,B.LEAGUE公式の所属履歴で在籍を確認（略称表記）,SUPPORTED,2026-09-30,
Batch 33 Wave 03,B33W3E0656,Career,C002359,organization_id,ORG000182,B33W3S0002,順位表 > クラブ「青森ワッツ」（略称「青森」、club_detail TeamID=708）,公式順位表で略称とクラブ名・TeamIDの対応を確認,SUPPORTED,2026-09-30,
Batch 33 Wave 03,B33W3E0657,Career,C002359,start,2024,B33W3S0076,クラブ所属履歴 > 「2024-25 青森」,所属履歴の最初のシーズン2024-25の開始年,SUPPORTED,2026-09-30,
Batch 33 Wave 03,B33W3E0658,Career,C002359,end,2026,B33W3S0076,クラブ所属履歴 > 「2025-26 青森」,所属履歴の最後のシーズン2025-26の終了年,SUPPORTED,2026-09-30,
Batch 33 Wave 03,B33W3E0659,Career,C002360,organization_id,ORG000180,B33W3S0076,クラブ所属履歴 > 「2026-27 FE名古屋」,B.LEAGUE公式の所属履歴で在籍を確認（略称表記）,SUPPORTED,2026-09-30,
Batch 33 Wave 03,B33W3E0660,Career,C002360,organization_id,ORG000180,B33W3S0003,順位表 > クラブ「ファイティングイーグルス名古屋」（略称「FE名古屋」、club_detail TeamID=717）,公式順位表で略称とクラブ名・TeamIDの対応を確認,SUPPORTED,2026-09-30,
Batch 33 Wave 03,B33W3E0661,Career,C002360,start,2026,B33W3S0076,クラブ所属履歴 > 「2026-27 FE名古屋」,所属履歴の最初のシーズン2026-27の開始年,SUPPORTED,2026-09-30,
Batch 33 Wave 03,B33W3E0662,Career,C002360,organization_id,ORG000180,B33W3S0077,選手一覧 > FE名古屋 > 鍵冨 太雅,2026-27シーズンの公式選手一覧で現所属を確認,SUPPORTED,2026-09-30,
Batch 33 Wave 04,B33W4E0001,Person,P000502,name,杉本 天昇,B33W4S0001,基本情報 > 選手名,B.LEAGUE公式プロフィールで氏名を確認,SUPPORTED,2026-09-30,
Batch 33 Wave 04,B33W4E0002,Person,P000502,birth_date,1998-07-20,B33W4S0001,基本情報 > 生年月日：1998年7月20日,B.LEAGUE公式プロフィールで生年月日を確認,SUPPORTED,2026-09-30,
Batch 33 Wave 04,B33W4E0003,Career,C002361,organization_id,ORG000134,B33W4S0001,基本情報 > 出身校（高）：学校法人土浦日本大学学園土浦日本大学高等学校,B.LEAGUE公式プロフィールで出身校（高）を確認,SUPPORTED,2026-09-30,
Batch 33 Wave 04,B33W4E0004,Career,C002362,organization_id,ORG000121,B33W4S0001,基本情報 > 出身校（大）：日本大学,B.LEAGUE公式プロフィールで出身校（大）を確認,SUPPORTED,2026-09-30,
Batch 33 Wave 04,B33W4E0005,Career,C002363,organization_id,ORG000092,B33W4S0001,クラブ所属履歴 > 「2019-20 北海道」,B.LEAGUE公式の所属履歴で在籍を確認（略称表記）,SUPPORTED,2026-09-30,
Batch 33 Wave 04,B33W4E0006,Career,C002363,organization_id,ORG000092,B33W4S0002,順位表 > クラブ「レバンガ北海道」（略称「北海道」、club_detail TeamID=702）,公式順位表で略称とクラブ名・TeamIDの対応を確認,SUPPORTED,2026-09-30,
Batch 33 Wave 04,B33W4E0007,Career,C002363,start,2019,B33W4S0001,クラブ所属履歴 > 「2019-20 北海道」,所属履歴の最初のシーズン2019-20の開始年,SUPPORTED,2026-09-30,
Batch 33 Wave 04,B33W4E0008,Career,C002363,end,2020,B33W4S0001,クラブ所属履歴 > 「2019-20 北海道」,所属履歴の最後のシーズン2019-20の終了年,SUPPORTED,2026-09-30,
Batch 33 Wave 04,B33W4E0009,Career,C002364,organization_id,ORG000143,B33W4S0001,クラブ所属履歴 > 「2020-21 群馬」〜「2021-22 群馬」,B.LEAGUE公式の所属履歴で在籍を確認（略称表記）,SUPPORTED,2026-09-30,
Batch 33 Wave 04,B33W4E0010,Career,C002364,organization_id,ORG000143,B33W4S0003,順位表 > クラブ「群馬クレインサンダーズ」（略称「群馬」、club_detail TeamID=713）,公式順位表で略称とクラブ名・TeamIDの対応を確認,SUPPORTED,2026-09-30,
Batch 33 Wave 04,B33W4E0011,Career,C002364,start,2020,B33W4S0001,クラブ所属履歴 > 「2020-21 群馬」,所属履歴の最初のシーズン2020-21の開始年,SUPPORTED,2026-09-30,
Batch 33 Wave 04,B33W4E0012,Career,C002364,end,2022,B33W4S0001,クラブ所属履歴 > 「2021-22 群馬」,所属履歴の最後のシーズン2021-22の終了年,SUPPORTED,2026-09-30,
Batch 33 Wave 04,B33W4E0013,Career,C002365,organization_id,ORG000052,B33W4S0001,クラブ所属履歴 > 「2022-23 新潟」,B.LEAGUE公式の所属履歴で在籍を確認（略称表記）,SUPPORTED,2026-09-30,
Batch 33 Wave 04,B33W4E0014,Career,C002365,organization_id,ORG000052,B33W4S0004,順位表 > クラブ「新潟アルビレックスBB」（略称「新潟」、club_detail TeamID=695）,公式順位表で略称とクラブ名・TeamIDの対応を確認,SUPPORTED,2026-09-30,
Batch 33 Wave 04,B33W4E0015,Career,C002365,start,2022,B33W4S0001,クラブ所属履歴 > 「2022-23 新潟」,所属履歴の最初のシーズン2022-23の開始年,SUPPORTED,2026-09-30,
Batch 33 Wave 04,B33W4E0016,Career,C002365,end,2023,B33W4S0001,クラブ所属履歴 > 「2022-23 新潟」,所属履歴の最後のシーズン2022-23の終了年,SUPPORTED,2026-09-30,
Batch 33 Wave 04,B33W4E0017,Career,C002366,organization_id,ORG000180,B33W4S0001,クラブ所属履歴 > 「2023-24 FE名古屋」〜「2026-27 FE名古屋」,B.LEAGUE公式の所属履歴で在籍を確認（略称表記）,SUPPORTED,2026-09-30,
Batch 33 Wave 04,B33W4E0018,Career,C002366,organization_id,ORG000180,B33W4S0005,順位表 > クラブ「ファイティングイーグルス名古屋」（略称「FE名古屋」、club_detail TeamID=717）,公式順位表で略称とクラブ名・TeamIDの対応を確認,SUPPORTED,2026-09-30,
Batch 33 Wave 04,B33W4E0019,Career,C002366,start,2023,B33W4S0001,クラブ所属履歴 > 「2023-24 FE名古屋」,所属履歴の最初のシーズン2023-24の開始年,SUPPORTED,2026-09-30,
Batch 33 Wave 04,B33W4E0020,Career,C002366,organization_id,ORG000180,B33W4S0006,選手一覧 > FE名古屋 > 杉本 天昇,2026-27シーズンの公式選手一覧で現所属を確認,SUPPORTED,2026-09-30,
Batch 33 Wave 04,B33W4E0021,Person,P000503,name,月岡 熙,B33W4S0007,基本情報 > 選手名,B.LEAGUE公式プロフィールで氏名を確認,SUPPORTED,2026-09-30,
Batch 33 Wave 04,B33W4E0022,Person,P000503,birth_date,2003-10-21,B33W4S0007,基本情報 > 生年月日：2003年10月21日,B.LEAGUE公式プロフィールで生年月日を確認,SUPPORTED,2026-09-30,
Batch 33 Wave 04,B33W4E0023,Career,C002367,organization_id,ORG000262,B33W4S0007,基本情報 > 出身校（高）：昌平高等学校,B.LEAGUE公式プロフィールで出身校（高）を確認,SUPPORTED,2026-09-30,
Batch 33 Wave 04,B33W4E0024,Career,C002368,organization_id,ORG000020,B33W4S0007,基本情報 > 出身校（大）：日本体育大学,B.LEAGUE公式プロフィールで出身校（大）を確認,SUPPORTED,2026-09-30,
Batch 33 Wave 04,B33W4E0025,Career,C002369,organization_id,ORG000180,B33W4S0007,クラブ所属履歴 > 「2025-26 FE名古屋」〜「2026-27 FE名古屋」,B.LEAGUE公式の所属履歴で在籍を確認（略称表記）,SUPPORTED,2026-09-30,
Batch 33 Wave 04,B33W4E0026,Career,C002369,organization_id,ORG000180,B33W4S0008,順位表 > クラブ「ファイティングイーグルス名古屋」（略称「FE名古屋」、club_detail TeamID=717）,公式順位表で略称とクラブ名・TeamIDの対応を確認,SUPPORTED,2026-09-30,
Batch 33 Wave 04,B33W4E0027,Career,C002369,start,2025,B33W4S0007,クラブ所属履歴 > 「2025-26 FE名古屋」,所属履歴の最初のシーズン2025-26の開始年,SUPPORTED,2026-09-30,
Batch 33 Wave 04,B33W4E0028,Career,C002369,organization_id,ORG000180,B33W4S0006,選手一覧 > FE名古屋 > 月岡 熙,2026-27シーズンの公式選手一覧で現所属を確認,SUPPORTED,2026-09-30,
Batch 33 Wave 04,B33W4E0029,Person,P000504,name,マイロ・マーフィー,B33W4S0009,基本情報 > 選手名,B.LEAGUE公式プロフィールで氏名を確認,SUPPORTED,2026-09-30,
Batch 33 Wave 04,B33W4E0030,Person,P000504,birth_date,2006-03-08,B33W4S0009,基本情報 > 生年月日：2006年3月8日,B.LEAGUE公式プロフィールで生年月日を確認,SUPPORTED,2026-09-30,
Batch 33 Wave 04,B33W4E0031,Career,C002370,organization_id,ORG000238,B33W4S0009,基本情報 > 出身校（高）：Rolling Hills Preparatory School,B.LEAGUE公式プロフィールで出身校（高）を確認,SUPPORTED,2026-09-30,
Batch 33 Wave 04,B33W4E0032,Career,C002371,organization_id,ORG000180,B33W4S0009,クラブ所属履歴 > 「2025-26 FE名古屋」〜「2026-27 FE名古屋」,B.LEAGUE公式の所属履歴で在籍を確認（略称表記）,SUPPORTED,2026-09-30,
Batch 33 Wave 04,B33W4E0033,Career,C002371,organization_id,ORG000180,B33W4S0008,順位表 > クラブ「ファイティングイーグルス名古屋」（略称「FE名古屋」、club_detail TeamID=717）,公式順位表で略称とクラブ名・TeamIDの対応を確認,SUPPORTED,2026-09-30,
Batch 33 Wave 04,B33W4E0034,Career,C002371,start,2025,B33W4S0009,クラブ所属履歴 > 「2025-26 FE名古屋」,所属履歴の最初のシーズン2025-26の開始年,SUPPORTED,2026-09-30,
Batch 33 Wave 04,B33W4E0035,Career,C002371,organization_id,ORG000180,B33W4S0006,選手一覧 > FE名古屋 > マイロ・マーフィー,2026-27シーズンの公式選手一覧で現所属を確認,SUPPORTED,2026-09-30,
Batch 33 Wave 04,B33W4E0036,Person,P000505,name,保岡 龍斗,B33W4S0010,基本情報 > 選手名,B.LEAGUE公式プロフィールで氏名を確認,SUPPORTED,2026-09-30,
Batch 33 Wave 04,B33W4E0037,Person,P000505,birth_date,1995-04-27,B33W4S0010,基本情報 > 生年月日：1995年4月27日,B.LEAGUE公式プロフィールで生年月日を確認,SUPPORTED,2026-09-30,
Batch 33 Wave 04,B33W4E0038,Career,C002372,organization_id,ORG000408,B33W4S0010,基本情報 > 出身校（高）：日本体育大学柏高等学校,B.LEAGUE公式プロフィールで出身校（高）を確認,SUPPORTED,2026-09-30,
Batch 33 Wave 04,B33W4E0039,Career,C002373,organization_id,ORG000424,B33W4S0010,基本情報 > 出身校（大）：江戸川大学,B.LEAGUE公式プロフィールで出身校（大）を確認,SUPPORTED,2026-09-30,
Batch 33 Wave 04,B33W4E0040,Career,C002374,organization_id,ORG000137,B33W4S0010,クラブ所属履歴 > 「2016-17 秋田」〜「2023-24 秋田」,B.LEAGUE公式の所属履歴で在籍を確認（略称表記）,SUPPORTED,2026-09-30,
Batch 33 Wave 04,B33W4E0041,Career,C002374,organization_id,ORG000137,B33W4S0011,順位表 > クラブ「秋田ノーザンハピネッツ」（略称「秋田」、club_detail TeamID=693）,公式順位表で略称とクラブ名・TeamIDの対応を確認,SUPPORTED,2026-09-30,
Batch 33 Wave 04,B33W4E0042,Career,C002374,start,2016,B33W4S0010,クラブ所属履歴 > 「2016-17 秋田」,所属履歴の最初のシーズン2016-17の開始年,SUPPORTED,2026-09-30,
Batch 33 Wave 04,B33W4E0043,Career,C002374,end,2024,B33W4S0010,クラブ所属履歴 > 「2023-24 秋田」,所属履歴の最後のシーズン2023-24の終了年,SUPPORTED,2026-09-30,
Batch 33 Wave 04,B33W4E0044,Career,C002375,organization_id,ORG000180,B33W4S0010,クラブ所属履歴 > 「2024-25 FE名古屋」〜「2026-27 FE名古屋」,B.LEAGUE公式の所属履歴で在籍を確認（略称表記）,SUPPORTED,2026-09-30,
Batch 33 Wave 04,B33W4E0045,Career,C002375,organization_id,ORG000180,B33W4S0012,順位表 > クラブ「ファイティングイーグルス名古屋」（略称「FE名古屋」、club_detail TeamID=717）,公式順位表で略称とクラブ名・TeamIDの対応を確認,SUPPORTED,2026-09-30,
Batch 33 Wave 04,B33W4E0046,Career,C002375,start,2024,B33W4S0010,クラブ所属履歴 > 「2024-25 FE名古屋」,所属履歴の最初のシーズン2024-25の開始年,SUPPORTED,2026-09-30,
Batch 33 Wave 04,B33W4E0047,Career,C002375,organization_id,ORG000180,B33W4S0006,選手一覧 > FE名古屋 > 保岡 龍斗,2026-27シーズンの公式選手一覧で現所属を確認,SUPPORTED,2026-09-30,
Batch 33 Wave 04,B33W4E0048,Person,P000506,name,イデムディア オサセレ,B33W4S0013,基本情報 > 選手名,B.LEAGUE公式プロフィールで氏名を確認,SUPPORTED,2026-09-30,
Batch 33 Wave 04,B33W4E0049,Person,P000506,birth_date,1998-07-21,B33W4S0013,基本情報 > 生年月日：1998年7月21日,B.LEAGUE公式プロフィールで生年月日を確認,SUPPORTED,2026-09-30,
Batch 33 Wave 04,B33W4E0050,Career,C002376,organization_id,ORG000434,B33W4S0013,基本情報 > 出身校（高）：ノーテビスタ高等学校,B.LEAGUE公式プロフィールで出身校（高）を確認,SUPPORTED,2026-09-30,
Batch 33 Wave 04,B33W4E0051,Career,C002377,organization_id,ORG000435,B33W4S0013,基本情報 > 出身校（大）：カリフォルニア大学リバーサイド校,B.LEAGUE公式プロフィールで出身校（大）を確認,SUPPORTED,2026-09-30,
Batch 33 Wave 04,B33W4E0052,Career,C002378,organization_id,ORG000171,B33W4S0013,クラブ所属履歴 > 「2024-25 奈良」〜「2026-27 奈良」,B.LEAGUE公式の所属履歴で在籍を確認（略称表記）,SUPPORTED,2026-09-30,
Batch 33 Wave 04,B33W4E0053,Career,C002378,organization_id,ORG000171,B33W4S0014,順位表 > クラブ「バンビシャス奈良」（略称「奈良」、club_detail TeamID=719）,公式順位表で略称とクラブ名・TeamIDの対応を確認,SUPPORTED,2026-09-30,
Batch 33 Wave 04,B33W4E0054,Career,C002378,start,2024,B33W4S0013,クラブ所属履歴 > 「2024-25 奈良」,所属履歴の最初のシーズン2024-25の開始年,SUPPORTED,2026-09-30,
Batch 33 Wave 04,B33W4E0055,Career,C002378,organization_id,ORG000171,B33W4S0015,選手一覧 > 奈良 > イデムディア オサセレ,2026-27シーズンの公式選手一覧で現所属を確認,SUPPORTED,2026-09-30,
Batch 33 Wave 04,B33W4E0056,Person,P000507,name,植田 碧羽,B33W4S0016,基本情報 > 選手名,B.LEAGUE公式プロフィールで氏名を確認,SUPPORTED,2026-09-30,
Batch 33 Wave 04,B33W4E0057,Person,P000507,birth_date,2003-05-26,B33W4S0016,基本情報 > 生年月日：2003年5月26日,B.LEAGUE公式プロフィールで生年月日を確認,SUPPORTED,2026-09-30,
Batch 33 Wave 04,B33W4E0058,Career,C002379,organization_id,ORG000436,B33W4S0016,基本情報 > 出身校（高）：富田高等学校,B.LEAGUE公式プロフィールで出身校（高）を確認,SUPPORTED,2026-09-30,
Batch 33 Wave 04,B33W4E0059,Career,C002380,organization_id,ORG000099,B33W4S0016,基本情報 > 出身校（大）：大阪学院大学,B.LEAGUE公式プロフィールで出身校（大）を確認,SUPPORTED,2026-09-30,
Batch 33 Wave 04,B33W4E0060,Career,C002381,organization_id,ORG000171,B33W4S0016,クラブ所属履歴 > 「2025-26 奈良」〜「2026-27 奈良」,B.LEAGUE公式の所属履歴で在籍を確認（略称表記）,SUPPORTED,2026-09-30,
Batch 33 Wave 04,B33W4E0061,Career,C002381,organization_id,ORG000171,B33W4S0017,順位表 > クラブ「バンビシャス奈良」（略称「奈良」、club_detail TeamID=719）,公式順位表で略称とクラブ名・TeamIDの対応を確認,SUPPORTED,2026-09-30,
Batch 33 Wave 04,B33W4E0062,Career,C002381,start,2025,B33W4S0016,クラブ所属履歴 > 「2025-26 奈良」,所属履歴の最初のシーズン2025-26の開始年,SUPPORTED,2026-09-30,
Batch 33 Wave 04,B33W4E0063,Career,C002381,organization_id,ORG000171,B33W4S0015,選手一覧 > 奈良 > 植田 碧羽,2026-27シーズンの公式選手一覧で現所属を確認,SUPPORTED,2026-09-30,
Batch 33 Wave 04,B33W4E0064,Person,P000508,name,小野 龍猛,B33W4S0018,基本情報 > 選手名,B.LEAGUE公式プロフィールで氏名を確認,SUPPORTED,2026-09-30,
Batch 33 Wave 04,B33W4E0065,Person,P000508,birth_date,1988-01-06,B33W4S0018,基本情報 > 生年月日：1988年1月6日,B.LEAGUE公式プロフィールで生年月日を確認,SUPPORTED,2026-09-30,
Batch 33 Wave 04,B33W4E0066,Career,C002382,organization_id,ORG000242,B33W4S0018,基本情報 > 出身校（高）：國學院大學久我山高等学校,B.LEAGUE公式プロフィールで出身校（高）を確認,SUPPORTED,2026-09-30,
Batch 33 Wave 04,B33W4E0067,Career,C002383,organization_id,ORG000016,B33W4S0018,基本情報 > 出身校（大）：中央大学,B.LEAGUE公式プロフィールで出身校（大）を確認,SUPPORTED,2026-09-30,
Batch 33 Wave 04,B33W4E0068,Career,C002384,organization_id,ORG000118,B33W4S0018,クラブ所属履歴 > 「2016-17 千葉」〜「2019-20 千葉」,B.LEAGUE公式の所属履歴で在籍を確認（略称表記）,SUPPORTED,2026-09-30,
Batch 33 Wave 04,B33W4E0069,Career,C002384,organization_id,ORG000118,B33W4S0011,順位表 > クラブ「千葉ジェッツ」（略称「千葉」、club_detail TeamID=704）,公式順位表で略称とクラブ名・TeamIDの対応を確認,SUPPORTED,2026-09-30,
Batch 33 Wave 04,B33W4E0070,Career,C002384,start,2016,B33W4S0018,クラブ所属履歴 > 「2016-17 千葉」,所属履歴の最初のシーズン2016-17の開始年,SUPPORTED,2026-09-30,
Batch 33 Wave 04,B33W4E0071,Career,C002384,end,2020,B33W4S0018,クラブ所属履歴 > 「2019-20 千葉」,所属履歴の最後のシーズン2019-20の終了年,SUPPORTED,2026-09-30,
Batch 33 Wave 04,B33W4E0072,Career,C002385,organization_id,ORG000150,B33W4S0018,クラブ所属履歴 > 「2020-21 信州」,B.LEAGUE公式の所属履歴で在籍を確認（略称表記）,SUPPORTED,2026-09-30,
Batch 33 Wave 04,B33W4E0073,Career,C002385,organization_id,ORG000150,B33W4S0019,順位表 > クラブ「信州ブレイブウォリアーズ」（略称「信州」、club_detail TeamID=716）,公式順位表で略称とクラブ名・TeamIDの対応を確認,SUPPORTED,2026-09-30,
Batch 33 Wave 04,B33W4E0074,Career,C002385,start,2020,B33W4S0018,クラブ所属履歴 > 「2020-21 信州」,所属履歴の最初のシーズン2020-21の開始年,SUPPORTED,2026-09-30,
Batch 33 Wave 04,B33W4E0075,Career,C002385,end,2021,B33W4S0018,クラブ所属履歴 > 「2020-21 信州」,所属履歴の最後のシーズン2020-21の終了年,SUPPORTED,2026-09-30,
Batch 33 Wave 04,B33W4E0076,Career,C002386,organization_id,ORG000149,B33W4S0018,クラブ所属履歴 > 「2021-22 富山」〜「2023-24 富山」,B.LEAGUE公式の所属履歴で在籍を確認（略称表記）,SUPPORTED,2026-09-30,
Batch 33 Wave 04,B33W4E0077,Career,C002386,organization_id,ORG000149,B33W4S0020,順位表 > クラブ「富山グラウジーズ」（略称「富山」、club_detail TeamID=696）,公式順位表で略称とクラブ名・TeamIDの対応を確認,SUPPORTED,2026-09-30,
Batch 33 Wave 04,B33W4E0078,Career,C002386,start,2021,B33W4S0018,クラブ所属履歴 > 「2021-22 富山」,所属履歴の最初のシーズン2021-22の開始年,SUPPORTED,2026-09-30,
Batch 33 Wave 04,B33W4E0079,Career,C002386,end,2024,B33W4S0018,クラブ所属履歴 > 「2023-24 富山」,所属履歴の最後のシーズン2023-24の終了年,SUPPORTED,2026-09-30,
Batch 33 Wave 04,B33W4E0080,Career,C002387,organization_id,ORG000042,B33W4S0018,クラブ所属履歴 > 「2024-25 京都」〜「2025-26 京都」,B.LEAGUE公式の所属履歴で在籍を確認（略称表記）,SUPPORTED,2026-09-30,
Batch 33 Wave 04,B33W4E0081,Career,C002387,organization_id,ORG000042,B33W4S0012,順位表 > クラブ「京都ハンナリーズ」（略称「京都」、club_detail TeamID=699）,公式順位表で略称とクラブ名・TeamIDの対応を確認,SUPPORTED,2026-09-30,
Batch 33 Wave 04,B33W4E0082,Career,C002387,start,2024,B33W4S0018,クラブ所属履歴 > 「2024-25 京都」,所属履歴の最初のシーズン2024-25の開始年,SUPPORTED,2026-09-30,
Batch 33 Wave 04,B33W4E0083,Career,C002387,end,2026,B33W4S0018,クラブ所属履歴 > 「2025-26 京都」,所属履歴の最後のシーズン2025-26の終了年,SUPPORTED,2026-09-30,
Batch 33 Wave 04,B33W4E0084,Career,C002388,organization_id,ORG000171,B33W4S0018,クラブ所属履歴 > 「2026-27 奈良」,B.LEAGUE公式の所属履歴で在籍を確認（略称表記）,SUPPORTED,2026-09-30,
Batch 33 Wave 04,B33W4E0085,Career,C002388,organization_id,ORG000171,B33W4S0021,順位表 > クラブ「バンビシャス奈良」（略称「奈良」、club_detail TeamID=719）,公式順位表で略称とクラブ名・TeamIDの対応を確認,SUPPORTED,2026-09-30,
Batch 33 Wave 04,B33W4E0086,Career,C002388,start,2026,B33W4S0018,クラブ所属履歴 > 「2026-27 奈良」,所属履歴の最初のシーズン2026-27の開始年,SUPPORTED,2026-09-30,
Batch 33 Wave 04,B33W4E0087,Career,C002388,organization_id,ORG000171,B33W4S0015,選手一覧 > 奈良 > 小野 龍猛,2026-27シーズンの公式選手一覧で現所属を確認,SUPPORTED,2026-09-30,
Batch 33 Wave 04,B33W4E0088,Person,P000509,name,坂口 竜也,B33W4S0022,基本情報 > 選手名,B.LEAGUE公式プロフィールで氏名を確認,SUPPORTED,2026-09-30,
Batch 33 Wave 04,B33W4E0089,Person,P000509,birth_date,2001-05-03,B33W4S0022,基本情報 > 生年月日：2001年5月3日,B.LEAGUE公式プロフィールで生年月日を確認,SUPPORTED,2026-09-30,
Batch 33 Wave 04,B33W4E0090,Career,C002389,organization_id,ORG000167,B33W4S0022,基本情報 > 出身校（高）：山口県立豊浦高等学校,B.LEAGUE公式プロフィールで出身校（高）を確認,SUPPORTED,2026-09-30,
Batch 33 Wave 04,B33W4E0091,Career,C002390,organization_id,ORG000168,B33W4S0022,基本情報 > 出身校（大）：天理大学,B.LEAGUE公式プロフィールで出身校（大）を確認,SUPPORTED,2026-09-30,
Batch 33 Wave 04,B33W4E0092,Career,C002391,organization_id,ORG000171,B33W4S0022,クラブ所属履歴 > 「2024-25 奈良」〜「2026-27 奈良」,B.LEAGUE公式の所属履歴で在籍を確認（略称表記）,SUPPORTED,2026-09-30,
Batch 33 Wave 04,B33W4E0093,Career,C002391,organization_id,ORG000171,B33W4S0014,順位表 > クラブ「バンビシャス奈良」（略称「奈良」、club_detail TeamID=719）,公式順位表で略称とクラブ名・TeamIDの対応を確認,SUPPORTED,2026-09-30,
Batch 33 Wave 04,B33W4E0094,Career,C002391,start,2024,B33W4S0022,クラブ所属履歴 > 「2024-25 奈良」,所属履歴の最初のシーズン2024-25の開始年,SUPPORTED,2026-09-30,
Batch 33 Wave 04,B33W4E0095,Career,C002391,organization_id,ORG000171,B33W4S0015,選手一覧 > 奈良 > 坂口 竜也,2026-27シーズンの公式選手一覧で現所属を確認,SUPPORTED,2026-09-30,
Batch 33 Wave 04,B33W4E0096,Person,P000510,name,鈴木 達也,B33W4S0023,基本情報 > 選手名,B.LEAGUE公式プロフィールで氏名を確認,SUPPORTED,2026-09-30,
Batch 33 Wave 04,B33W4E0097,Person,P000510,birth_date,1991-03-30,B33W4S0023,基本情報 > 生年月日：1991年3月30日,B.LEAGUE公式プロフィールで生年月日を確認,SUPPORTED,2026-09-30,
Batch 33 Wave 04,B33W4E0098,Career,C002392,organization_id,ORG000437,B33W4S0023,基本情報 > 出身校（高）：保善高等学校,B.LEAGUE公式プロフィールで出身校（高）を確認,SUPPORTED,2026-09-30,
Batch 33 Wave 04,B33W4E0099,Career,C002393,organization_id,ORG000031,B33W4S0023,基本情報 > 出身校（大）：拓殖大学,B.LEAGUE公式プロフィールで出身校（大）を確認,SUPPORTED,2026-09-30,
Batch 33 Wave 04,B33W4E0100,Career,C002394,organization_id,ORG000097,B33W4S0023,クラブ所属履歴 > 「2016-17 三遠」〜「2020-21 三遠」,B.LEAGUE公式の所属履歴で在籍を確認（略称表記）,SUPPORTED,2026-09-30,
Batch 33 Wave 04,B33W4E0101,Career,C002394,organization_id,ORG000097,B33W4S0011,順位表 > クラブ「三遠ネオフェニックス」（略称「三遠」、club_detail TeamID=697）,公式順位表で略称とクラブ名・TeamIDの対応を確認,SUPPORTED,2026-09-30,
Batch 33 Wave 04,B33W4E0102,Career,C002394,start,2016,B33W4S0023,クラブ所属履歴 > 「2016-17 三遠」,所属履歴の最初のシーズン2016-17の開始年,SUPPORTED,2026-09-30,
Batch 33 Wave 04,B33W4E0103,Career,C002394,end,2021,B33W4S0023,クラブ所属履歴 > 「2020-21 三遠」,所属履歴の最後のシーズン2020-21の終了年,SUPPORTED,2026-09-30,
Batch 33 Wave 04,B33W4E0104,Career,C002395,organization_id,ORG000042,B33W4S0023,クラブ所属履歴 > 「2021-22 京都」,B.LEAGUE公式の所属履歴で在籍を確認（略称表記）,SUPPORTED,2026-09-30,
Batch 33 Wave 04,B33W4E0105,Career,C002395,organization_id,ORG000042,B33W4S0020,順位表 > クラブ「京都ハンナリーズ」（略称「京都」、club_detail TeamID=699）,公式順位表で略称とクラブ名・TeamIDの対応を確認,SUPPORTED,2026-09-30,
Batch 33 Wave 04,B33W4E0106,Career,C002395,start,2021,B33W4S0023,クラブ所属履歴 > 「2021-22 京都」,所属履歴の最初のシーズン2021-22の開始年,SUPPORTED,2026-09-30,
Batch 33 Wave 04,B33W4E0107,Career,C002395,end,2022,B33W4S0023,クラブ所属履歴 > 「2021-22 京都」,所属履歴の最後のシーズン2021-22の終了年,SUPPORTED,2026-09-30,
Batch 33 Wave 04,B33W4E0108,Career,C002396,organization_id,ORG000142,B33W4S0023,クラブ所属履歴 > 「2022-23 大阪」〜「2025-26 大阪」,B.LEAGUE公式の所属履歴で在籍を確認（略称表記）,SUPPORTED,2026-09-30,
Batch 33 Wave 04,B33W4E0109,Career,C002396,organization_id,ORG000142,B33W4S0004,順位表 > クラブ「大阪エヴェッサ」（略称「大阪」、club_detail TeamID=700）,公式順位表で略称とクラブ名・TeamIDの対応を確認,SUPPORTED,2026-09-30,
Batch 33 Wave 04,B33W4E0110,Career,C002396,start,2022,B33W4S0023,クラブ所属履歴 > 「2022-23 大阪」,所属履歴の最初のシーズン2022-23の開始年,SUPPORTED,2026-09-30,
Batch 33 Wave 04,B33W4E0111,Career,C002396,end,2026,B33W4S0023,クラブ所属履歴 > 「2025-26 大阪」,所属履歴の最後のシーズン2025-26の終了年,SUPPORTED,2026-09-30,
Batch 33 Wave 04,B33W4E0112,Career,C002397,organization_id,ORG000171,B33W4S0023,クラブ所属履歴 > 「2026-27 奈良」,B.LEAGUE公式の所属履歴で在籍を確認（略称表記）,SUPPORTED,2026-09-30,
Batch 33 Wave 04,B33W4E0113,Career,C002397,organization_id,ORG000171,B33W4S0021,順位表 > クラブ「バンビシャス奈良」（略称「奈良」、club_detail TeamID=719）,公式順位表で略称とクラブ名・TeamIDの対応を確認,SUPPORTED,2026-09-30,
Batch 33 Wave 04,B33W4E0114,Career,C002397,start,2026,B33W4S0023,クラブ所属履歴 > 「2026-27 奈良」,所属履歴の最初のシーズン2026-27の開始年,SUPPORTED,2026-09-30,
Batch 33 Wave 04,B33W4E0115,Career,C002397,organization_id,ORG000171,B33W4S0015,選手一覧 > 奈良 > 鈴木 達也,2026-27シーズンの公式選手一覧で現所属を確認,SUPPORTED,2026-09-30,
Batch 33 Wave 04,B33W4E0116,Person,P000511,name,相馬 卓弥,B33W4S0024,基本情報 > 選手名,B.LEAGUE公式プロフィールで氏名を確認,SUPPORTED,2026-09-30,
Batch 33 Wave 04,B33W4E0117,Person,P000511,birth_date,1991-07-05,B33W4S0024,基本情報 > 生年月日：1991年7月5日,B.LEAGUE公式プロフィールで生年月日を確認,SUPPORTED,2026-09-30,
Batch 33 Wave 04,B33W4E0118,Career,C002398,organization_id,ORG000438,B33W4S0024,基本情報 > 出身校（高）：宮崎県立宮崎工業高等学校,B.LEAGUE公式プロフィールで出身校（高）を確認,SUPPORTED,2026-09-30,
Batch 33 Wave 04,B33W4E0119,Career,C002399,organization_id,ORG000168,B33W4S0024,基本情報 > 出身校（大）：天理大学,B.LEAGUE公式プロフィールで出身校（大）を確認,SUPPORTED,2026-09-30,
Batch 33 Wave 04,B33W4E0120,Career,C002400,organization_id,ORG000142,B33W4S0024,クラブ所属履歴 > 「2016-17 大阪」,B.LEAGUE公式の所属履歴で在籍を確認（略称表記）,SUPPORTED,2026-09-30,
Batch 33 Wave 04,B33W4E0121,Career,C002400,organization_id,ORG000142,B33W4S0011,順位表 > クラブ「大阪エヴェッサ」（略称「大阪」、club_detail TeamID=700）,公式順位表で略称とクラブ名・TeamIDの対応を確認,SUPPORTED,2026-09-30,
Batch 33 Wave 04,B33W4E0122,Career,C002400,start,2016,B33W4S0024,クラブ所属履歴 > 「2016-17 大阪」,所属履歴の最初のシーズン2016-17の開始年,SUPPORTED,2026-09-30,
Batch 33 Wave 04,B33W4E0123,Career,C002400,end,2017,B33W4S0024,クラブ所属履歴 > 「2016-17 大阪」,所属履歴の最後のシーズン2016-17の終了年,SUPPORTED,2026-09-30,
Batch 33 Wave 04,B33W4E0124,Career,C002401,organization_id,ORG000155,B33W4S0024,クラブ所属履歴 > 「2017-18 島根」〜「2019-20 島根」,B.LEAGUE公式の所属履歴で在籍を確認（略称表記）,SUPPORTED,2026-09-30,
Batch 33 Wave 04,B33W4E0125,Career,C002401,organization_id,ORG000155,B33W4S0025,順位表 > クラブ「島根スサノオマジック」（略称「島根」、club_detail TeamID=720）,公式順位表で略称とクラブ名・TeamIDの対応を確認,SUPPORTED,2026-09-30,
Batch 33 Wave 04,B33W4E0126,Career,C002401,start,2017,B33W4S0024,クラブ所属履歴 > 「2017-18 島根」,所属履歴の最初のシーズン2017-18の開始年,SUPPORTED,2026-09-30,
Batch 33 Wave 04,B33W4E0127,Career,C002401,end,2020,B33W4S0024,クラブ所属履歴 > 「2019-20 島根」,所属履歴の最後のシーズン2019-20の終了年,SUPPORTED,2026-09-30,
Batch 33 Wave 04,B33W4E0128,Career,C002402,organization_id,ORG000048,B33W4S0024,クラブ所属履歴 > 「2020-21 佐賀」,B.LEAGUE公式の所属履歴で在籍を確認（略称表記）,SUPPORTED,2026-09-30,
Batch 33 Wave 04,B33W4E0129,Career,C002402,organization_id,ORG000048,B33W4S0003,順位表 > クラブ「佐賀バルーナーズ」（略称「佐賀」、club_detail TeamID=1638）,公式順位表で略称とクラブ名・TeamIDの対応を確認,SUPPORTED,2026-09-30,
Batch 33 Wave 04,B33W4E0130,Career,C002402,start,2020,B33W4S0024,クラブ所属履歴 > 「2020-21 佐賀」,所属履歴の最初のシーズン2020-21の開始年,SUPPORTED,2026-09-30,
Batch 33 Wave 04,B33W4E0131,Career,C002402,end,2021,B33W4S0024,クラブ所属履歴 > 「2020-21 佐賀」,所属履歴の最後のシーズン2020-21の終了年,SUPPORTED,2026-09-30,
Batch 33 Wave 04,B33W4E0132,Career,C002403,organization_id,ORG000180,B33W4S0024,クラブ所属履歴 > 「2021-22 FE名古屋」〜「2023-24 FE名古屋」,B.LEAGUE公式の所属履歴で在籍を確認（略称表記）,SUPPORTED,2026-09-30,
Batch 33 Wave 04,B33W4E0133,Career,C002403,organization_id,ORG000180,B33W4S0026,順位表 > クラブ「ファイティングイーグルス名古屋」（略称「FE名古屋」、club_detail TeamID=717）,公式順位表で略称とクラブ名・TeamIDの対応を確認,SUPPORTED,2026-09-30,
Batch 33 Wave 04,B33W4E0134,Career,C002403,start,2021,B33W4S0024,クラブ所属履歴 > 「2021-22 FE名古屋」,所属履歴の最初のシーズン2021-22の開始年,SUPPORTED,2026-09-30,
Batch 33 Wave 04,B33W4E0135,Career,C002403,end,2024,B33W4S0024,クラブ所属履歴 > 「2023-24 FE名古屋」,所属履歴の最後のシーズン2023-24の終了年,SUPPORTED,2026-09-30,
Batch 33 Wave 04,B33W4E0136,Career,C002404,organization_id,ORG000202,B33W4S0024,クラブ所属履歴 > 「2024-25 福島」,B.LEAGUE公式の所属履歴で在籍を確認（略称表記）,SUPPORTED,2026-09-30,
Batch 33 Wave 04,B33W4E0137,Career,C002404,organization_id,ORG000202,B33W4S0014,順位表 > クラブ「福島ファイヤーボンズ」（略称「福島」、club_detail TeamID=711）,公式順位表で略称とクラブ名・TeamIDの対応を確認,SUPPORTED,2026-09-30,
Batch 33 Wave 04,B33W4E0138,Career,C002404,start,2024,B33W4S0024,クラブ所属履歴 > 「2024-25 福島」,所属履歴の最初のシーズン2024-25の開始年,SUPPORTED,2026-09-30,
Batch 33 Wave 04,B33W4E0139,Career,C002404,end,2025,B33W4S0024,クラブ所属履歴 > 「2024-25 福島」,所属履歴の最後のシーズン2024-25の終了年,SUPPORTED,2026-09-30,
Batch 33 Wave 04,B33W4E0140,Career,C002405,organization_id,ORG000142,B33W4S0024,クラブ所属履歴 > 「2024-25 大阪」,B.LEAGUE公式の所属履歴で在籍を確認（略称表記）,SUPPORTED,2026-09-30,
Batch 33 Wave 04,B33W4E0141,Career,C002405,organization_id,ORG000142,B33W4S0012,順位表 > クラブ「大阪エヴェッサ」（略称「大阪」、club_detail TeamID=700）,公式順位表で略称とクラブ名・TeamIDの対応を確認,SUPPORTED,2026-09-30,
Batch 33 Wave 04,B33W4E0142,Career,C002405,start,2024,B33W4S0024,クラブ所属履歴 > 「2024-25 大阪」,所属履歴の最初のシーズン2024-25の開始年,SUPPORTED,2026-09-30,
Batch 33 Wave 04,B33W4E0143,Career,C002405,end,2025,B33W4S0024,クラブ所属履歴 > 「2024-25 大阪」,所属履歴の最後のシーズン2024-25の終了年,SUPPORTED,2026-09-30,
Batch 33 Wave 04,B33W4E0144,Career,C002406,organization_id,ORG000171,B33W4S0024,クラブ所属履歴 > 「2025-26 奈良」〜「2026-27 奈良」,B.LEAGUE公式の所属履歴で在籍を確認（略称表記）,SUPPORTED,2026-09-30,
Batch 33 Wave 04,B33W4E0145,Career,C002406,organization_id,ORG000171,B33W4S0017,順位表 > クラブ「バンビシャス奈良」（略称「奈良」、club_detail TeamID=719）,公式順位表で略称とクラブ名・TeamIDの対応を確認,SUPPORTED,2026-09-30,
Batch 33 Wave 04,B33W4E0146,Career,C002406,start,2025,B33W4S0024,クラブ所属履歴 > 「2025-26 奈良」,所属履歴の最初のシーズン2025-26の開始年,SUPPORTED,2026-09-30,
Batch 33 Wave 04,B33W4E0147,Career,C002406,organization_id,ORG000171,B33W4S0015,選手一覧 > 奈良 > 相馬 卓弥,2026-27シーズンの公式選手一覧で現所属を確認,SUPPORTED,2026-09-30,
Batch 33 Wave 04,B33W4E0148,Person,P000512,name,中谷 衿夢,B33W4S0027,基本情報 > 選手名,B.LEAGUE公式プロフィールで氏名を確認,SUPPORTED,2026-09-30,
Batch 33 Wave 04,B33W4E0149,Person,P000512,birth_date,2001-09-21,B33W4S0027,基本情報 > 生年月日：2001年9月21日,B.LEAGUE公式プロフィールで生年月日を確認,SUPPORTED,2026-09-30,
Batch 33 Wave 04,B33W4E0150,Career,C002407,organization_id,ORG000439,B33W4S0027,基本情報 > 出身校（高）：大阪商業大学高等学校,B.LEAGUE公式プロフィールで出身校（高）を確認,SUPPORTED,2026-09-30,
Batch 33 Wave 04,B33W4E0151,Career,C002408,organization_id,ORG000019,B33W4S0027,基本情報 > 出身校（大）：日本経済大学,B.LEAGUE公式プロフィールで出身校（大）を確認,SUPPORTED,2026-09-30,
Batch 33 Wave 04,B33W4E0152,Career,C002409,organization_id,ORG000171,B33W4S0027,クラブ所属履歴 > 「2023-24 奈良」〜「2026-27 奈良」,B.LEAGUE公式の所属履歴で在籍を確認（略称表記）,SUPPORTED,2026-09-30,
Batch 33 Wave 04,B33W4E0153,Career,C002409,organization_id,ORG000171,B33W4S0028,順位表 > クラブ「バンビシャス奈良」（略称「奈良」、club_detail TeamID=719）,公式順位表で略称とクラブ名・TeamIDの対応を確認,SUPPORTED,2026-09-30,
Batch 33 Wave 04,B33W4E0154,Career,C002409,start,2023,B33W4S0027,クラブ所属履歴 > 「2023-24 奈良」,所属履歴の最初のシーズン2023-24の開始年,SUPPORTED,2026-09-30,
Batch 33 Wave 04,B33W4E0155,Career,C002409,organization_id,ORG000171,B33W4S0015,選手一覧 > 奈良 > 中谷 衿夢,2026-27シーズンの公式選手一覧で現所属を確認,SUPPORTED,2026-09-30,
Batch 33 Wave 04,B33W4E0156,Person,P000513,name,本多 純平,B33W4S0029,基本情報 > 選手名,B.LEAGUE公式プロフィールで氏名を確認,SUPPORTED,2026-09-30,
Batch 33 Wave 04,B33W4E0157,Person,P000513,birth_date,1988-12-07,B33W4S0029,基本情報 > 生年月日：1988年12月7日,B.LEAGUE公式プロフィールで生年月日を確認,SUPPORTED,2026-09-30,
Batch 33 Wave 04,B33W4E0158,Career,C002410,organization_id,ORG000440,B33W4S0029,基本情報 > 出身校（高）：高岡第一高等学校,B.LEAGUE公式プロフィールで出身校（高）を確認,SUPPORTED,2026-09-30,
Batch 33 Wave 04,B33W4E0159,Career,C002411,organization_id,ORG000441,B33W4S0029,基本情報 > 出身校（大）：東京成徳大学,B.LEAGUE公式プロフィールで出身校（大）を確認,SUPPORTED,2026-09-30,
Batch 33 Wave 04,B33W4E0160,Career,C002412,organization_id,ORG000171,B33W4S0029,クラブ所属履歴 > 「2016-17 奈良」〜「2019-20 奈良」,B.LEAGUE公式の所属履歴で在籍を確認（略称表記）,SUPPORTED,2026-09-30,
Batch 33 Wave 04,B33W4E0161,Career,C002412,organization_id,ORG000171,B33W4S0030,順位表 > クラブ「バンビシャス奈良」（略称「奈良」、club_detail TeamID=719）,公式順位表で略称とクラブ名・TeamIDの対応を確認,SUPPORTED,2026-09-30,
Batch 33 Wave 04,B33W4E0162,Career,C002412,start,2016,B33W4S0029,クラブ所属履歴 > 「2016-17 奈良」,所属履歴の最初のシーズン2016-17の開始年,SUPPORTED,2026-09-30,
Batch 33 Wave 04,B33W4E0163,Career,C002412,end,2020,B33W4S0029,クラブ所属履歴 > 「2019-20 奈良」,所属履歴の最後のシーズン2019-20の終了年,SUPPORTED,2026-09-30,
Batch 33 Wave 04,B33W4E0164,Career,C002413,organization_id,ORG000040,B33W4S0029,クラブ所属履歴 > 「2020-21 福岡」〜「2022-23 福岡」,B.LEAGUE公式の所属履歴で在籍を確認（略称表記）,SUPPORTED,2026-09-30,
Batch 33 Wave 04,B33W4E0165,Career,C002413,organization_id,ORG000040,B33W4S0003,順位表 > クラブ「ライジングゼファー福岡」（略称「福岡」、club_detail TeamID=753）,公式順位表で略称とクラブ名・TeamIDの対応を確認,SUPPORTED,2026-09-30,
Batch 33 Wave 04,B33W4E0166,Career,C002413,start,2020,B33W4S0029,クラブ所属履歴 > 「2020-21 福岡」,所属履歴の最初のシーズン2020-21の開始年,SUPPORTED,2026-09-30,
Batch 33 Wave 04,B33W4E0167,Career,C002413,end,2023,B33W4S0029,クラブ所属履歴 > 「2022-23 福岡」,所属履歴の最後のシーズン2022-23の終了年,SUPPORTED,2026-09-30,
Batch 33 Wave 04,B33W4E0168,Career,C002414,organization_id,ORG000171,B33W4S0029,クラブ所属履歴 > 「2023-24 奈良」〜「2026-27 奈良」,B.LEAGUE公式の所属履歴で在籍を確認（略称表記）,SUPPORTED,2026-09-30,
Batch 33 Wave 04,B33W4E0169,Career,C002414,organization_id,ORG000171,B33W4S0028,順位表 > クラブ「バンビシャス奈良」（略称「奈良」、club_detail TeamID=719）,公式順位表で略称とクラブ名・TeamIDの対応を確認,SUPPORTED,2026-09-30,
Batch 33 Wave 04,B33W4E0170,Career,C002414,start,2023,B33W4S0029,クラブ所属履歴 > 「2023-24 奈良」,所属履歴の最初のシーズン2023-24の開始年,SUPPORTED,2026-09-30,
Batch 33 Wave 04,B33W4E0171,Career,C002414,organization_id,ORG000171,B33W4S0015,選手一覧 > 奈良 > 本多 純平,2026-27シーズンの公式選手一覧で現所属を確認,SUPPORTED,2026-09-30,
Batch 33 Wave 04,B33W4E0172,Person,P000514,name,元澤 誠,B33W4S0031,基本情報 > 選手名,B.LEAGUE公式プロフィールで氏名を確認,SUPPORTED,2026-09-30,
Batch 33 Wave 04,B33W4E0173,Person,P000514,birth_date,2000-10-26,B33W4S0031,基本情報 > 生年月日：2000年10月26日,B.LEAGUE公式プロフィールで生年月日を確認,SUPPORTED,2026-09-30,
Batch 33 Wave 04,B33W4E0174,Career,C002415,organization_id,ORG000442,B33W4S0031,基本情報 > 出身校（高）：甲南高等学校,B.LEAGUE公式プロフィールで出身校（高）を確認,SUPPORTED,2026-09-30,
Batch 33 Wave 04,B33W4E0175,Career,C002416,organization_id,ORG000015,B33W4S0031,基本情報 > 出身校（大）：東海大学,B.LEAGUE公式プロフィールで出身校（大）を確認,SUPPORTED,2026-09-30,
Batch 33 Wave 04,B33W4E0176,Career,C002417,organization_id,ORG000115,B33W4S0031,クラブ所属履歴 > 「2022-23 立川」〜「2023-24 立川」,B.LEAGUE公式の所属履歴で在籍を確認（略称表記）,SUPPORTED,2026-09-30,
Batch 33 Wave 04,B33W4E0177,Career,C002417,organization_id,ORG000115,B33W4S0032,順位表 > クラブ「立川ダイス」（略称「立川」、club_detail TeamID=2727）,公式順位表で略称とクラブ名・TeamIDの対応を確認,SUPPORTED,2026-09-30,
Batch 33 Wave 04,B33W4E0178,Career,C002417,start,2022,B33W4S0031,クラブ所属履歴 > 「2022-23 立川」,所属履歴の最初のシーズン2022-23の開始年,SUPPORTED,2026-09-30,
Batch 33 Wave 04,B33W4E0179,Career,C002417,end,2024,B33W4S0031,クラブ所属履歴 > 「2023-24 立川」,所属履歴の最後のシーズン2023-24の終了年,SUPPORTED,2026-09-30,
Batch 33 Wave 04,B33W4E0180,Career,C002418,organization_id,ORG000130,B33W4S0031,クラブ所属履歴 > 「2024-25 三河」〜「2025-26 三河」,B.LEAGUE公式の所属履歴で在籍を確認（略称表記）,SUPPORTED,2026-09-30,
Batch 33 Wave 04,B33W4E0181,Career,C002418,organization_id,ORG000130,B33W4S0012,順位表 > クラブ「シーホース三河」（略称「三河」、club_detail TeamID=728）,公式順位表で略称とクラブ名・TeamIDの対応を確認,SUPPORTED,2026-09-30,
Batch 33 Wave 04,B33W4E0182,Career,C002418,start,2024,B33W4S0031,クラブ所属履歴 > 「2024-25 三河」,所属履歴の最初のシーズン2024-25の開始年,SUPPORTED,2026-09-30,
Batch 33 Wave 04,B33W4E0183,Career,C002418,end,2026,B33W4S0031,クラブ所属履歴 > 「2025-26 三河」,所属履歴の最後のシーズン2025-26の終了年,SUPPORTED,2026-09-30,
Batch 33 Wave 04,B33W4E0184,Career,C002419,organization_id,ORG000171,B33W4S0031,クラブ所属履歴 > 「2026-27 奈良」,B.LEAGUE公式の所属履歴で在籍を確認（略称表記）,SUPPORTED,2026-09-30,
Batch 33 Wave 04,B33W4E0185,Career,C002419,organization_id,ORG000171,B33W4S0021,順位表 > クラブ「バンビシャス奈良」（略称「奈良」、club_detail TeamID=719）,公式順位表で略称とクラブ名・TeamIDの対応を確認,SUPPORTED,2026-09-30,
Batch 33 Wave 04,B33W4E0186,Career,C002419,start,2026,B33W4S0031,クラブ所属履歴 > 「2026-27 奈良」,所属履歴の最初のシーズン2026-27の開始年,SUPPORTED,2026-09-30,
Batch 33 Wave 04,B33W4E0187,Career,C002419,organization_id,ORG000171,B33W4S0015,選手一覧 > 奈良 > 元澤 誠,2026-27シーズンの公式選手一覧で現所属を確認,SUPPORTED,2026-09-30,
Batch 33 Wave 04,B33W4E0188,Person,P000515,name,秋山 熙,B33W4S0033,基本情報 > 選手名,B.LEAGUE公式プロフィールで氏名を確認,SUPPORTED,2026-09-30,
Batch 33 Wave 04,B33W4E0189,Person,P000515,birth_date,1995-08-31,B33W4S0033,基本情報 > 生年月日：1995年8月31日,B.LEAGUE公式プロフィールで生年月日を確認,SUPPORTED,2026-09-30,
Batch 33 Wave 04,B33W4E0190,Career,C002420,organization_id,ORG000289,B33W4S0033,基本情報 > 出身校（高）：東海大付属浦安高等学校,B.LEAGUE公式プロフィールで出身校（高）を確認,SUPPORTED,2026-09-30,
Batch 33 Wave 04,B33W4E0191,Career,C002421,organization_id,ORG000018,B33W4S0033,基本情報 > 出身校（大）：専修大学,B.LEAGUE公式プロフィールで出身校（大）を確認,SUPPORTED,2026-09-30,
Batch 33 Wave 04,B33W4E0192,Career,C002422,organization_id,ORG000181,B33W4S0033,クラブ所属履歴 > 「2017-18 山形」〜「2020-21 山形」,B.LEAGUE公式の所属履歴で在籍を確認（略称表記）,SUPPORTED,2026-09-30,
Batch 33 Wave 04,B33W4E0193,Career,C002422,organization_id,ORG000181,B33W4S0034,順位表 > クラブ「山形ワイヴァンズ」（略称「山形」、club_detail TeamID=710）,公式順位表で略称とクラブ名・TeamIDの対応を確認,SUPPORTED,2026-09-30,
Batch 33 Wave 04,B33W4E0194,Career,C002422,start,2017,B33W4S0033,クラブ所属履歴 > 「2017-18 山形」,所属履歴の最初のシーズン2017-18の開始年,SUPPORTED,2026-09-30,
Batch 33 Wave 04,B33W4E0195,Career,C002422,end,2021,B33W4S0033,クラブ所属履歴 > 「2020-21 山形」,所属履歴の最後のシーズン2020-21の終了年,SUPPORTED,2026-09-30,
Batch 33 Wave 04,B33W4E0196,Career,C002423,organization_id,ORG000144,B33W4S0033,クラブ所属履歴 > 「2021-22 A千葉」,B.LEAGUE公式の所属履歴で在籍を確認（略称表記）,SUPPORTED,2026-09-30,
Batch 33 Wave 04,B33W4E0197,Career,C002423,organization_id,ORG000144,B33W4S0035,順位表 > クラブ「アルティーリ千葉」（略称「A千葉」、club_detail TeamID=2486）,公式順位表で略称とクラブ名・TeamIDの対応を確認,SUPPORTED,2026-09-30,
Batch 33 Wave 04,B33W4E0198,Career,C002423,start,2021,B33W4S0033,クラブ所属履歴 > 「2021-22 A千葉」,所属履歴の最初のシーズン2021-22の開始年,SUPPORTED,2026-09-30,
Batch 33 Wave 04,B33W4E0199,Career,C002423,end,2022,B33W4S0033,クラブ所属履歴 > 「2021-22 A千葉」,所属履歴の最後のシーズン2021-22の終了年,SUPPORTED,2026-09-30,
Batch 33 Wave 04,B33W4E0200,Career,C002424,organization_id,ORG000183,B33W4S0033,クラブ所属履歴 > 「2022-23 埼玉」〜「2024-25 埼玉」,B.LEAGUE公式の所属履歴で在籍を確認（略称表記）,SUPPORTED,2026-09-30,
Batch 33 Wave 04,B33W4E0201,Career,C002424,organization_id,ORG000183,B33W4S0032,順位表 > クラブ「さいたまブロンコス」（略称「埼玉」、club_detail TeamID=744）,公式順位表で略称とクラブ名・TeamIDの対応を確認,SUPPORTED,2026-09-30,
Batch 33 Wave 04,B33W4E0202,Career,C002424,start,2022,B33W4S0033,クラブ所属履歴 > 「2022-23 埼玉」,所属履歴の最初のシーズン2022-23の開始年,SUPPORTED,2026-09-30,
Batch 33 Wave 04,B33W4E0203,Career,C002424,end,2025,B33W4S0033,クラブ所属履歴 > 「2024-25 埼玉」,所属履歴の最後のシーズン2024-25の終了年,SUPPORTED,2026-09-30,
Batch 33 Wave 04,B33W4E0204,Career,C002425,organization_id,ORG000222,B33W4S0033,クラブ所属履歴 > 「2025-26 岡山」〜「2026-27 岡山」,B.LEAGUE公式の所属履歴で在籍を確認（略称表記）,SUPPORTED,2026-09-30,
Batch 33 Wave 04,B33W4E0205,Career,C002425,organization_id,ORG000222,B33W4S0036,順位表 > クラブ「トライフープ岡山」（略称「岡山」、club_detail TeamID=1639）,公式順位表で略称とクラブ名・TeamIDの対応を確認,SUPPORTED,2026-09-30,
Batch 33 Wave 04,B33W4E0206,Career,C002425,start,2025,B33W4S0033,クラブ所属履歴 > 「2025-26 岡山」,所属履歴の最初のシーズン2025-26の開始年,SUPPORTED,2026-09-30,
Batch 33 Wave 04,B33W4E0207,Career,C002425,organization_id,ORG000222,B33W4S0037,選手一覧 > 岡山 > 秋山 熙,2026-27シーズンの公式選手一覧で現所属を確認,SUPPORTED,2026-09-30,
Batch 33 Wave 04,B33W4E0208,Person,P000516,name,内山 晴輝,B33W4S0038,基本情報 > 選手名,B.LEAGUE公式プロフィールで氏名を確認,SUPPORTED,2026-09-30,
Batch 33 Wave 04,B33W4E0209,Person,P000516,birth_date,2007-02-17,B33W4S0038,基本情報 > 生年月日：2007年2月17日,B.LEAGUE公式プロフィールで生年月日を確認,SUPPORTED,2026-09-30,
Batch 33 Wave 04,B33W4E0210,Career,C002426,organization_id,ORG000443,B33W4S0038,基本情報 > 出身校（高）：鳥取城北高等学校,B.LEAGUE公式プロフィールで出身校（高）を確認,SUPPORTED,2026-09-30,
Batch 33 Wave 04,B33W4E0211,Career,C002427,organization_id,ORG000222,B33W4S0038,クラブ所属履歴 > 「2025-26 岡山」〜「2026-27 岡山」,B.LEAGUE公式の所属履歴で在籍を確認（略称表記）,SUPPORTED,2026-09-30,
Batch 33 Wave 04,B33W4E0212,Career,C002427,organization_id,ORG000222,B33W4S0036,順位表 > クラブ「トライフープ岡山」（略称「岡山」、club_detail TeamID=1639）,公式順位表で略称とクラブ名・TeamIDの対応を確認,SUPPORTED,2026-09-30,
Batch 33 Wave 04,B33W4E0213,Career,C002427,start,2025,B33W4S0038,クラブ所属履歴 > 「2025-26 岡山」,所属履歴の最初のシーズン2025-26の開始年,SUPPORTED,2026-09-30,
Batch 33 Wave 04,B33W4E0214,Career,C002427,organization_id,ORG000222,B33W4S0037,選手一覧 > 岡山 > 内山 晴輝,2026-27シーズンの公式選手一覧で現所属を確認,SUPPORTED,2026-09-30,
Batch 33 Wave 04,B33W4E0215,Person,P000517,name,ソウ シェリフ,B33W4S0039,基本情報 > 選手名,B.LEAGUE公式プロフィールで氏名を確認,SUPPORTED,2026-09-30,
Batch 33 Wave 04,B33W4E0216,Person,P000517,birth_date,1992-12-15,B33W4S0039,基本情報 > 生年月日：1992年12月15日,B.LEAGUE公式プロフィールで生年月日を確認,SUPPORTED,2026-09-30,
Batch 33 Wave 04,B33W4E0217,Career,C002428,organization_id,ORG000241,B33W4S0039,基本情報 > 出身校（高）：沼津中央高等学校,B.LEAGUE公式プロフィールで出身校（高）を確認,SUPPORTED,2026-09-30,
Batch 33 Wave 04,B33W4E0218,Career,C002429,organization_id,ORG000148,B33W4S0039,基本情報 > 出身校（大）：近畿大学,B.LEAGUE公式プロフィールで出身校（大）を確認,SUPPORTED,2026-09-30,
Batch 33 Wave 04,B33W4E0219,Career,C002430,organization_id,ORG000180,B33W4S0039,クラブ所属履歴 > 「2016-17 FE名古屋」〜「2020-21 FE名古屋」,B.LEAGUE公式の所属履歴で在籍を確認（略称表記）,SUPPORTED,2026-09-30,
Batch 33 Wave 04,B33W4E0220,Career,C002430,organization_id,ORG000180,B33W4S0030,順位表 > クラブ「Fイーグルス名古屋」（略称「FE名古屋」、club_detail TeamID=717）,公式順位表で略称とクラブ名・TeamIDの対応を確認,SUPPORTED,2026-09-30,
Batch 33 Wave 04,B33W4E0221,Career,C002430,start,2016,B33W4S0039,クラブ所属履歴 > 「2016-17 FE名古屋」,所属履歴の最初のシーズン2016-17の開始年,SUPPORTED,2026-09-30,
Batch 33 Wave 04,B33W4E0222,Career,C002430,end,2021,B33W4S0039,クラブ所属履歴 > 「2020-21 FE名古屋」,所属履歴の最後のシーズン2020-21の終了年,SUPPORTED,2026-09-30,
Batch 33 Wave 04,B33W4E0223,Career,C002431,organization_id,ORG000190,B33W4S0039,クラブ所属履歴 > 「2021-22 越谷」,B.LEAGUE公式の所属履歴で在籍を確認（略称表記）,SUPPORTED,2026-09-30,
Batch 33 Wave 04,B33W4E0224,Career,C002431,organization_id,ORG000190,B33W4S0026,順位表 > クラブ「越谷アルファーズ」（略称「越谷」、club_detail TeamID=745）,公式順位表で略称とクラブ名・TeamIDの対応を確認,SUPPORTED,2026-09-30,
Batch 33 Wave 04,B33W4E0225,Career,C002431,start,2021,B33W4S0039,クラブ所属履歴 > 「2021-22 越谷」,所属履歴の最初のシーズン2021-22の開始年,SUPPORTED,2026-09-30,
Batch 33 Wave 04,B33W4E0226,Career,C002431,end,2022,B33W4S0039,クラブ所属履歴 > 「2021-22 越谷」,所属履歴の最後のシーズン2021-22の終了年,SUPPORTED,2026-09-30,
Batch 33 Wave 04,B33W4E0227,Career,C002432,organization_id,ORG000067,B33W4S0039,クラブ所属履歴 > 「2022-23 熊本」,B.LEAGUE公式の所属履歴で在籍を確認（略称表記）,SUPPORTED,2026-09-30,
Batch 33 Wave 04,B33W4E0228,Career,C002432,organization_id,ORG000067,B33W4S0040,順位表 > クラブ「熊本ヴォルターズ」（略称「熊本」、club_detail TeamID=724）,公式順位表で略称とクラブ名・TeamIDの対応を確認,SUPPORTED,2026-09-30,
Batch 33 Wave 04,B33W4E0229,Career,C002432,start,2022,B33W4S0039,クラブ所属履歴 > 「2022-23 熊本」,所属履歴の最初のシーズン2022-23の開始年,SUPPORTED,2026-09-30,
Batch 33 Wave 04,B33W4E0230,Career,C002432,end,2023,B33W4S0039,クラブ所属履歴 > 「2022-23 熊本」,所属履歴の最後のシーズン2022-23の終了年,SUPPORTED,2026-09-30,
Batch 33 Wave 04,B33W4E0231,Career,C002433,organization_id,ORG000090,B33W4S0039,クラブ所属履歴 > 「2023-24 横浜EX」〜「2024-25 横浜EX」,B.LEAGUE公式の所属履歴で在籍を確認（略称表記）,SUPPORTED,2026-09-30,
Batch 33 Wave 04,B33W4E0232,Career,C002433,organization_id,ORG000090,B33W4S0041,順位表 > クラブ「横浜エクセレンス」（略称「横浜EX」、club_detail TeamID=714）,公式順位表で略称とクラブ名・TeamIDの対応を確認,SUPPORTED,2026-09-30,
Batch 33 Wave 04,B33W4E0233,Career,C002433,start,2023,B33W4S0039,クラブ所属履歴 > 「2023-24 横浜EX」,所属履歴の最初のシーズン2023-24の開始年,SUPPORTED,2026-09-30,
Batch 33 Wave 04,B33W4E0234,Career,C002433,end,2025,B33W4S0039,クラブ所属履歴 > 「2024-25 横浜EX」,所属履歴の最後のシーズン2024-25の終了年,SUPPORTED,2026-09-30,
Batch 33 Wave 04,B33W4E0235,Career,C002434,organization_id,ORG000222,B33W4S0039,クラブ所属履歴 > 「2025-26 岡山」〜「2026-27 岡山」,B.LEAGUE公式の所属履歴で在籍を確認（略称表記）,SUPPORTED,2026-09-30,
Batch 33 Wave 04,B33W4E0236,Career,C002434,organization_id,ORG000222,B33W4S0036,順位表 > クラブ「トライフープ岡山」（略称「岡山」、club_detail TeamID=1639）,公式順位表で略称とクラブ名・TeamIDの対応を確認,SUPPORTED,2026-09-30,
Batch 33 Wave 04,B33W4E0237,Career,C002434,start,2025,B33W4S0039,クラブ所属履歴 > 「2025-26 岡山」,所属履歴の最初のシーズン2025-26の開始年,SUPPORTED,2026-09-30,
Batch 33 Wave 04,B33W4E0238,Career,C002434,organization_id,ORG000222,B33W4S0037,選手一覧 > 岡山 > ソウ シェリフ,2026-27シーズンの公式選手一覧で現所属を確認,SUPPORTED,2026-09-30,
Batch 33 Wave 04,B33W4E0239,Person,P000518,name,中村 瑞稀,B33W4S0042,基本情報 > 選手名,B.LEAGUE公式プロフィールで氏名を確認,SUPPORTED,2026-09-30,
Batch 33 Wave 04,B33W4E0240,Person,P000518,birth_date,2002-04-30,B33W4S0042,基本情報 > 生年月日：2002年4月30日,B.LEAGUE公式プロフィールで生年月日を確認,SUPPORTED,2026-09-30,
Batch 33 Wave 04,B33W4E0241,Career,C002435,organization_id,ORG000393,B33W4S0042,基本情報 > 出身校（高）：中村学園三陽高等学校,B.LEAGUE公式プロフィールで出身校（高）を確認,SUPPORTED,2026-09-30,
Batch 33 Wave 04,B33W4E0242,Career,C002436,organization_id,ORG000444,B33W4S0042,基本情報 > 出身校（大）：神戸医療未来大学,B.LEAGUE公式プロフィールで出身校（大）を確認,SUPPORTED,2026-09-30,
Batch 33 Wave 04,B33W4E0243,Career,C002437,organization_id,ORG000116,B33W4S0042,クラブ所属履歴 > 「2024-25 徳島」,B.LEAGUE公式の所属履歴で在籍を確認（略称表記）,SUPPORTED,2026-09-30,
Batch 33 Wave 04,B33W4E0244,Career,C002437,organization_id,ORG000116,B33W4S0043,順位表 > クラブ「徳島ガンバロウズ」（略称「徳島」、club_detail TeamID=2890）,公式順位表で略称とクラブ名・TeamIDの対応を確認,SUPPORTED,2026-09-30,
Batch 33 Wave 04,B33W4E0245,Career,C002437,start,2024,B33W4S0042,クラブ所属履歴 > 「2024-25 徳島」,所属履歴の最初のシーズン2024-25の開始年,SUPPORTED,2026-09-30,
Batch 33 Wave 04,B33W4E0246,Career,C002437,end,2025,B33W4S0042,クラブ所属履歴 > 「2024-25 徳島」,所属履歴の最後のシーズン2024-25の終了年,SUPPORTED,2026-09-30,
Batch 33 Wave 04,B33W4E0247,Career,C002438,organization_id,ORG000222,B33W4S0042,クラブ所属履歴 > 「2025-26 岡山」〜「2026-27 岡山」,B.LEAGUE公式の所属履歴で在籍を確認（略称表記）,SUPPORTED,2026-09-30,
Batch 33 Wave 04,B33W4E0248,Career,C002438,organization_id,ORG000222,B33W4S0036,順位表 > クラブ「トライフープ岡山」（略称「岡山」、club_detail TeamID=1639）,公式順位表で略称とクラブ名・TeamIDの対応を確認,SUPPORTED,2026-09-30,
Batch 33 Wave 04,B33W4E0249,Career,C002438,start,2025,B33W4S0042,クラブ所属履歴 > 「2025-26 岡山」,所属履歴の最初のシーズン2025-26の開始年,SUPPORTED,2026-09-30,
Batch 33 Wave 04,B33W4E0250,Career,C002438,organization_id,ORG000222,B33W4S0037,選手一覧 > 岡山 > 中村 瑞稀,2026-27シーズンの公式選手一覧で現所属を確認,SUPPORTED,2026-09-30,
Batch 33 Wave 04,B33W4E0251,Person,P000519,name,フォファナ ママドゥ,B33W4S0044,基本情報 > 選手名,B.LEAGUE公式プロフィールで氏名を確認,SUPPORTED,2026-09-30,
Batch 33 Wave 04,B33W4E0252,Person,P000519,birth_date,1998-01-09,B33W4S0044,基本情報 > 生年月日：1998年1月9日,B.LEAGUE公式プロフィールで生年月日を確認,SUPPORTED,2026-09-30,
Batch 33 Wave 04,B33W4E0253,Career,C002439,organization_id,ORG000445,B33W4S0044,基本情報 > 出身校（高）：都立日野高校高等学校,B.LEAGUE公式プロフィールで出身校（高）を確認,SUPPORTED,2026-09-30,
Batch 33 Wave 04,B33W4E0254,Career,C002440,organization_id,ORG000446,B33W4S0044,基本情報 > 出身校（大）：日本工学院八王子専門学校,B.LEAGUE公式プロフィールで出身校（大）を確認,SUPPORTED,2026-09-30,
Batch 33 Wave 04,B33W4E0255,Career,C002441,organization_id,ORG000183,B33W4S0044,クラブ所属履歴 > 「2017-18 埼玉」,B.LEAGUE公式の所属履歴で在籍を確認（略称表記）,SUPPORTED,2026-09-30,
Batch 33 Wave 04,B33W4E0256,Career,C002441,organization_id,ORG000183,B33W4S0045,順位表 > クラブ「埼玉ブロンコス」（略称「埼玉」、club_detail TeamID=744）,公式順位表で略称とクラブ名・TeamIDの対応を確認,SUPPORTED,2026-09-30,
Batch 33 Wave 04,B33W4E0257,Career,C002441,start,2017,B33W4S0044,クラブ所属履歴 > 「2017-18 埼玉」,所属履歴の最初のシーズン2017-18の開始年,SUPPORTED,2026-09-30,
Batch 33 Wave 04,B33W4E0258,Career,C002441,end,2018,B33W4S0044,クラブ所属履歴 > 「2017-18 埼玉」,所属履歴の最後のシーズン2017-18の終了年,SUPPORTED,2026-09-30,
Batch 33 Wave 04,B33W4E0259,Career,C002442,organization_id,ORG000111,B33W4S0044,クラブ所属履歴 > 「2020-21 八王子」〜「2021-22 八王子」,B.LEAGUE公式の所属履歴で在籍を確認（略称表記）,SUPPORTED,2026-09-30,
Batch 33 Wave 04,B33W4E0260,Career,C002442,organization_id,ORG000111,B33W4S0046,順位表 > クラブ「東京八王子ビートレインズ」（略称「八王子」、club_detail TeamID=749）,公式順位表で略称とクラブ名・TeamIDの対応を確認,SUPPORTED,2026-09-30,
Batch 33 Wave 04,B33W4E0261,Career,C002442,start,2020,B33W4S0044,クラブ所属履歴 > 「2020-21 八王子」,所属履歴の最初のシーズン2020-21の開始年,SUPPORTED,2026-09-30,
Batch 33 Wave 04,B33W4E0262,Career,C002442,end,2022,B33W4S0044,クラブ所属履歴 > 「2021-22 八王子」,所属履歴の最後のシーズン2021-22の終了年,SUPPORTED,2026-09-30,
Batch 33 Wave 04,B33W4E0263,Career,C002443,organization_id,ORG000223,B33W4S0044,クラブ所属履歴 > 「2022-23 東京U」,B.LEAGUE公式の所属履歴で在籍を確認（略称表記）,SUPPORTED,2026-09-30,
Batch 33 Wave 04,B33W4E0264,Career,C002443,organization_id,ORG000223,B33W4S0032,順位表 > クラブ「東京ユナイテッドバスケットボールクラブ」（略称「東京U」、club_detail TeamID=2725）,公式順位表で略称とクラブ名・TeamIDの対応を確認,SUPPORTED,2026-09-30,
Batch 33 Wave 04,B33W4E0265,Career,C002443,start,2022,B33W4S0044,クラブ所属履歴 > 「2022-23 東京U」,所属履歴の最初のシーズン2022-23の開始年,SUPPORTED,2026-09-30,
Batch 33 Wave 04,B33W4E0266,Career,C002443,end,2023,B33W4S0044,クラブ所属履歴 > 「2022-23 東京U」,所属履歴の最後のシーズン2022-23の終了年,SUPPORTED,2026-09-30,
Batch 33 Wave 04,B33W4E0267,Career,C002444,organization_id,ORG000224,B33W4S0044,クラブ所属履歴 > 「2023-24 香川」,B.LEAGUE公式の所属履歴で在籍を確認（略称表記）,SUPPORTED,2026-09-30,
Batch 33 Wave 04,B33W4E0268,Career,C002444,organization_id,ORG000224,B33W4S0041,順位表 > クラブ「香川ファイブアローズ」（略称「香川」、club_detail TeamID=722）,公式順位表で略称とクラブ名・TeamIDの対応を確認,SUPPORTED,2026-09-30,
Batch 33 Wave 04,B33W4E0269,Career,C002444,start,2023,B33W4S0044,クラブ所属履歴 > 「2023-24 香川」,所属履歴の最初のシーズン2023-24の開始年,SUPPORTED,2026-09-30,
Batch 33 Wave 04,B33W4E0270,Career,C002444,end,2024,B33W4S0044,クラブ所属履歴 > 「2023-24 香川」,所属履歴の最後のシーズン2023-24の終了年,SUPPORTED,2026-09-30,
Batch 33 Wave 04,B33W4E0271,Career,C002445,organization_id,ORG000222,B33W4S0044,クラブ所属履歴 > 「2024-25 岡山」〜「2026-27 岡山」,B.LEAGUE公式の所属履歴で在籍を確認（略称表記）,SUPPORTED,2026-09-30,
Batch 33 Wave 04,B33W4E0272,Career,C002445,organization_id,ORG000222,B33W4S0043,順位表 > クラブ「トライフープ岡山」（略称「岡山」、club_detail TeamID=1639）,公式順位表で略称とクラブ名・TeamIDの対応を確認,SUPPORTED,2026-09-30,
Batch 33 Wave 04,B33W4E0273,Career,C002445,start,2024,B33W4S0044,クラブ所属履歴 > 「2024-25 岡山」,所属履歴の最初のシーズン2024-25の開始年,SUPPORTED,2026-09-30,
Batch 33 Wave 04,B33W4E0274,Career,C002445,organization_id,ORG000222,B33W4S0037,選手一覧 > 岡山 > フォファナ ママドゥ,2026-27シーズンの公式選手一覧で現所属を確認,SUPPORTED,2026-09-30,
Batch 33 Wave 04,B33W4E0275,Person,P000520,name,向井 祐介,B33W4S0047,基本情報 > 選手名,B.LEAGUE公式プロフィールで氏名を確認,SUPPORTED,2026-09-30,
Batch 33 Wave 04,B33W4E0276,Person,P000520,birth_date,1991-09-10,B33W4S0047,基本情報 > 生年月日：1991年9月10日,B.LEAGUE公式プロフィールで生年月日を確認,SUPPORTED,2026-09-30,
Batch 33 Wave 04,B33W4E0277,Career,C002446,organization_id,ORG000447,B33W4S0047,基本情報 > 出身校（高）：愛媛県立松山工業高等学校,B.LEAGUE公式プロフィールで出身校（高）を確認,SUPPORTED,2026-09-30,
Batch 33 Wave 04,B33W4E0278,Career,C002447,organization_id,ORG000222,B33W4S0047,クラブ所属履歴 > 「2019-20 岡山」〜「2026-27 岡山」,B.LEAGUE公式の所属履歴で在籍を確認（略称表記）,SUPPORTED,2026-09-30,
Batch 33 Wave 04,B33W4E0279,Career,C002447,organization_id,ORG000222,B33W4S0048,順位表 > クラブ「トライフープ岡山」（略称「岡山」、club_detail TeamID=1639）,公式順位表で略称とクラブ名・TeamIDの対応を確認,SUPPORTED,2026-09-30,
Batch 33 Wave 04,B33W4E0280,Career,C002447,start,2019,B33W4S0047,クラブ所属履歴 > 「2019-20 岡山」,所属履歴の最初のシーズン2019-20の開始年,SUPPORTED,2026-09-30,
Batch 33 Wave 04,B33W4E0281,Career,C002447,organization_id,ORG000222,B33W4S0037,選手一覧 > 岡山 > 向井 祐介,2026-27シーズンの公式選手一覧で現所属を確認,SUPPORTED,2026-09-30,
Batch 33 Wave 04,B33W4E0282,Person,P000521,name,横川 俊樹,B33W4S0049,基本情報 > 選手名,B.LEAGUE公式プロフィールで氏名を確認,SUPPORTED,2026-09-30,
Batch 33 Wave 04,B33W4E0283,Person,P000521,birth_date,1995-06-23,B33W4S0049,基本情報 > 生年月日：1995年6月23日,B.LEAGUE公式プロフィールで生年月日を確認,SUPPORTED,2026-09-30,
Batch 33 Wave 04,B33W4E0284,Career,C002448,organization_id,ORG000448,B33W4S0049,基本情報 > 出身校（高）：徳島県立城東高等学校,B.LEAGUE公式プロフィールで出身校（高）を確認,SUPPORTED,2026-09-30,
Batch 33 Wave 04,B33W4E0285,Career,C002449,organization_id,ORG000250,B33W4S0049,基本情報 > 出身校（大）：鹿屋体育大学,B.LEAGUE公式プロフィールで出身校（大）を確認,SUPPORTED,2026-09-30,
Batch 33 Wave 04,B33W4E0286,Career,C002450,organization_id,ORG000173,B33W4S0049,クラブ所属履歴 > 「2020-21 岩手」〜「2024-25 岩手」,B.LEAGUE公式の所属履歴で在籍を確認（略称表記）,SUPPORTED,2026-09-30,
Batch 33 Wave 04,B33W4E0287,Career,C002450,organization_id,ORG000173,B33W4S0046,順位表 > クラブ「岩手ビッグブルズ」（略称「岩手」、club_detail TeamID=709）,公式順位表で略称とクラブ名・TeamIDの対応を確認,SUPPORTED,2026-09-30,
Batch 33 Wave 04,B33W4E0288,Career,C002450,start,2020,B33W4S0049,クラブ所属履歴 > 「2020-21 岩手」,所属履歴の最初のシーズン2020-21の開始年,SUPPORTED,2026-09-30,
Batch 33 Wave 04,B33W4E0289,Career,C002450,end,2025,B33W4S0049,クラブ所属履歴 > 「2024-25 岩手」,所属履歴の最後のシーズン2024-25の終了年,SUPPORTED,2026-09-30,
Batch 33 Wave 04,B33W4E0290,Career,C002451,organization_id,ORG000222,B33W4S0049,クラブ所属履歴 > 「2025-26 岡山」〜「2026-27 岡山」,B.LEAGUE公式の所属履歴で在籍を確認（略称表記）,SUPPORTED,2026-09-30,
Batch 33 Wave 04,B33W4E0291,Career,C002451,organization_id,ORG000222,B33W4S0036,順位表 > クラブ「トライフープ岡山」（略称「岡山」、club_detail TeamID=1639）,公式順位表で略称とクラブ名・TeamIDの対応を確認,SUPPORTED,2026-09-30,
Batch 33 Wave 04,B33W4E0292,Career,C002451,start,2025,B33W4S0049,クラブ所属履歴 > 「2025-26 岡山」,所属履歴の最初のシーズン2025-26の開始年,SUPPORTED,2026-09-30,
Batch 33 Wave 04,B33W4E0293,Career,C002451,organization_id,ORG000222,B33W4S0037,選手一覧 > 岡山 > 横川 俊樹,2026-27シーズンの公式選手一覧で現所属を確認,SUPPORTED,2026-09-30,
Batch 33 Wave 04,B33W4E0294,Person,P000522,name,横山 悠人,B33W4S0050,基本情報 > 選手名,B.LEAGUE公式プロフィールで氏名を確認,SUPPORTED,2026-09-30,
Batch 33 Wave 04,B33W4E0295,Person,P000522,birth_date,2000-12-17,B33W4S0050,基本情報 > 生年月日：2000年12月17日,B.LEAGUE公式プロフィールで生年月日を確認,SUPPORTED,2026-09-30,
Batch 33 Wave 04,B33W4E0296,Career,C002452,organization_id,ORG000254,B33W4S0050,基本情報 > 出身校（高）：実践学園高等学校,B.LEAGUE公式プロフィールで出身校（高）を確認,SUPPORTED,2026-09-30,
Batch 33 Wave 04,B33W4E0297,Career,C002453,organization_id,ORG000210,B33W4S0050,基本情報 > 出身校（大）：神奈川大学,B.LEAGUE公式プロフィールで出身校（大）を確認,SUPPORTED,2026-09-30,
Batch 33 Wave 04,B33W4E0298,Career,C002454,organization_id,ORG000150,B33W4S0050,クラブ所属履歴 > 「2025-26 信州」,B.LEAGUE公式の所属履歴で在籍を確認（略称表記）,SUPPORTED,2026-09-30,
Batch 33 Wave 04,B33W4E0299,Career,C002454,organization_id,ORG000150,B33W4S0017,順位表 > クラブ「信州ブレイブウォリアーズ」（略称「信州」、club_detail TeamID=716）,公式順位表で略称とクラブ名・TeamIDの対応を確認,SUPPORTED,2026-09-30,
Batch 33 Wave 04,B33W4E0300,Career,C002454,start,2025,B33W4S0050,クラブ所属履歴 > 「2025-26 信州」,所属履歴の最初のシーズン2025-26の開始年,SUPPORTED,2026-09-30,
Batch 33 Wave 04,B33W4E0301,Career,C002454,end,2026,B33W4S0050,クラブ所属履歴 > 「2025-26 信州」,所属履歴の最後のシーズン2025-26の終了年,SUPPORTED,2026-09-30,
Batch 33 Wave 04,B33W4E0302,Career,C002455,organization_id,ORG000222,B33W4S0050,クラブ所属履歴 > 「2026-27 岡山」,B.LEAGUE公式の所属履歴で在籍を確認（略称表記）,SUPPORTED,2026-09-30,
Batch 33 Wave 04,B33W4E0303,Career,C002455,organization_id,ORG000222,B33W4S0021,順位表 > クラブ「トライフープ岡山」（略称「岡山」、club_detail TeamID=1639）,公式順位表で略称とクラブ名・TeamIDの対応を確認,SUPPORTED,2026-09-30,
Batch 33 Wave 04,B33W4E0304,Career,C002455,start,2026,B33W4S0050,クラブ所属履歴 > 「2026-27 岡山」,所属履歴の最初のシーズン2026-27の開始年,SUPPORTED,2026-09-30,
Batch 33 Wave 04,B33W4E0305,Career,C002455,organization_id,ORG000222,B33W4S0037,選手一覧 > 岡山 > 横山 悠人,2026-27シーズンの公式選手一覧で現所属を確認,SUPPORTED,2026-09-30,
Batch 33 Wave 04,B33W4E0306,Person,P000523,name,青山 晃也,B33W4S0051,基本情報 > 選手名,B.LEAGUE公式プロフィールで氏名を確認,SUPPORTED,2026-09-30,
Batch 33 Wave 04,B33W4E0307,Person,P000523,birth_date,1999-05-02,B33W4S0051,基本情報 > 生年月日：1999年5月2日,B.LEAGUE公式プロフィールで生年月日を確認,SUPPORTED,2026-09-30,
Batch 33 Wave 04,B33W4E0308,Career,C002456,organization_id,ORG000369,B33W4S0051,基本情報 > 出身校（高）：小林高等学校,B.LEAGUE公式プロフィールで出身校（高）を確認,SUPPORTED,2026-09-30,
Batch 33 Wave 04,B33W4E0309,Career,C002457,organization_id,ORG000449,B33W4S0051,基本情報 > 出身校（大）：福岡大学,B.LEAGUE公式プロフィールで出身校（大）を確認,SUPPORTED,2026-09-30,
Batch 33 Wave 04,B33W4E0310,Career,C002458,organization_id,ORG000116,B33W4S0051,クラブ所属履歴 > 「2023-24 徳島」〜「2026-27 徳島」,B.LEAGUE公式の所属履歴で在籍を確認（略称表記）,SUPPORTED,2026-09-30,
Batch 33 Wave 04,B33W4E0311,Career,C002458,organization_id,ORG000116,B33W4S0041,順位表 > クラブ「徳島ガンバロウズ」（略称「徳島」、club_detail TeamID=2890）,公式順位表で略称とクラブ名・TeamIDの対応を確認,SUPPORTED,2026-09-30,
Batch 33 Wave 04,B33W4E0312,Career,C002458,start,2023,B33W4S0051,クラブ所属履歴 > 「2023-24 徳島」,所属履歴の最初のシーズン2023-24の開始年,SUPPORTED,2026-09-30,
Batch 33 Wave 04,B33W4E0313,Career,C002458,organization_id,ORG000116,B33W4S0052,選手一覧 > 徳島 > 青山 晃也,2026-27シーズンの公式選手一覧で現所属を確認,SUPPORTED,2026-09-30,
Batch 33 Wave 04,B33W4E0314,Person,P000524,name,河野 圭佑,B33W4S0053,基本情報 > 選手名,B.LEAGUE公式プロフィールで氏名を確認,SUPPORTED,2026-09-30,
Batch 33 Wave 04,B33W4E0315,Person,P000524,birth_date,2003-09-16,B33W4S0053,基本情報 > 生年月日：2003年9月16日,B.LEAGUE公式プロフィールで生年月日を確認,SUPPORTED,2026-09-30,
Batch 33 Wave 04,B33W4E0316,Career,C002459,organization_id,ORG000237,B33W4S0053,基本情報 > 出身校（高）：東海大学付属相模高等学校,B.LEAGUE公式プロフィールで出身校（高）を確認,SUPPORTED,2026-09-30,
Batch 33 Wave 04,B33W4E0317,Career,C002460,organization_id,ORG000424,B33W4S0053,基本情報 > 出身校（大）：江戸川大学,B.LEAGUE公式プロフィールで出身校（大）を確認,SUPPORTED,2026-09-30,
Batch 33 Wave 04,B33W4E0318,Career,C002461,organization_id,ORG000116,B33W4S0053,クラブ所属履歴 > 「2025-26 徳島」〜「2026-27 徳島」,B.LEAGUE公式の所属履歴で在籍を確認（略称表記）,SUPPORTED,2026-09-30,
Batch 33 Wave 04,B33W4E0319,Career,C002461,organization_id,ORG000116,B33W4S0036,順位表 > クラブ「徳島ガンバロウズ」（略称「徳島」、club_detail TeamID=2890）,公式順位表で略称とクラブ名・TeamIDの対応を確認,SUPPORTED,2026-09-30,
Batch 33 Wave 04,B33W4E0320,Career,C002461,start,2025,B33W4S0053,クラブ所属履歴 > 「2025-26 徳島」,所属履歴の最初のシーズン2025-26の開始年,SUPPORTED,2026-09-30,
Batch 33 Wave 04,B33W4E0321,Career,C002461,organization_id,ORG000116,B33W4S0052,選手一覧 > 徳島 > 河野 圭佑,2026-27シーズンの公式選手一覧で現所属を確認,SUPPORTED,2026-09-30,
Batch 33 Wave 04,B33W4E0322,Person,P000525,name,佐藤 誠人,B33W4S0054,基本情報 > 選手名,B.LEAGUE公式プロフィールで氏名を確認,SUPPORTED,2026-09-30,
Batch 33 Wave 04,B33W4E0323,Person,P000525,birth_date,1997-10-14,B33W4S0054,基本情報 > 生年月日：1997年10月14日,B.LEAGUE公式プロフィールで生年月日を確認,SUPPORTED,2026-09-30,
Batch 33 Wave 04,B33W4E0324,Career,C002462,organization_id,ORG000450,B33W4S0054,基本情報 > 出身校（高）：北越高等学校,B.LEAGUE公式プロフィールで出身校（高）を確認,SUPPORTED,2026-09-30,
Batch 33 Wave 04,B33W4E0325,Career,C002463,organization_id,ORG000451,B33W4S0054,基本情報 > 出身校（大）：新潟医療福祉大学,B.LEAGUE公式プロフィールで出身校（大）を確認,SUPPORTED,2026-09-30,
Batch 33 Wave 04,B33W4E0326,Career,C002464,organization_id,ORG000222,B33W4S0054,クラブ所属履歴 > 「2019-20 岡山」〜「2020-21 岡山」,B.LEAGUE公式の所属履歴で在籍を確認（略称表記）,SUPPORTED,2026-09-30,
Batch 33 Wave 04,B33W4E0327,Career,C002464,organization_id,ORG000222,B33W4S0048,順位表 > クラブ「トライフープ岡山」（略称「岡山」、club_detail TeamID=1639）,公式順位表で略称とクラブ名・TeamIDの対応を確認,SUPPORTED,2026-09-30,
Batch 33 Wave 04,B33W4E0328,Career,C002464,start,2019,B33W4S0054,クラブ所属履歴 > 「2019-20 岡山」,所属履歴の最初のシーズン2019-20の開始年,SUPPORTED,2026-09-30,
Batch 33 Wave 04,B33W4E0329,Career,C002464,end,2021,B33W4S0054,クラブ所属履歴 > 「2020-21 岡山」,所属履歴の最後のシーズン2020-21の終了年,SUPPORTED,2026-09-30,
Batch 33 Wave 04,B33W4E0330,Career,C002465,organization_id,ORG000090,B33W4S0054,クラブ所属履歴 > 「2021-22 横浜EX」〜「2022-23 横浜EX」,B.LEAGUE公式の所属履歴で在籍を確認（略称表記）,SUPPORTED,2026-09-30,
Batch 33 Wave 04,B33W4E0331,Career,C002465,organization_id,ORG000090,B33W4S0035,順位表 > クラブ「横浜エクセレンス」（略称「横浜EX」、club_detail TeamID=714）,公式順位表で略称とクラブ名・TeamIDの対応を確認,SUPPORTED,2026-09-30,
Batch 33 Wave 04,B33W4E0332,Career,C002465,start,2021,B33W4S0054,クラブ所属履歴 > 「2021-22 横浜EX」,所属履歴の最初のシーズン2021-22の開始年,SUPPORTED,2026-09-30,
Batch 33 Wave 04,B33W4E0333,Career,C002465,end,2023,B33W4S0054,クラブ所属履歴 > 「2022-23 横浜EX」,所属履歴の最後のシーズン2022-23の終了年,SUPPORTED,2026-09-30,
Batch 33 Wave 04,B33W4E0334,Career,C002466,organization_id,ORG000226,B33W4S0054,クラブ所属履歴 > 「2023-24 岐阜」,B.LEAGUE公式の所属履歴で在籍を確認（略称表記）,SUPPORTED,2026-09-30,
Batch 33 Wave 04,B33W4E0335,Career,C002466,organization_id,ORG000226,B33W4S0041,順位表 > クラブ「岐阜スゥープス」（略称「岐阜」、club_detail TeamID=1363）,公式順位表で略称とクラブ名・TeamIDの対応を確認,SUPPORTED,2026-09-30,
Batch 33 Wave 04,B33W4E0336,Career,C002466,start,2023,B33W4S0054,クラブ所属履歴 > 「2023-24 岐阜」,所属履歴の最初のシーズン2023-24の開始年,SUPPORTED,2026-09-30,
Batch 33 Wave 04,B33W4E0337,Career,C002466,end,2024,B33W4S0054,クラブ所属履歴 > 「2023-24 岐阜」,所属履歴の最後のシーズン2023-24の終了年,SUPPORTED,2026-09-30,
Batch 33 Wave 04,B33W4E0338,Career,C002467,organization_id,ORG000115,B33W4S0054,クラブ所属履歴 > 「2024-25 立川」,B.LEAGUE公式の所属履歴で在籍を確認（略称表記）,SUPPORTED,2026-09-30,
Batch 33 Wave 04,B33W4E0339,Career,C002467,organization_id,ORG000115,B33W4S0043,順位表 > クラブ「立川ダイス」（略称「立川」、club_detail TeamID=2727）,公式順位表で略称とクラブ名・TeamIDの対応を確認,SUPPORTED,2026-09-30,
Batch 33 Wave 04,B33W4E0340,Career,C002467,start,2024,B33W4S0054,クラブ所属履歴 > 「2024-25 立川」,所属履歴の最初のシーズン2024-25の開始年,SUPPORTED,2026-09-30,
Batch 33 Wave 04,B33W4E0341,Career,C002467,end,2025,B33W4S0054,クラブ所属履歴 > 「2024-25 立川」,所属履歴の最後のシーズン2024-25の終了年,SUPPORTED,2026-09-30,
Batch 33 Wave 04,B33W4E0342,Career,C002468,organization_id,ORG000143,B33W4S0054,クラブ所属履歴 > 「2025-26 群馬」,B.LEAGUE公式の所属履歴で在籍を確認（略称表記）,SUPPORTED,2026-09-30,
Batch 33 Wave 04,B33W4E0343,Career,C002468,organization_id,ORG000143,B33W4S0008,順位表 > クラブ「群馬クレインサンダーズ」（略称「群馬」、club_detail TeamID=713）,公式順位表で略称とクラブ名・TeamIDの対応を確認,SUPPORTED,2026-09-30,
Batch 33 Wave 04,B33W4E0344,Career,C002468,start,2025,B33W4S0054,クラブ所属履歴 > 「2025-26 群馬」,所属履歴の最初のシーズン2025-26の開始年,SUPPORTED,2026-09-30,
Batch 33 Wave 04,B33W4E0345,Career,C002468,end,2026,B33W4S0054,クラブ所属履歴 > 「2025-26 群馬」,所属履歴の最後のシーズン2025-26の終了年,SUPPORTED,2026-09-30,
Batch 33 Wave 04,B33W4E0346,Career,C002469,organization_id,ORG000116,B33W4S0054,クラブ所属履歴 > 「2026-27 徳島」,B.LEAGUE公式の所属履歴で在籍を確認（略称表記）,SUPPORTED,2026-09-30,
Batch 33 Wave 04,B33W4E0347,Career,C002469,organization_id,ORG000116,B33W4S0021,順位表 > クラブ「徳島ガンバロウズ」（略称「徳島」、club_detail TeamID=2890）,公式順位表で略称とクラブ名・TeamIDの対応を確認,SUPPORTED,2026-09-30,
Batch 33 Wave 04,B33W4E0348,Career,C002469,start,2026,B33W4S0054,クラブ所属履歴 > 「2026-27 徳島」,所属履歴の最初のシーズン2026-27の開始年,SUPPORTED,2026-09-30,
Batch 33 Wave 04,B33W4E0349,Career,C002469,organization_id,ORG000116,B33W4S0052,選手一覧 > 徳島 > 佐藤 誠人,2026-27シーズンの公式選手一覧で現所属を確認,SUPPORTED,2026-09-30,
Batch 33 Wave 04,B33W4E0350,Person,P000526,name,塚本 雄貴,B33W4S0055,基本情報 > 選手名,B.LEAGUE公式プロフィールで氏名を確認,SUPPORTED,2026-09-30,
Batch 33 Wave 04,B33W4E0351,Person,P000526,birth_date,1997-01-02,B33W4S0055,基本情報 > 生年月日：1997年1月2日,B.LEAGUE公式プロフィールで生年月日を確認,SUPPORTED,2026-09-30,
Batch 33 Wave 04,B33W4E0352,Career,C002470,organization_id,ORG000235,B33W4S0055,基本情報 > 出身校（高）：アレセイア湘南高等学校,B.LEAGUE公式プロフィールで出身校（高）を確認,SUPPORTED,2026-09-30,
Batch 33 Wave 04,B33W4E0353,Career,C002471,organization_id,ORG000018,B33W4S0055,基本情報 > 出身校（大）：専修大学,B.LEAGUE公式プロフィールで出身校（大）を確認,SUPPORTED,2026-09-30,
Batch 33 Wave 04,B33W4E0354,Career,C002472,organization_id,ORG000111,B33W4S0055,クラブ所属履歴 > 「2018-19 八王子」〜「2019-20 八王子」,B.LEAGUE公式の所属履歴で在籍を確認（略称表記）,SUPPORTED,2026-09-30,
Batch 33 Wave 04,B33W4E0355,Career,C002472,organization_id,ORG000111,B33W4S0056,順位表 > クラブ「八王子ビートレインズ」（略称「八王子」、club_detail TeamID=749）,公式順位表で略称とクラブ名・TeamIDの対応を確認,SUPPORTED,2026-09-30,
Batch 33 Wave 04,B33W4E0356,Career,C002472,start,2018,B33W4S0055,クラブ所属履歴 > 「2018-19 八王子」,所属履歴の最初のシーズン2018-19の開始年,SUPPORTED,2026-09-30,
Batch 33 Wave 04,B33W4E0357,Career,C002472,end,2020,B33W4S0055,クラブ所属履歴 > 「2019-20 八王子」,所属履歴の最後のシーズン2019-20の終了年,SUPPORTED,2026-09-30,
Batch 33 Wave 04,B33W4E0358,Career,C002473,organization_id,ORG000090,B33W4S0055,クラブ所属履歴 > 「2021-22 横浜EX」〜「2022-23 横浜EX」,B.LEAGUE公式の所属履歴で在籍を確認（略称表記）,SUPPORTED,2026-09-30,
Batch 33 Wave 04,B33W4E0359,Career,C002473,organization_id,ORG000090,B33W4S0035,順位表 > クラブ「横浜エクセレンス」（略称「横浜EX」、club_detail TeamID=714）,公式順位表で略称とクラブ名・TeamIDの対応を確認,SUPPORTED,2026-09-30,
Batch 33 Wave 04,B33W4E0360,Career,C002473,start,2021,B33W4S0055,クラブ所属履歴 > 「2021-22 横浜EX」,所属履歴の最初のシーズン2021-22の開始年,SUPPORTED,2026-09-30,
Batch 33 Wave 04,B33W4E0361,Career,C002473,end,2023,B33W4S0055,クラブ所属履歴 > 「2022-23 横浜EX」,所属履歴の最後のシーズン2022-23の終了年,SUPPORTED,2026-09-30,
Batch 33 Wave 04,B33W4E0362,Career,C002474,organization_id,ORG000116,B33W4S0055,クラブ所属履歴 > 「2023-24 徳島」〜「2026-27 徳島」,B.LEAGUE公式の所属履歴で在籍を確認（略称表記）,SUPPORTED,2026-09-30,
Batch 33 Wave 04,B33W4E0363,Career,C002474,organization_id,ORG000116,B33W4S0041,順位表 > クラブ「徳島ガンバロウズ」（略称「徳島」、club_detail TeamID=2890）,公式順位表で略称とクラブ名・TeamIDの対応を確認,SUPPORTED,2026-09-30,
Batch 33 Wave 04,B33W4E0364,Career,C002474,start,2023,B33W4S0055,クラブ所属履歴 > 「2023-24 徳島」,所属履歴の最初のシーズン2023-24の開始年,SUPPORTED,2026-09-30,
Batch 33 Wave 04,B33W4E0365,Career,C002474,organization_id,ORG000116,B33W4S0052,選手一覧 > 徳島 > 塚本 雄貴,2026-27シーズンの公式選手一覧で現所属を確認,SUPPORTED,2026-09-30,
Batch 33 Wave 04,B33W4E0366,Person,P000527,name,綱井 勇介,B33W4S0057,基本情報 > 選手名,B.LEAGUE公式プロフィールで氏名を確認,SUPPORTED,2026-09-30,
Batch 33 Wave 04,B33W4E0367,Person,P000527,birth_date,1996-04-04,B33W4S0057,基本情報 > 生年月日：1996年4月4日,B.LEAGUE公式プロフィールで生年月日を確認,SUPPORTED,2026-09-30,
Batch 33 Wave 04,B33W4E0368,Career,C002475,organization_id,ORG000264,B33W4S0057,基本情報 > 出身校（高）：大阪学院大学高等学校,B.LEAGUE公式プロフィールで出身校（高）を確認,SUPPORTED,2026-09-30,
Batch 33 Wave 04,B33W4E0369,Career,C002476,organization_id,ORG000124,B33W4S0057,基本情報 > 出身校（大）：明治大学,B.LEAGUE公式プロフィールで出身校（大）を確認,SUPPORTED,2026-09-30,
Batch 33 Wave 04,B33W4E0370,Career,C002477,organization_id,ORG000182,B33W4S0057,クラブ所属履歴 > 「2018-19 青森」〜「2020-21 青森」,B.LEAGUE公式の所属履歴で在籍を確認（略称表記）,SUPPORTED,2026-09-30,
Batch 33 Wave 04,B33W4E0371,Career,C002477,organization_id,ORG000182,B33W4S0056,順位表 > クラブ「青森ワッツ」（略称「青森」、club_detail TeamID=708）,公式順位表で略称とクラブ名・TeamIDの対応を確認,SUPPORTED,2026-09-30,
Batch 33 Wave 04,B33W4E0372,Career,C002477,start,2018,B33W4S0057,クラブ所属履歴 > 「2018-19 青森」,所属履歴の最初のシーズン2018-19の開始年,SUPPORTED,2026-09-30,
Batch 33 Wave 04,B33W4E0373,Career,C002477,end,2021,B33W4S0057,クラブ所属履歴 > 「2020-21 青森」,所属履歴の最後のシーズン2020-21の終了年,SUPPORTED,2026-09-30,
Batch 33 Wave 04,B33W4E0374,Career,C002478,organization_id,ORG000122,B33W4S0057,クラブ所属履歴 > 「2021-22 川崎」,B.LEAGUE公式の所属履歴で在籍を確認（略称表記）,SUPPORTED,2026-09-30,
Batch 33 Wave 04,B33W4E0375,Career,C002478,organization_id,ORG000122,B33W4S0020,順位表 > クラブ「川崎ブレイブサンダース」（略称「川崎」、club_detail TeamID=727）,公式順位表で略称とクラブ名・TeamIDの対応を確認,SUPPORTED,2026-09-30,
Batch 33 Wave 04,B33W4E0376,Career,C002478,start,2021,B33W4S0057,クラブ所属履歴 > 「2021-22 川崎」,所属履歴の最初のシーズン2021-22の開始年,SUPPORTED,2026-09-30,
Batch 33 Wave 04,B33W4E0377,Career,C002478,end,2022,B33W4S0057,クラブ所属履歴 > 「2021-22 川崎」,所属履歴の最後のシーズン2021-22の終了年,SUPPORTED,2026-09-30,
Batch 33 Wave 04,B33W4E0378,Career,C002479,organization_id,ORG000043,B33W4S0057,クラブ所属履歴 > 「2022-23 神戸」〜「2024-25 神戸」,B.LEAGUE公式の所属履歴で在籍を確認（略称表記）,SUPPORTED,2026-09-30,
Batch 33 Wave 04,B33W4E0379,Career,C002479,organization_id,ORG000043,B33W4S0040,順位表 > クラブ「西宮ストークス」（略称「西宮」、club_detail TeamID=718）,公式順位表で略称とクラブ名・TeamIDの対応を確認,SUPPORTED,2026-09-30,
Batch 33 Wave 04,B33W4E0380,Career,C002479,start,2022,B33W4S0057,クラブ所属履歴 > 「2022-23 神戸」,所属履歴の最初のシーズン2022-23の開始年,SUPPORTED,2026-09-30,
Batch 33 Wave 04,B33W4E0381,Career,C002479,end,2025,B33W4S0057,クラブ所属履歴 > 「2024-25 神戸」,所属履歴の最後のシーズン2024-25の終了年,SUPPORTED,2026-09-30,
Batch 33 Wave 04,B33W4E0382,Career,C002480,organization_id,ORG000116,B33W4S0057,クラブ所属履歴 > 「2025-26 徳島」〜「2026-27 徳島」,B.LEAGUE公式の所属履歴で在籍を確認（略称表記）,SUPPORTED,2026-09-30,
Batch 33 Wave 04,B33W4E0383,Career,C002480,organization_id,ORG000116,B33W4S0036,順位表 > クラブ「徳島ガンバロウズ」（略称「徳島」、club_detail TeamID=2890）,公式順位表で略称とクラブ名・TeamIDの対応を確認,SUPPORTED,2026-09-30,
Batch 33 Wave 04,B33W4E0384,Career,C002480,start,2025,B33W4S0057,クラブ所属履歴 > 「2025-26 徳島」,所属履歴の最初のシーズン2025-26の開始年,SUPPORTED,2026-09-30,
Batch 33 Wave 04,B33W4E0385,Career,C002480,organization_id,ORG000116,B33W4S0052,選手一覧 > 徳島 > 綱井 勇介,2026-27シーズンの公式選手一覧で現所属を確認,SUPPORTED,2026-09-30,
Batch 33 Wave 04,B33W4E0386,Person,P000528,name,鶴田 美勇士,B33W4S0058,基本情報 > 選手名,B.LEAGUE公式プロフィールで氏名を確認,SUPPORTED,2026-09-30,
Batch 33 Wave 04,B33W4E0387,Person,P000528,birth_date,1996-06-22,B33W4S0058,基本情報 > 生年月日：1996年6月22日,B.LEAGUE公式プロフィールで生年月日を確認,SUPPORTED,2026-09-30,
Batch 33 Wave 04,B33W4E0388,Career,C002481,organization_id,ORG000297,B33W4S0058,基本情報 > 出身校（高）：東海大学付属第三高等学校(現・東海大学付属諏訪高等学校),B.LEAGUE公式プロフィールで出身校（高）を確認,SUPPORTED,2026-09-30,プロフィール上の表記は「東海大学付属第三高等学校(現・東海大学付属諏訪高等学校)」
Batch 33 Wave 04,B33W4E0389,Career,C002482,organization_id,ORG000015,B33W4S0058,基本情報 > 出身校（大）：東海大学,B.LEAGUE公式プロフィールで出身校（大）を確認,SUPPORTED,2026-09-30,
Batch 33 Wave 04,B33W4E0390,Career,C002483,organization_id,ORG000042,B33W4S0058,クラブ所属履歴 > 「2018-19 京都」〜「2019-20 京都」,B.LEAGUE公式の所属履歴で在籍を確認（略称表記）,SUPPORTED,2026-09-30,
Batch 33 Wave 04,B33W4E0391,Career,C002483,organization_id,ORG000042,B33W4S0059,順位表 > クラブ「京都ハンナリーズ」（略称「京都」、club_detail TeamID=699）,公式順位表で略称とクラブ名・TeamIDの対応を確認,SUPPORTED,2026-09-30,
Batch 33 Wave 04,B33W4E0392,Career,C002483,start,2018,B33W4S0058,クラブ所属履歴 > 「2018-19 京都」,所属履歴の最初のシーズン2018-19の開始年,SUPPORTED,2026-09-30,
Batch 33 Wave 04,B33W4E0393,Career,C002483,end,2020,B33W4S0058,クラブ所属履歴 > 「2019-20 京都」,所属履歴の最後のシーズン2019-20の終了年,SUPPORTED,2026-09-30,
Batch 33 Wave 04,B33W4E0394,Career,C002484,organization_id,ORG000181,B33W4S0058,クラブ所属履歴 > 「2020-21 山形」,B.LEAGUE公式の所属履歴で在籍を確認（略称表記）,SUPPORTED,2026-09-30,
Batch 33 Wave 04,B33W4E0395,Career,C002484,organization_id,ORG000181,B33W4S0003,順位表 > クラブ「山形ワイヴァンズ」（略称「山形」、club_detail TeamID=710）,公式順位表で略称とクラブ名・TeamIDの対応を確認,SUPPORTED,2026-09-30,
Batch 33 Wave 04,B33W4E0396,Career,C002484,start,2020,B33W4S0058,クラブ所属履歴 > 「2020-21 山形」,所属履歴の最初のシーズン2020-21の開始年,SUPPORTED,2026-09-30,
Batch 33 Wave 04,B33W4E0397,Career,C002484,end,2021,B33W4S0058,クラブ所属履歴 > 「2020-21 山形」,所属履歴の最後のシーズン2020-21の終了年,SUPPORTED,2026-09-30,
Batch 33 Wave 04,B33W4E0398,Career,C002485,organization_id,ORG000144,B33W4S0058,クラブ所属履歴 > 「2021-22 A千葉」〜「2024-25 A千葉」,B.LEAGUE公式の所属履歴で在籍を確認（略称表記）,SUPPORTED,2026-09-30,
Batch 33 Wave 04,B33W4E0399,Career,C002485,organization_id,ORG000144,B33W4S0035,順位表 > クラブ「アルティーリ千葉」（略称「A千葉」、club_detail TeamID=2486）,公式順位表で略称とクラブ名・TeamIDの対応を確認,SUPPORTED,2026-09-30,
Batch 33 Wave 04,B33W4E0400,Career,C002485,start,2021,B33W4S0058,クラブ所属履歴 > 「2021-22 A千葉」,所属履歴の最初のシーズン2021-22の開始年,SUPPORTED,2026-09-30,
Batch 33 Wave 04,B33W4E0401,Career,C002485,end,2025,B33W4S0058,クラブ所属履歴 > 「2024-25 A千葉」,所属履歴の最後のシーズン2024-25の終了年,SUPPORTED,2026-09-30,
Batch 33 Wave 04,B33W4E0402,Career,C002486,organization_id,ORG000116,B33W4S0058,クラブ所属履歴 > 「2025-26 徳島」〜「2026-27 徳島」,B.LEAGUE公式の所属履歴で在籍を確認（略称表記）,SUPPORTED,2026-09-30,
Batch 33 Wave 04,B33W4E0403,Career,C002486,organization_id,ORG000116,B33W4S0036,順位表 > クラブ「徳島ガンバロウズ」（略称「徳島」、club_detail TeamID=2890）,公式順位表で略称とクラブ名・TeamIDの対応を確認,SUPPORTED,2026-09-30,
Batch 33 Wave 04,B33W4E0404,Career,C002486,start,2025,B33W4S0058,クラブ所属履歴 > 「2025-26 徳島」,所属履歴の最初のシーズン2025-26の開始年,SUPPORTED,2026-09-30,
Batch 33 Wave 04,B33W4E0405,Career,C002486,organization_id,ORG000116,B33W4S0052,選手一覧 > 徳島 > 鶴田 美勇士,2026-27シーズンの公式選手一覧で現所属を確認,SUPPORTED,2026-09-30,
Batch 33 Wave 04,B33W4E0406,Person,P000529,name,森山 修斗,B33W4S0060,基本情報 > 選手名,B.LEAGUE公式プロフィールで氏名を確認,SUPPORTED,2026-09-30,
Batch 33 Wave 04,B33W4E0407,Person,P000529,birth_date,1996-04-13,B33W4S0060,基本情報 > 生年月日：1996年4月13日,B.LEAGUE公式プロフィールで生年月日を確認,SUPPORTED,2026-09-30,
Batch 33 Wave 04,B33W4E0408,Career,C002487,organization_id,ORG000452,B33W4S0060,基本情報 > 出身校（高）：滋賀県立瀬田工業高等学校,B.LEAGUE公式プロフィールで出身校（高）を確認,SUPPORTED,2026-09-30,
Batch 33 Wave 04,B33W4E0409,Career,C002488,organization_id,ORG000124,B33W4S0060,基本情報 > 出身校（大）：明治大学,B.LEAGUE公式プロフィールで出身校（大）を確認,SUPPORTED,2026-09-30,
Batch 33 Wave 04,B33W4E0410,Career,C002489,organization_id,ORG000110,B33W4S0060,クラブ所属履歴 > 「2019-20 広島」〜「2020-21 広島」,B.LEAGUE公式の所属履歴で在籍を確認（略称表記）,SUPPORTED,2026-09-30,
Batch 33 Wave 04,B33W4E0411,Career,C002489,organization_id,ORG000110,B33W4S0061,順位表 > クラブ「広島ドラゴンフライズ」（略称「広島」、club_detail TeamID=721）,公式順位表で略称とクラブ名・TeamIDの対応を確認,SUPPORTED,2026-09-30,
Batch 33 Wave 04,B33W4E0412,Career,C002489,start,2019,B33W4S0060,クラブ所属履歴 > 「2019-20 広島」,所属履歴の最初のシーズン2019-20の開始年,SUPPORTED,2026-09-30,
Batch 33 Wave 04,B33W4E0413,Career,C002489,end,2021,B33W4S0060,クラブ所属履歴 > 「2020-21 広島」,所属履歴の最後のシーズン2020-21の終了年,SUPPORTED,2026-09-30,
Batch 33 Wave 04,B33W4E0414,Career,C002490,organization_id,ORG000153,B33W4S0060,クラブ所属履歴 > 「2021-22 滋賀」〜「2024-25 滋賀」,B.LEAGUE公式の所属履歴で在籍を確認（略称表記）,SUPPORTED,2026-09-30,
Batch 33 Wave 04,B33W4E0415,Career,C002490,organization_id,ORG000153,B33W4S0020,順位表 > クラブ「滋賀レイクスターズ」（略称「滋賀」、club_detail TeamID=698）,公式順位表で略称とクラブ名・TeamIDの対応を確認,SUPPORTED,2026-09-30,
Batch 33 Wave 04,B33W4E0416,Career,C002490,start,2021,B33W4S0060,クラブ所属履歴 > 「2021-22 滋賀」,所属履歴の最初のシーズン2021-22の開始年,SUPPORTED,2026-09-30,
Batch 33 Wave 04,B33W4E0417,Career,C002490,end,2025,B33W4S0060,クラブ所属履歴 > 「2024-25 滋賀」,所属履歴の最後のシーズン2024-25の終了年,SUPPORTED,2026-09-30,
Batch 33 Wave 04,B33W4E0418,Career,C002491,organization_id,ORG000116,B33W4S0060,クラブ所属履歴 > 「2025-26 徳島」〜「2026-27 徳島」,B.LEAGUE公式の所属履歴で在籍を確認（略称表記）,SUPPORTED,2026-09-30,
Batch 33 Wave 04,B33W4E0419,Career,C002491,organization_id,ORG000116,B33W4S0036,順位表 > クラブ「徳島ガンバロウズ」（略称「徳島」、club_detail TeamID=2890）,公式順位表で略称とクラブ名・TeamIDの対応を確認,SUPPORTED,2026-09-30,
Batch 33 Wave 04,B33W4E0420,Career,C002491,start,2025,B33W4S0060,クラブ所属履歴 > 「2025-26 徳島」,所属履歴の最初のシーズン2025-26の開始年,SUPPORTED,2026-09-30,
Batch 33 Wave 04,B33W4E0421,Career,C002491,organization_id,ORG000116,B33W4S0052,選手一覧 > 徳島 > 森山 修斗,2026-27シーズンの公式選手一覧で現所属を確認,SUPPORTED,2026-09-30,
Batch 33 Wave 04,B33W4E0422,Person,P000530,name,五十嵐 貴志,B33W4S0062,基本情報 > 選手名,B.LEAGUE公式プロフィールで氏名を確認,SUPPORTED,2026-09-30,
Batch 33 Wave 04,B33W4E0423,Person,P000530,birth_date,1990-02-10,B33W4S0062,基本情報 > 生年月日：1990年2月10日,B.LEAGUE公式プロフィールで生年月日を確認,SUPPORTED,2026-09-30,
Batch 33 Wave 04,B33W4E0424,Career,C002492,organization_id,ORG000367,B33W4S0062,基本情報 > 出身校（高）：羽黒高等学校,B.LEAGUE公式プロフィールで出身校（高）を確認,SUPPORTED,2026-09-30,
Batch 33 Wave 04,B33W4E0425,Career,C002493,organization_id,ORG000210,B33W4S0062,基本情報 > 出身校（大）：神奈川大学,B.LEAGUE公式プロフィールで出身校（大）を確認,SUPPORTED,2026-09-30,
Batch 33 Wave 04,B33W4E0426,Career,C002494,organization_id,ORG000229,B33W4S0062,クラブ所属履歴 > 「2016-17 アイシンAW」〜「2020-21 アイシンAW」,B.LEAGUE公式の所属履歴で在籍を確認（略称表記）,SUPPORTED,2026-09-30,
Batch 33 Wave 04,B33W4E0427,Career,C002494,organization_id,ORG000229,B33W4S0063,順位表 > クラブ「アイシン・エィ・ダブリュ アレイオンズ安城」（略称「アイシンAW」、club_detail TeamID=751）,公式順位表で略称とクラブ名・TeamIDの対応を確認,SUPPORTED,2026-09-30,
Batch 33 Wave 04,B33W4E0428,Career,C002494,start,2016,B33W4S0062,クラブ所属履歴 > 「2016-17 アイシンAW」,所属履歴の最初のシーズン2016-17の開始年,SUPPORTED,2026-09-30,
Batch 33 Wave 04,B33W4E0429,Career,C002494,end,2021,B33W4S0062,クラブ所属履歴 > 「2020-21 アイシンAW」,所属履歴の最後のシーズン2020-21の終了年,SUPPORTED,2026-09-30,
Batch 33 Wave 04,B33W4E0430,Career,C002495,organization_id,ORG000181,B33W4S0062,クラブ所属履歴 > 「2021-22 山形」,B.LEAGUE公式の所属履歴で在籍を確認（略称表記）,SUPPORTED,2026-09-30,
Batch 33 Wave 04,B33W4E0431,Career,C002495,organization_id,ORG000181,B33W4S0026,順位表 > クラブ「山形ワイヴァンズ」（略称「山形」、club_detail TeamID=710）,公式順位表で略称とクラブ名・TeamIDの対応を確認,SUPPORTED,2026-09-30,
Batch 33 Wave 04,B33W4E0432,Career,C002495,start,2021,B33W4S0062,クラブ所属履歴 > 「2021-22 山形」,所属履歴の最初のシーズン2021-22の開始年,SUPPORTED,2026-09-30,
Batch 33 Wave 04,B33W4E0433,Career,C002495,end,2022,B33W4S0062,クラブ所属履歴 > 「2021-22 山形」,所属履歴の最後のシーズン2021-22の終了年,SUPPORTED,2026-09-30,
Batch 33 Wave 04,B33W4E0434,Career,C002496,organization_id,ORG000183,B33W4S0062,クラブ所属履歴 > 「2022-23 埼玉」〜「2023-24 埼玉」,B.LEAGUE公式の所属履歴で在籍を確認（略称表記）,SUPPORTED,2026-09-30,
Batch 33 Wave 04,B33W4E0435,Career,C002496,organization_id,ORG000183,B33W4S0032,順位表 > クラブ「さいたまブロンコス」（略称「埼玉」、club_detail TeamID=744）,公式順位表で略称とクラブ名・TeamIDの対応を確認,SUPPORTED,2026-09-30,
Batch 33 Wave 04,B33W4E0436,Career,C002496,start,2022,B33W4S0062,クラブ所属履歴 > 「2022-23 埼玉」,所属履歴の最初のシーズン2022-23の開始年,SUPPORTED,2026-09-30,
Batch 33 Wave 04,B33W4E0437,Career,C002496,end,2024,B33W4S0062,クラブ所属履歴 > 「2023-24 埼玉」,所属履歴の最後のシーズン2023-24の終了年,SUPPORTED,2026-09-30,
Batch 33 Wave 04,B33W4E0438,Career,C002497,organization_id,ORG000224,B33W4S0062,クラブ所属履歴 > 「2026-27 香川」,B.LEAGUE公式の所属履歴で在籍を確認（略称表記）,SUPPORTED,2026-09-30,
Batch 33 Wave 04,B33W4E0439,Career,C002497,organization_id,ORG000224,B33W4S0021,順位表 > クラブ「香川ファイブアローズ」（略称「香川」、club_detail TeamID=722）,公式順位表で略称とクラブ名・TeamIDの対応を確認,SUPPORTED,2026-09-30,
Batch 33 Wave 04,B33W4E0440,Career,C002497,start,2026,B33W4S0062,クラブ所属履歴 > 「2026-27 香川」,所属履歴の最初のシーズン2026-27の開始年,SUPPORTED,2026-09-30,
Batch 33 Wave 04,B33W4E0441,Career,C002497,organization_id,ORG000224,B33W4S0064,選手一覧 > 香川 > 五十嵐 貴志,2026-27シーズンの公式選手一覧で現所属を確認,SUPPORTED,2026-09-30,
Batch 33 Wave 04,B33W4E0442,Person,P000531,name,今林 萌,B33W4S0065,基本情報 > 選手名,B.LEAGUE公式プロフィールで氏名を確認,SUPPORTED,2026-09-30,
Batch 33 Wave 04,B33W4E0443,Person,P000531,birth_date,1999-08-17,B33W4S0065,基本情報 > 生年月日：1999年8月17日,B.LEAGUE公式プロフィールで生年月日を確認,SUPPORTED,2026-09-30,
Batch 33 Wave 04,B33W4E0444,Career,C002498,organization_id,ORG000453,B33W4S0065,基本情報 > 出身校（高）：福岡県立宗像高等学校,B.LEAGUE公式プロフィールで出身校（高）を確認,SUPPORTED,2026-09-30,
Batch 33 Wave 04,B33W4E0445,Career,C002499,organization_id,ORG000449,B33W4S0065,基本情報 > 出身校（大）：福岡大学,B.LEAGUE公式プロフィールで出身校（大）を確認,SUPPORTED,2026-09-30,
Batch 33 Wave 04,B33W4E0446,Career,C002500,organization_id,ORG000048,B33W4S0065,クラブ所属履歴 > 「2021-22 佐賀」,B.LEAGUE公式の所属履歴で在籍を確認（略称表記）,SUPPORTED,2026-09-30,
Batch 33 Wave 04,B33W4E0447,Career,C002500,organization_id,ORG000048,B33W4S0026,順位表 > クラブ「佐賀バルーナーズ」（略称「佐賀」、club_detail TeamID=1638）,公式順位表で略称とクラブ名・TeamIDの対応を確認,SUPPORTED,2026-09-30,
Batch 33 Wave 04,B33W4E0448,Career,C002500,start,2021,B33W4S0065,クラブ所属履歴 > 「2021-22 佐賀」,所属履歴の最初のシーズン2021-22の開始年,SUPPORTED,2026-09-30,
Batch 33 Wave 04,B33W4E0449,Career,C002500,end,2022,B33W4S0065,クラブ所属履歴 > 「2021-22 佐賀」,所属履歴の最後のシーズン2021-22の終了年,SUPPORTED,2026-09-30,
Batch 33 Wave 04,B33W4E0450,Career,C002501,organization_id,ORG000224,B33W4S0065,クラブ所属履歴 > 「2026-27 香川」,B.LEAGUE公式の所属履歴で在籍を確認（略称表記）,SUPPORTED,2026-09-30,
Batch 33 Wave 04,B33W4E0451,Career,C002501,organization_id,ORG000224,B33W4S0021,順位表 > クラブ「香川ファイブアローズ」（略称「香川」、club_detail TeamID=722）,公式順位表で略称とクラブ名・TeamIDの対応を確認,SUPPORTED,2026-09-30,
Batch 33 Wave 04,B33W4E0452,Career,C002501,start,2026,B33W4S0065,クラブ所属履歴 > 「2026-27 香川」,所属履歴の最初のシーズン2026-27の開始年,SUPPORTED,2026-09-30,
Batch 33 Wave 04,B33W4E0453,Career,C002501,organization_id,ORG000224,B33W4S0064,選手一覧 > 香川 > 今林 萌,2026-27シーズンの公式選手一覧で現所属を確認,SUPPORTED,2026-09-30,
Batch 33 Wave 04,B33W4E0454,Person,P000532,name,小寺 ハミルトンゲイリー,B33W4S0066,基本情報 > 選手名,B.LEAGUE公式プロフィールで氏名を確認,SUPPORTED,2026-09-30,
Batch 33 Wave 04,B33W4E0455,Person,P000532,birth_date,1984-08-07,B33W4S0066,基本情報 > 生年月日：1984年8月7日,B.LEAGUE公式プロフィールで生年月日を確認,SUPPORTED,2026-09-30,
Batch 33 Wave 04,B33W4E0456,Career,C002502,organization_id,ORG000454,B33W4S0066,基本情報 > 出身校（高）：Crenshaw high School,B.LEAGUE公式プロフィールで出身校（高）を確認,SUPPORTED,2026-09-30,
Batch 33 Wave 04,B33W4E0457,Career,C002503,organization_id,ORG000455,B33W4S0066,基本情報 > 出身校（大）：University of Miami,B.LEAGUE公式プロフィールで出身校（大）を確認,SUPPORTED,2026-09-30,
Batch 33 Wave 04,B33W4E0458,Career,C002504,organization_id,ORG000181,B33W4S0066,クラブ所属履歴 > 「2016-17 山形」,B.LEAGUE公式の所属履歴で在籍を確認（略称表記）,SUPPORTED,2026-09-30,
Batch 33 Wave 04,B33W4E0459,Career,C002504,organization_id,ORG000181,B33W4S0030,順位表 > クラブ「山形ワイヴァンズ」（略称「山形」、club_detail TeamID=710）,公式順位表で略称とクラブ名・TeamIDの対応を確認,SUPPORTED,2026-09-30,
Batch 33 Wave 04,B33W4E0460,Career,C002504,start,2016,B33W4S0066,クラブ所属履歴 > 「2016-17 山形」,所属履歴の最初のシーズン2016-17の開始年,SUPPORTED,2026-09-30,
Batch 33 Wave 04,B33W4E0461,Career,C002504,end,2017,B33W4S0066,クラブ所属履歴 > 「2016-17 山形」,所属履歴の最後のシーズン2016-17の終了年,SUPPORTED,2026-09-30,
Batch 33 Wave 04,B33W4E0462,Career,C002505,organization_id,ORG000171,B33W4S0066,クラブ所属履歴 > 「2017-18 奈良」〜「2018-19 奈良」,B.LEAGUE公式の所属履歴で在籍を確認（略称表記）,SUPPORTED,2026-09-30,
Batch 33 Wave 04,B33W4E0463,Career,C002505,organization_id,ORG000171,B33W4S0034,順位表 > クラブ「バンビシャス奈良」（略称「奈良」、club_detail TeamID=719）,公式順位表で略称とクラブ名・TeamIDの対応を確認,SUPPORTED,2026-09-30,
Batch 33 Wave 04,B33W4E0464,Career,C002505,start,2017,B33W4S0066,クラブ所属履歴 > 「2017-18 奈良」,所属履歴の最初のシーズン2017-18の開始年,SUPPORTED,2026-09-30,
Batch 33 Wave 04,B33W4E0465,Career,C002505,end,2019,B33W4S0066,クラブ所属履歴 > 「2018-19 奈良」,所属履歴の最後のシーズン2018-19の終了年,SUPPORTED,2026-09-30,
Batch 33 Wave 04,B33W4E0466,Career,C002506,organization_id,ORG000048,B33W4S0066,クラブ所属履歴 > 「2019-20 佐賀」,B.LEAGUE公式の所属履歴で在籍を確認（略称表記）,SUPPORTED,2026-09-30,
Batch 33 Wave 04,B33W4E0467,Career,C002506,organization_id,ORG000048,B33W4S0048,順位表 > クラブ「佐賀バルーナーズ」（略称「佐賀」、club_detail TeamID=1638）,公式順位表で略称とクラブ名・TeamIDの対応を確認,SUPPORTED,2026-09-30,
Batch 33 Wave 04,B33W4E0468,Career,C002506,start,2019,B33W4S0066,クラブ所属履歴 > 「2019-20 佐賀」,所属履歴の最初のシーズン2019-20の開始年,SUPPORTED,2026-09-30,
Batch 33 Wave 04,B33W4E0469,Career,C002506,end,2020,B33W4S0066,クラブ所属履歴 > 「2019-20 佐賀」,所属履歴の最後のシーズン2019-20の終了年,SUPPORTED,2026-09-30,
Batch 33 Wave 04,B33W4E0470,Career,C002507,organization_id,ORG000143,B33W4S0066,クラブ所属履歴 > 「2020-21 群馬」,B.LEAGUE公式の所属履歴で在籍を確認（略称表記）,SUPPORTED,2026-09-30,
Batch 33 Wave 04,B33W4E0471,Career,C002507,organization_id,ORG000143,B33W4S0003,順位表 > クラブ「群馬クレインサンダーズ」（略称「群馬」、club_detail TeamID=713）,公式順位表で略称とクラブ名・TeamIDの対応を確認,SUPPORTED,2026-09-30,
Batch 33 Wave 04,B33W4E0472,Career,C002507,start,2020,B33W4S0066,クラブ所属履歴 > 「2020-21 群馬」,所属履歴の最初のシーズン2020-21の開始年,SUPPORTED,2026-09-30,
Batch 33 Wave 04,B33W4E0473,Career,C002507,end,2021,B33W4S0066,クラブ所属履歴 > 「2020-21 群馬」,所属履歴の最後のシーズン2020-21の終了年,SUPPORTED,2026-09-30,
Batch 33 Wave 04,B33W4E0474,Career,C002508,organization_id,ORG000103,B33W4S0066,クラブ所属履歴 > 「2020-21 茨城」,B.LEAGUE公式の所属履歴で在籍を確認（略称表記）,SUPPORTED,2026-09-30,
Batch 33 Wave 04,B33W4E0475,Career,C002508,organization_id,ORG000103,B33W4S0003,順位表 > クラブ「茨城ロボッツ」（略称「茨城」、club_detail TeamID=712）,公式順位表で略称とクラブ名・TeamIDの対応を確認,SUPPORTED,2026-09-30,
Batch 33 Wave 04,B33W4E0476,Career,C002508,start,2020,B33W4S0066,クラブ所属履歴 > 「2020-21 茨城」,所属履歴の最初のシーズン2020-21の開始年,SUPPORTED,2026-09-30,
Batch 33 Wave 04,B33W4E0477,Career,C002508,end,2021,B33W4S0066,クラブ所属履歴 > 「2020-21 茨城」,所属履歴の最後のシーズン2020-21の終了年,SUPPORTED,2026-09-30,
Batch 33 Wave 04,B33W4E0478,Career,C002509,organization_id,ORG000106,B33W4S0066,クラブ所属履歴 > 「2021-22 琉球」,B.LEAGUE公式の所属履歴で在籍を確認（略称表記）,SUPPORTED,2026-09-30,
Batch 33 Wave 04,B33W4E0479,Career,C002509,organization_id,ORG000106,B33W4S0020,順位表 > クラブ「琉球ゴールデンキングス」（略称「琉球」、club_detail TeamID=701）,公式順位表で略称とクラブ名・TeamIDの対応を確認,SUPPORTED,2026-09-30,
Batch 33 Wave 04,B33W4E0480,Career,C002509,start,2021,B33W4S0066,クラブ所属履歴 > 「2021-22 琉球」,所属履歴の最初のシーズン2021-22の開始年,SUPPORTED,2026-09-30,
Batch 33 Wave 04,B33W4E0481,Career,C002509,end,2022,B33W4S0066,クラブ所属履歴 > 「2021-22 琉球」,所属履歴の最後のシーズン2021-22の終了年,SUPPORTED,2026-09-30,
Batch 33 Wave 04,B33W4E0482,Career,C002510,organization_id,ORG000132,B33W4S0066,クラブ所属履歴 > 「2022-23 仙台」,B.LEAGUE公式の所属履歴で在籍を確認（略称表記）,SUPPORTED,2026-09-30,
Batch 33 Wave 04,B33W4E0483,Career,C002510,organization_id,ORG000132,B33W4S0004,順位表 > クラブ「仙台89ERS」（略称「仙台」、club_detail TeamID=692）,公式順位表で略称とクラブ名・TeamIDの対応を確認,SUPPORTED,2026-09-30,
Batch 33 Wave 04,B33W4E0484,Career,C002510,start,2022,B33W4S0066,クラブ所属履歴 > 「2022-23 仙台」,所属履歴の最初のシーズン2022-23の開始年,SUPPORTED,2026-09-30,
Batch 33 Wave 04,B33W4E0485,Career,C002510,end,2023,B33W4S0066,クラブ所属履歴 > 「2022-23 仙台」,所属履歴の最後のシーズン2022-23の終了年,SUPPORTED,2026-09-30,
Batch 33 Wave 04,B33W4E0486,Career,C002511,organization_id,ORG000190,B33W4S0066,クラブ所属履歴 > 「2023-24 越谷」,B.LEAGUE公式の所属履歴で在籍を確認（略称表記）,SUPPORTED,2026-09-30,
Batch 33 Wave 04,B33W4E0487,Career,C002511,organization_id,ORG000190,B33W4S0028,順位表 > クラブ「越谷アルファーズ」（略称「越谷」、club_detail TeamID=745）,公式順位表で略称とクラブ名・TeamIDの対応を確認,SUPPORTED,2026-09-30,
Batch 33 Wave 04,B33W4E0488,Career,C002511,start,2023,B33W4S0066,クラブ所属履歴 > 「2023-24 越谷」,所属履歴の最初のシーズン2023-24の開始年,SUPPORTED,2026-09-30,
Batch 33 Wave 04,B33W4E0489,Career,C002511,end,2024,B33W4S0066,クラブ所属履歴 > 「2023-24 越谷」,所属履歴の最後のシーズン2023-24の終了年,SUPPORTED,2026-09-30,
Batch 33 Wave 04,B33W4E0490,Career,C002512,organization_id,ORG000200,B33W4S0066,クラブ所属履歴 > 「2024-25 福井」,B.LEAGUE公式の所属履歴で在籍を確認（略称表記）,SUPPORTED,2026-09-30,
Batch 33 Wave 04,B33W4E0491,Career,C002512,organization_id,ORG000200,B33W4S0014,順位表 > クラブ「福井ブローウィンズ」（略称「福井」、club_detail TeamID=2891）,公式順位表で略称とクラブ名・TeamIDの対応を確認,SUPPORTED,2026-09-30,
Batch 33 Wave 04,B33W4E0492,Career,C002512,start,2024,B33W4S0066,クラブ所属履歴 > 「2024-25 福井」,所属履歴の最初のシーズン2024-25の開始年,SUPPORTED,2026-09-30,
Batch 33 Wave 04,B33W4E0493,Career,C002512,end,2025,B33W4S0066,クラブ所属履歴 > 「2024-25 福井」,所属履歴の最後のシーズン2024-25の終了年,SUPPORTED,2026-09-30,
Batch 33 Wave 04,B33W4E0494,Career,C002513,organization_id,ORG000110,B33W4S0066,クラブ所属履歴 > 「2025-26 広島」,B.LEAGUE公式の所属履歴で在籍を確認（略称表記）,SUPPORTED,2026-09-30,
Batch 33 Wave 04,B33W4E0495,Career,C002513,organization_id,ORG000110,B33W4S0008,順位表 > クラブ「広島ドラゴンフライズ」（略称「広島」、club_detail TeamID=721）,公式順位表で略称とクラブ名・TeamIDの対応を確認,SUPPORTED,2026-09-30,
Batch 33 Wave 04,B33W4E0496,Career,C002513,start,2025,B33W4S0066,クラブ所属履歴 > 「2025-26 広島」,所属履歴の最初のシーズン2025-26の開始年,SUPPORTED,2026-09-30,
Batch 33 Wave 04,B33W4E0497,Career,C002513,end,2026,B33W4S0066,クラブ所属履歴 > 「2025-26 広島」,所属履歴の最後のシーズン2025-26の終了年,SUPPORTED,2026-09-30,
Batch 33 Wave 04,B33W4E0498,Career,C002514,organization_id,ORG000190,B33W4S0066,クラブ所属履歴 > 「2025-26 越谷」,B.LEAGUE公式の所属履歴で在籍を確認（略称表記）,SUPPORTED,2026-09-30,
Batch 33 Wave 04,B33W4E0499,Career,C002514,organization_id,ORG000190,B33W4S0008,順位表 > クラブ「越谷アルファーズ」（略称「越谷」、club_detail TeamID=745）,公式順位表で略称とクラブ名・TeamIDの対応を確認,SUPPORTED,2026-09-30,
Batch 33 Wave 04,B33W4E0500,Career,C002514,start,2025,B33W4S0066,クラブ所属履歴 > 「2025-26 越谷」,所属履歴の最初のシーズン2025-26の開始年,SUPPORTED,2026-09-30,
Batch 33 Wave 04,B33W4E0501,Career,C002514,end,2026,B33W4S0066,クラブ所属履歴 > 「2025-26 越谷」,所属履歴の最後のシーズン2025-26の終了年,SUPPORTED,2026-09-30,
Batch 33 Wave 04,B33W4E0502,Career,C002515,organization_id,ORG000224,B33W4S0066,クラブ所属履歴 > 「2026-27 香川」,B.LEAGUE公式の所属履歴で在籍を確認（略称表記）,SUPPORTED,2026-09-30,
Batch 33 Wave 04,B33W4E0503,Career,C002515,organization_id,ORG000224,B33W4S0021,順位表 > クラブ「香川ファイブアローズ」（略称「香川」、club_detail TeamID=722）,公式順位表で略称とクラブ名・TeamIDの対応を確認,SUPPORTED,2026-09-30,
Batch 33 Wave 04,B33W4E0504,Career,C002515,start,2026,B33W4S0066,クラブ所属履歴 > 「2026-27 香川」,所属履歴の最初のシーズン2026-27の開始年,SUPPORTED,2026-09-30,
Batch 33 Wave 04,B33W4E0505,Career,C002515,organization_id,ORG000224,B33W4S0064,選手一覧 > 香川 > 小寺 ハミルトンゲイリー,2026-27シーズンの公式選手一覧で現所属を確認,SUPPORTED,2026-09-30,
Batch 33 Wave 04,B33W4E0506,Person,P000533,name,小林 巧,B33W4S0067,基本情報 > 選手名,B.LEAGUE公式プロフィールで氏名を確認,SUPPORTED,2026-09-30,
Batch 33 Wave 04,B33W4E0507,Person,P000533,birth_date,2002-09-26,B33W4S0067,基本情報 > 生年月日：2002年9月26日,B.LEAGUE公式プロフィールで生年月日を確認,SUPPORTED,2026-09-30,
Batch 33 Wave 04,B33W4E0508,Career,C002516,organization_id,ORG000456,B33W4S0067,基本情報 > 出身校（高）：村野工業高等学校,B.LEAGUE公式プロフィールで出身校（高）を確認,SUPPORTED,2026-09-30,
Batch 33 Wave 04,B33W4E0509,Career,C002517,organization_id,ORG000015,B33W4S0067,基本情報 > 出身校（大）：東海大学,B.LEAGUE公式プロフィールで出身校（大）を確認,SUPPORTED,2026-09-30,
Batch 33 Wave 04,B33W4E0510,Career,C002518,organization_id,ORG000224,B33W4S0067,クラブ所属履歴 > 「2024-25 香川」〜「2026-27 香川」,B.LEAGUE公式の所属履歴で在籍を確認（略称表記）,SUPPORTED,2026-09-30,
Batch 33 Wave 04,B33W4E0511,Career,C002518,organization_id,ORG000224,B33W4S0043,順位表 > クラブ「香川ファイブアローズ」（略称「香川」、club_detail TeamID=722）,公式順位表で略称とクラブ名・TeamIDの対応を確認,SUPPORTED,2026-09-30,
Batch 33 Wave 04,B33W4E0512,Career,C002518,start,2024,B33W4S0067,クラブ所属履歴 > 「2024-25 香川」,所属履歴の最初のシーズン2024-25の開始年,SUPPORTED,2026-09-30,
Batch 33 Wave 04,B33W4E0513,Career,C002518,organization_id,ORG000224,B33W4S0064,選手一覧 > 香川 > 小林 巧,2026-27シーズンの公式選手一覧で現所属を確認,SUPPORTED,2026-09-30,
Batch 33 Wave 04,B33W4E0514,Person,P000534,name,佐古 竜誠,B33W4S0068,基本情報 > 選手名,B.LEAGUE公式プロフィールで氏名を確認,SUPPORTED,2026-09-30,
Batch 33 Wave 04,B33W4E0515,Person,P000534,birth_date,2004-02-26,B33W4S0068,基本情報 > 生年月日：2004年2月26日,B.LEAGUE公式プロフィールで生年月日を確認,SUPPORTED,2026-09-30,
Batch 33 Wave 04,B33W4E0516,Career,C002519,organization_id,ORG000457,B33W4S0068,基本情報 > 出身校（高）：呉港高校,B.LEAGUE公式プロフィールで出身校（高）を確認,SUPPORTED,2026-09-30,
Batch 33 Wave 04,B33W4E0517,Career,C002520,organization_id,ORG000208,B33W4S0068,基本情報 > 出身校（大）：白鴎大学,B.LEAGUE公式プロフィールで出身校（大）を確認,SUPPORTED,2026-09-30,
Batch 33 Wave 04,B33W4E0518,Career,C002521,organization_id,ORG000110,B33W4S0068,クラブ所属履歴 > 「2025-26 広島」,B.LEAGUE公式の所属履歴で在籍を確認（略称表記）,SUPPORTED,2026-09-30,
Batch 33 Wave 04,B33W4E0519,Career,C002521,organization_id,ORG000110,B33W4S0008,順位表 > クラブ「広島ドラゴンフライズ」（略称「広島」、club_detail TeamID=721）,公式順位表で略称とクラブ名・TeamIDの対応を確認,SUPPORTED,2026-09-30,
Batch 33 Wave 04,B33W4E0520,Career,C002521,start,2025,B33W4S0068,クラブ所属履歴 > 「2025-26 広島」,所属履歴の最初のシーズン2025-26の開始年,SUPPORTED,2026-09-30,
Batch 33 Wave 04,B33W4E0521,Career,C002521,end,2026,B33W4S0068,クラブ所属履歴 > 「2025-26 広島」,所属履歴の最後のシーズン2025-26の終了年,SUPPORTED,2026-09-30,
Batch 33 Wave 04,B33W4E0522,Career,C002522,organization_id,ORG000224,B33W4S0068,クラブ所属履歴 > 「2026-27 香川」,B.LEAGUE公式の所属履歴で在籍を確認（略称表記）,SUPPORTED,2026-09-30,
Batch 33 Wave 04,B33W4E0523,Career,C002522,organization_id,ORG000224,B33W4S0021,順位表 > クラブ「香川ファイブアローズ」（略称「香川」、club_detail TeamID=722）,公式順位表で略称とクラブ名・TeamIDの対応を確認,SUPPORTED,2026-09-30,
Batch 33 Wave 04,B33W4E0524,Career,C002522,start,2026,B33W4S0068,クラブ所属履歴 > 「2026-27 香川」,所属履歴の最初のシーズン2026-27の開始年,SUPPORTED,2026-09-30,
Batch 33 Wave 04,B33W4E0525,Career,C002522,organization_id,ORG000224,B33W4S0064,選手一覧 > 香川 > 佐古 竜誠,2026-27シーズンの公式選手一覧で現所属を確認,SUPPORTED,2026-09-30,
Batch 33 Wave 04,B33W4E0526,Person,P000535,name,高橋 克実,B33W4S0069,基本情報 > 選手名,B.LEAGUE公式プロフィールで氏名を確認,SUPPORTED,2026-09-30,
Batch 33 Wave 04,B33W4E0527,Person,P000535,birth_date,2000-04-14,B33W4S0069,基本情報 > 生年月日：2000年4月14日,B.LEAGUE公式プロフィールで生年月日を確認,SUPPORTED,2026-09-30,
Batch 33 Wave 04,B33W4E0528,Career,C002523,organization_id,ORG000375,B33W4S0069,基本情報 > 出身校（高）：大阪市立桜宮高校,B.LEAGUE公式プロフィールで出身校（高）を確認,SUPPORTED,2026-09-30,
Batch 33 Wave 04,B33W4E0529,Career,C002524,organization_id,ORG000458,B33W4S0069,基本情報 > 出身校（大）：龍谷大学,B.LEAGUE公式プロフィールで出身校（大）を確認,SUPPORTED,2026-09-30,
Batch 33 Wave 04,B33W4E0530,Career,C002525,organization_id,ORG000118,B33W4S0069,クラブ所属履歴 > 「2022-23 千葉J」,B.LEAGUE公式の所属履歴で在籍を確認（略称表記）,SUPPORTED,2026-09-30,
Batch 33 Wave 04,B33W4E0531,Career,C002525,organization_id,ORG000118,B33W4S0004,順位表 > クラブ「千葉ジェッツ」（略称「千葉J」、club_detail TeamID=704）,公式順位表で略称とクラブ名・TeamIDの対応を確認,SUPPORTED,2026-09-30,
Batch 33 Wave 04,B33W4E0532,Career,C002525,start,2022,B33W4S0069,クラブ所属履歴 > 「2022-23 千葉J」,所属履歴の最初のシーズン2022-23の開始年,SUPPORTED,2026-09-30,
Batch 33 Wave 04,B33W4E0533,Career,C002525,end,2023,B33W4S0069,クラブ所属履歴 > 「2022-23 千葉J」,所属履歴の最後のシーズン2022-23の終了年,SUPPORTED,2026-09-30,
Batch 33 Wave 04,B33W4E0534,Career,C002526,organization_id,ORG000052,B33W4S0069,クラブ所属履歴 > 「2023-24 新潟」,B.LEAGUE公式の所属履歴で在籍を確認（略称表記）,SUPPORTED,2026-09-30,
Batch 33 Wave 04,B33W4E0535,Career,C002526,organization_id,ORG000052,B33W4S0028,順位表 > クラブ「新潟アルビレックスBB」（略称「新潟」、club_detail TeamID=695）,公式順位表で略称とクラブ名・TeamIDの対応を確認,SUPPORTED,2026-09-30,
Batch 33 Wave 04,B33W4E0536,Career,C002526,start,2023,B33W4S0069,クラブ所属履歴 > 「2023-24 新潟」,所属履歴の最初のシーズン2023-24の開始年,SUPPORTED,2026-09-30,
Batch 33 Wave 04,B33W4E0537,Career,C002526,end,2024,B33W4S0069,クラブ所属履歴 > 「2023-24 新潟」,所属履歴の最後のシーズン2023-24の終了年,SUPPORTED,2026-09-30,
Batch 33 Wave 04,B33W4E0538,Career,C002527,organization_id,ORG000224,B33W4S0069,クラブ所属履歴 > 「2026-27 香川」,B.LEAGUE公式の所属履歴で在籍を確認（略称表記）,SUPPORTED,2026-09-30,
Batch 33 Wave 04,B33W4E0539,Career,C002527,organization_id,ORG000224,B33W4S0021,順位表 > クラブ「香川ファイブアローズ」（略称「香川」、club_detail TeamID=722）,公式順位表で略称とクラブ名・TeamIDの対応を確認,SUPPORTED,2026-09-30,
Batch 33 Wave 04,B33W4E0540,Career,C002527,start,2026,B33W4S0069,クラブ所属履歴 > 「2026-27 香川」,所属履歴の最初のシーズン2026-27の開始年,SUPPORTED,2026-09-30,
Batch 33 Wave 04,B33W4E0541,Career,C002527,organization_id,ORG000224,B33W4S0064,選手一覧 > 香川 > 高橋 克実,2026-27シーズンの公式選手一覧で現所属を確認,SUPPORTED,2026-09-30,
Batch 33 Wave 04,B33W4E0542,Person,P000536,name,高橋 耕陽,B33W4S0070,基本情報 > 選手名,B.LEAGUE公式プロフィールで氏名を確認,SUPPORTED,2026-09-30,
Batch 33 Wave 04,B33W4E0543,Person,P000536,birth_date,1994-06-16,B33W4S0070,基本情報 > 生年月日：1994年6月16日,B.LEAGUE公式プロフィールで生年月日を確認,SUPPORTED,2026-09-30,
Batch 33 Wave 04,B33W4E0544,Career,C002528,organization_id,ORG000459,B33W4S0070,基本情報 > 出身校（高）：札幌日本大学高等学校,B.LEAGUE公式プロフィールで出身校（高）を確認,SUPPORTED,2026-09-30,
Batch 33 Wave 04,B33W4E0545,Career,C002529,organization_id,ORG000121,B33W4S0070,基本情報 > 出身校（大）：日本大学,B.LEAGUE公式プロフィールで出身校（大）を確認,SUPPORTED,2026-09-30,
Batch 33 Wave 04,B33W4E0546,Career,C002530,organization_id,ORG000153,B33W4S0070,クラブ所属履歴 > 「2016-17 滋賀」〜「2019-20 滋賀」,B.LEAGUE公式の所属履歴で在籍を確認（略称表記）,SUPPORTED,2026-09-30,
Batch 33 Wave 04,B33W4E0547,Career,C002530,organization_id,ORG000153,B33W4S0011,順位表 > クラブ「滋賀レイクスターズ」（略称「滋賀」、club_detail TeamID=698）,公式順位表で略称とクラブ名・TeamIDの対応を確認,SUPPORTED,2026-09-30,
Batch 33 Wave 04,B33W4E0548,Career,C002530,start,2016,B33W4S0070,クラブ所属履歴 > 「2016-17 滋賀」,所属履歴の最初のシーズン2016-17の開始年,SUPPORTED,2026-09-30,
Batch 33 Wave 04,B33W4E0549,Career,C002530,end,2020,B33W4S0070,クラブ所属履歴 > 「2019-20 滋賀」,所属履歴の最後のシーズン2019-20の終了年,SUPPORTED,2026-09-30,
Batch 33 Wave 04,B33W4E0550,Career,C002531,organization_id,ORG000130,B33W4S0070,クラブ所属履歴 > 「2020-21 三河」,B.LEAGUE公式の所属履歴で在籍を確認（略称表記）,SUPPORTED,2026-09-30,
Batch 33 Wave 04,B33W4E0551,Career,C002531,organization_id,ORG000130,B33W4S0019,順位表 > クラブ「シーホース三河」（略称「三河」、club_detail TeamID=728）,公式順位表で略称とクラブ名・TeamIDの対応を確認,SUPPORTED,2026-09-30,
Batch 33 Wave 04,B33W4E0552,Career,C002531,start,2020,B33W4S0070,クラブ所属履歴 > 「2020-21 三河」,所属履歴の最初のシーズン2020-21の開始年,SUPPORTED,2026-09-30,
Batch 33 Wave 04,B33W4E0553,Career,C002531,end,2021,B33W4S0070,クラブ所属履歴 > 「2020-21 三河」,所属履歴の最後のシーズン2020-21の終了年,SUPPORTED,2026-09-30,
Batch 33 Wave 04,B33W4E0554,Career,C002532,organization_id,ORG000114,B33W4S0070,クラブ所属履歴 > 「2021-22 SR渋谷」,B.LEAGUE公式の所属履歴で在籍を確認（略称表記）,SUPPORTED,2026-09-30,
Batch 33 Wave 04,B33W4E0555,Career,C002532,organization_id,ORG000114,B33W4S0020,順位表 > クラブ「サンロッカーズ渋谷」（略称「SR渋谷」、club_detail TeamID=726）,公式順位表で略称とクラブ名・TeamIDの対応を確認,SUPPORTED,2026-09-30,
Batch 33 Wave 04,B33W4E0556,Career,C002532,start,2021,B33W4S0070,クラブ所属履歴 > 「2021-22 SR渋谷」,所属履歴の最初のシーズン2021-22の開始年,SUPPORTED,2026-09-30,
Batch 33 Wave 04,B33W4E0557,Career,C002532,end,2022,B33W4S0070,クラブ所属履歴 > 「2021-22 SR渋谷」,所属履歴の最後のシーズン2021-22の終了年,SUPPORTED,2026-09-30,
Batch 33 Wave 04,B33W4E0558,Career,C002533,organization_id,ORG000092,B33W4S0070,クラブ所属履歴 > 「2022-23 北海道」,B.LEAGUE公式の所属履歴で在籍を確認（略称表記）,SUPPORTED,2026-09-30,
Batch 33 Wave 04,B33W4E0559,Career,C002533,organization_id,ORG000092,B33W4S0004,順位表 > クラブ「レバンガ北海道」（略称「北海道」、club_detail TeamID=702）,公式順位表で略称とクラブ名・TeamIDの対応を確認,SUPPORTED,2026-09-30,
Batch 33 Wave 04,B33W4E0560,Career,C002533,start,2022,B33W4S0070,クラブ所属履歴 > 「2022-23 北海道」,所属履歴の最初のシーズン2022-23の開始年,SUPPORTED,2026-09-30,
Batch 33 Wave 04,B33W4E0561,Career,C002533,end,2023,B33W4S0070,クラブ所属履歴 > 「2022-23 北海道」,所属履歴の最後のシーズン2022-23の終了年,SUPPORTED,2026-09-30,
Batch 33 Wave 04,B33W4E0562,Career,C002534,organization_id,ORG000149,B33W4S0070,クラブ所属履歴 > 「2023-24 富山」〜「2024-25 富山」,B.LEAGUE公式の所属履歴で在籍を確認（略称表記）,SUPPORTED,2026-09-30,
Batch 33 Wave 04,B33W4E0563,Career,C002534,organization_id,ORG000149,B33W4S0005,順位表 > クラブ「富山グラウジーズ」（略称「富山」、club_detail TeamID=696）,公式順位表で略称とクラブ名・TeamIDの対応を確認,SUPPORTED,2026-09-30,
Batch 33 Wave 04,B33W4E0564,Career,C002534,start,2023,B33W4S0070,クラブ所属履歴 > 「2023-24 富山」,所属履歴の最初のシーズン2023-24の開始年,SUPPORTED,2026-09-30,
Batch 33 Wave 04,B33W4E0565,Career,C002534,end,2025,B33W4S0070,クラブ所属履歴 > 「2024-25 富山」,所属履歴の最後のシーズン2024-25の終了年,SUPPORTED,2026-09-30,
Batch 33 Wave 04,B33W4E0566,Career,C002535,organization_id,ORG000224,B33W4S0070,クラブ所属履歴 > 「2025-26 香川」〜「2026-27 香川」,B.LEAGUE公式の所属履歴で在籍を確認（略称表記）,SUPPORTED,2026-09-30,
Batch 33 Wave 04,B33W4E0567,Career,C002535,organization_id,ORG000224,B33W4S0036,順位表 > クラブ「香川ファイブアローズ」（略称「香川」、club_detail TeamID=722）,公式順位表で略称とクラブ名・TeamIDの対応を確認,SUPPORTED,2026-09-30,
Batch 33 Wave 04,B33W4E0568,Career,C002535,start,2025,B33W4S0070,クラブ所属履歴 > 「2025-26 香川」,所属履歴の最初のシーズン2025-26の開始年,SUPPORTED,2026-09-30,
Batch 33 Wave 04,B33W4E0569,Career,C002535,organization_id,ORG000224,B33W4S0064,選手一覧 > 香川 > 高橋 耕陽,2026-27シーズンの公式選手一覧で現所属を確認,SUPPORTED,2026-09-30,
Batch 33 Wave 04,B33W4E0570,Person,P000537,name,福田 健人,B33W4S0071,基本情報 > 選手名,B.LEAGUE公式プロフィールで氏名を確認,SUPPORTED,2026-09-30,
Batch 33 Wave 04,B33W4E0571,Person,P000537,birth_date,2003-08-06,B33W4S0071,基本情報 > 生年月日：2003年8月6日,B.LEAGUE公式プロフィールで生年月日を確認,SUPPORTED,2026-09-30,
Batch 33 Wave 04,B33W4E0572,Career,C002536,organization_id,ORG000213,B33W4S0071,基本情報 > 出身校（高）：愛知県中部大学第一高等学校,B.LEAGUE公式プロフィールで出身校（高）を確認,SUPPORTED,2026-09-30,
Batch 33 Wave 04,B33W4E0573,Career,C002537,organization_id,ORG000166,B33W4S0071,基本情報 > 出身校（大）：筑波大学,B.LEAGUE公式プロフィールで出身校（大）を確認,SUPPORTED,2026-09-30,
Batch 33 Wave 04,B33W4E0574,Career,C002538,organization_id,ORG000224,B33W4S0071,クラブ所属履歴 > 「2025-26 香川」〜「2026-27 香川」,B.LEAGUE公式の所属履歴で在籍を確認（略称表記）,SUPPORTED,2026-09-30,
Batch 33 Wave 04,B33W4E0575,Career,C002538,organization_id,ORG000224,B33W4S0036,順位表 > クラブ「香川ファイブアローズ」（略称「香川」、club_detail TeamID=722）,公式順位表で略称とクラブ名・TeamIDの対応を確認,SUPPORTED,2026-09-30,
Batch 33 Wave 04,B33W4E0576,Career,C002538,start,2025,B33W4S0071,クラブ所属履歴 > 「2025-26 香川」,所属履歴の最初のシーズン2025-26の開始年,SUPPORTED,2026-09-30,
Batch 33 Wave 04,B33W4E0577,Career,C002538,organization_id,ORG000224,B33W4S0064,選手一覧 > 香川 > 福田 健人,2026-27シーズンの公式選手一覧で現所属を確認,SUPPORTED,2026-09-30,
Batch 33 Wave 04,B33W4E0578,Person,P000538,name,青木 龍史,B33W4S0072,基本情報 > 選手名,B.LEAGUE公式プロフィールで氏名を確認,SUPPORTED,2026-09-30,
Batch 33 Wave 04,B33W4E0579,Person,P000538,birth_date,1998-03-19,B33W4S0072,基本情報 > 生年月日：1998年3月19日,B.LEAGUE公式プロフィールで生年月日を確認,SUPPORTED,2026-09-30,
Batch 33 Wave 04,B33W4E0580,Career,C002539,organization_id,ORG000460,B33W4S0072,基本情報 > 出身校（高）：Adlai E. Stevenson High School,B.LEAGUE公式プロフィールで出身校（高）を確認,SUPPORTED,2026-09-30,
Batch 33 Wave 04,B33W4E0581,Career,C002540,organization_id,ORG000461,B33W4S0072,基本情報 > 出身校（大）：Rose-Hulman Institute of Technology,B.LEAGUE公式プロフィールで出身校（大）を確認,SUPPORTED,2026-09-30,
Batch 33 Wave 04,B33W4E0582,Career,C002541,organization_id,ORG000150,B33W4S0072,クラブ所属履歴 > 「2019-20 信州」,B.LEAGUE公式の所属履歴で在籍を確認（略称表記）,SUPPORTED,2026-09-30,
Batch 33 Wave 04,B33W4E0583,Career,C002541,organization_id,ORG000150,B33W4S0061,順位表 > クラブ「信州ブレイブウォリアーズ」（略称「信州」、club_detail TeamID=716）,公式順位表で略称とクラブ名・TeamIDの対応を確認,SUPPORTED,2026-09-30,
Batch 33 Wave 04,B33W4E0584,Career,C002541,start,2019,B33W4S0072,クラブ所属履歴 > 「2019-20 信州」,所属履歴の最初のシーズン2019-20の開始年,SUPPORTED,2026-09-30,
Batch 33 Wave 04,B33W4E0585,Career,C002541,end,2020,B33W4S0072,クラブ所属履歴 > 「2019-20 信州」,所属履歴の最後のシーズン2019-20の終了年,SUPPORTED,2026-09-30,
Batch 33 Wave 04,B33W4E0586,Career,C002542,organization_id,ORG000173,B33W4S0072,クラブ所属履歴 > 「2020-21 岩手」,B.LEAGUE公式の所属履歴で在籍を確認（略称表記）,SUPPORTED,2026-09-30,
Batch 33 Wave 04,B33W4E0587,Career,C002542,organization_id,ORG000173,B33W4S0046,順位表 > クラブ「岩手ビッグブルズ」（略称「岩手」、club_detail TeamID=709）,公式順位表で略称とクラブ名・TeamIDの対応を確認,SUPPORTED,2026-09-30,
Batch 33 Wave 04,B33W4E0588,Career,C002542,start,2020,B33W4S0072,クラブ所属履歴 > 「2020-21 岩手」,所属履歴の最初のシーズン2020-21の開始年,SUPPORTED,2026-09-30,
Batch 33 Wave 04,B33W4E0589,Career,C002542,end,2021,B33W4S0072,クラブ所属履歴 > 「2020-21 岩手」,所属履歴の最後のシーズン2020-21の終了年,SUPPORTED,2026-09-30,
Batch 33 Wave 04,B33W4E0590,Career,C002543,organization_id,ORG000142,B33W4S0072,クラブ所属履歴 > 「2021-22 大阪」,B.LEAGUE公式の所属履歴で在籍を確認（略称表記）,SUPPORTED,2026-09-30,
Batch 33 Wave 04,B33W4E0591,Career,C002543,organization_id,ORG000142,B33W4S0020,順位表 > クラブ「大阪エヴェッサ」（略称「大阪」、club_detail TeamID=700）,公式順位表で略称とクラブ名・TeamIDの対応を確認,SUPPORTED,2026-09-30,
Batch 33 Wave 04,B33W4E0592,Career,C002543,start,2021,B33W4S0072,クラブ所属履歴 > 「2021-22 大阪」,所属履歴の最初のシーズン2021-22の開始年,SUPPORTED,2026-09-30,
Batch 33 Wave 04,B33W4E0593,Career,C002543,end,2022,B33W4S0072,クラブ所属履歴 > 「2021-22 大阪」,所属履歴の最後のシーズン2021-22の終了年,SUPPORTED,2026-09-30,
Batch 33 Wave 04,B33W4E0594,Career,C002544,organization_id,ORG000042,B33W4S0072,クラブ所属履歴 > 「2022-23 京都」〜「2023-24 京都」,B.LEAGUE公式の所属履歴で在籍を確認（略称表記）,SUPPORTED,2026-09-30,
Batch 33 Wave 04,B33W4E0595,Career,C002544,organization_id,ORG000042,B33W4S0004,順位表 > クラブ「京都ハンナリーズ」（略称「京都」、club_detail TeamID=699）,公式順位表で略称とクラブ名・TeamIDの対応を確認,SUPPORTED,2026-09-30,
Batch 33 Wave 04,B33W4E0596,Career,C002544,start,2022,B33W4S0072,クラブ所属履歴 > 「2022-23 京都」,所属履歴の最初のシーズン2022-23の開始年,SUPPORTED,2026-09-30,
Batch 33 Wave 04,B33W4E0597,Career,C002544,end,2024,B33W4S0072,クラブ所属履歴 > 「2023-24 京都」,所属履歴の最後のシーズン2023-24の終了年,SUPPORTED,2026-09-30,
Batch 33 Wave 04,B33W4E0598,Career,C002545,organization_id,ORG000091,B33W4S0072,クラブ所属履歴 > 「2024-25 愛媛」,B.LEAGUE公式の所属履歴で在籍を確認（略称表記）,SUPPORTED,2026-09-30,
Batch 33 Wave 04,B33W4E0599,Career,C002545,organization_id,ORG000091,B33W4S0014,順位表 > クラブ「愛媛オレンジバイキングス」（略称「愛媛」、club_detail TeamID=723）,公式順位表で略称とクラブ名・TeamIDの対応を確認,SUPPORTED,2026-09-30,
Batch 33 Wave 04,B33W4E0600,Career,C002545,start,2024,B33W4S0072,クラブ所属履歴 > 「2024-25 愛媛」,所属履歴の最初のシーズン2024-25の開始年,SUPPORTED,2026-09-30,
Batch 33 Wave 04,B33W4E0601,Career,C002545,end,2025,B33W4S0072,クラブ所属履歴 > 「2024-25 愛媛」,所属履歴の最後のシーズン2024-25の終了年,SUPPORTED,2026-09-30,
Batch 33 Wave 04,B33W4E0602,Career,C002546,organization_id,ORG000040,B33W4S0072,クラブ所属履歴 > 「2025-26 福岡」,B.LEAGUE公式の所属履歴で在籍を確認（略称表記）,SUPPORTED,2026-09-30,
Batch 33 Wave 04,B33W4E0603,Career,C002546,organization_id,ORG000040,B33W4S0017,順位表 > クラブ「ライジングゼファー福岡」（略称「福岡」、club_detail TeamID=753）,公式順位表で略称とクラブ名・TeamIDの対応を確認,SUPPORTED,2026-09-30,
Batch 33 Wave 04,B33W4E0604,Career,C002546,start,2025,B33W4S0072,クラブ所属履歴 > 「2025-26 福岡」,所属履歴の最初のシーズン2025-26の開始年,SUPPORTED,2026-09-30,
Batch 33 Wave 04,B33W4E0605,Career,C002546,end,2026,B33W4S0072,クラブ所属履歴 > 「2025-26 福岡」,所属履歴の最後のシーズン2025-26の終了年,SUPPORTED,2026-09-30,
Batch 33 Wave 04,B33W4E0606,Career,C002547,organization_id,ORG000091,B33W4S0072,クラブ所属履歴 > 「2026-27 愛媛」,B.LEAGUE公式の所属履歴で在籍を確認（略称表記）,SUPPORTED,2026-09-30,
Batch 33 Wave 04,B33W4E0607,Career,C002547,organization_id,ORG000091,B33W4S0021,順位表 > クラブ「愛媛オレンジバイキングス」（略称「愛媛」、club_detail TeamID=723）,公式順位表で略称とクラブ名・TeamIDの対応を確認,SUPPORTED,2026-09-30,
Batch 33 Wave 04,B33W4E0608,Career,C002547,start,2026,B33W4S0072,クラブ所属履歴 > 「2026-27 愛媛」,所属履歴の最初のシーズン2026-27の開始年,SUPPORTED,2026-09-30,
Batch 33 Wave 04,B33W4E0609,Career,C002547,organization_id,ORG000091,B33W4S0073,選手一覧 > 愛媛 > 青木 龍史,2026-27シーズンの公式選手一覧で現所属を確認,SUPPORTED,2026-09-30,
Batch 33 Wave 04,B33W4E0610,Person,P000539,name,兒玉 貴通,B33W4S0074,基本情報 > 選手名,B.LEAGUE公式プロフィールで氏名を確認,SUPPORTED,2026-09-30,
Batch 33 Wave 04,B33W4E0611,Person,P000539,birth_date,1992-06-11,B33W4S0074,基本情報 > 生年月日：1992年6月11日,B.LEAGUE公式プロフィールで生年月日を確認,SUPPORTED,2026-09-30,
Batch 33 Wave 04,B33W4E0612,Career,C002548,organization_id,ORG000453,B33W4S0074,基本情報 > 出身校（高）：福岡県立宗像高等学校,B.LEAGUE公式プロフィールで出身校（高）を確認,SUPPORTED,2026-09-30,
Batch 33 Wave 04,B33W4E0613,Career,C002549,organization_id,ORG000128,B33W4S0074,基本情報 > 出身校（大）：大東文化大学,B.LEAGUE公式プロフィールで出身校（大）を確認,SUPPORTED,2026-09-30,
Batch 33 Wave 04,B33W4E0614,Career,C002550,organization_id,ORG000190,B33W4S0074,クラブ所属履歴 > 「2016-17 大塚商会」,B.LEAGUE公式の所属履歴で在籍を確認（略称表記）,SUPPORTED,2026-09-30,
Batch 33 Wave 04,B33W4E0615,Career,C002550,organization_id,ORG000190,B33W4S0063,順位表 > クラブ「大塚商会アルファーズ」（略称「大塚商会」、club_detail TeamID=745）,公式順位表で略称とクラブ名・TeamIDの対応を確認,SUPPORTED,2026-09-30,
Batch 33 Wave 04,B33W4E0616,Career,C002550,start,2016,B33W4S0074,クラブ所属履歴 > 「2016-17 大塚商会」,所属履歴の最初のシーズン2016-17の開始年,SUPPORTED,2026-09-30,
Batch 33 Wave 04,B33W4E0617,Career,C002550,end,2017,B33W4S0074,クラブ所属履歴 > 「2016-17 大塚商会」,所属履歴の最後のシーズン2016-17の終了年,SUPPORTED,2026-09-30,
Batch 33 Wave 04,B33W4E0618,Career,C002551,organization_id,ORG000180,B33W4S0074,クラブ所属履歴 > 「2017-18 FE名古屋」〜「2018-19 FE名古屋」,B.LEAGUE公式の所属履歴で在籍を確認（略称表記）,SUPPORTED,2026-09-30,
Batch 33 Wave 04,B33W4E0619,Career,C002551,organization_id,ORG000180,B33W4S0034,順位表 > クラブ「Fイーグルス名古屋」（略称「FE名古屋」、club_detail TeamID=717）,公式順位表で略称とクラブ名・TeamIDの対応を確認,SUPPORTED,2026-09-30,
Batch 33 Wave 04,B33W4E0620,Career,C002551,start,2017,B33W4S0074,クラブ所属履歴 > 「2017-18 FE名古屋」,所属履歴の最初のシーズン2017-18の開始年,SUPPORTED,2026-09-30,
Batch 33 Wave 04,B33W4E0621,Career,C002551,end,2019,B33W4S0074,クラブ所属履歴 > 「2018-19 FE名古屋」,所属履歴の最後のシーズン2018-19の終了年,SUPPORTED,2026-09-30,
Batch 33 Wave 04,B33W4E0622,Career,C002552,organization_id,ORG000224,B33W4S0074,クラブ所属履歴 > 「2019-20 香川」〜「2022-23 香川」,B.LEAGUE公式の所属履歴で在籍を確認（略称表記）,SUPPORTED,2026-09-30,
Batch 33 Wave 04,B33W4E0623,Career,C002552,organization_id,ORG000224,B33W4S0061,順位表 > クラブ「香川ファイブアローズ」（略称「香川」、club_detail TeamID=722）,公式順位表で略称とクラブ名・TeamIDの対応を確認,SUPPORTED,2026-09-30,
Batch 33 Wave 04,B33W4E0624,Career,C002552,start,2019,B33W4S0074,クラブ所属履歴 > 「2019-20 香川」,所属履歴の最初のシーズン2019-20の開始年,SUPPORTED,2026-09-30,
Batch 33 Wave 04,B33W4E0625,Career,C002552,end,2023,B33W4S0074,クラブ所属履歴 > 「2022-23 香川」,所属履歴の最後のシーズン2022-23の終了年,SUPPORTED,2026-09-30,
Batch 33 Wave 04,B33W4E0626,Career,C002553,organization_id,ORG000040,B33W4S0074,クラブ所属履歴 > 「2023-24 福岡」,B.LEAGUE公式の所属履歴で在籍を確認（略称表記）,SUPPORTED,2026-09-30,
Batch 33 Wave 04,B33W4E0627,Career,C002553,organization_id,ORG000040,B33W4S0028,順位表 > クラブ「ライジングゼファー福岡」（略称「福岡」、club_detail TeamID=753）,公式順位表で略称とクラブ名・TeamIDの対応を確認,SUPPORTED,2026-09-30,
Batch 33 Wave 04,B33W4E0628,Career,C002553,start,2023,B33W4S0074,クラブ所属履歴 > 「2023-24 福岡」,所属履歴の最初のシーズン2023-24の開始年,SUPPORTED,2026-09-30,
Batch 33 Wave 04,B33W4E0629,Career,C002553,end,2024,B33W4S0074,クラブ所属履歴 > 「2023-24 福岡」,所属履歴の最後のシーズン2023-24の終了年,SUPPORTED,2026-09-30,
Batch 33 Wave 04,B33W4E0630,Career,C002554,organization_id,ORG000101,B33W4S0074,クラブ所属履歴 > 「2024-25 鹿児島」〜「2025-26 鹿児島」,B.LEAGUE公式の所属履歴で在籍を確認（略称表記）,SUPPORTED,2026-09-30,
Batch 33 Wave 04,B33W4E0631,Career,C002554,organization_id,ORG000101,B33W4S0014,順位表 > クラブ「鹿児島レブナイズ」（略称「鹿児島」、club_detail TeamID=725）,公式順位表で略称とクラブ名・TeamIDの対応を確認,SUPPORTED,2026-09-30,
Batch 33 Wave 04,B33W4E0632,Career,C002554,start,2024,B33W4S0074,クラブ所属履歴 > 「2024-25 鹿児島」,所属履歴の最初のシーズン2024-25の開始年,SUPPORTED,2026-09-30,
Batch 33 Wave 04,B33W4E0633,Career,C002554,end,2026,B33W4S0074,クラブ所属履歴 > 「2025-26 鹿児島」,所属履歴の最後のシーズン2025-26の終了年,SUPPORTED,2026-09-30,
Batch 33 Wave 04,B33W4E0634,Career,C002555,organization_id,ORG000091,B33W4S0074,クラブ所属履歴 > 「2026-27 愛媛」,B.LEAGUE公式の所属履歴で在籍を確認（略称表記）,SUPPORTED,2026-09-30,
Batch 33 Wave 04,B33W4E0635,Career,C002555,organization_id,ORG000091,B33W4S0021,順位表 > クラブ「愛媛オレンジバイキングス」（略称「愛媛」、club_detail TeamID=723）,公式順位表で略称とクラブ名・TeamIDの対応を確認,SUPPORTED,2026-09-30,
Batch 33 Wave 04,B33W4E0636,Career,C002555,start,2026,B33W4S0074,クラブ所属履歴 > 「2026-27 愛媛」,所属履歴の最初のシーズン2026-27の開始年,SUPPORTED,2026-09-30,
Batch 33 Wave 04,B33W4E0637,Career,C002555,organization_id,ORG000091,B33W4S0073,選手一覧 > 愛媛 > 兒玉 貴通,2026-27シーズンの公式選手一覧で現所属を確認,SUPPORTED,2026-09-30,
Batch 33 Wave 04,B33W4E0638,Person,P000540,name,武内 理貴,B33W4S0075,基本情報 > 選手名,B.LEAGUE公式プロフィールで氏名を確認,SUPPORTED,2026-09-30,
Batch 33 Wave 04,B33W4E0639,Person,P000540,birth_date,2002-03-17,B33W4S0075,基本情報 > 生年月日：2002年3月17日,B.LEAGUE公式プロフィールで生年月日を確認,SUPPORTED,2026-09-30,
Batch 33 Wave 04,B33W4E0640,Career,C002556,organization_id,ORG000447,B33W4S0075,基本情報 > 出身校（高）：松山工業高等学校,B.LEAGUE公式プロフィールで出身校（高）を確認,SUPPORTED,2026-09-30,
Batch 33 Wave 04,B33W4E0641,Career,C002557,organization_id,ORG000096,B33W4S0075,基本情報 > 出身校（大）：山梨学院大学,B.LEAGUE公式プロフィールで出身校（大）を確認,SUPPORTED,2026-09-30,
Batch 33 Wave 04,B33W4E0642,Career,C002558,organization_id,ORG000091,B33W4S0075,クラブ所属履歴 > 「2022-23 愛媛」,B.LEAGUE公式の所属履歴で在籍を確認（略称表記）,SUPPORTED,2026-09-30,
Batch 33 Wave 04,B33W4E0643,Career,C002558,organization_id,ORG000091,B33W4S0040,順位表 > クラブ「愛媛オレンジバイキングス」（略称「愛媛」、club_detail TeamID=723）,公式順位表で略称とクラブ名・TeamIDの対応を確認,SUPPORTED,2026-09-30,
Batch 33 Wave 04,B33W4E0644,Career,C002558,start,2022,B33W4S0075,クラブ所属履歴 > 「2022-23 愛媛」,所属履歴の最初のシーズン2022-23の開始年,SUPPORTED,2026-09-30,
Batch 33 Wave 04,B33W4E0645,Career,C002558,end,2023,B33W4S0075,クラブ所属履歴 > 「2022-23 愛媛」,所属履歴の最後のシーズン2022-23の終了年,SUPPORTED,2026-09-30,
Batch 33 Wave 04,B33W4E0646,Career,C002559,organization_id,ORG000110,B33W4S0075,クラブ所属履歴 > 「2023-24 広島」〜「2024-25 広島」,B.LEAGUE公式の所属履歴で在籍を確認（略称表記）,SUPPORTED,2026-09-30,
Batch 33 Wave 04,B33W4E0647,Career,C002559,organization_id,ORG000110,B33W4S0005,順位表 > クラブ「広島ドラゴンフライズ」（略称「広島」、club_detail TeamID=721）,公式順位表で略称とクラブ名・TeamIDの対応を確認,SUPPORTED,2026-09-30,
Batch 33 Wave 04,B33W4E0648,Career,C002559,start,2023,B33W4S0075,クラブ所属履歴 > 「2023-24 広島」,所属履歴の最初のシーズン2023-24の開始年,SUPPORTED,2026-09-30,
Batch 33 Wave 04,B33W4E0649,Career,C002559,end,2025,B33W4S0075,クラブ所属履歴 > 「2024-25 広島」,所属履歴の最後のシーズン2024-25の終了年,SUPPORTED,2026-09-30,
Batch 33 Wave 04,B33W4E0650,Career,C002560,organization_id,ORG000091,B33W4S0075,クラブ所属履歴 > 「2024-25 愛媛」〜「2026-27 愛媛」,B.LEAGUE公式の所属履歴で在籍を確認（略称表記）,SUPPORTED,2026-09-30,
Batch 33 Wave 04,B33W4E0651,Career,C002560,organization_id,ORG000091,B33W4S0014,順位表 > クラブ「愛媛オレンジバイキングス」（略称「愛媛」、club_detail TeamID=723）,公式順位表で略称とクラブ名・TeamIDの対応を確認,SUPPORTED,2026-09-30,
Batch 33 Wave 04,B33W4E0652,Career,C002560,start,2024,B33W4S0075,クラブ所属履歴 > 「2024-25 愛媛」,所属履歴の最初のシーズン2024-25の開始年,SUPPORTED,2026-09-30,
Batch 33 Wave 04,B33W4E0653,Career,C002560,organization_id,ORG000091,B33W4S0073,選手一覧 > 愛媛 > 武内 理貴,2026-27シーズンの公式選手一覧で現所属を確認,SUPPORTED,2026-09-30,
Batch 33 Wave 04,B33W4E0654,Person,P000541,name,玉木 祥護,B33W4S0076,基本情報 > 選手名,B.LEAGUE公式プロフィールで氏名を確認,SUPPORTED,2026-09-30,
Batch 33 Wave 04,B33W4E0655,Person,P000541,birth_date,1996-08-30,B33W4S0076,基本情報 > 生年月日：1996年8月30日,B.LEAGUE公式プロフィールで生年月日を確認,SUPPORTED,2026-09-30,
Batch 33 Wave 04,B33W4E0656,Career,C002561,organization_id,ORG000462,B33W4S0076,基本情報 > 出身校（高）：北海道札幌旭丘高等学校(現・市立札幌旭丘高等学校),B.LEAGUE公式プロフィールで出身校（高）を確認,SUPPORTED,2026-09-30,プロフィール上の表記は「北海道札幌旭丘高等学校(現・市立札幌旭丘高等学校)」
Batch 33 Wave 04,B33W4E0657,Career,C002562,organization_id,ORG000166,B33W4S0076,基本情報 > 出身校（大）：筑波大学,B.LEAGUE公式プロフィールで出身校（大）を確認,SUPPORTED,2026-09-30,
Batch 33 Wave 04,B33W4E0658,Career,C002563,organization_id,ORG000042,B33W4S0076,クラブ所属履歴 > 「2018-19 京都」〜「2019-20 京都」,B.LEAGUE公式の所属履歴で在籍を確認（略称表記）,SUPPORTED,2026-09-30,
Batch 33 Wave 04,B33W4E0659,Career,C002563,organization_id,ORG000042,B33W4S0059,順位表 > クラブ「京都ハンナリーズ」（略称「京都」、club_detail TeamID=699）,公式順位表で略称とクラブ名・TeamIDの対応を確認,SUPPORTED,2026-09-30,
Batch 33 Wave 04,B33W4E0660,Career,C002563,start,2018,B33W4S0076,クラブ所属履歴 > 「2018-19 京都」,所属履歴の最初のシーズン2018-19の開始年,SUPPORTED,2026-09-30,
Batch 33 Wave 04,B33W4E0661,Career,C002563,end,2020,B33W4S0076,クラブ所属履歴 > 「2019-20 京都」,所属履歴の最後のシーズン2019-20の終了年,SUPPORTED,2026-09-30,
Batch 33 Wave 04,B33W4E0662,Career,C002564,organization_id,ORG000092,B33W4S0076,クラブ所属履歴 > 「2020-21 北海道」〜「2021-22 北海道」,B.LEAGUE公式の所属履歴で在籍を確認（略称表記）,SUPPORTED,2026-09-30,
Batch 33 Wave 04,B33W4E0663,Career,C002564,organization_id,ORG000092,B33W4S0019,順位表 > クラブ「レバンガ北海道」（略称「北海道」、club_detail TeamID=702）,公式順位表で略称とクラブ名・TeamIDの対応を確認,SUPPORTED,2026-09-30,
Batch 33 Wave 04,B33W4E0664,Career,C002564,start,2020,B33W4S0076,クラブ所属履歴 > 「2020-21 北海道」,所属履歴の最初のシーズン2020-21の開始年,SUPPORTED,2026-09-30,
Batch 33 Wave 04,B33W4E0665,Career,C002564,end,2022,B33W4S0076,クラブ所属履歴 > 「2021-22 北海道」,所属履歴の最後のシーズン2021-22の終了年,SUPPORTED,2026-09-30,
Batch 33 Wave 04,B33W4E0666,Career,C002565,organization_id,ORG000052,B33W4S0076,クラブ所属履歴 > 「2022-23 新潟」,B.LEAGUE公式の所属履歴で在籍を確認（略称表記）,SUPPORTED,2026-09-30,
Batch 33 Wave 04,B33W4E0667,Career,C002565,organization_id,ORG000052,B33W4S0004,順位表 > クラブ「新潟アルビレックスBB」（略称「新潟」、club_detail TeamID=695）,公式順位表で略称とクラブ名・TeamIDの対応を確認,SUPPORTED,2026-09-30,
Batch 33 Wave 04,B33W4E0668,Career,C002565,start,2022,B33W4S0076,クラブ所属履歴 > 「2022-23 新潟」,所属履歴の最初のシーズン2022-23の開始年,SUPPORTED,2026-09-30,
Batch 33 Wave 04,B33W4E0669,Career,C002565,end,2023,B33W4S0076,クラブ所属履歴 > 「2022-23 新潟」,所属履歴の最後のシーズン2022-23の終了年,SUPPORTED,2026-09-30,
Batch 33 Wave 04,B33W4E0670,Career,C002566,organization_id,ORG000202,B33W4S0076,クラブ所属履歴 > 「2023-24 福島」,B.LEAGUE公式の所属履歴で在籍を確認（略称表記）,SUPPORTED,2026-09-30,
Batch 33 Wave 04,B33W4E0671,Career,C002566,organization_id,ORG000202,B33W4S0028,順位表 > クラブ「福島ファイヤーボンズ」（略称「福島」、club_detail TeamID=711）,公式順位表で略称とクラブ名・TeamIDの対応を確認,SUPPORTED,2026-09-30,
Batch 33 Wave 04,B33W4E0672,Career,C002566,start,2023,B33W4S0076,クラブ所属履歴 > 「2023-24 福島」,所属履歴の最初のシーズン2023-24の開始年,SUPPORTED,2026-09-30,
Batch 33 Wave 04,B33W4E0673,Career,C002566,end,2024,B33W4S0076,クラブ所属履歴 > 「2023-24 福島」,所属履歴の最後のシーズン2023-24の終了年,SUPPORTED,2026-09-30,
Batch 33 Wave 04,B33W4E0674,Career,C002567,organization_id,ORG000091,B33W4S0076,クラブ所属履歴 > 「2024-25 愛媛」〜「2026-27 愛媛」,B.LEAGUE公式の所属履歴で在籍を確認（略称表記）,SUPPORTED,2026-09-30,
Batch 33 Wave 04,B33W4E0675,Career,C002567,organization_id,ORG000091,B33W4S0014,順位表 > クラブ「愛媛オレンジバイキングス」（略称「愛媛」、club_detail TeamID=723）,公式順位表で略称とクラブ名・TeamIDの対応を確認,SUPPORTED,2026-09-30,
Batch 33 Wave 04,B33W4E0676,Career,C002567,start,2024,B33W4S0076,クラブ所属履歴 > 「2024-25 愛媛」,所属履歴の最初のシーズン2024-25の開始年,SUPPORTED,2026-09-30,
Batch 33 Wave 04,B33W4E0677,Career,C002567,organization_id,ORG000091,B33W4S0073,選手一覧 > 愛媛 > 玉木 祥護,2026-27シーズンの公式選手一覧で現所属を確認,SUPPORTED,2026-09-30,
Batch 33 Wave 05,B33W5E0001,Person,P000542,name,田渡 凌,B33W5S0001,基本情報 > 選手名,B.LEAGUE公式プロフィールで氏名を確認,SUPPORTED,2026-09-30,
Batch 33 Wave 05,B33W5E0002,Person,P000542,birth_date,1993-06-29,B33W5S0001,基本情報 > 生年月日：1993年6月29日,B.LEAGUE公式プロフィールで生年月日を確認,SUPPORTED,2026-09-30,
Batch 33 Wave 05,B33W5E0003,Career,C002568,organization_id,ORG000293,B33W5S0001,基本情報 > 出身校（高）：京北高等学校(現・東洋大学京北高等学校),B.LEAGUE公式プロフィールで出身校（高）を確認,SUPPORTED,2026-09-30,プロフィール上の表記は「京北高等学校(現・東洋大学京北高等学校)」
Batch 33 Wave 05,B33W5E0004,Career,C002569,organization_id,ORG000463,B33W5S0001,基本情報 > 出身校（大）：ドミニカン大学カリフォルニア校,B.LEAGUE公式プロフィールで出身校（大）を確認,SUPPORTED,2026-09-30,
Batch 33 Wave 05,B33W5E0005,Career,C002570,organization_id,ORG000055,B33W5S0001,クラブ所属履歴 > 「2017-18 横浜」〜「2019-20 横浜」,B.LEAGUE公式の所属履歴で在籍を確認（略称表記）,SUPPORTED,2026-09-30,
Batch 33 Wave 05,B33W5E0006,Career,C002570,organization_id,ORG000055,B33W5S0002,順位表 > クラブ「横浜ビー・コルセアーズ」（略称「横浜」、club_detail TeamID=694）,公式順位表で略称とクラブ名・TeamIDの対応を確認,SUPPORTED,2026-09-30,
Batch 33 Wave 05,B33W5E0007,Career,C002570,start,2017,B33W5S0001,クラブ所属履歴 > 「2017-18 横浜」,所属履歴の最初のシーズン2017-18の開始年,SUPPORTED,2026-09-30,
Batch 33 Wave 05,B33W5E0008,Career,C002570,end,2020,B33W5S0001,クラブ所属履歴 > 「2019-20 横浜」,所属履歴の最後のシーズン2019-20の終了年,SUPPORTED,2026-09-30,
Batch 33 Wave 05,B33W5E0009,Career,C002571,organization_id,ORG000110,B33W5S0001,クラブ所属履歴 > 「2020-21 広島」,B.LEAGUE公式の所属履歴で在籍を確認（略称表記）,SUPPORTED,2026-09-30,
Batch 33 Wave 05,B33W5E0010,Career,C002571,organization_id,ORG000110,B33W5S0003,順位表 > クラブ「広島ドラゴンフライズ」（略称「広島」、club_detail TeamID=721）,公式順位表で略称とクラブ名・TeamIDの対応を確認,SUPPORTED,2026-09-30,
Batch 33 Wave 05,B33W5E0011,Career,C002571,start,2020,B33W5S0001,クラブ所属履歴 > 「2020-21 広島」,所属履歴の最初のシーズン2020-21の開始年,SUPPORTED,2026-09-30,
Batch 33 Wave 05,B33W5E0012,Career,C002571,end,2021,B33W5S0001,クラブ所属履歴 > 「2020-21 広島」,所属履歴の最後のシーズン2020-21の終了年,SUPPORTED,2026-09-30,
Batch 33 Wave 05,B33W5E0013,Career,C002572,organization_id,ORG000097,B33W5S0001,クラブ所属履歴 > 「2021-22 三遠」,B.LEAGUE公式の所属履歴で在籍を確認（略称表記）,SUPPORTED,2026-09-30,
Batch 33 Wave 05,B33W5E0014,Career,C002572,organization_id,ORG000097,B33W5S0004,順位表 > クラブ「三遠ネオフェニックス」（略称「三遠」、club_detail TeamID=697）,公式順位表で略称とクラブ名・TeamIDの対応を確認,SUPPORTED,2026-09-30,
Batch 33 Wave 05,B33W5E0015,Career,C002572,start,2021,B33W5S0001,クラブ所属履歴 > 「2021-22 三遠」,所属履歴の最初のシーズン2021-22の開始年,SUPPORTED,2026-09-30,
Batch 33 Wave 05,B33W5E0016,Career,C002572,end,2022,B33W5S0001,クラブ所属履歴 > 「2021-22 三遠」,所属履歴の最後のシーズン2021-22の終了年,SUPPORTED,2026-09-30,
Batch 33 Wave 05,B33W5E0017,Career,C002573,organization_id,ORG000067,B33W5S0001,クラブ所属履歴 > 「2022-23 熊本」,B.LEAGUE公式の所属履歴で在籍を確認（略称表記）,SUPPORTED,2026-09-30,
Batch 33 Wave 05,B33W5E0018,Career,C002573,organization_id,ORG000067,B33W5S0005,順位表 > クラブ「熊本ヴォルターズ」（略称「熊本」、club_detail TeamID=724）,公式順位表で略称とクラブ名・TeamIDの対応を確認,SUPPORTED,2026-09-30,
Batch 33 Wave 05,B33W5E0019,Career,C002573,start,2022,B33W5S0001,クラブ所属履歴 > 「2022-23 熊本」,所属履歴の最初のシーズン2022-23の開始年,SUPPORTED,2026-09-30,
Batch 33 Wave 05,B33W5E0020,Career,C002573,end,2023,B33W5S0001,クラブ所属履歴 > 「2022-23 熊本」,所属履歴の最後のシーズン2022-23の終了年,SUPPORTED,2026-09-30,
Batch 33 Wave 05,B33W5E0021,Career,C002574,organization_id,ORG000202,B33W5S0001,クラブ所属履歴 > 「2023-24 福島」〜「2024-25 福島」,B.LEAGUE公式の所属履歴で在籍を確認（略称表記）,SUPPORTED,2026-09-30,
Batch 33 Wave 05,B33W5E0022,Career,C002574,organization_id,ORG000202,B33W5S0006,順位表 > クラブ「福島ファイヤーボンズ」（略称「福島」、club_detail TeamID=711）,公式順位表で略称とクラブ名・TeamIDの対応を確認,SUPPORTED,2026-09-30,
Batch 33 Wave 05,B33W5E0023,Career,C002574,start,2023,B33W5S0001,クラブ所属履歴 > 「2023-24 福島」,所属履歴の最初のシーズン2023-24の開始年,SUPPORTED,2026-09-30,
Batch 33 Wave 05,B33W5E0024,Career,C002574,end,2025,B33W5S0001,クラブ所属履歴 > 「2024-25 福島」,所属履歴の最後のシーズン2024-25の終了年,SUPPORTED,2026-09-30,
Batch 33 Wave 05,B33W5E0025,Career,C002575,organization_id,ORG000174,B33W5S0001,クラブ所属履歴 > 「2025-26 品川」,B.LEAGUE公式の所属履歴で在籍を確認（略称表記）,SUPPORTED,2026-09-30,
Batch 33 Wave 05,B33W5E0026,Career,C002575,organization_id,ORG000174,B33W5S0007,順位表 > クラブ「しながわシティ バスケットボールクラブ」（略称「品川」、club_detail TeamID=748）,公式順位表で略称とクラブ名・TeamIDの対応を確認,SUPPORTED,2026-09-30,
Batch 33 Wave 05,B33W5E0027,Career,C002575,start,2025,B33W5S0001,クラブ所属履歴 > 「2025-26 品川」,所属履歴の最初のシーズン2025-26の開始年,SUPPORTED,2026-09-30,
Batch 33 Wave 05,B33W5E0028,Career,C002575,end,2026,B33W5S0001,クラブ所属履歴 > 「2025-26 品川」,所属履歴の最後のシーズン2025-26の終了年,SUPPORTED,2026-09-30,
Batch 33 Wave 05,B33W5E0029,Career,C002576,organization_id,ORG000091,B33W5S0001,クラブ所属履歴 > 「2026-27 愛媛」,B.LEAGUE公式の所属履歴で在籍を確認（略称表記）,SUPPORTED,2026-09-30,
Batch 33 Wave 05,B33W5E0030,Career,C002576,organization_id,ORG000091,B33W5S0008,順位表 > クラブ「愛媛オレンジバイキングス」（略称「愛媛」、club_detail TeamID=723）,公式順位表で略称とクラブ名・TeamIDの対応を確認,SUPPORTED,2026-09-30,
Batch 33 Wave 05,B33W5E0031,Career,C002576,start,2026,B33W5S0001,クラブ所属履歴 > 「2026-27 愛媛」,所属履歴の最初のシーズン2026-27の開始年,SUPPORTED,2026-09-30,
Batch 33 Wave 05,B33W5E0032,Career,C002576,organization_id,ORG000091,B33W5S0009,選手一覧 > 愛媛 > 田渡 凌,2026-27シーズンの公式選手一覧で現所属を確認,SUPPORTED,2026-09-30,
Batch 33 Wave 05,B33W5E0033,Person,P000543,name,俊野 佳彦,B33W5S0010,基本情報 > 選手名,B.LEAGUE公式プロフィールで氏名を確認,SUPPORTED,2026-09-30,
Batch 33 Wave 05,B33W5E0034,Person,P000543,birth_date,1992-05-21,B33W5S0010,基本情報 > 生年月日：1992年5月21日,B.LEAGUE公式プロフィールで生年月日を確認,SUPPORTED,2026-09-30,
Batch 33 Wave 05,B33W5E0035,Career,C002577,organization_id,ORG000464,B33W5S0010,基本情報 > 出身校（高）：今治精華高等学校,B.LEAGUE公式プロフィールで出身校（高）を確認,SUPPORTED,2026-09-30,
Batch 33 Wave 05,B33W5E0036,Career,C002578,organization_id,ORG000091,B33W5S0010,クラブ所属履歴 > 「2016-17 愛媛」〜「2017-18 愛媛」,B.LEAGUE公式の所属履歴で在籍を確認（略称表記）,SUPPORTED,2026-09-30,
Batch 33 Wave 05,B33W5E0037,Career,C002578,organization_id,ORG000091,B33W5S0011,順位表 > クラブ「愛媛オレンジバイキングス」（略称「愛媛」、club_detail TeamID=723）,公式順位表で略称とクラブ名・TeamIDの対応を確認,SUPPORTED,2026-09-30,
Batch 33 Wave 05,B33W5E0038,Career,C002578,start,2016,B33W5S0010,クラブ所属履歴 > 「2016-17 愛媛」,所属履歴の最初のシーズン2016-17の開始年,SUPPORTED,2026-09-30,
Batch 33 Wave 05,B33W5E0039,Career,C002578,end,2018,B33W5S0010,クラブ所属履歴 > 「2017-18 愛媛」,所属履歴の最後のシーズン2017-18の終了年,SUPPORTED,2026-09-30,
Batch 33 Wave 05,B33W5E0040,Career,C002579,organization_id,ORG000067,B33W5S0010,クラブ所属履歴 > 「2018-19 熊本」,B.LEAGUE公式の所属履歴で在籍を確認（略称表記）,SUPPORTED,2026-09-30,
Batch 33 Wave 05,B33W5E0041,Career,C002579,organization_id,ORG000067,B33W5S0012,順位表 > クラブ「熊本ヴォルターズ」（略称「熊本」、club_detail TeamID=724）,公式順位表で略称とクラブ名・TeamIDの対応を確認,SUPPORTED,2026-09-30,
Batch 33 Wave 05,B33W5E0042,Career,C002579,start,2018,B33W5S0010,クラブ所属履歴 > 「2018-19 熊本」,所属履歴の最初のシーズン2018-19の開始年,SUPPORTED,2026-09-30,
Batch 33 Wave 05,B33W5E0043,Career,C002579,end,2019,B33W5S0010,クラブ所属履歴 > 「2018-19 熊本」,所属履歴の最後のシーズン2018-19の終了年,SUPPORTED,2026-09-30,
Batch 33 Wave 05,B33W5E0044,Career,C002580,organization_id,ORG000043,B33W5S0010,クラブ所属履歴 > 「2019-20 西宮」,B.LEAGUE公式の所属履歴で在籍を確認（略称表記）,SUPPORTED,2026-09-30,
Batch 33 Wave 05,B33W5E0045,Career,C002580,organization_id,ORG000043,B33W5S0013,順位表 > クラブ「西宮ストークス」（略称「西宮」、club_detail TeamID=718）,公式順位表で略称とクラブ名・TeamIDの対応を確認,SUPPORTED,2026-09-30,
Batch 33 Wave 05,B33W5E0046,Career,C002580,start,2019,B33W5S0010,クラブ所属履歴 > 「2019-20 西宮」,所属履歴の最初のシーズン2019-20の開始年,SUPPORTED,2026-09-30,
Batch 33 Wave 05,B33W5E0047,Career,C002580,end,2020,B33W5S0010,クラブ所属履歴 > 「2019-20 西宮」,所属履歴の最後のシーズン2019-20の終了年,SUPPORTED,2026-09-30,
Batch 33 Wave 05,B33W5E0048,Career,C002581,organization_id,ORG000091,B33W5S0010,クラブ所属履歴 > 「2019-20 愛媛」〜「2026-27 愛媛」,B.LEAGUE公式の所属履歴で在籍を確認（略称表記）,SUPPORTED,2026-09-30,
Batch 33 Wave 05,B33W5E0049,Career,C002581,organization_id,ORG000091,B33W5S0013,順位表 > クラブ「愛媛オレンジバイキングス」（略称「愛媛」、club_detail TeamID=723）,公式順位表で略称とクラブ名・TeamIDの対応を確認,SUPPORTED,2026-09-30,
Batch 33 Wave 05,B33W5E0050,Career,C002581,start,2019,B33W5S0010,クラブ所属履歴 > 「2019-20 愛媛」,所属履歴の最初のシーズン2019-20の開始年,SUPPORTED,2026-09-30,
Batch 33 Wave 05,B33W5E0051,Career,C002581,organization_id,ORG000091,B33W5S0009,選手一覧 > 愛媛 > 俊野 佳彦,2026-27シーズンの公式選手一覧で現所属を確認,SUPPORTED,2026-09-30,
Batch 33 Wave 05,B33W5E0052,Person,P000544,name,林 瑛司,B33W5S0014,基本情報 > 選手名,B.LEAGUE公式プロフィールで氏名を確認,SUPPORTED,2026-09-30,
Batch 33 Wave 05,B33W5E0053,Person,P000544,birth_date,1997-06-14,B33W5S0014,基本情報 > 生年月日：1997年6月14日,B.LEAGUE公式プロフィールで生年月日を確認,SUPPORTED,2026-09-30,
Batch 33 Wave 05,B33W5E0054,Career,C002582,organization_id,ORG000297,B33W5S0014,基本情報 > 出身校（高）：東海大学付属第三高等学校(現・東海大学付属諏訪高等学校),B.LEAGUE公式プロフィールで出身校（高）を確認,SUPPORTED,2026-09-30,プロフィール上の表記は「東海大学付属第三高等学校(現・東海大学付属諏訪高等学校)」
Batch 33 Wave 05,B33W5E0055,Career,C002583,organization_id,ORG000189,B33W5S0014,基本情報 > 出身校（大）：中京大学,B.LEAGUE公式プロフィールで出身校（大）を確認,SUPPORTED,2026-09-30,
Batch 33 Wave 05,B33W5E0056,Career,C002584,organization_id,ORG000180,B33W5S0014,クラブ所属履歴 > 「2018-19 FE名古屋」〜「2022-23 FE名古屋」,B.LEAGUE公式の所属履歴で在籍を確認（略称表記）,SUPPORTED,2026-09-30,
Batch 33 Wave 05,B33W5E0057,Career,C002584,organization_id,ORG000180,B33W5S0012,順位表 > クラブ「Fイーグルス名古屋」（略称「FE名古屋」、club_detail TeamID=717）,公式順位表で略称とクラブ名・TeamIDの対応を確認,SUPPORTED,2026-09-30,
Batch 33 Wave 05,B33W5E0058,Career,C002584,start,2018,B33W5S0014,クラブ所属履歴 > 「2018-19 FE名古屋」,所属履歴の最初のシーズン2018-19の開始年,SUPPORTED,2026-09-30,
Batch 33 Wave 05,B33W5E0059,Career,C002584,end,2023,B33W5S0014,クラブ所属履歴 > 「2022-23 FE名古屋」,所属履歴の最後のシーズン2022-23の終了年,SUPPORTED,2026-09-30,
Batch 33 Wave 05,B33W5E0060,Career,C002585,organization_id,ORG000171,B33W5S0014,クラブ所属履歴 > 「2023-24 奈良」〜「2024-25 奈良」,B.LEAGUE公式の所属履歴で在籍を確認（略称表記）,SUPPORTED,2026-09-30,
Batch 33 Wave 05,B33W5E0061,Career,C002585,organization_id,ORG000171,B33W5S0006,順位表 > クラブ「バンビシャス奈良」（略称「奈良」、club_detail TeamID=719）,公式順位表で略称とクラブ名・TeamIDの対応を確認,SUPPORTED,2026-09-30,
Batch 33 Wave 05,B33W5E0062,Career,C002585,start,2023,B33W5S0014,クラブ所属履歴 > 「2023-24 奈良」,所属履歴の最初のシーズン2023-24の開始年,SUPPORTED,2026-09-30,
Batch 33 Wave 05,B33W5E0063,Career,C002585,end,2025,B33W5S0014,クラブ所属履歴 > 「2024-25 奈良」,所属履歴の最後のシーズン2024-25の終了年,SUPPORTED,2026-09-30,
Batch 33 Wave 05,B33W5E0064,Career,C002586,organization_id,ORG000091,B33W5S0014,クラブ所属履歴 > 「2025-26 愛媛」〜「2026-27 愛媛」,B.LEAGUE公式の所属履歴で在籍を確認（略称表記）,SUPPORTED,2026-09-30,
Batch 33 Wave 05,B33W5E0065,Career,C002586,organization_id,ORG000091,B33W5S0015,順位表 > クラブ「愛媛オレンジバイキングス」（略称「愛媛」、club_detail TeamID=723）,公式順位表で略称とクラブ名・TeamIDの対応を確認,SUPPORTED,2026-09-30,
Batch 33 Wave 05,B33W5E0066,Career,C002586,start,2025,B33W5S0014,クラブ所属履歴 > 「2025-26 愛媛」,所属履歴の最初のシーズン2025-26の開始年,SUPPORTED,2026-09-30,
Batch 33 Wave 05,B33W5E0067,Career,C002586,organization_id,ORG000091,B33W5S0009,選手一覧 > 愛媛 > 林 瑛司,2026-27シーズンの公式選手一覧で現所属を確認,SUPPORTED,2026-09-30,
Batch 33 Wave 05,B33W5E0068,Person,P000545,name,マイケル・パーカー,B33W5S0016,基本情報 > 選手名,B.LEAGUE公式プロフィールで氏名を確認,SUPPORTED,2026-09-30,
Batch 33 Wave 05,B33W5E0069,Person,P000545,birth_date,1981-12-05,B33W5S0016,基本情報 > 生年月日：1981年12月5日,B.LEAGUE公式プロフィールで生年月日を確認,SUPPORTED,2026-09-30,
Batch 33 Wave 05,B33W5E0070,Career,C002587,organization_id,ORG000465,B33W5S0016,基本情報 > 出身校（高）：Clover Park,B.LEAGUE公式プロフィールで出身校（高）を確認,SUPPORTED,2026-09-30,
Batch 33 Wave 05,B33W5E0071,Career,C002588,organization_id,ORG000466,B33W5S0016,基本情報 > 出身校（大）：エバーグリーン州立大学,B.LEAGUE公式プロフィールで出身校（大）を確認,SUPPORTED,2026-09-30,
Batch 33 Wave 05,B33W5E0072,Career,C002589,organization_id,ORG000118,B33W5S0016,クラブ所属履歴 > 「2016-17 千葉」〜「2019-20 千葉」,B.LEAGUE公式の所属履歴で在籍を確認（略称表記）,SUPPORTED,2026-09-30,
Batch 33 Wave 05,B33W5E0073,Career,C002589,organization_id,ORG000118,B33W5S0017,順位表 > クラブ「千葉ジェッツ」（略称「千葉」、club_detail TeamID=704）,公式順位表で略称とクラブ名・TeamIDの対応を確認,SUPPORTED,2026-09-30,
Batch 33 Wave 05,B33W5E0074,Career,C002589,start,2016,B33W5S0016,クラブ所属履歴 > 「2016-17 千葉」,所属履歴の最初のシーズン2016-17の開始年,SUPPORTED,2026-09-30,
Batch 33 Wave 05,B33W5E0075,Career,C002589,end,2020,B33W5S0016,クラブ所属履歴 > 「2019-20 千葉」,所属履歴の最後のシーズン2019-20の終了年,SUPPORTED,2026-09-30,
Batch 33 Wave 05,B33W5E0076,Career,C002590,organization_id,ORG000143,B33W5S0016,クラブ所属履歴 > 「2020-21 群馬」〜「2024-25 群馬」,B.LEAGUE公式の所属履歴で在籍を確認（略称表記）,SUPPORTED,2026-09-30,
Batch 33 Wave 05,B33W5E0077,Career,C002590,organization_id,ORG000143,B33W5S0018,順位表 > クラブ「群馬クレインサンダーズ」（略称「群馬」、club_detail TeamID=713）,公式順位表で略称とクラブ名・TeamIDの対応を確認,SUPPORTED,2026-09-30,
Batch 33 Wave 05,B33W5E0078,Career,C002590,start,2020,B33W5S0016,クラブ所属履歴 > 「2020-21 群馬」,所属履歴の最初のシーズン2020-21の開始年,SUPPORTED,2026-09-30,
Batch 33 Wave 05,B33W5E0079,Career,C002590,end,2025,B33W5S0016,クラブ所属履歴 > 「2024-25 群馬」,所属履歴の最後のシーズン2024-25の終了年,SUPPORTED,2026-09-30,
Batch 33 Wave 05,B33W5E0080,Career,C002591,organization_id,ORG000091,B33W5S0016,クラブ所属履歴 > 「2025-26 愛媛」〜「2026-27 愛媛」,B.LEAGUE公式の所属履歴で在籍を確認（略称表記）,SUPPORTED,2026-09-30,
Batch 33 Wave 05,B33W5E0081,Career,C002591,organization_id,ORG000091,B33W5S0015,順位表 > クラブ「愛媛オレンジバイキングス」（略称「愛媛」、club_detail TeamID=723）,公式順位表で略称とクラブ名・TeamIDの対応を確認,SUPPORTED,2026-09-30,
Batch 33 Wave 05,B33W5E0082,Career,C002591,start,2025,B33W5S0016,クラブ所属履歴 > 「2025-26 愛媛」,所属履歴の最初のシーズン2025-26の開始年,SUPPORTED,2026-09-30,
Batch 33 Wave 05,B33W5E0083,Career,C002591,organization_id,ORG000091,B33W5S0009,選手一覧 > 愛媛 > マイケル・パーカー,2026-27シーズンの公式選手一覧で現所属を確認,SUPPORTED,2026-09-30,
Batch 33 Wave 05,B33W5E0084,Person,P000546,name,加藤 寿一,B33W5S0019,基本情報 > 選手名,B.LEAGUE公式プロフィールで氏名を確認,SUPPORTED,2026-09-30,
Batch 33 Wave 05,B33W5E0085,Person,P000546,birth_date,1993-10-05,B33W5S0019,基本情報 > 生年月日：1993年10月5日,B.LEAGUE公式プロフィールで生年月日を確認,SUPPORTED,2026-09-30,
Batch 33 Wave 05,B33W5E0086,Career,C002592,organization_id,ORG000467,B33W5S0019,基本情報 > 出身校（高）：法政大学第二高等学校,B.LEAGUE公式プロフィールで出身校（高）を確認,SUPPORTED,2026-09-30,
Batch 33 Wave 05,B33W5E0087,Career,C002593,organization_id,ORG000207,B33W5S0019,基本情報 > 出身校（大）：法政大学,B.LEAGUE公式プロフィールで出身校（大）を確認,SUPPORTED,2026-09-30,
Batch 33 Wave 05,B33W5E0088,Career,C002594,organization_id,ORG000130,B33W5S0019,クラブ所属履歴 > 「2016-17 三河」〜「2020-21 三河」,B.LEAGUE公式の所属履歴で在籍を確認（略称表記）,SUPPORTED,2026-09-30,
Batch 33 Wave 05,B33W5E0089,Career,C002594,organization_id,ORG000130,B33W5S0017,順位表 > クラブ「シーホース三河」（略称「三河」、club_detail TeamID=728）,公式順位表で略称とクラブ名・TeamIDの対応を確認,SUPPORTED,2026-09-30,
Batch 33 Wave 05,B33W5E0090,Career,C002594,start,2016,B33W5S0019,クラブ所属履歴 > 「2016-17 三河」,所属履歴の最初のシーズン2016-17の開始年,SUPPORTED,2026-09-30,
Batch 33 Wave 05,B33W5E0091,Career,C002594,end,2021,B33W5S0019,クラブ所属履歴 > 「2020-21 三河」,所属履歴の最後のシーズン2020-21の終了年,SUPPORTED,2026-09-30,
Batch 33 Wave 05,B33W5E0092,Career,C002595,organization_id,ORG000042,B33W5S0019,クラブ所属履歴 > 「2021-22 京都」,B.LEAGUE公式の所属履歴で在籍を確認（略称表記）,SUPPORTED,2026-09-30,
Batch 33 Wave 05,B33W5E0093,Career,C002595,organization_id,ORG000042,B33W5S0004,順位表 > クラブ「京都ハンナリーズ」（略称「京都」、club_detail TeamID=699）,公式順位表で略称とクラブ名・TeamIDの対応を確認,SUPPORTED,2026-09-30,
Batch 33 Wave 05,B33W5E0094,Career,C002595,start,2021,B33W5S0019,クラブ所属履歴 > 「2021-22 京都」,所属履歴の最初のシーズン2021-22の開始年,SUPPORTED,2026-09-30,
Batch 33 Wave 05,B33W5E0095,Career,C002595,end,2022,B33W5S0019,クラブ所属履歴 > 「2021-22 京都」,所属履歴の最後のシーズン2021-22の終了年,SUPPORTED,2026-09-30,
Batch 33 Wave 05,B33W5E0096,Career,C002596,organization_id,ORG000132,B33W5S0019,クラブ所属履歴 > 「2022-23 仙台」,B.LEAGUE公式の所属履歴で在籍を確認（略称表記）,SUPPORTED,2026-09-30,
Batch 33 Wave 05,B33W5E0097,Career,C002596,organization_id,ORG000132,B33W5S0020,順位表 > クラブ「仙台89ERS」（略称「仙台」、club_detail TeamID=692）,公式順位表で略称とクラブ名・TeamIDの対応を確認,SUPPORTED,2026-09-30,
Batch 33 Wave 05,B33W5E0098,Career,C002596,start,2022,B33W5S0019,クラブ所属履歴 > 「2022-23 仙台」,所属履歴の最初のシーズン2022-23の開始年,SUPPORTED,2026-09-30,
Batch 33 Wave 05,B33W5E0099,Career,C002596,end,2023,B33W5S0019,クラブ所属履歴 > 「2022-23 仙台」,所属履歴の最後のシーズン2022-23の終了年,SUPPORTED,2026-09-30,
Batch 33 Wave 05,B33W5E0100,Career,C002597,organization_id,ORG000040,B33W5S0019,クラブ所属履歴 > 「2023-24 福岡」〜「2026-27 福岡」,B.LEAGUE公式の所属履歴で在籍を確認（略称表記）,SUPPORTED,2026-09-30,
Batch 33 Wave 05,B33W5E0101,Career,C002597,organization_id,ORG000040,B33W5S0006,順位表 > クラブ「ライジングゼファー福岡」（略称「福岡」、club_detail TeamID=753）,公式順位表で略称とクラブ名・TeamIDの対応を確認,SUPPORTED,2026-09-30,
Batch 33 Wave 05,B33W5E0102,Career,C002597,start,2023,B33W5S0019,クラブ所属履歴 > 「2023-24 福岡」,所属履歴の最初のシーズン2023-24の開始年,SUPPORTED,2026-09-30,
Batch 33 Wave 05,B33W5E0103,Career,C002597,organization_id,ORG000040,B33W5S0021,選手一覧 > 福岡 > 加藤 寿一,2026-27シーズンの公式選手一覧で現所属を確認,SUPPORTED,2026-09-30,
Batch 33 Wave 05,B33W5E0104,Person,P000547,name,中谷 麻登,B33W5S0022,基本情報 > 選手名,B.LEAGUE公式プロフィールで氏名を確認,SUPPORTED,2026-09-30,
Batch 33 Wave 05,B33W5E0105,Person,P000547,birth_date,2001-09-21,B33W5S0022,基本情報 > 生年月日：2001年9月21日,B.LEAGUE公式プロフィールで生年月日を確認,SUPPORTED,2026-09-30,
Batch 33 Wave 05,B33W5E0106,Career,C002598,organization_id,ORG000439,B33W5S0022,基本情報 > 出身校（高）：大阪商業大学高等学校,B.LEAGUE公式プロフィールで出身校（高）を確認,SUPPORTED,2026-09-30,
Batch 33 Wave 05,B33W5E0107,Career,C002599,organization_id,ORG000019,B33W5S0022,基本情報 > 出身校（大）：日本経済大学,B.LEAGUE公式プロフィールで出身校（大）を確認,SUPPORTED,2026-09-30,
Batch 33 Wave 05,B33W5E0108,Career,C002600,organization_id,ORG000040,B33W5S0022,クラブ所属履歴 > 「2025-26 福岡」〜「2026-27 福岡」,B.LEAGUE公式の所属履歴で在籍を確認（略称表記）,SUPPORTED,2026-09-30,
Batch 33 Wave 05,B33W5E0109,Career,C002600,organization_id,ORG000040,B33W5S0015,順位表 > クラブ「ライジングゼファー福岡」（略称「福岡」、club_detail TeamID=753）,公式順位表で略称とクラブ名・TeamIDの対応を確認,SUPPORTED,2026-09-30,
Batch 33 Wave 05,B33W5E0110,Career,C002600,start,2025,B33W5S0022,クラブ所属履歴 > 「2025-26 福岡」,所属履歴の最初のシーズン2025-26の開始年,SUPPORTED,2026-09-30,
Batch 33 Wave 05,B33W5E0111,Career,C002600,organization_id,ORG000040,B33W5S0021,選手一覧 > 福岡 > 中谷 麻登,2026-27シーズンの公式選手一覧で現所属を確認,SUPPORTED,2026-09-30,
Batch 33 Wave 05,B33W5E0112,Person,P000548,name,西川 貴之,B33W5S0023,基本情報 > 選手名,B.LEAGUE公式プロフィールで氏名を確認,SUPPORTED,2026-09-30,
Batch 33 Wave 05,B33W5E0113,Person,P000548,birth_date,1992-01-14,B33W5S0023,基本情報 > 生年月日：1992年1月14日,B.LEAGUE公式プロフィールで生年月日を確認,SUPPORTED,2026-09-30,
Batch 33 Wave 05,B33W5E0114,Career,C002601,organization_id,ORG000243,B33W5S0023,基本情報 > 出身校（高）：東海大学付属第四高等学校,B.LEAGUE公式プロフィールで出身校（高）を確認,SUPPORTED,2026-09-30,
Batch 33 Wave 05,B33W5E0115,Career,C002602,organization_id,ORG000124,B33W5S0023,基本情報 > 出身校（大）：明治大学,B.LEAGUE公式プロフィールで出身校（大）を確認,SUPPORTED,2026-09-30,
Batch 33 Wave 05,B33W5E0116,Career,C002603,organization_id,ORG000092,B33W5S0023,クラブ所属履歴 > 「2016-17 北海道」,B.LEAGUE公式の所属履歴で在籍を確認（略称表記）,SUPPORTED,2026-09-30,
Batch 33 Wave 05,B33W5E0117,Career,C002603,organization_id,ORG000092,B33W5S0017,順位表 > クラブ「レバンガ北海道」（略称「北海道」、club_detail TeamID=702）,公式順位表で略称とクラブ名・TeamIDの対応を確認,SUPPORTED,2026-09-30,
Batch 33 Wave 05,B33W5E0118,Career,C002603,start,2016,B33W5S0023,クラブ所属履歴 > 「2016-17 北海道」,所属履歴の最初のシーズン2016-17の開始年,SUPPORTED,2026-09-30,
Batch 33 Wave 05,B33W5E0119,Career,C002603,end,2017,B33W5S0023,クラブ所属履歴 > 「2016-17 北海道」,所属履歴の最後のシーズン2016-17の終了年,SUPPORTED,2026-09-30,
Batch 33 Wave 05,B33W5E0120,Career,C002604,organization_id,ORG000130,B33W5S0023,クラブ所属履歴 > 「2017-18 三河」〜「2018-19 三河」,B.LEAGUE公式の所属履歴で在籍を確認（略称表記）,SUPPORTED,2026-09-30,
Batch 33 Wave 05,B33W5E0121,Career,C002604,organization_id,ORG000130,B33W5S0002,順位表 > クラブ「シーホース三河」（略称「三河」、club_detail TeamID=728）,公式順位表で略称とクラブ名・TeamIDの対応を確認,SUPPORTED,2026-09-30,
Batch 33 Wave 05,B33W5E0122,Career,C002604,start,2017,B33W5S0023,クラブ所属履歴 > 「2017-18 三河」,所属履歴の最初のシーズン2017-18の開始年,SUPPORTED,2026-09-30,
Batch 33 Wave 05,B33W5E0123,Career,C002604,end,2019,B33W5S0023,クラブ所属履歴 > 「2018-19 三河」,所属履歴の最後のシーズン2018-19の終了年,SUPPORTED,2026-09-30,
Batch 33 Wave 05,B33W5E0124,Career,C002605,organization_id,ORG000097,B33W5S0023,クラブ所属履歴 > 「2019-20 三遠」〜「2020-21 三遠」,B.LEAGUE公式の所属履歴で在籍を確認（略称表記）,SUPPORTED,2026-09-30,
Batch 33 Wave 05,B33W5E0125,Career,C002605,organization_id,ORG000097,B33W5S0024,順位表 > クラブ「三遠ネオフェニックス」（略称「三遠」、club_detail TeamID=697）,公式順位表で略称とクラブ名・TeamIDの対応を確認,SUPPORTED,2026-09-30,
Batch 33 Wave 05,B33W5E0126,Career,C002605,start,2019,B33W5S0023,クラブ所属履歴 > 「2019-20 三遠」,所属履歴の最初のシーズン2019-20の開始年,SUPPORTED,2026-09-30,
Batch 33 Wave 05,B33W5E0127,Career,C002605,end,2021,B33W5S0023,クラブ所属履歴 > 「2020-21 三遠」,所属履歴の最後のシーズン2020-21の終了年,SUPPORTED,2026-09-30,
Batch 33 Wave 05,B33W5E0128,Career,C002606,organization_id,ORG000103,B33W5S0023,クラブ所属履歴 > 「2021-22 茨城」,B.LEAGUE公式の所属履歴で在籍を確認（略称表記）,SUPPORTED,2026-09-30,
Batch 33 Wave 05,B33W5E0129,Career,C002606,organization_id,ORG000103,B33W5S0004,順位表 > クラブ「茨城ロボッツ」（略称「茨城」、club_detail TeamID=712）,公式順位表で略称とクラブ名・TeamIDの対応を確認,SUPPORTED,2026-09-30,
Batch 33 Wave 05,B33W5E0130,Career,C002606,start,2021,B33W5S0023,クラブ所属履歴 > 「2021-22 茨城」,所属履歴の最初のシーズン2021-22の開始年,SUPPORTED,2026-09-30,
Batch 33 Wave 05,B33W5E0131,Career,C002606,end,2022,B33W5S0023,クラブ所属履歴 > 「2021-22 茨城」,所属履歴の最後のシーズン2021-22の終了年,SUPPORTED,2026-09-30,
Batch 33 Wave 05,B33W5E0132,Career,C002607,organization_id,ORG000048,B33W5S0023,クラブ所属履歴 > 「2021-22 佐賀」〜「2022-23 佐賀」,B.LEAGUE公式の所属履歴で在籍を確認（略称表記）,SUPPORTED,2026-09-30,
Batch 33 Wave 05,B33W5E0133,Career,C002607,organization_id,ORG000048,B33W5S0025,順位表 > クラブ「佐賀バルーナーズ」（略称「佐賀」、club_detail TeamID=1638）,公式順位表で略称とクラブ名・TeamIDの対応を確認,SUPPORTED,2026-09-30,
Batch 33 Wave 05,B33W5E0134,Career,C002607,start,2021,B33W5S0023,クラブ所属履歴 > 「2021-22 佐賀」,所属履歴の最初のシーズン2021-22の開始年,SUPPORTED,2026-09-30,
Batch 33 Wave 05,B33W5E0135,Career,C002607,end,2023,B33W5S0023,クラブ所属履歴 > 「2022-23 佐賀」,所属履歴の最後のシーズン2022-23の終了年,SUPPORTED,2026-09-30,
Batch 33 Wave 05,B33W5E0136,Career,C002608,organization_id,ORG000142,B33W5S0023,クラブ所属履歴 > 「2023-24 大阪」,B.LEAGUE公式の所属履歴で在籍を確認（略称表記）,SUPPORTED,2026-09-30,
Batch 33 Wave 05,B33W5E0137,Career,C002608,organization_id,ORG000142,B33W5S0026,順位表 > クラブ「大阪エヴェッサ」（略称「大阪」、club_detail TeamID=700）,公式順位表で略称とクラブ名・TeamIDの対応を確認,SUPPORTED,2026-09-30,
Batch 33 Wave 05,B33W5E0138,Career,C002608,start,2023,B33W5S0023,クラブ所属履歴 > 「2023-24 大阪」,所属履歴の最初のシーズン2023-24の開始年,SUPPORTED,2026-09-30,
Batch 33 Wave 05,B33W5E0139,Career,C002608,end,2024,B33W5S0023,クラブ所属履歴 > 「2023-24 大阪」,所属履歴の最後のシーズン2023-24の終了年,SUPPORTED,2026-09-30,
Batch 33 Wave 05,B33W5E0140,Career,C002609,organization_id,ORG000040,B33W5S0023,クラブ所属履歴 > 「2024-25 福岡」〜「2026-27 福岡」,B.LEAGUE公式の所属履歴で在籍を確認（略称表記）,SUPPORTED,2026-09-30,
Batch 33 Wave 05,B33W5E0141,Career,C002609,organization_id,ORG000040,B33W5S0027,順位表 > クラブ「ライジングゼファー福岡」（略称「福岡」、club_detail TeamID=753）,公式順位表で略称とクラブ名・TeamIDの対応を確認,SUPPORTED,2026-09-30,
Batch 33 Wave 05,B33W5E0142,Career,C002609,start,2024,B33W5S0023,クラブ所属履歴 > 「2024-25 福岡」,所属履歴の最初のシーズン2024-25の開始年,SUPPORTED,2026-09-30,
Batch 33 Wave 05,B33W5E0143,Career,C002609,organization_id,ORG000040,B33W5S0021,選手一覧 > 福岡 > 西川 貴之,2026-27シーズンの公式選手一覧で現所属を確認,SUPPORTED,2026-09-30,
Batch 33 Wave 05,B33W5E0144,Person,P000549,name,野溝 利一,B33W5S0028,基本情報 > 選手名,B.LEAGUE公式プロフィールで氏名を確認,SUPPORTED,2026-09-30,
Batch 33 Wave 05,B33W5E0145,Person,P000549,birth_date,2003-01-13,B33W5S0028,基本情報 > 生年月日：2003年1月13日,B.LEAGUE公式プロフィールで生年月日を確認,SUPPORTED,2026-09-30,
Batch 33 Wave 05,B33W5E0146,Career,C002610,organization_id,ORG000297,B33W5S0028,基本情報 > 出身校（高）：東海大学付属諏訪高等学校,B.LEAGUE公式プロフィールで出身校（高）を確認,SUPPORTED,2026-09-30,
Batch 33 Wave 05,B33W5E0147,Career,C002611,organization_id,ORG000096,B33W5S0028,基本情報 > 出身校（大）：山梨学院大学,B.LEAGUE公式プロフィールで出身校（大）を確認,SUPPORTED,2026-09-30,
Batch 33 Wave 05,B33W5E0148,Career,C002612,organization_id,ORG000043,B33W5S0028,クラブ所属履歴 > 「2024-25 神戸」〜「2025-26 神戸」,B.LEAGUE公式の所属履歴で在籍を確認（略称表記）,SUPPORTED,2026-09-30,
Batch 33 Wave 05,B33W5E0149,Career,C002612,organization_id,ORG000043,B33W5S0027,順位表 > クラブ「神戸ストークス」（略称「神戸」、club_detail TeamID=718）,公式順位表で略称とクラブ名・TeamIDの対応を確認,SUPPORTED,2026-09-30,
Batch 33 Wave 05,B33W5E0150,Career,C002612,start,2024,B33W5S0028,クラブ所属履歴 > 「2024-25 神戸」,所属履歴の最初のシーズン2024-25の開始年,SUPPORTED,2026-09-30,
Batch 33 Wave 05,B33W5E0151,Career,C002612,end,2026,B33W5S0028,クラブ所属履歴 > 「2025-26 神戸」,所属履歴の最後のシーズン2025-26の終了年,SUPPORTED,2026-09-30,
Batch 33 Wave 05,B33W5E0152,Career,C002613,organization_id,ORG000040,B33W5S0028,クラブ所属履歴 > 「2026-27 福岡」,B.LEAGUE公式の所属履歴で在籍を確認（略称表記）,SUPPORTED,2026-09-30,
Batch 33 Wave 05,B33W5E0153,Career,C002613,organization_id,ORG000040,B33W5S0008,順位表 > クラブ「ライジングゼファー福岡」（略称「福岡」、club_detail TeamID=753）,公式順位表で略称とクラブ名・TeamIDの対応を確認,SUPPORTED,2026-09-30,
Batch 33 Wave 05,B33W5E0154,Career,C002613,start,2026,B33W5S0028,クラブ所属履歴 > 「2026-27 福岡」,所属履歴の最初のシーズン2026-27の開始年,SUPPORTED,2026-09-30,
Batch 33 Wave 05,B33W5E0155,Career,C002613,organization_id,ORG000040,B33W5S0021,選手一覧 > 福岡 > 野溝 利一,2026-27シーズンの公式選手一覧で現所属を確認,SUPPORTED,2026-09-30,
Batch 33 Wave 05,B33W5E0156,Person,P000550,name,磯野 寛晃,B33W5S0029,基本情報 > 選手名,B.LEAGUE公式プロフィールで氏名を確認,SUPPORTED,2026-09-30,
Batch 33 Wave 05,B33W5E0157,Person,P000550,birth_date,1998-03-11,B33W5S0029,基本情報 > 生年月日：1998年3月11日,B.LEAGUE公式プロフィールで生年月日を確認,SUPPORTED,2026-09-30,
Batch 33 Wave 05,B33W5E0158,Career,C002614,organization_id,ORG000468,B33W5S0029,基本情報 > 出身校（高）：福岡県立直方高等学校,B.LEAGUE公式プロフィールで出身校（高）を確認,SUPPORTED,2026-09-30,
Batch 33 Wave 05,B33W5E0159,Career,C002615,organization_id,ORG000020,B33W5S0029,基本情報 > 出身校（大）：日本体育大学,B.LEAGUE公式プロフィールで出身校（大）を確認,SUPPORTED,2026-09-30,
Batch 33 Wave 05,B33W5E0160,Career,C002616,organization_id,ORG000190,B33W5S0029,クラブ所属履歴 > 「2019-20 越谷」,B.LEAGUE公式の所属履歴で在籍を確認（略称表記）,SUPPORTED,2026-09-30,
Batch 33 Wave 05,B33W5E0161,Career,C002616,organization_id,ORG000190,B33W5S0013,順位表 > クラブ「越谷アルファーズ」（略称「越谷」、club_detail TeamID=745）,公式順位表で略称とクラブ名・TeamIDの対応を確認,SUPPORTED,2026-09-30,
Batch 33 Wave 05,B33W5E0162,Career,C002616,start,2019,B33W5S0029,クラブ所属履歴 > 「2019-20 越谷」,所属履歴の最初のシーズン2019-20の開始年,SUPPORTED,2026-09-30,
Batch 33 Wave 05,B33W5E0163,Career,C002616,end,2020,B33W5S0029,クラブ所属履歴 > 「2019-20 越谷」,所属履歴の最後のシーズン2019-20の終了年,SUPPORTED,2026-09-30,
Batch 33 Wave 05,B33W5E0164,Career,C002617,organization_id,ORG000067,B33W5S0029,クラブ所属履歴 > 「2020-21 熊本」〜「2026-27 熊本」,B.LEAGUE公式の所属履歴で在籍を確認（略称表記）,SUPPORTED,2026-09-30,
Batch 33 Wave 05,B33W5E0165,Career,C002617,organization_id,ORG000067,B33W5S0018,順位表 > クラブ「熊本ヴォルターズ」（略称「熊本」、club_detail TeamID=724）,公式順位表で略称とクラブ名・TeamIDの対応を確認,SUPPORTED,2026-09-30,
Batch 33 Wave 05,B33W5E0166,Career,C002617,start,2020,B33W5S0029,クラブ所属履歴 > 「2020-21 熊本」,所属履歴の最初のシーズン2020-21の開始年,SUPPORTED,2026-09-30,
Batch 33 Wave 05,B33W5E0167,Career,C002617,organization_id,ORG000067,B33W5S0030,選手一覧 > 熊本 > 磯野 寛晃,2026-27シーズンの公式選手一覧で現所属を確認,SUPPORTED,2026-09-30,
Batch 33 Wave 05,B33W5E0168,Person,P000551,name,笹倉 怜寿,B33W5S0031,基本情報 > 選手名,B.LEAGUE公式プロフィールで氏名を確認,SUPPORTED,2026-09-30,
Batch 33 Wave 05,B33W5E0169,Person,P000551,birth_date,1997-07-08,B33W5S0031,基本情報 > 生年月日：1997年7月8日,B.LEAGUE公式プロフィールで生年月日を確認,SUPPORTED,2026-09-30,
Batch 33 Wave 05,B33W5E0170,Career,C002618,organization_id,ORG000297,B33W5S0031,基本情報 > 出身校（高）：東海大学付属第三高等学校(現・東海大学付属諏訪高等学校),B.LEAGUE公式プロフィールで出身校（高）を確認,SUPPORTED,2026-09-30,プロフィール上の表記は「東海大学付属第三高等学校(現・東海大学付属諏訪高等学校)」
Batch 33 Wave 05,B33W5E0171,Career,C002619,organization_id,ORG000015,B33W5S0031,基本情報 > 出身校（大）：東海大学,B.LEAGUE公式プロフィールで出身校（大）を確認,SUPPORTED,2026-09-30,
Batch 33 Wave 05,B33W5E0172,Career,C002620,organization_id,ORG000109,B33W5S0031,クラブ所属履歴 > 「2019-20 A東京」,B.LEAGUE公式の所属履歴で在籍を確認（略称表記）,SUPPORTED,2026-09-30,
Batch 33 Wave 05,B33W5E0173,Career,C002620,organization_id,ORG000109,B33W5S0024,順位表 > クラブ「アルバルク東京」（略称「A東京」、club_detail TeamID=706）,公式順位表で略称とクラブ名・TeamIDの対応を確認,SUPPORTED,2026-09-30,
Batch 33 Wave 05,B33W5E0174,Career,C002620,start,2019,B33W5S0031,クラブ所属履歴 > 「2019-20 A東京」,所属履歴の最初のシーズン2019-20の開始年,SUPPORTED,2026-09-30,
Batch 33 Wave 05,B33W5E0175,Career,C002620,end,2020,B33W5S0031,クラブ所属履歴 > 「2019-20 A東京」,所属履歴の最後のシーズン2019-20の終了年,SUPPORTED,2026-09-30,
Batch 33 Wave 05,B33W5E0176,Career,C002621,organization_id,ORG000132,B33W5S0031,クラブ所属履歴 > 「2020-21 仙台」,B.LEAGUE公式の所属履歴で在籍を確認（略称表記）,SUPPORTED,2026-09-30,
Batch 33 Wave 05,B33W5E0177,Career,C002621,organization_id,ORG000132,B33W5S0018,順位表 > クラブ「仙台89ERS」（略称「仙台」、club_detail TeamID=692）,公式順位表で略称とクラブ名・TeamIDの対応を確認,SUPPORTED,2026-09-30,
Batch 33 Wave 05,B33W5E0178,Career,C002621,start,2020,B33W5S0031,クラブ所属履歴 > 「2020-21 仙台」,所属履歴の最初のシーズン2020-21の開始年,SUPPORTED,2026-09-30,
Batch 33 Wave 05,B33W5E0179,Career,C002621,end,2021,B33W5S0031,クラブ所属履歴 > 「2020-21 仙台」,所属履歴の最後のシーズン2020-21の終了年,SUPPORTED,2026-09-30,
Batch 33 Wave 05,B33W5E0180,Career,C002622,organization_id,ORG000109,B33W5S0031,クラブ所属履歴 > 「2021-22 A東京」〜「2022-23 A東京」,B.LEAGUE公式の所属履歴で在籍を確認（略称表記）,SUPPORTED,2026-09-30,
Batch 33 Wave 05,B33W5E0181,Career,C002622,organization_id,ORG000109,B33W5S0004,順位表 > クラブ「アルバルク東京」（略称「A東京」、club_detail TeamID=706）,公式順位表で略称とクラブ名・TeamIDの対応を確認,SUPPORTED,2026-09-30,
Batch 33 Wave 05,B33W5E0182,Career,C002622,start,2021,B33W5S0031,クラブ所属履歴 > 「2021-22 A東京」,所属履歴の最初のシーズン2021-22の開始年,SUPPORTED,2026-09-30,
Batch 33 Wave 05,B33W5E0183,Career,C002622,end,2023,B33W5S0031,クラブ所属履歴 > 「2022-23 A東京」,所属履歴の最後のシーズン2022-23の終了年,SUPPORTED,2026-09-30,
Batch 33 Wave 05,B33W5E0184,Career,C002623,organization_id,ORG000190,B33W5S0031,クラブ所属履歴 > 「2023-24 越谷」〜「2024-25 越谷」,B.LEAGUE公式の所属履歴で在籍を確認（略称表記）,SUPPORTED,2026-09-30,
Batch 33 Wave 05,B33W5E0185,Career,C002623,organization_id,ORG000190,B33W5S0006,順位表 > クラブ「越谷アルファーズ」（略称「越谷」、club_detail TeamID=745）,公式順位表で略称とクラブ名・TeamIDの対応を確認,SUPPORTED,2026-09-30,
Batch 33 Wave 05,B33W5E0186,Career,C002623,start,2023,B33W5S0031,クラブ所属履歴 > 「2023-24 越谷」,所属履歴の最初のシーズン2023-24の開始年,SUPPORTED,2026-09-30,
Batch 33 Wave 05,B33W5E0187,Career,C002623,end,2025,B33W5S0031,クラブ所属履歴 > 「2024-25 越谷」,所属履歴の最後のシーズン2024-25の終了年,SUPPORTED,2026-09-30,
Batch 33 Wave 05,B33W5E0188,Career,C002624,organization_id,ORG000043,B33W5S0031,クラブ所属履歴 > 「2025-26 神戸」,B.LEAGUE公式の所属履歴で在籍を確認（略称表記）,SUPPORTED,2026-09-30,
Batch 33 Wave 05,B33W5E0189,Career,C002624,organization_id,ORG000043,B33W5S0015,順位表 > クラブ「神戸ストークス」（略称「神戸」、club_detail TeamID=718）,公式順位表で略称とクラブ名・TeamIDの対応を確認,SUPPORTED,2026-09-30,
Batch 33 Wave 05,B33W5E0190,Career,C002624,start,2025,B33W5S0031,クラブ所属履歴 > 「2025-26 神戸」,所属履歴の最初のシーズン2025-26の開始年,SUPPORTED,2026-09-30,
Batch 33 Wave 05,B33W5E0191,Career,C002624,end,2026,B33W5S0031,クラブ所属履歴 > 「2025-26 神戸」,所属履歴の最後のシーズン2025-26の終了年,SUPPORTED,2026-09-30,
Batch 33 Wave 05,B33W5E0192,Career,C002625,organization_id,ORG000067,B33W5S0031,クラブ所属履歴 > 「2026-27 熊本」,B.LEAGUE公式の所属履歴で在籍を確認（略称表記）,SUPPORTED,2026-09-30,
Batch 33 Wave 05,B33W5E0193,Career,C002625,organization_id,ORG000067,B33W5S0008,順位表 > クラブ「熊本ヴォルターズ」（略称「熊本」、club_detail TeamID=724）,公式順位表で略称とクラブ名・TeamIDの対応を確認,SUPPORTED,2026-09-30,
Batch 33 Wave 05,B33W5E0194,Career,C002625,start,2026,B33W5S0031,クラブ所属履歴 > 「2026-27 熊本」,所属履歴の最初のシーズン2026-27の開始年,SUPPORTED,2026-09-30,
Batch 33 Wave 05,B33W5E0195,Career,C002625,organization_id,ORG000067,B33W5S0030,選手一覧 > 熊本 > 笹倉 怜寿,2026-27シーズンの公式選手一覧で現所属を確認,SUPPORTED,2026-09-30,
Batch 33 Wave 05,B33W5E0196,Person,P000552,name,澤邉 圭太,B33W5S0032,基本情報 > 選手名,B.LEAGUE公式プロフィールで氏名を確認,SUPPORTED,2026-09-30,
Batch 33 Wave 05,B33W5E0197,Person,P000552,birth_date,1995-03-05,B33W5S0032,基本情報 > 生年月日：1995年3月5日,B.LEAGUE公式プロフィールで生年月日を確認,SUPPORTED,2026-09-30,
Batch 33 Wave 05,B33W5E0198,Career,C002626,organization_id,ORG000469,B33W5S0032,基本情報 > 出身校（高）：九州学院高等学校,B.LEAGUE公式プロフィールで出身校（高）を確認,SUPPORTED,2026-09-30,
Batch 33 Wave 05,B33W5E0199,Career,C002627,organization_id,ORG000099,B33W5S0032,基本情報 > 出身校（大）：大阪学院大学,B.LEAGUE公式プロフィールで出身校（大）を確認,SUPPORTED,2026-09-30,
Batch 33 Wave 05,B33W5E0200,Career,C002628,organization_id,ORG000142,B33W5S0032,クラブ所属履歴 > 「2016-17 大阪」〜「2017-18 大阪」,B.LEAGUE公式の所属履歴で在籍を確認（略称表記）,SUPPORTED,2026-09-30,
Batch 33 Wave 05,B33W5E0201,Career,C002628,organization_id,ORG000142,B33W5S0017,順位表 > クラブ「大阪エヴェッサ」（略称「大阪」、club_detail TeamID=700）,公式順位表で略称とクラブ名・TeamIDの対応を確認,SUPPORTED,2026-09-30,
Batch 33 Wave 05,B33W5E0202,Career,C002628,start,2016,B33W5S0032,クラブ所属履歴 > 「2016-17 大阪」,所属履歴の最初のシーズン2016-17の開始年,SUPPORTED,2026-09-30,
Batch 33 Wave 05,B33W5E0203,Career,C002628,end,2018,B33W5S0032,クラブ所属履歴 > 「2017-18 大阪」,所属履歴の最後のシーズン2017-18の終了年,SUPPORTED,2026-09-30,
Batch 33 Wave 05,B33W5E0204,Career,C002629,organization_id,ORG000132,B33W5S0032,クラブ所属履歴 > 「2018-19 仙台」〜「2023-24 仙台」,B.LEAGUE公式の所属履歴で在籍を確認（略称表記）,SUPPORTED,2026-09-30,
Batch 33 Wave 05,B33W5E0205,Career,C002629,organization_id,ORG000132,B33W5S0012,順位表 > クラブ「仙台89ERS」（略称「仙台」、club_detail TeamID=692）,公式順位表で略称とクラブ名・TeamIDの対応を確認,SUPPORTED,2026-09-30,
Batch 33 Wave 05,B33W5E0206,Career,C002629,start,2018,B33W5S0032,クラブ所属履歴 > 「2018-19 仙台」,所属履歴の最初のシーズン2018-19の開始年,SUPPORTED,2026-09-30,
Batch 33 Wave 05,B33W5E0207,Career,C002629,end,2024,B33W5S0032,クラブ所属履歴 > 「2023-24 仙台」,所属履歴の最後のシーズン2023-24の終了年,SUPPORTED,2026-09-30,
Batch 33 Wave 05,B33W5E0208,Career,C002630,organization_id,ORG000067,B33W5S0032,クラブ所属履歴 > 「2024-25 熊本」〜「2026-27 熊本」,B.LEAGUE公式の所属履歴で在籍を確認（略称表記）,SUPPORTED,2026-09-30,
Batch 33 Wave 05,B33W5E0209,Career,C002630,organization_id,ORG000067,B33W5S0027,順位表 > クラブ「熊本ヴォルターズ」（略称「熊本」、club_detail TeamID=724）,公式順位表で略称とクラブ名・TeamIDの対応を確認,SUPPORTED,2026-09-30,
Batch 33 Wave 05,B33W5E0210,Career,C002630,start,2024,B33W5S0032,クラブ所属履歴 > 「2024-25 熊本」,所属履歴の最初のシーズン2024-25の開始年,SUPPORTED,2026-09-30,
Batch 33 Wave 05,B33W5E0211,Career,C002630,organization_id,ORG000067,B33W5S0030,選手一覧 > 熊本 > 澤邉 圭太,2026-27シーズンの公式選手一覧で現所属を確認,SUPPORTED,2026-09-30,
Batch 33 Wave 05,B33W5E0212,Person,P000553,name,ニモ 正義,B33W5S0033,基本情報 > 選手名,B.LEAGUE公式プロフィールで氏名を確認,SUPPORTED,2026-09-30,
Batch 33 Wave 05,B33W5E0213,Person,P000553,birth_date,2005-09-23,B33W5S0033,基本情報 > 生年月日：2005年9月23日,B.LEAGUE公式プロフィールで生年月日を確認,SUPPORTED,2026-09-30,
Batch 33 Wave 05,B33W5E0214,Career,C002631,organization_id,ORG000130,B33W5S0033,クラブ所属履歴 > 「2023-24 三河」,B.LEAGUE公式の所属履歴で在籍を確認（略称表記）,SUPPORTED,2026-09-30,
Batch 33 Wave 05,B33W5E0215,Career,C002631,organization_id,ORG000130,B33W5S0026,順位表 > クラブ「シーホース三河」（略称「三河」、club_detail TeamID=728）,公式順位表で略称とクラブ名・TeamIDの対応を確認,SUPPORTED,2026-09-30,
Batch 33 Wave 05,B33W5E0216,Career,C002631,start,2023,B33W5S0033,クラブ所属履歴 > 「2023-24 三河」,所属履歴の最初のシーズン2023-24の開始年,SUPPORTED,2026-09-30,
Batch 33 Wave 05,B33W5E0217,Career,C002631,end,2024,B33W5S0033,クラブ所属履歴 > 「2023-24 三河」,所属履歴の最後のシーズン2023-24の終了年,SUPPORTED,2026-09-30,
Batch 33 Wave 05,B33W5E0218,Career,C002632,organization_id,ORG000067,B33W5S0033,クラブ所属履歴 > 「2026-27 熊本」,B.LEAGUE公式の所属履歴で在籍を確認（略称表記）,SUPPORTED,2026-09-30,
Batch 33 Wave 05,B33W5E0219,Career,C002632,organization_id,ORG000067,B33W5S0008,順位表 > クラブ「熊本ヴォルターズ」（略称「熊本」、club_detail TeamID=724）,公式順位表で略称とクラブ名・TeamIDの対応を確認,SUPPORTED,2026-09-30,
Batch 33 Wave 05,B33W5E0220,Career,C002632,start,2026,B33W5S0033,クラブ所属履歴 > 「2026-27 熊本」,所属履歴の最初のシーズン2026-27の開始年,SUPPORTED,2026-09-30,
Batch 33 Wave 05,B33W5E0221,Career,C002632,organization_id,ORG000067,B33W5S0030,選手一覧 > 熊本 > ニモ 正義,2026-27シーズンの公式選手一覧で現所属を確認,SUPPORTED,2026-09-30,
Batch 33 Wave 05,B33W5E0222,Person,P000554,name,保坂 晃毅,B33W5S0034,基本情報 > 選手名,B.LEAGUE公式プロフィールで氏名を確認,SUPPORTED,2026-09-30,
Batch 33 Wave 05,B33W5E0223,Person,P000554,birth_date,2003-02-06,B33W5S0034,基本情報 > 生年月日：2003年2月6日,B.LEAGUE公式プロフィールで生年月日を確認,SUPPORTED,2026-09-30,
Batch 33 Wave 05,B33W5E0224,Career,C002633,organization_id,ORG000170,B33W5S0034,基本情報 > 出身校（高）：静岡県沼津私立飛龍高等学校,B.LEAGUE公式プロフィールで出身校（高）を確認,SUPPORTED,2026-09-30,
Batch 33 Wave 05,B33W5E0225,Career,C002634,organization_id,ORG000210,B33W5S0034,基本情報 > 出身校（大）：神奈川大学,B.LEAGUE公式プロフィールで出身校（大）を確認,SUPPORTED,2026-09-30,
Batch 33 Wave 05,B33W5E0226,Career,C002635,organization_id,ORG000067,B33W5S0034,クラブ所属履歴 > 「2024-25 熊本」〜「2026-27 熊本」,B.LEAGUE公式の所属履歴で在籍を確認（略称表記）,SUPPORTED,2026-09-30,
Batch 33 Wave 05,B33W5E0227,Career,C002635,organization_id,ORG000067,B33W5S0027,順位表 > クラブ「熊本ヴォルターズ」（略称「熊本」、club_detail TeamID=724）,公式順位表で略称とクラブ名・TeamIDの対応を確認,SUPPORTED,2026-09-30,
Batch 33 Wave 05,B33W5E0228,Career,C002635,start,2024,B33W5S0034,クラブ所属履歴 > 「2024-25 熊本」,所属履歴の最初のシーズン2024-25の開始年,SUPPORTED,2026-09-30,
Batch 33 Wave 05,B33W5E0229,Career,C002635,organization_id,ORG000067,B33W5S0030,選手一覧 > 熊本 > 保坂 晃毅,2026-27シーズンの公式選手一覧で現所属を確認,SUPPORTED,2026-09-30,
Batch 33 Wave 05,B33W5E0230,Person,P000555,name,山田 安斗夢,B33W5S0035,基本情報 > 選手名,B.LEAGUE公式プロフィールで氏名を確認,SUPPORTED,2026-09-30,
Batch 33 Wave 05,B33W5E0231,Person,P000555,birth_date,1998-02-21,B33W5S0035,基本情報 > 生年月日：1998年2月21日,B.LEAGUE公式プロフィールで生年月日を確認,SUPPORTED,2026-09-30,
Batch 33 Wave 05,B33W5E0232,Career,C002636,organization_id,ORG000470,B33W5S0035,基本情報 > 出身校（高）：鹿児島市立鹿児島商業高等学校,B.LEAGUE公式プロフィールで出身校（高）を確認,SUPPORTED,2026-09-30,
Batch 33 Wave 05,B33W5E0233,Career,C002637,organization_id,ORG000101,B33W5S0035,クラブ所属履歴 > 「2016-17 鹿児島」〜「2018-19 鹿児島」,B.LEAGUE公式の所属履歴で在籍を確認（略称表記）,SUPPORTED,2026-09-30,
Batch 33 Wave 05,B33W5E0234,Career,C002637,organization_id,ORG000101,B33W5S0011,順位表 > クラブ「鹿児島レブナイズ」（略称「鹿児島」、club_detail TeamID=725）,公式順位表で略称とクラブ名・TeamIDの対応を確認,SUPPORTED,2026-09-30,
Batch 33 Wave 05,B33W5E0235,Career,C002637,start,2016,B33W5S0035,クラブ所属履歴 > 「2016-17 鹿児島」,所属履歴の最初のシーズン2016-17の開始年,SUPPORTED,2026-09-30,
Batch 33 Wave 05,B33W5E0236,Career,C002637,end,2019,B33W5S0035,クラブ所属履歴 > 「2018-19 鹿児島」,所属履歴の最後のシーズン2018-19の終了年,SUPPORTED,2026-09-30,
Batch 33 Wave 05,B33W5E0237,Career,C002638,organization_id,ORG000102,B33W5S0035,クラブ所属履歴 > 「2018-19 東京CR」,B.LEAGUE公式の所属履歴で在籍を確認（略称表記）,SUPPORTED,2026-09-30,
Batch 33 Wave 05,B33W5E0238,Career,C002638,organization_id,ORG000102,B33W5S0036,順位表 > クラブ「東京サンレーヴス」（略称「東京CR」、club_detail TeamID=748）,公式順位表で略称とクラブ名・TeamIDの対応を確認,SUPPORTED,2026-09-30,
Batch 33 Wave 05,B33W5E0239,Career,C002638,start,2018,B33W5S0035,クラブ所属履歴 > 「2018-19 東京CR」,所属履歴の最初のシーズン2018-19の開始年,SUPPORTED,2026-09-30,
Batch 33 Wave 05,B33W5E0240,Career,C002638,end,2019,B33W5S0035,クラブ所属履歴 > 「2018-19 東京CR」,所属履歴の最後のシーズン2018-19の終了年,SUPPORTED,2026-09-30,
Batch 33 Wave 05,B33W5E0241,Career,C002639,organization_id,ORG000110,B33W5S0035,クラブ所属履歴 > 「2019-20 広島」,B.LEAGUE公式の所属履歴で在籍を確認（略称表記）,SUPPORTED,2026-09-30,
Batch 33 Wave 05,B33W5E0242,Career,C002639,organization_id,ORG000110,B33W5S0013,順位表 > クラブ「広島ドラゴンフライズ」（略称「広島」、club_detail TeamID=721）,公式順位表で略称とクラブ名・TeamIDの対応を確認,SUPPORTED,2026-09-30,
Batch 33 Wave 05,B33W5E0243,Career,C002639,start,2019,B33W5S0035,クラブ所属履歴 > 「2019-20 広島」,所属履歴の最初のシーズン2019-20の開始年,SUPPORTED,2026-09-30,
Batch 33 Wave 05,B33W5E0244,Career,C002639,end,2020,B33W5S0035,クラブ所属履歴 > 「2019-20 広島」,所属履歴の最後のシーズン2019-20の終了年,SUPPORTED,2026-09-30,
Batch 33 Wave 05,B33W5E0245,Career,C002640,organization_id,ORG000173,B33W5S0035,クラブ所属履歴 > 「2020-21 岩手」,B.LEAGUE公式の所属履歴で在籍を確認（略称表記）,SUPPORTED,2026-09-30,
Batch 33 Wave 05,B33W5E0246,Career,C002640,organization_id,ORG000173,B33W5S0037,順位表 > クラブ「岩手ビッグブルズ」（略称「岩手」、club_detail TeamID=709）,公式順位表で略称とクラブ名・TeamIDの対応を確認,SUPPORTED,2026-09-30,
Batch 33 Wave 05,B33W5E0247,Career,C002640,start,2020,B33W5S0035,クラブ所属履歴 > 「2020-21 岩手」,所属履歴の最初のシーズン2020-21の開始年,SUPPORTED,2026-09-30,
Batch 33 Wave 05,B33W5E0248,Career,C002640,end,2021,B33W5S0035,クラブ所属履歴 > 「2020-21 岩手」,所属履歴の最後のシーズン2020-21の終了年,SUPPORTED,2026-09-30,
Batch 33 Wave 05,B33W5E0249,Career,C002641,organization_id,ORG000100,B33W5S0035,クラブ所属履歴 > 「2021-22 山口」,B.LEAGUE公式の所属履歴で在籍を確認（略称表記）,SUPPORTED,2026-09-30,
Batch 33 Wave 05,B33W5E0250,Career,C002641,organization_id,ORG000100,B33W5S0038,順位表 > クラブ「山口ペイトリオッツ」（略称「山口」、club_detail TeamID=2487）,公式順位表で略称とクラブ名・TeamIDの対応を確認,SUPPORTED,2026-09-30,
Batch 33 Wave 05,B33W5E0251,Career,C002641,start,2021,B33W5S0035,クラブ所属履歴 > 「2021-22 山口」,所属履歴の最初のシーズン2021-22の開始年,SUPPORTED,2026-09-30,
Batch 33 Wave 05,B33W5E0252,Career,C002641,end,2022,B33W5S0035,クラブ所属履歴 > 「2021-22 山口」,所属履歴の最後のシーズン2021-22の終了年,SUPPORTED,2026-09-30,
Batch 33 Wave 05,B33W5E0253,Career,C002642,organization_id,ORG000227,B33W5S0035,クラブ所属履歴 > 「2022-23 静岡」〜「2023-24 静岡」,B.LEAGUE公式の所属履歴で在籍を確認（略称表記）,SUPPORTED,2026-09-30,
Batch 33 Wave 05,B33W5E0254,Career,C002642,organization_id,ORG000227,B33W5S0039,順位表 > クラブ「ベルテックス静岡」（略称「静岡」、club_detail TeamID=1637）,公式順位表で略称とクラブ名・TeamIDの対応を確認,SUPPORTED,2026-09-30,
Batch 33 Wave 05,B33W5E0255,Career,C002642,start,2022,B33W5S0035,クラブ所属履歴 > 「2022-23 静岡」,所属履歴の最初のシーズン2022-23の開始年,SUPPORTED,2026-09-30,
Batch 33 Wave 05,B33W5E0256,Career,C002642,end,2024,B33W5S0035,クラブ所属履歴 > 「2023-24 静岡」,所属履歴の最後のシーズン2023-24の終了年,SUPPORTED,2026-09-30,
Batch 33 Wave 05,B33W5E0257,Career,C002643,organization_id,ORG000067,B33W5S0035,クラブ所属履歴 > 「2024-25 熊本」〜「2026-27 熊本」,B.LEAGUE公式の所属履歴で在籍を確認（略称表記）,SUPPORTED,2026-09-30,
Batch 33 Wave 05,B33W5E0258,Career,C002643,organization_id,ORG000067,B33W5S0027,順位表 > クラブ「熊本ヴォルターズ」（略称「熊本」、club_detail TeamID=724）,公式順位表で略称とクラブ名・TeamIDの対応を確認,SUPPORTED,2026-09-30,
Batch 33 Wave 05,B33W5E0259,Career,C002643,start,2024,B33W5S0035,クラブ所属履歴 > 「2024-25 熊本」,所属履歴の最初のシーズン2024-25の開始年,SUPPORTED,2026-09-30,
Batch 33 Wave 05,B33W5E0260,Career,C002643,organization_id,ORG000067,B33W5S0030,選手一覧 > 熊本 > 山田 安斗夢,2026-27シーズンの公式選手一覧で現所属を確認,SUPPORTED,2026-09-30,
Batch 33 Wave 05,B33W5E0261,Person,P000556,name,山本 翔太,B33W5S0040,基本情報 > 選手名,B.LEAGUE公式プロフィールで氏名を確認,SUPPORTED,2026-09-30,
Batch 33 Wave 05,B33W5E0262,Person,P000556,birth_date,1999-10-19,B33W5S0040,基本情報 > 生年月日：1999年10月19日,B.LEAGUE公式プロフィールで生年月日を確認,SUPPORTED,2026-09-30,
Batch 33 Wave 05,B33W5E0263,Career,C002644,organization_id,ORG000471,B33W5S0040,基本情報 > 出身校（高）：日本大学山形高等学校,B.LEAGUE公式プロフィールで出身校（高）を確認,SUPPORTED,2026-09-30,
Batch 33 Wave 05,B33W5E0264,Career,C002645,organization_id,ORG000018,B33W5S0040,基本情報 > 出身校（大）：専修大学,B.LEAGUE公式プロフィールで出身校（大）を確認,SUPPORTED,2026-09-30,
Batch 33 Wave 05,B33W5E0265,Career,C002646,organization_id,ORG000067,B33W5S0040,クラブ所属履歴 > 「2022-23 熊本」〜「2026-27 熊本」,B.LEAGUE公式の所属履歴で在籍を確認（略称表記）,SUPPORTED,2026-09-30,
Batch 33 Wave 05,B33W5E0266,Career,C002646,organization_id,ORG000067,B33W5S0005,順位表 > クラブ「熊本ヴォルターズ」（略称「熊本」、club_detail TeamID=724）,公式順位表で略称とクラブ名・TeamIDの対応を確認,SUPPORTED,2026-09-30,
Batch 33 Wave 05,B33W5E0267,Career,C002646,start,2022,B33W5S0040,クラブ所属履歴 > 「2022-23 熊本」,所属履歴の最初のシーズン2022-23の開始年,SUPPORTED,2026-09-30,
Batch 33 Wave 05,B33W5E0268,Career,C002646,organization_id,ORG000067,B33W5S0030,選手一覧 > 熊本 > 山本 翔太,2026-27シーズンの公式選手一覧で現所属を確認,SUPPORTED,2026-09-30,
Batch 33 Wave 05,B33W5E0269,Person,P000557,name,マシュー・アキノ,B33W5S0041,基本情報 > 選手名,B.LEAGUE公式プロフィールで氏名を確認,SUPPORTED,2026-09-30,
Batch 33 Wave 05,B33W5E0270,Person,P000557,birth_date,1996-09-28,B33W5S0041,基本情報 > 生年月日：1996年9月28日,B.LEAGUE公式プロフィールで生年月日を確認,SUPPORTED,2026-09-30,
Batch 33 Wave 05,B33W5E0271,Career,C002647,organization_id,ORG000472,B33W5S0041,基本情報 > 出身校（高）：ルーデス スクール オブ マンダルヨン( LSM ),B.LEAGUE公式プロフィールで出身校（高）を確認,SUPPORTED,2026-09-30,
Batch 33 Wave 05,B33W5E0272,Career,C002648,organization_id,ORG000473,B33W5S0041,基本情報 > 出身校（大）：ナショナルユニバーシティ,B.LEAGUE公式プロフィールで出身校（大）を確認,SUPPORTED,2026-09-30,
Batch 33 Wave 05,B33W5E0273,Career,C002649,organization_id,ORG000150,B33W5S0041,クラブ所属履歴 > 「2021-22 信州」〜「2023-24 信州」,B.LEAGUE公式の所属履歴で在籍を確認（略称表記）,SUPPORTED,2026-09-30,
Batch 33 Wave 05,B33W5E0274,Career,C002649,organization_id,ORG000150,B33W5S0004,順位表 > クラブ「信州ブレイブウォリアーズ」（略称「信州」、club_detail TeamID=716）,公式順位表で略称とクラブ名・TeamIDの対応を確認,SUPPORTED,2026-09-30,
Batch 33 Wave 05,B33W5E0275,Career,C002649,start,2021,B33W5S0041,クラブ所属履歴 > 「2021-22 信州」,所属履歴の最初のシーズン2021-22の開始年,SUPPORTED,2026-09-30,
Batch 33 Wave 05,B33W5E0276,Career,C002649,end,2024,B33W5S0041,クラブ所属履歴 > 「2023-24 信州」,所属履歴の最後のシーズン2023-24の終了年,SUPPORTED,2026-09-30,
Batch 33 Wave 05,B33W5E0277,Career,C002650,organization_id,ORG000143,B33W5S0041,クラブ所属履歴 > 「2024-25 群馬」,B.LEAGUE公式の所属履歴で在籍を確認（略称表記）,SUPPORTED,2026-09-30,
Batch 33 Wave 05,B33W5E0278,Career,C002650,organization_id,ORG000143,B33W5S0042,順位表 > クラブ「群馬クレインサンダーズ」（略称「群馬」、club_detail TeamID=713）,公式順位表で略称とクラブ名・TeamIDの対応を確認,SUPPORTED,2026-09-30,
Batch 33 Wave 05,B33W5E0279,Career,C002650,start,2024,B33W5S0041,クラブ所属履歴 > 「2024-25 群馬」,所属履歴の最初のシーズン2024-25の開始年,SUPPORTED,2026-09-30,
Batch 33 Wave 05,B33W5E0280,Career,C002650,end,2025,B33W5S0041,クラブ所属履歴 > 「2024-25 群馬」,所属履歴の最後のシーズン2024-25の終了年,SUPPORTED,2026-09-30,
Batch 33 Wave 05,B33W5E0281,Career,C002651,organization_id,ORG000149,B33W5S0041,クラブ所属履歴 > 「2024-25 富山」〜「2025-26 富山」,B.LEAGUE公式の所属履歴で在籍を確認（略称表記）,SUPPORTED,2026-09-30,
Batch 33 Wave 05,B33W5E0282,Career,C002651,organization_id,ORG000149,B33W5S0027,順位表 > クラブ「富山グラウジーズ」（略称「富山」、club_detail TeamID=696）,公式順位表で略称とクラブ名・TeamIDの対応を確認,SUPPORTED,2026-09-30,
Batch 33 Wave 05,B33W5E0283,Career,C002651,start,2024,B33W5S0041,クラブ所属履歴 > 「2024-25 富山」,所属履歴の最初のシーズン2024-25の開始年,SUPPORTED,2026-09-30,
Batch 33 Wave 05,B33W5E0284,Career,C002651,end,2026,B33W5S0041,クラブ所属履歴 > 「2025-26 富山」,所属履歴の最後のシーズン2025-26の終了年,SUPPORTED,2026-09-30,
Batch 33 Wave 05,B33W5E0285,Career,C002652,organization_id,ORG000101,B33W5S0041,クラブ所属履歴 > 「2026-27 鹿児島」,B.LEAGUE公式の所属履歴で在籍を確認（略称表記）,SUPPORTED,2026-09-30,
Batch 33 Wave 05,B33W5E0286,Career,C002652,organization_id,ORG000101,B33W5S0008,順位表 > クラブ「鹿児島レブナイズ」（略称「鹿児島」、club_detail TeamID=725）,公式順位表で略称とクラブ名・TeamIDの対応を確認,SUPPORTED,2026-09-30,
Batch 33 Wave 05,B33W5E0287,Career,C002652,start,2026,B33W5S0041,クラブ所属履歴 > 「2026-27 鹿児島」,所属履歴の最初のシーズン2026-27の開始年,SUPPORTED,2026-09-30,
Batch 33 Wave 05,B33W5E0288,Career,C002652,organization_id,ORG000101,B33W5S0043,選手一覧 > 鹿児島 > マシュー・アキノ,2026-27シーズンの公式選手一覧で現所属を確認,SUPPORTED,2026-09-30,
Batch 33 Wave 05,B33W5E0289,Person,P000558,name,飴谷 由毅,B33W5S0044,基本情報 > 選手名,B.LEAGUE公式プロフィールで氏名を確認,SUPPORTED,2026-09-30,
Batch 33 Wave 05,B33W5E0290,Person,P000558,birth_date,1999-03-16,B33W5S0044,基本情報 > 生年月日：1999年3月16日,B.LEAGUE公式プロフィールで生年月日を確認,SUPPORTED,2026-09-30,
Batch 33 Wave 05,B33W5E0291,Career,C002653,organization_id,ORG000474,B33W5S0044,基本情報 > 出身校（高）：富山県立富山工業高等学校,B.LEAGUE公式プロフィールで出身校（高）を確認,SUPPORTED,2026-09-30,
Batch 33 Wave 05,B33W5E0292,Career,C002654,organization_id,ORG000128,B33W5S0044,基本情報 > 出身校（大）：大東文化大学,B.LEAGUE公式プロフィールで出身校（大）を確認,SUPPORTED,2026-09-30,
Batch 33 Wave 05,B33W5E0293,Career,C002655,organization_id,ORG000149,B33W5S0044,クラブ所属履歴 > 「2019-20 富山」〜「2022-23 富山」,B.LEAGUE公式の所属履歴で在籍を確認（略称表記）,SUPPORTED,2026-09-30,
Batch 33 Wave 05,B33W5E0294,Career,C002655,organization_id,ORG000149,B33W5S0024,順位表 > クラブ「富山グラウジーズ」（略称「富山」、club_detail TeamID=696）,公式順位表で略称とクラブ名・TeamIDの対応を確認,SUPPORTED,2026-09-30,
Batch 33 Wave 05,B33W5E0295,Career,C002655,start,2019,B33W5S0044,クラブ所属履歴 > 「2019-20 富山」,所属履歴の最初のシーズン2019-20の開始年,SUPPORTED,2026-09-30,
Batch 33 Wave 05,B33W5E0296,Career,C002655,end,2023,B33W5S0044,クラブ所属履歴 > 「2022-23 富山」,所属履歴の最後のシーズン2022-23の終了年,SUPPORTED,2026-09-30,
Batch 33 Wave 05,B33W5E0297,Career,C002656,organization_id,ORG000115,B33W5S0044,クラブ所属履歴 > 「2023-24 立川」,B.LEAGUE公式の所属履歴で在籍を確認（略称表記）,SUPPORTED,2026-09-30,
Batch 33 Wave 05,B33W5E0298,Career,C002656,organization_id,ORG000115,B33W5S0045,順位表 > クラブ「立川ダイス」（略称「立川」、club_detail TeamID=2727）,公式順位表で略称とクラブ名・TeamIDの対応を確認,SUPPORTED,2026-09-30,
Batch 33 Wave 05,B33W5E0299,Career,C002656,start,2023,B33W5S0044,クラブ所属履歴 > 「2023-24 立川」,所属履歴の最初のシーズン2023-24の開始年,SUPPORTED,2026-09-30,
Batch 33 Wave 05,B33W5E0300,Career,C002656,end,2024,B33W5S0044,クラブ所属履歴 > 「2023-24 立川」,所属履歴の最後のシーズン2023-24の終了年,SUPPORTED,2026-09-30,
Batch 33 Wave 05,B33W5E0301,Career,C002657,organization_id,ORG000101,B33W5S0044,クラブ所属履歴 > 「2024-25 鹿児島」〜「2026-27 鹿児島」,B.LEAGUE公式の所属履歴で在籍を確認（略称表記）,SUPPORTED,2026-09-30,
Batch 33 Wave 05,B33W5E0302,Career,C002657,organization_id,ORG000101,B33W5S0027,順位表 > クラブ「鹿児島レブナイズ」（略称「鹿児島」、club_detail TeamID=725）,公式順位表で略称とクラブ名・TeamIDの対応を確認,SUPPORTED,2026-09-30,
Batch 33 Wave 05,B33W5E0303,Career,C002657,start,2024,B33W5S0044,クラブ所属履歴 > 「2024-25 鹿児島」,所属履歴の最初のシーズン2024-25の開始年,SUPPORTED,2026-09-30,
Batch 33 Wave 05,B33W5E0304,Career,C002657,organization_id,ORG000101,B33W5S0043,選手一覧 > 鹿児島 > 飴谷 由毅,2026-27シーズンの公式選手一覧で現所属を確認,SUPPORTED,2026-09-30,
Batch 33 Wave 05,B33W5E0305,Person,P000559,name,市川 真人,B33W5S0046,基本情報 > 選手名,B.LEAGUE公式プロフィールで氏名を確認,SUPPORTED,2026-09-30,
Batch 33 Wave 05,B33W5E0306,Person,P000559,birth_date,2001-09-20,B33W5S0046,基本情報 > 生年月日：2001年9月20日,B.LEAGUE公式プロフィールで生年月日を確認,SUPPORTED,2026-09-30,
Batch 33 Wave 05,B33W5E0307,Career,C002658,organization_id,ORG000357,B33W5S0046,基本情報 > 出身校（高）：静岡学園高等学校,B.LEAGUE公式プロフィールで出身校（高）を確認,SUPPORTED,2026-09-30,
Batch 33 Wave 05,B33W5E0308,Career,C002659,organization_id,ORG000208,B33W5S0046,基本情報 > 出身校（大）：白鴎大学,B.LEAGUE公式プロフィールで出身校（大）を確認,SUPPORTED,2026-09-30,
Batch 33 Wave 05,B33W5E0309,Career,C002660,organization_id,ORG000227,B33W5S0046,クラブ所属履歴 > 「2023-24 静岡」,B.LEAGUE公式の所属履歴で在籍を確認（略称表記）,SUPPORTED,2026-09-30,
Batch 33 Wave 05,B33W5E0310,Career,C002660,organization_id,ORG000227,B33W5S0006,順位表 > クラブ「ベルテックス静岡」（略称「静岡」、club_detail TeamID=1637）,公式順位表で略称とクラブ名・TeamIDの対応を確認,SUPPORTED,2026-09-30,
Batch 33 Wave 05,B33W5E0311,Career,C002660,start,2023,B33W5S0046,クラブ所属履歴 > 「2023-24 静岡」,所属履歴の最初のシーズン2023-24の開始年,SUPPORTED,2026-09-30,
Batch 33 Wave 05,B33W5E0312,Career,C002660,end,2024,B33W5S0046,クラブ所属履歴 > 「2023-24 静岡」,所属履歴の最後のシーズン2023-24の終了年,SUPPORTED,2026-09-30,
Batch 33 Wave 05,B33W5E0313,Career,C002661,organization_id,ORG000110,B33W5S0046,クラブ所属履歴 > 「2024-25 広島」〜「2025-26 広島」,B.LEAGUE公式の所属履歴で在籍を確認（略称表記）,SUPPORTED,2026-09-30,
Batch 33 Wave 05,B33W5E0314,Career,C002661,organization_id,ORG000110,B33W5S0042,順位表 > クラブ「広島ドラゴンフライズ」（略称「広島」、club_detail TeamID=721）,公式順位表で略称とクラブ名・TeamIDの対応を確認,SUPPORTED,2026-09-30,
Batch 33 Wave 05,B33W5E0315,Career,C002661,start,2024,B33W5S0046,クラブ所属履歴 > 「2024-25 広島」,所属履歴の最初のシーズン2024-25の開始年,SUPPORTED,2026-09-30,
Batch 33 Wave 05,B33W5E0316,Career,C002661,end,2026,B33W5S0046,クラブ所属履歴 > 「2025-26 広島」,所属履歴の最後のシーズン2025-26の終了年,SUPPORTED,2026-09-30,
Batch 33 Wave 05,B33W5E0317,Career,C002662,organization_id,ORG000101,B33W5S0046,クラブ所属履歴 > 「2026-27 鹿児島」,B.LEAGUE公式の所属履歴で在籍を確認（略称表記）,SUPPORTED,2026-09-30,
Batch 33 Wave 05,B33W5E0318,Career,C002662,organization_id,ORG000101,B33W5S0008,順位表 > クラブ「鹿児島レブナイズ」（略称「鹿児島」、club_detail TeamID=725）,公式順位表で略称とクラブ名・TeamIDの対応を確認,SUPPORTED,2026-09-30,
Batch 33 Wave 05,B33W5E0319,Career,C002662,start,2026,B33W5S0046,クラブ所属履歴 > 「2026-27 鹿児島」,所属履歴の最初のシーズン2026-27の開始年,SUPPORTED,2026-09-30,
Batch 33 Wave 05,B33W5E0320,Career,C002662,organization_id,ORG000101,B33W5S0043,選手一覧 > 鹿児島 > 市川 真人,2026-27シーズンの公式選手一覧で現所属を確認,SUPPORTED,2026-09-30,
Batch 33 Wave 05,B33W5E0321,Person,P000560,name,佐藤 星来,B33W5S0047,基本情報 > 選手名,B.LEAGUE公式プロフィールで氏名を確認,SUPPORTED,2026-09-30,
Batch 33 Wave 05,B33W5E0322,Person,P000560,birth_date,2002-08-11,B33W5S0047,基本情報 > 生年月日：2002年8月11日,B.LEAGUE公式プロフィールで生年月日を確認,SUPPORTED,2026-09-30,
Batch 33 Wave 05,B33W5E0323,Career,C002663,organization_id,ORG000475,B33W5S0047,基本情報 > 出身校（高）：高知中央高等学校,B.LEAGUE公式プロフィールで出身校（高）を確認,SUPPORTED,2026-09-30,
Batch 33 Wave 05,B33W5E0324,Career,C002664,organization_id,ORG000247,B33W5S0047,基本情報 > 出身校（大）：東洋大学,B.LEAGUE公式プロフィールで出身校（大）を確認,SUPPORTED,2026-09-30,
Batch 33 Wave 05,B33W5E0325,Career,C002665,organization_id,ORG000202,B33W5S0047,クラブ所属履歴 > 「2024-25 福島」,B.LEAGUE公式の所属履歴で在籍を確認（略称表記）,SUPPORTED,2026-09-30,
Batch 33 Wave 05,B33W5E0326,Career,C002665,organization_id,ORG000202,B33W5S0027,順位表 > クラブ「福島ファイヤーボンズ」（略称「福島」、club_detail TeamID=711）,公式順位表で略称とクラブ名・TeamIDの対応を確認,SUPPORTED,2026-09-30,
Batch 33 Wave 05,B33W5E0327,Career,C002665,start,2024,B33W5S0047,クラブ所属履歴 > 「2024-25 福島」,所属履歴の最初のシーズン2024-25の開始年,SUPPORTED,2026-09-30,
Batch 33 Wave 05,B33W5E0328,Career,C002665,end,2025,B33W5S0047,クラブ所属履歴 > 「2024-25 福島」,所属履歴の最後のシーズン2024-25の終了年,SUPPORTED,2026-09-30,
Batch 33 Wave 05,B33W5E0329,Career,C002666,organization_id,ORG000101,B33W5S0047,クラブ所属履歴 > 「2025-26 鹿児島」〜「2026-27 鹿児島」,B.LEAGUE公式の所属履歴で在籍を確認（略称表記）,SUPPORTED,2026-09-30,
Batch 33 Wave 05,B33W5E0330,Career,C002666,organization_id,ORG000101,B33W5S0015,順位表 > クラブ「鹿児島レブナイズ」（略称「鹿児島」、club_detail TeamID=725）,公式順位表で略称とクラブ名・TeamIDの対応を確認,SUPPORTED,2026-09-30,
Batch 33 Wave 05,B33W5E0331,Career,C002666,start,2025,B33W5S0047,クラブ所属履歴 > 「2025-26 鹿児島」,所属履歴の最初のシーズン2025-26の開始年,SUPPORTED,2026-09-30,
Batch 33 Wave 05,B33W5E0332,Career,C002666,organization_id,ORG000101,B33W5S0043,選手一覧 > 鹿児島 > 佐藤 星来,2026-27シーズンの公式選手一覧で現所属を確認,SUPPORTED,2026-09-30,
Batch 33 Wave 05,B33W5E0333,Person,P000561,name,藤田 浩司,B33W5S0048,基本情報 > 選手名,B.LEAGUE公式プロフィールで氏名を確認,SUPPORTED,2026-09-30,
Batch 33 Wave 05,B33W5E0334,Person,P000561,birth_date,1992-10-23,B33W5S0048,基本情報 > 生年月日：1992年10月23日,B.LEAGUE公式プロフィールで生年月日を確認,SUPPORTED,2026-09-30,
Batch 33 Wave 05,B33W5E0335,Career,C002667,organization_id,ORG000476,B33W5S0048,基本情報 > 出身校（高）：大分県立大分豊府高等学校,B.LEAGUE公式プロフィールで出身校（高）を確認,SUPPORTED,2026-09-30,
Batch 33 Wave 05,B33W5E0336,Career,C002668,organization_id,ORG000328,B33W5S0048,基本情報 > 出身校（大）：九州共立大学,B.LEAGUE公式プロフィールで出身校（大）を確認,SUPPORTED,2026-09-30,
Batch 33 Wave 05,B33W5E0337,Career,C002669,organization_id,ORG000101,B33W5S0048,クラブ所属履歴 > 「2016-17 鹿児島」,B.LEAGUE公式の所属履歴で在籍を確認（略称表記）,SUPPORTED,2026-09-30,
Batch 33 Wave 05,B33W5E0338,Career,C002669,organization_id,ORG000101,B33W5S0011,順位表 > クラブ「鹿児島レブナイズ」（略称「鹿児島」、club_detail TeamID=725）,公式順位表で略称とクラブ名・TeamIDの対応を確認,SUPPORTED,2026-09-30,
Batch 33 Wave 05,B33W5E0339,Career,C002669,start,2016,B33W5S0048,クラブ所属履歴 > 「2016-17 鹿児島」,所属履歴の最初のシーズン2016-17の開始年,SUPPORTED,2026-09-30,
Batch 33 Wave 05,B33W5E0340,Career,C002669,end,2017,B33W5S0048,クラブ所属履歴 > 「2016-17 鹿児島」,所属履歴の最後のシーズン2016-17の終了年,SUPPORTED,2026-09-30,
Batch 33 Wave 05,B33W5E0341,Career,C002670,organization_id,ORG000132,B33W5S0048,クラブ所属履歴 > 「2017-18 仙台」,B.LEAGUE公式の所属履歴で在籍を確認（略称表記）,SUPPORTED,2026-09-30,
Batch 33 Wave 05,B33W5E0342,Career,C002670,organization_id,ORG000132,B33W5S0049,順位表 > クラブ「仙台89ERS」（略称「仙台」、club_detail TeamID=692）,公式順位表で略称とクラブ名・TeamIDの対応を確認,SUPPORTED,2026-09-30,
Batch 33 Wave 05,B33W5E0343,Career,C002670,start,2017,B33W5S0048,クラブ所属履歴 > 「2017-18 仙台」,所属履歴の最初のシーズン2017-18の開始年,SUPPORTED,2026-09-30,
Batch 33 Wave 05,B33W5E0344,Career,C002670,end,2018,B33W5S0048,クラブ所属履歴 > 「2017-18 仙台」,所属履歴の最後のシーズン2017-18の終了年,SUPPORTED,2026-09-30,
Batch 33 Wave 05,B33W5E0345,Career,C002671,organization_id,ORG000091,B33W5S0048,クラブ所属履歴 > 「2018-19 愛媛」,B.LEAGUE公式の所属履歴で在籍を確認（略称表記）,SUPPORTED,2026-09-30,
Batch 33 Wave 05,B33W5E0346,Career,C002671,organization_id,ORG000091,B33W5S0012,順位表 > クラブ「愛媛オレンジバイキングス」（略称「愛媛」、club_detail TeamID=723）,公式順位表で略称とクラブ名・TeamIDの対応を確認,SUPPORTED,2026-09-30,
Batch 33 Wave 05,B33W5E0347,Career,C002671,start,2018,B33W5S0048,クラブ所属履歴 > 「2018-19 愛媛」,所属履歴の最初のシーズン2018-19の開始年,SUPPORTED,2026-09-30,
Batch 33 Wave 05,B33W5E0348,Career,C002671,end,2019,B33W5S0048,クラブ所属履歴 > 「2018-19 愛媛」,所属履歴の最後のシーズン2018-19の終了年,SUPPORTED,2026-09-30,
Batch 33 Wave 05,B33W5E0349,Career,C002672,organization_id,ORG000101,B33W5S0048,クラブ所属履歴 > 「2019-20 鹿児島」〜「2026-27 鹿児島」,B.LEAGUE公式の所属履歴で在籍を確認（略称表記）,SUPPORTED,2026-09-30,
Batch 33 Wave 05,B33W5E0350,Career,C002672,organization_id,ORG000101,B33W5S0050,順位表 > クラブ「鹿児島レブナイズ」（略称「鹿児島」、club_detail TeamID=725）,公式順位表で略称とクラブ名・TeamIDの対応を確認,SUPPORTED,2026-09-30,
Batch 33 Wave 05,B33W5E0351,Career,C002672,start,2019,B33W5S0048,クラブ所属履歴 > 「2019-20 鹿児島」,所属履歴の最初のシーズン2019-20の開始年,SUPPORTED,2026-09-30,
Batch 33 Wave 05,B33W5E0352,Career,C002672,organization_id,ORG000101,B33W5S0043,選手一覧 > 鹿児島 > 藤田 浩司,2026-27シーズンの公式選手一覧で現所属を確認,SUPPORTED,2026-09-30,
Batch 33 Wave 05,B33W5E0353,Person,P000562,name,藤本 巧太,B33W5S0051,基本情報 > 選手名,B.LEAGUE公式プロフィールで氏名を確認,SUPPORTED,2026-09-30,
Batch 33 Wave 05,B33W5E0354,Person,P000562,birth_date,1998-06-28,B33W5S0051,基本情報 > 生年月日：1998年6月28日,B.LEAGUE公式プロフィールで生年月日を確認,SUPPORTED,2026-09-30,
Batch 33 Wave 05,B33W5E0355,Career,C002673,organization_id,ORG000477,B33W5S0051,基本情報 > 出身校（高）：育英高等学校,B.LEAGUE公式プロフィールで出身校（高）を確認,SUPPORTED,2026-09-30,
Batch 33 Wave 05,B33W5E0356,Career,C002674,organization_id,ORG000340,B33W5S0051,基本情報 > 出身校（大）：大阪体育大学,B.LEAGUE公式プロフィールで出身校（大）を確認,SUPPORTED,2026-09-30,
Batch 33 Wave 05,B33W5E0357,Career,C002675,organization_id,ORG000142,B33W5S0051,クラブ所属履歴 > 「2020-21 大阪」,B.LEAGUE公式の所属履歴で在籍を確認（略称表記）,SUPPORTED,2026-09-30,
Batch 33 Wave 05,B33W5E0358,Career,C002675,organization_id,ORG000142,B33W5S0003,順位表 > クラブ「大阪エヴェッサ」（略称「大阪」、club_detail TeamID=700）,公式順位表で略称とクラブ名・TeamIDの対応を確認,SUPPORTED,2026-09-30,
Batch 33 Wave 05,B33W5E0359,Career,C002675,start,2020,B33W5S0051,クラブ所属履歴 > 「2020-21 大阪」,所属履歴の最初のシーズン2020-21の開始年,SUPPORTED,2026-09-30,
Batch 33 Wave 05,B33W5E0360,Career,C002675,end,2021,B33W5S0051,クラブ所属履歴 > 「2020-21 大阪」,所属履歴の最後のシーズン2020-21の終了年,SUPPORTED,2026-09-30,
Batch 33 Wave 05,B33W5E0361,Career,C002676,organization_id,ORG000144,B33W5S0051,クラブ所属履歴 > 「2022-23 A千葉」,B.LEAGUE公式の所属履歴で在籍を確認（略称表記）,SUPPORTED,2026-09-30,
Batch 33 Wave 05,B33W5E0362,Career,C002676,organization_id,ORG000144,B33W5S0005,順位表 > クラブ「アルティーリ千葉」（略称「A千葉」、club_detail TeamID=2486）,公式順位表で略称とクラブ名・TeamIDの対応を確認,SUPPORTED,2026-09-30,
Batch 33 Wave 05,B33W5E0363,Career,C002676,start,2022,B33W5S0051,クラブ所属履歴 > 「2022-23 A千葉」,所属履歴の最初のシーズン2022-23の開始年,SUPPORTED,2026-09-30,
Batch 33 Wave 05,B33W5E0364,Career,C002676,end,2023,B33W5S0051,クラブ所属履歴 > 「2022-23 A千葉」,所属履歴の最後のシーズン2022-23の終了年,SUPPORTED,2026-09-30,
Batch 33 Wave 05,B33W5E0365,Career,C002677,organization_id,ORG000101,B33W5S0051,クラブ所属履歴 > 「2024-25 鹿児島」〜「2026-27 鹿児島」,B.LEAGUE公式の所属履歴で在籍を確認（略称表記）,SUPPORTED,2026-09-30,
Batch 33 Wave 05,B33W5E0366,Career,C002677,organization_id,ORG000101,B33W5S0027,順位表 > クラブ「鹿児島レブナイズ」（略称「鹿児島」、club_detail TeamID=725）,公式順位表で略称とクラブ名・TeamIDの対応を確認,SUPPORTED,2026-09-30,
Batch 33 Wave 05,B33W5E0367,Career,C002677,start,2024,B33W5S0051,クラブ所属履歴 > 「2024-25 鹿児島」,所属履歴の最初のシーズン2024-25の開始年,SUPPORTED,2026-09-30,
Batch 33 Wave 05,B33W5E0368,Career,C002677,organization_id,ORG000101,B33W5S0043,選手一覧 > 鹿児島 > 藤本 巧太,2026-27シーズンの公式選手一覧で現所属を確認,SUPPORTED,2026-09-30,
Batch 33 Wave 05,B33W5E0369,Person,P000563,name,細谷 将司,B33W5S0052,基本情報 > 選手名,B.LEAGUE公式プロフィールで氏名を確認,SUPPORTED,2026-09-30,
Batch 33 Wave 05,B33W5E0370,Person,P000563,birth_date,1989-10-02,B33W5S0052,基本情報 > 生年月日：1989年10月2日,B.LEAGUE公式プロフィールで生年月日を確認,SUPPORTED,2026-09-30,
Batch 33 Wave 05,B33W5E0371,Career,C002678,organization_id,ORG000478,B33W5S0052,基本情報 > 出身校（高）：神奈川県立秦野南が丘高等学校(現・神奈川県立秦野総合高等学校),B.LEAGUE公式プロフィールで出身校（高）を確認,SUPPORTED,2026-09-30,プロフィール上の表記は「神奈川県立秦野南が丘高等学校(現・神奈川県立秦野総合高等学校)」
Batch 33 Wave 05,B33W5E0372,Career,C002679,organization_id,ORG000236,B33W5S0052,基本情報 > 出身校（大）：関東学院大学,B.LEAGUE公式プロフィールで出身校（大）を確認,SUPPORTED,2026-09-30,
Batch 33 Wave 05,B33W5E0373,Career,C002680,organization_id,ORG000055,B33W5S0052,クラブ所属履歴 > 「2016-17 横浜」〜「2018-19 横浜」,B.LEAGUE公式の所属履歴で在籍を確認（略称表記）,SUPPORTED,2026-09-30,
Batch 33 Wave 05,B33W5E0374,Career,C002680,organization_id,ORG000055,B33W5S0017,順位表 > クラブ「横浜ビー・コルセアーズ」（略称「横浜」、club_detail TeamID=694）,公式順位表で略称とクラブ名・TeamIDの対応を確認,SUPPORTED,2026-09-30,
Batch 33 Wave 05,B33W5E0375,Career,C002680,start,2016,B33W5S0052,クラブ所属履歴 > 「2016-17 横浜」,所属履歴の最初のシーズン2016-17の開始年,SUPPORTED,2026-09-30,
Batch 33 Wave 05,B33W5E0376,Career,C002680,end,2019,B33W5S0052,クラブ所属履歴 > 「2018-19 横浜」,所属履歴の最後のシーズン2018-19の終了年,SUPPORTED,2026-09-30,
Batch 33 Wave 05,B33W5E0377,Career,C002681,organization_id,ORG000137,B33W5S0052,クラブ所属履歴 > 「2019-20 秋田」〜「2020-21 秋田」,B.LEAGUE公式の所属履歴で在籍を確認（略称表記）,SUPPORTED,2026-09-30,
Batch 33 Wave 05,B33W5E0378,Career,C002681,organization_id,ORG000137,B33W5S0024,順位表 > クラブ「秋田ノーザンハピネッツ」（略称「秋田」、club_detail TeamID=693）,公式順位表で略称とクラブ名・TeamIDの対応を確認,SUPPORTED,2026-09-30,
Batch 33 Wave 05,B33W5E0379,Career,C002681,start,2019,B33W5S0052,クラブ所属履歴 > 「2019-20 秋田」,所属履歴の最初のシーズン2019-20の開始年,SUPPORTED,2026-09-30,
Batch 33 Wave 05,B33W5E0380,Career,C002681,end,2021,B33W5S0052,クラブ所属履歴 > 「2020-21 秋田」,所属履歴の最後のシーズン2020-21の終了年,SUPPORTED,2026-09-30,
Batch 33 Wave 05,B33W5E0381,Career,C002682,organization_id,ORG000130,B33W5S0052,クラブ所属履歴 > 「2021-22 三河」〜「2022-23 三河」,B.LEAGUE公式の所属履歴で在籍を確認（略称表記）,SUPPORTED,2026-09-30,
Batch 33 Wave 05,B33W5E0382,Career,C002682,organization_id,ORG000130,B33W5S0004,順位表 > クラブ「シーホース三河」（略称「三河」、club_detail TeamID=728）,公式順位表で略称とクラブ名・TeamIDの対応を確認,SUPPORTED,2026-09-30,
Batch 33 Wave 05,B33W5E0383,Career,C002682,start,2021,B33W5S0052,クラブ所属履歴 > 「2021-22 三河」,所属履歴の最初のシーズン2021-22の開始年,SUPPORTED,2026-09-30,
Batch 33 Wave 05,B33W5E0384,Career,C002682,end,2023,B33W5S0052,クラブ所属履歴 > 「2022-23 三河」,所属履歴の最後のシーズン2022-23の終了年,SUPPORTED,2026-09-30,
Batch 33 Wave 05,B33W5E0385,Career,C002683,organization_id,ORG000200,B33W5S0052,クラブ所属履歴 > 「2023-24 福井」〜「2025-26 福井」,B.LEAGUE公式の所属履歴で在籍を確認（略称表記）,SUPPORTED,2026-09-30,
Batch 33 Wave 05,B33W5E0386,Career,C002683,organization_id,ORG000200,B33W5S0045,順位表 > クラブ「福井ブローウィンズ」（略称「福井」、club_detail TeamID=2891）,公式順位表で略称とクラブ名・TeamIDの対応を確認,SUPPORTED,2026-09-30,
Batch 33 Wave 05,B33W5E0387,Career,C002683,start,2023,B33W5S0052,クラブ所属履歴 > 「2023-24 福井」,所属履歴の最初のシーズン2023-24の開始年,SUPPORTED,2026-09-30,
Batch 33 Wave 05,B33W5E0388,Career,C002683,end,2026,B33W5S0052,クラブ所属履歴 > 「2025-26 福井」,所属履歴の最後のシーズン2025-26の終了年,SUPPORTED,2026-09-30,
Batch 33 Wave 05,B33W5E0389,Career,C002684,organization_id,ORG000101,B33W5S0052,クラブ所属履歴 > 「2026-27 鹿児島」,B.LEAGUE公式の所属履歴で在籍を確認（略称表記）,SUPPORTED,2026-09-30,
Batch 33 Wave 05,B33W5E0390,Career,C002684,organization_id,ORG000101,B33W5S0008,順位表 > クラブ「鹿児島レブナイズ」（略称「鹿児島」、club_detail TeamID=725）,公式順位表で略称とクラブ名・TeamIDの対応を確認,SUPPORTED,2026-09-30,
Batch 33 Wave 05,B33W5E0391,Career,C002684,start,2026,B33W5S0052,クラブ所属履歴 > 「2026-27 鹿児島」,所属履歴の最初のシーズン2026-27の開始年,SUPPORTED,2026-09-30,
Batch 33 Wave 05,B33W5E0392,Career,C002684,organization_id,ORG000101,B33W5S0043,選手一覧 > 鹿児島 > 細谷 将司,2026-27シーズンの公式選手一覧で現所属を確認,SUPPORTED,2026-09-30,
