verified_batch,record_id,entity_type,entity_id,field_name,candidate_value,source_id,source_locator,evidence_summary,assessment,checked_at,issue_note
Batch 31 Wave 1,B31W1E0001,Career,C000769,organization_id,ORG000106,B31W1S0001,クラブ所属履歴 > 「2020-21 琉球」,B.LEAGUE公式の所属履歴で在籍を確認（略称表記）,SUPPORTED,2026-09-29,
Batch 31 Wave 1,B31W1E0002,Career,C000769,organization_id,ORG000106,B31W1S0002,順位表 > クラブ「琉球ゴールデンキングス」（略称「琉球」、club_detail TeamID=701）,公式順位表で略称とクラブ名・TeamIDの対応を確認,SUPPORTED,2026-09-29,
Batch 31 Wave 1,B31W1E0003,Career,C000769,start,2020,B31W1S0001,クラブ所属履歴 > 「2020-21 琉球」,所属履歴の最初のシーズン2020-21の開始年,SUPPORTED,2026-09-29,
Batch 31 Wave 1,B31W1E0004,Career,C000769,end,2021,B31W1S0001,クラブ所属履歴 > 「2020-21 琉球」,所属履歴の最後のシーズン2020-21の終了年,SUPPORTED,2026-09-29,
Batch 31 Wave 1,B31W1E0005,Career,C000770,organization_id,ORG000143,B31W1S0001,クラブ所属履歴 > 「2022-23 群馬」,B.LEAGUE公式の所属履歴で在籍を確認（略称表記）,SUPPORTED,2026-09-29,
Batch 31 Wave 1,B31W1E0006,Career,C000770,organization_id,ORG000143,B31W1S0003,順位表 > クラブ「群馬クレインサンダーズ」（略称「群馬」、club_detail TeamID=713）,公式順位表で略称とクラブ名・TeamIDの対応を確認,SUPPORTED,2026-09-29,
Batch 31 Wave 1,B31W1E0007,Career,C000770,start,2022,B31W1S0001,クラブ所属履歴 > 「2022-23 群馬」,所属履歴の最初のシーズン2022-23の開始年,SUPPORTED,2026-09-29,
Batch 31 Wave 1,B31W1E0008,Career,C000770,end,2023,B31W1S0001,クラブ所属履歴 > 「2022-23 群馬」,所属履歴の最後のシーズン2022-23の終了年,SUPPORTED,2026-09-29,
Batch 31 Wave 1,B31W1E0009,Career,C000771,organization_id,ORG000040,B31W1S0006,クラブ所属履歴 > 「2020-21 福岡」,B.LEAGUE公式の所属履歴で在籍を確認（略称表記）,SUPPORTED,2026-09-29,
Batch 31 Wave 1,B31W1E0010,Career,C000771,organization_id,ORG000040,B31W1S0007,順位表 > クラブ「ライジングゼファー福岡」（略称「福岡」、club_detail TeamID=753）,公式順位表で略称とクラブ名・TeamIDの対応を確認,SUPPORTED,2026-09-29,
Batch 31 Wave 1,B31W1E0011,Career,C000771,start,2020,B31W1S0006,クラブ所属履歴 > 「2020-21 福岡」,所属履歴の最初のシーズン2020-21の開始年,SUPPORTED,2026-09-29,
Batch 31 Wave 1,B31W1E0012,Career,C000771,end,2021,B31W1S0006,クラブ所属履歴 > 「2020-21 福岡」,所属履歴の最後のシーズン2020-21の終了年,SUPPORTED,2026-09-29,
Batch 31 Wave 1,B31W1E0013,Career,C000772,organization_id,ORG000114,B31W1S0006,クラブ所属履歴 > 「2021-22 SR渋谷」,B.LEAGUE公式の所属履歴で在籍を確認（略称表記）,SUPPORTED,2026-09-29,
Batch 31 Wave 1,B31W1E0014,Career,C000772,organization_id,ORG000114,B31W1S0008,順位表 > クラブ「サンロッカーズ渋谷」（略称「SR渋谷」、club_detail TeamID=726）,公式順位表で略称とクラブ名・TeamIDの対応を確認,SUPPORTED,2026-09-29,
Batch 31 Wave 1,B31W1E0015,Career,C000772,start,2021,B31W1S0006,クラブ所属履歴 > 「2021-22 SR渋谷」,所属履歴の最初のシーズン2021-22の開始年,SUPPORTED,2026-09-29,
Batch 31 Wave 1,B31W1E0016,Career,C000772,end,2022,B31W1S0006,クラブ所属履歴 > 「2021-22 SR渋谷」,所属履歴の最後のシーズン2021-22の終了年,SUPPORTED,2026-09-29,
Batch 31 Wave 1,B31W1E0017,Career,C000773,organization_id,ORG000118,B31W1S0006,クラブ所属履歴 > 「2022-23 千葉J」〜「2024-25 千葉J」,B.LEAGUE公式の所属履歴で在籍を確認（略称表記）,SUPPORTED,2026-09-29,
Batch 31 Wave 1,B31W1E0018,Career,C000773,organization_id,ORG000118,B31W1S0003,順位表 > クラブ「千葉ジェッツ」（略称「千葉J」、club_detail TeamID=704）,公式順位表で略称とクラブ名・TeamIDの対応を確認,SUPPORTED,2026-09-29,
Batch 31 Wave 1,B31W1E0019,Career,C000773,start,2022,B31W1S0006,クラブ所属履歴 > 「2022-23 千葉J」,所属履歴の最初のシーズン2022-23の開始年,SUPPORTED,2026-09-29,
Batch 31 Wave 1,B31W1E0020,Career,C000773,end,2025,B31W1S0006,クラブ所属履歴 > 「2024-25 千葉J」,所属履歴の最後のシーズン2024-25の終了年,SUPPORTED,2026-09-29,
Batch 31 Wave 1,B31W1E0021,Career,C000774,organization_id,ORG000042,B31W1S0006,クラブ所属履歴 > 「2025-26 京都」,B.LEAGUE公式の所属履歴で在籍を確認（略称表記）,SUPPORTED,2026-09-29,
Batch 31 Wave 1,B31W1E0022,Career,C000774,organization_id,ORG000042,B31W1S0009,順位表 > クラブ「京都ハンナリーズ」（略称「京都」、club_detail TeamID=699）,公式順位表で略称とクラブ名・TeamIDの対応を確認,SUPPORTED,2026-09-29,
Batch 31 Wave 1,B31W1E0023,Career,C000774,start,2025,B31W1S0006,クラブ所属履歴 > 「2025-26 京都」,所属履歴の最初のシーズン2025-26の開始年,SUPPORTED,2026-09-29,
Batch 31 Wave 1,B31W1E0024,Career,C000774,end,2026,B31W1S0006,クラブ所属履歴 > 「2025-26 京都」,所属履歴の最後のシーズン2025-26の終了年,SUPPORTED,2026-09-29,
Batch 31 Wave 1,B31W1E0025,Career,C000775,organization_id,ORG000110,B31W1S0010,クラブ所属履歴 > 「2021-22 広島」,B.LEAGUE公式の所属履歴で在籍を確認（略称表記）,SUPPORTED,2026-09-29,
Batch 31 Wave 1,B31W1E0026,Career,C000775,organization_id,ORG000110,B31W1S0008,順位表 > クラブ「広島ドラゴンフライズ」（略称「広島」、club_detail TeamID=721）,公式順位表で略称とクラブ名・TeamIDの対応を確認,SUPPORTED,2026-09-29,
Batch 31 Wave 1,B31W1E0027,Career,C000775,start,2021,B31W1S0010,クラブ所属履歴 > 「2021-22 広島」,所属履歴の最初のシーズン2021-22の開始年,SUPPORTED,2026-09-29,
Batch 31 Wave 1,B31W1E0028,Career,C000775,end,2022,B31W1S0010,クラブ所属履歴 > 「2021-22 広島」,所属履歴の最後のシーズン2021-22の終了年,SUPPORTED,2026-09-29,
Batch 31 Wave 1,B31W1E0029,Career,C000776,organization_id,ORG000142,B31W1S0010,クラブ所属履歴 > 「2022-23 大阪」,B.LEAGUE公式の所属履歴で在籍を確認（略称表記）,SUPPORTED,2026-09-29,
Batch 31 Wave 1,B31W1E0030,Career,C000776,organization_id,ORG000142,B31W1S0003,順位表 > クラブ「大阪エヴェッサ」（略称「大阪」、club_detail TeamID=700）,公式順位表で略称とクラブ名・TeamIDの対応を確認,SUPPORTED,2026-09-29,
Batch 31 Wave 1,B31W1E0031,Career,C000776,start,2022,B31W1S0010,クラブ所属履歴 > 「2022-23 大阪」,所属履歴の最初のシーズン2022-23の開始年,SUPPORTED,2026-09-29,
Batch 31 Wave 1,B31W1E0032,Career,C000776,end,2023,B31W1S0010,クラブ所属履歴 > 「2022-23 大阪」,所属履歴の最後のシーズン2022-23の終了年,SUPPORTED,2026-09-29,
Batch 31 Wave 1,B31W1E0033,Career,C000777,organization_id,ORG000040,B31W1S0010,クラブ所属履歴 > 「2025-26 福岡」,B.LEAGUE公式の所属履歴で在籍を確認（略称表記）,SUPPORTED,2026-09-29,
Batch 31 Wave 1,B31W1E0034,Career,C000777,organization_id,ORG000040,B31W1S0011,順位表 > クラブ「ライジングゼファー福岡」（略称「福岡」、club_detail TeamID=753）,公式順位表で略称とクラブ名・TeamIDの対応を確認,SUPPORTED,2026-09-29,
Batch 31 Wave 1,B31W1E0035,Career,C000777,start,2025,B31W1S0010,クラブ所属履歴 > 「2025-26 福岡」,所属履歴の最初のシーズン2025-26の開始年,SUPPORTED,2026-09-29,
Batch 31 Wave 1,B31W1E0036,Career,C000777,end,2026,B31W1S0010,クラブ所属履歴 > 「2025-26 福岡」,所属履歴の最後のシーズン2025-26の終了年,SUPPORTED,2026-09-29,
Batch 31 Wave 1,B31W1E0037,Career,C000778,organization_id,ORG000110,B31W1S0012,クラブ所属履歴 > 「2016-17 広島」,B.LEAGUE公式の所属履歴で在籍を確認（略称表記）,SUPPORTED,2026-09-29,
Batch 31 Wave 1,B31W1E0038,Career,C000778,organization_id,ORG000110,B31W1S0013,順位表 > クラブ「広島ドラゴンフライズ」（略称「広島」、club_detail TeamID=721）,公式順位表で略称とクラブ名・TeamIDの対応を確認,SUPPORTED,2026-09-29,
Batch 31 Wave 1,B31W1E0039,Career,C000778,start,2016,B31W1S0012,クラブ所属履歴 > 「2016-17 広島」,所属履歴の最初のシーズン2016-17の開始年,SUPPORTED,2026-09-29,
Batch 31 Wave 1,B31W1E0040,Career,C000778,end,2017,B31W1S0012,クラブ所属履歴 > 「2016-17 広島」,所属履歴の最後のシーズン2016-17の終了年,SUPPORTED,2026-09-29,
Batch 31 Wave 1,B31W1E0041,Career,C000779,organization_id,ORG000118,B31W1S0014,クラブ所属履歴 > 「2023-24 千葉J」,B.LEAGUE公式の所属履歴で在籍を確認（略称表記）,SUPPORTED,2026-09-29,
Batch 31 Wave 1,B31W1E0042,Career,C000779,organization_id,ORG000118,B31W1S0015,順位表 > クラブ「千葉ジェッツ」（略称「千葉J」、club_detail TeamID=704）,公式順位表で略称とクラブ名・TeamIDの対応を確認,SUPPORTED,2026-09-29,
Batch 31 Wave 1,B31W1E0043,Career,C000779,start,2023,B31W1S0014,クラブ所属履歴 > 「2023-24 千葉J」,所属履歴の最初のシーズン2023-24の開始年,SUPPORTED,2026-09-29,
Batch 31 Wave 1,B31W1E0044,Career,C000779,end,2024,B31W1S0014,クラブ所属履歴 > 「2023-24 千葉J」,所属履歴の最後のシーズン2023-24の終了年,SUPPORTED,2026-09-29,
Batch 31 Wave 1,B31W1E0045,Career,C000780,organization_id,ORG000180,B31W1S0014,クラブ所属履歴 > 「2024-25 FE名古屋」,B.LEAGUE公式の所属履歴で在籍を確認（略称表記）,SUPPORTED,2026-09-29,
Batch 31 Wave 1,B31W1E0046,Career,C000780,organization_id,ORG000180,B31W1S0016,順位表 > クラブ「ファイティングイーグルス名古屋」（略称「FE名古屋」、club_detail TeamID=717）,公式順位表で略称とクラブ名・TeamIDの対応を確認,SUPPORTED,2026-09-29,
Batch 31 Wave 1,B31W1E0047,Career,C000780,start,2024,B31W1S0014,クラブ所属履歴 > 「2024-25 FE名古屋」,所属履歴の最初のシーズン2024-25の開始年,SUPPORTED,2026-09-29,
Batch 31 Wave 1,B31W1E0048,Career,C000780,end,2025,B31W1S0014,クラブ所属履歴 > 「2024-25 FE名古屋」,所属履歴の最後のシーズン2024-25の終了年,SUPPORTED,2026-09-29,
Batch 31 Wave 1,B31W1E0049,Career,C000781,organization_id,ORG000106,B31W1S0017,クラブ所属履歴 > 「2016-17 琉球」〜「2017-18 琉球」,B.LEAGUE公式の所属履歴で在籍を確認（略称表記）,SUPPORTED,2026-09-29,
Batch 31 Wave 1,B31W1E0050,Career,C000781,organization_id,ORG000106,B31W1S0018,順位表 > クラブ「琉球ゴールデンキングス」（略称「琉球」、club_detail TeamID=701）,公式順位表で略称とクラブ名・TeamIDの対応を確認,SUPPORTED,2026-09-29,
Batch 31 Wave 1,B31W1E0051,Career,C000781,start,2016,B31W1S0017,クラブ所属履歴 > 「2016-17 琉球」,所属履歴の最初のシーズン2016-17の開始年,SUPPORTED,2026-09-29,
Batch 31 Wave 1,B31W1E0052,Career,C000781,end,2018,B31W1S0017,クラブ所属履歴 > 「2017-18 琉球」,所属履歴の最後のシーズン2017-18の終了年,SUPPORTED,2026-09-29,
Batch 31 Wave 1,B31W1E0053,Career,C000782,organization_id,ORG000052,B31W1S0017,クラブ所属履歴 > 「2018-19 新潟」,B.LEAGUE公式の所属履歴で在籍を確認（略称表記）,SUPPORTED,2026-09-29,
Batch 31 Wave 1,B31W1E0054,Career,C000782,organization_id,ORG000052,B31W1S0019,順位表 > クラブ「新潟アルビレックスBB」（略称「新潟」、club_detail TeamID=695）,公式順位表で略称とクラブ名・TeamIDの対応を確認,SUPPORTED,2026-09-29,
Batch 31 Wave 1,B31W1E0055,Career,C000782,start,2018,B31W1S0017,クラブ所属履歴 > 「2018-19 新潟」,所属履歴の最初のシーズン2018-19の開始年,SUPPORTED,2026-09-29,
Batch 31 Wave 1,B31W1E0056,Career,C000782,end,2019,B31W1S0017,クラブ所属履歴 > 「2018-19 新潟」,所属履歴の最後のシーズン2018-19の終了年,SUPPORTED,2026-09-29,
Batch 31 Wave 1,B31W1E0057,Career,C000783,organization_id,ORG000114,B31W1S0017,クラブ所属履歴 > 「2019-20 SR渋谷」〜「2022-23 SR渋谷」,B.LEAGUE公式の所属履歴で在籍を確認（略称表記）,SUPPORTED,2026-09-29,
Batch 31 Wave 1,B31W1E0058,Career,C000783,organization_id,ORG000114,B31W1S0020,順位表 > クラブ「サンロッカーズ渋谷」（略称「SR渋谷」、club_detail TeamID=726）,公式順位表で略称とクラブ名・TeamIDの対応を確認,SUPPORTED,2026-09-29,
Batch 31 Wave 1,B31W1E0059,Career,C000783,start,2019,B31W1S0017,クラブ所属履歴 > 「2019-20 SR渋谷」,所属履歴の最初のシーズン2019-20の開始年,SUPPORTED,2026-09-29,
Batch 31 Wave 1,B31W1E0060,Career,C000783,end,2023,B31W1S0017,クラブ所属履歴 > 「2022-23 SR渋谷」,所属履歴の最後のシーズン2022-23の終了年,SUPPORTED,2026-09-29,
Batch 31 Wave 1,B31W1E0061,Career,C000784,organization_id,ORG000200,B31W1S0017,クラブ所属履歴 > 「2023-24 福井」〜「2024-25 福井」,B.LEAGUE公式の所属履歴で在籍を確認（略称表記）,SUPPORTED,2026-09-29,
Batch 31 Wave 1,B31W1E0062,Career,C000784,organization_id,ORG000200,B31W1S0021,順位表 > クラブ「福井ブローウィンズ」（略称「福井」、club_detail TeamID=2891）,公式順位表で略称とクラブ名・TeamIDの対応を確認,SUPPORTED,2026-09-29,
Batch 31 Wave 1,B31W1E0063,Career,C000784,start,2023,B31W1S0017,クラブ所属履歴 > 「2023-24 福井」,所属履歴の最初のシーズン2023-24の開始年,SUPPORTED,2026-09-29,
Batch 31 Wave 1,B31W1E0064,Career,C000784,end,2025,B31W1S0017,クラブ所属履歴 > 「2024-25 福井」,所属履歴の最後のシーズン2024-25の終了年,SUPPORTED,2026-09-29,
Batch 31 Wave 1,B31W1E0065,Career,C000785,organization_id,ORG000180,B31W1S0022,クラブ所属履歴 > 「2024-25 FE名古屋」〜「2025-26 FE名古屋」,B.LEAGUE公式の所属履歴で在籍を確認（略称表記）,SUPPORTED,2026-09-29,
Batch 31 Wave 1,B31W1E0066,Career,C000785,organization_id,ORG000180,B31W1S0016,順位表 > クラブ「ファイティングイーグルス名古屋」（略称「FE名古屋」、club_detail TeamID=717）,公式順位表で略称とクラブ名・TeamIDの対応を確認,SUPPORTED,2026-09-29,
Batch 31 Wave 1,B31W1E0067,Career,C000785,start,2024,B31W1S0022,クラブ所属履歴 > 「2024-25 FE名古屋」,所属履歴の最初のシーズン2024-25の開始年,SUPPORTED,2026-09-29,
Batch 31 Wave 1,B31W1E0068,Career,C000785,end,2026,B31W1S0022,クラブ所属履歴 > 「2025-26 FE名古屋」,所属履歴の最後のシーズン2025-26の終了年,SUPPORTED,2026-09-29,
Batch 31 Wave 1,B31W1E0069,Career,C000786,organization_id,ORG000153,B31W1S0023,クラブ所属履歴 > 「2016-17 滋賀」〜「2019-20 滋賀」,B.LEAGUE公式の所属履歴で在籍を確認（略称表記）,SUPPORTED,2026-09-29,
Batch 31 Wave 1,B31W1E0070,Career,C000786,organization_id,ORG000153,B31W1S0018,順位表 > クラブ「滋賀レイクスターズ」（略称「滋賀」、club_detail TeamID=698）,公式順位表で略称とクラブ名・TeamIDの対応を確認,SUPPORTED,2026-09-29,
Batch 31 Wave 1,B31W1E0071,Career,C000786,start,2016,B31W1S0023,クラブ所属履歴 > 「2016-17 滋賀」,所属履歴の最初のシーズン2016-17の開始年,SUPPORTED,2026-09-29,
Batch 31 Wave 1,B31W1E0072,Career,C000786,end,2020,B31W1S0023,クラブ所属履歴 > 「2019-20 滋賀」,所属履歴の最後のシーズン2019-20の終了年,SUPPORTED,2026-09-29,
Batch 31 Wave 1,B31W1E0073,Career,C000787,organization_id,ORG000054,B31W1S0023,クラブ所属履歴 > 「2020-21 名古屋D」〜「2021-22 名古屋D」,B.LEAGUE公式の所属履歴で在籍を確認（略称表記）,SUPPORTED,2026-09-29,
Batch 31 Wave 1,B31W1E0074,Career,C000787,organization_id,ORG000054,B31W1S0002,順位表 > クラブ「名古屋ダイヤモンドドルフィンズ」（略称「名古屋D」、club_detail TeamID=729）,公式順位表で略称とクラブ名・TeamIDの対応を確認,SUPPORTED,2026-09-29,
Batch 31 Wave 1,B31W1E0075,Career,C000787,start,2020,B31W1S0023,クラブ所属履歴 > 「2020-21 名古屋D」,所属履歴の最初のシーズン2020-21の開始年,SUPPORTED,2026-09-29,
Batch 31 Wave 1,B31W1E0076,Career,C000787,end,2022,B31W1S0023,クラブ所属履歴 > 「2021-22 名古屋D」,所属履歴の最後のシーズン2021-22の終了年,SUPPORTED,2026-09-29,
Batch 31 Wave 1,B31W1E0077,Career,C000788,organization_id,ORG000153,B31W1S0023,クラブ所属履歴 > 「2022-23 滋賀」,B.LEAGUE公式の所属履歴で在籍を確認（略称表記）,SUPPORTED,2026-09-29,
Batch 31 Wave 1,B31W1E0078,Career,C000788,organization_id,ORG000153,B31W1S0003,順位表 > クラブ「滋賀レイクス」（略称「滋賀」、club_detail TeamID=698）,公式順位表で略称とクラブ名・TeamIDの対応を確認,SUPPORTED,2026-09-29,
Batch 31 Wave 1,B31W1E0079,Career,C000788,start,2022,B31W1S0023,クラブ所属履歴 > 「2022-23 滋賀」,所属履歴の最初のシーズン2022-23の開始年,SUPPORTED,2026-09-29,
Batch 31 Wave 1,B31W1E0080,Career,C000788,end,2023,B31W1S0023,クラブ所属履歴 > 「2022-23 滋賀」,所属履歴の最後のシーズン2022-23の終了年,SUPPORTED,2026-09-29,
Batch 31 Wave 1,B31W1E0081,Career,C000789,organization_id,ORG000048,B31W1S0023,クラブ所属履歴 > 「2023-24 佐賀」〜「2024-25 佐賀」,B.LEAGUE公式の所属履歴で在籍を確認（略称表記）,SUPPORTED,2026-09-29,
Batch 31 Wave 1,B31W1E0082,Career,C000789,organization_id,ORG000048,B31W1S0015,順位表 > クラブ「佐賀バルーナーズ」（略称「佐賀」、club_detail TeamID=1638）,公式順位表で略称とクラブ名・TeamIDの対応を確認,SUPPORTED,2026-09-29,
Batch 31 Wave 1,B31W1E0083,Career,C000789,start,2023,B31W1S0023,クラブ所属履歴 > 「2023-24 佐賀」,所属履歴の最初のシーズン2023-24の開始年,SUPPORTED,2026-09-29,
Batch 31 Wave 1,B31W1E0084,Career,C000789,end,2025,B31W1S0023,クラブ所属履歴 > 「2024-25 佐賀」,所属履歴の最後のシーズン2024-25の終了年,SUPPORTED,2026-09-29,
Batch 31 Wave 1,B31W1E0085,Career,C000790,organization_id,ORG000153,B31W1S0024,クラブ所属履歴 > 「2016-17 滋賀」〜「2017-18 滋賀」,B.LEAGUE公式の所属履歴で在籍を確認（略称表記）,SUPPORTED,2026-09-29,
Batch 31 Wave 1,B31W1E0086,Career,C000790,organization_id,ORG000153,B31W1S0018,順位表 > クラブ「滋賀レイクスターズ」（略称「滋賀」、club_detail TeamID=698）,公式順位表で略称とクラブ名・TeamIDの対応を確認,SUPPORTED,2026-09-29,
Batch 31 Wave 1,B31W1E0087,Career,C000790,start,2016,B31W1S0024,クラブ所属履歴 > 「2016-17 滋賀」,所属履歴の最初のシーズン2016-17の開始年,SUPPORTED,2026-09-29,
Batch 31 Wave 1,B31W1E0088,Career,C000790,end,2018,B31W1S0024,クラブ所属履歴 > 「2017-18 滋賀」,所属履歴の最後のシーズン2017-18の終了年,SUPPORTED,2026-09-29,
Batch 31 Wave 1,B31W1E0089,Career,C000791,organization_id,ORG000106,B31W1S0024,クラブ所属履歴 > 「2018-19 琉球」〜「2021-22 琉球」,B.LEAGUE公式の所属履歴で在籍を確認（略称表記）,SUPPORTED,2026-09-29,
Batch 31 Wave 1,B31W1E0090,Career,C000791,organization_id,ORG000106,B31W1S0019,順位表 > クラブ「琉球ゴールデンキングス」（略称「琉球」、club_detail TeamID=701）,公式順位表で略称とクラブ名・TeamIDの対応を確認,SUPPORTED,2026-09-29,
Batch 31 Wave 1,B31W1E0091,Career,C000791,start,2018,B31W1S0024,クラブ所属履歴 > 「2018-19 琉球」,所属履歴の最初のシーズン2018-19の開始年,SUPPORTED,2026-09-29,
Batch 31 Wave 1,B31W1E0092,Career,C000791,end,2022,B31W1S0024,クラブ所属履歴 > 「2021-22 琉球」,所属履歴の最後のシーズン2021-22の終了年,SUPPORTED,2026-09-29,
Batch 31 Wave 1,B31W1E0093,Career,C000792,organization_id,ORG000143,B31W1S0024,クラブ所属履歴 > 「2022-23 群馬」〜「2023-24 群馬」,B.LEAGUE公式の所属履歴で在籍を確認（略称表記）,SUPPORTED,2026-09-29,
Batch 31 Wave 1,B31W1E0094,Career,C000792,organization_id,ORG000143,B31W1S0003,順位表 > クラブ「群馬クレインサンダーズ」（略称「群馬」、club_detail TeamID=713）,公式順位表で略称とクラブ名・TeamIDの対応を確認,SUPPORTED,2026-09-29,
Batch 31 Wave 1,B31W1E0095,Career,C000792,start,2022,B31W1S0024,クラブ所属履歴 > 「2022-23 群馬」,所属履歴の最初のシーズン2022-23の開始年,SUPPORTED,2026-09-29,
Batch 31 Wave 1,B31W1E0096,Career,C000792,end,2024,B31W1S0024,クラブ所属履歴 > 「2023-24 群馬」,所属履歴の最後のシーズン2023-24の終了年,SUPPORTED,2026-09-29,
Batch 31 Wave 1,B31W1E0097,Career,C000793,organization_id,ORG000180,B31W1S0024,クラブ所属履歴 > 「2024-25 FE名古屋」〜「2025-26 FE名古屋」,B.LEAGUE公式の所属履歴で在籍を確認（略称表記）,SUPPORTED,2026-09-29,
Batch 31 Wave 1,B31W1E0098,Career,C000793,organization_id,ORG000180,B31W1S0016,順位表 > クラブ「ファイティングイーグルス名古屋」（略称「FE名古屋」、club_detail TeamID=717）,公式順位表で略称とクラブ名・TeamIDの対応を確認,SUPPORTED,2026-09-29,
Batch 31 Wave 1,B31W1E0099,Career,C000793,start,2024,B31W1S0024,クラブ所属履歴 > 「2024-25 FE名古屋」,所属履歴の最初のシーズン2024-25の開始年,SUPPORTED,2026-09-29,
Batch 31 Wave 1,B31W1E0100,Career,C000793,end,2026,B31W1S0024,クラブ所属履歴 > 「2025-26 FE名古屋」,所属履歴の最後のシーズン2025-26の終了年,SUPPORTED,2026-09-29,
Batch 31 Wave 1,B31W1E0101,Career,C000794,organization_id,ORG000055,B31W1S0025,クラブ所属履歴 > 「2022-23 横浜BC」〜「2025-26 横浜BC」,B.LEAGUE公式の所属履歴で在籍を確認（略称表記）,SUPPORTED,2026-09-29,
Batch 31 Wave 1,B31W1E0102,Career,C000794,organization_id,ORG000055,B31W1S0003,順位表 > クラブ「横浜ビー・コルセアーズ」（略称「横浜BC」、club_detail TeamID=694）,公式順位表で略称とクラブ名・TeamIDの対応を確認,SUPPORTED,2026-09-29,
Batch 31 Wave 1,B31W1E0103,Career,C000794,start,2022,B31W1S0025,クラブ所属履歴 > 「2022-23 横浜BC」,所属履歴の最初のシーズン2022-23の開始年,SUPPORTED,2026-09-29,
Batch 31 Wave 1,B31W1E0104,Career,C000794,end,2026,B31W1S0025,クラブ所属履歴 > 「2025-26 横浜BC」,所属履歴の最後のシーズン2025-26の終了年,SUPPORTED,2026-09-29,
Batch 31 Wave 1,B31W1E0105,Career,C000795,organization_id,ORG000067,B31W1S0026,クラブ所属履歴 > 「2016-17 熊本」〜「2018-19 熊本」,B.LEAGUE公式の所属履歴で在籍を確認（略称表記）,SUPPORTED,2026-09-29,
Batch 31 Wave 1,B31W1E0106,Career,C000795,organization_id,ORG000067,B31W1S0013,順位表 > クラブ「熊本ヴォルターズ」（略称「熊本」、club_detail TeamID=724）,公式順位表で略称とクラブ名・TeamIDの対応を確認,SUPPORTED,2026-09-29,
Batch 31 Wave 1,B31W1E0107,Career,C000795,start,2016,B31W1S0026,クラブ所属履歴 > 「2016-17 熊本」,所属履歴の最初のシーズン2016-17の開始年,SUPPORTED,2026-09-29,
Batch 31 Wave 1,B31W1E0108,Career,C000795,end,2019,B31W1S0026,クラブ所属履歴 > 「2018-19 熊本」,所属履歴の最後のシーズン2018-19の終了年,SUPPORTED,2026-09-29,
Batch 31 Wave 1,B31W1E0109,Career,C000796,organization_id,ORG000110,B31W1S0026,クラブ所属履歴 > 「2019-20 広島」〜「2020-21 広島」,B.LEAGUE公式の所属履歴で在籍を確認（略称表記）,SUPPORTED,2026-09-29,
Batch 31 Wave 1,B31W1E0110,Career,C000796,organization_id,ORG000110,B31W1S0027,順位表 > クラブ「広島ドラゴンフライズ」（略称「広島」、club_detail TeamID=721）,公式順位表で略称とクラブ名・TeamIDの対応を確認,SUPPORTED,2026-09-29,
Batch 31 Wave 1,B31W1E0111,Career,C000796,start,2019,B31W1S0026,クラブ所属履歴 > 「2019-20 広島」,所属履歴の最初のシーズン2019-20の開始年,SUPPORTED,2026-09-29,
Batch 31 Wave 1,B31W1E0112,Career,C000796,end,2021,B31W1S0026,クラブ所属履歴 > 「2020-21 広島」,所属履歴の最後のシーズン2020-21の終了年,SUPPORTED,2026-09-29,
Batch 31 Wave 1,B31W1E0113,Career,C000797,organization_id,ORG000067,B31W1S0026,クラブ所属履歴 > 「2021-22 熊本」,B.LEAGUE公式の所属履歴で在籍を確認（略称表記）,SUPPORTED,2026-09-29,
Batch 31 Wave 1,B31W1E0114,Career,C000797,organization_id,ORG000067,B31W1S0028,順位表 > クラブ「熊本ヴォルターズ」（略称「熊本」、club_detail TeamID=724）,公式順位表で略称とクラブ名・TeamIDの対応を確認,SUPPORTED,2026-09-29,
Batch 31 Wave 1,B31W1E0115,Career,C000797,start,2021,B31W1S0026,クラブ所属履歴 > 「2021-22 熊本」,所属履歴の最初のシーズン2021-22の開始年,SUPPORTED,2026-09-29,
Batch 31 Wave 1,B31W1E0116,Career,C000797,end,2022,B31W1S0026,クラブ所属履歴 > 「2021-22 熊本」,所属履歴の最後のシーズン2021-22の終了年,SUPPORTED,2026-09-29,
Batch 31 Wave 1,B31W1E0117,Career,C000798,organization_id,ORG000100,B31W1S0038,クラブ所属履歴 > 「2021-22 山口」,B.LEAGUE公式の所属履歴で在籍を確認（略称表記）,SUPPORTED,2026-09-29,
Batch 31 Wave 1,B31W1E0118,Career,C000798,organization_id,ORG000100,B31W1S0039,順位表 > クラブ「山口ペイトリオッツ」（略称「山口」、club_detail TeamID=2487）,公式順位表で略称とクラブ名・TeamIDの対応を確認,SUPPORTED,2026-09-29,
Batch 31 Wave 1,B31W1E0119,Career,C000798,start,2021,B31W1S0038,クラブ所属履歴 > 「2021-22 山口」,所属履歴の最初のシーズン2021-22の開始年,SUPPORTED,2026-09-29,
Batch 31 Wave 1,B31W1E0120,Career,C000798,end,2022,B31W1S0038,クラブ所属履歴 > 「2021-22 山口」,所属履歴の最後のシーズン2021-22の終了年,SUPPORTED,2026-09-29,
Batch 31 Wave 1,B31W1E0121,Career,C000799,organization_id,ORG000090,B31W1S0038,クラブ所属履歴 > 「2023-24 横浜EX」,B.LEAGUE公式の所属履歴で在籍を確認（略称表記）,SUPPORTED,2026-09-29,
Batch 31 Wave 1,B31W1E0122,Career,C000799,organization_id,ORG000090,B31W1S0021,順位表 > クラブ「横浜エクセレンス」（略称「横浜EX」、club_detail TeamID=714）,公式順位表で略称とクラブ名・TeamIDの対応を確認,SUPPORTED,2026-09-29,
Batch 31 Wave 1,B31W1E0123,Career,C000799,start,2023,B31W1S0038,クラブ所属履歴 > 「2023-24 横浜EX」,所属履歴の最初のシーズン2023-24の開始年,SUPPORTED,2026-09-29,
Batch 31 Wave 1,B31W1E0124,Career,C000799,end,2024,B31W1S0038,クラブ所属履歴 > 「2023-24 横浜EX」,所属履歴の最後のシーズン2023-24の終了年,SUPPORTED,2026-09-29,
Batch 31 Wave 1,B31W1E0125,Career,C000800,organization_id,ORG000173,B31W1S0038,クラブ所属履歴 > 「2024-25 岩手」,B.LEAGUE公式の所属履歴で在籍を確認（略称表記）,SUPPORTED,2026-09-29,
Batch 31 Wave 1,B31W1E0126,Career,C000800,organization_id,ORG000173,B31W1S0040,順位表 > クラブ「岩手ビッグブルズ」（略称「岩手」、club_detail TeamID=709）,公式順位表で略称とクラブ名・TeamIDの対応を確認,SUPPORTED,2026-09-29,
Batch 31 Wave 1,B31W1E0127,Career,C000800,start,2024,B31W1S0038,クラブ所属履歴 > 「2024-25 岩手」,所属履歴の最初のシーズン2024-25の開始年,SUPPORTED,2026-09-29,
Batch 31 Wave 1,B31W1E0128,Career,C000800,end,2025,B31W1S0038,クラブ所属履歴 > 「2024-25 岩手」,所属履歴の最後のシーズン2024-25の終了年,SUPPORTED,2026-09-29,
Batch 31 Wave 1,B31W1E0129,Career,C000801,organization_id,ORG000227,B31W1S0041,クラブ所属履歴 > 「2022-23 静岡」,B.LEAGUE公式の所属履歴で在籍を確認（略称表記）,SUPPORTED,2026-09-29,
Batch 31 Wave 1,B31W1E0130,Career,C000801,organization_id,ORG000227,B31W1S0042,順位表 > クラブ「ベルテックス静岡」（略称「静岡」、club_detail TeamID=1637）,公式順位表で略称とクラブ名・TeamIDの対応を確認,SUPPORTED,2026-09-29,
Batch 31 Wave 1,B31W1E0131,Career,C000801,start,2022,B31W1S0041,クラブ所属履歴 > 「2022-23 静岡」,所属履歴の最初のシーズン2022-23の開始年,SUPPORTED,2026-09-29,
Batch 31 Wave 1,B31W1E0132,Career,C000801,end,2023,B31W1S0041,クラブ所属履歴 > 「2022-23 静岡」,所属履歴の最後のシーズン2022-23の終了年,SUPPORTED,2026-09-29,
Batch 31 Wave 1,B31W1E0133,Career,C000802,organization_id,ORG000174,B31W1S0041,クラブ所属履歴 > 「2023-24 品川」,B.LEAGUE公式の所属履歴で在籍を確認（略称表記）,SUPPORTED,2026-09-29,
Batch 31 Wave 1,B31W1E0134,Career,C000802,organization_id,ORG000174,B31W1S0021,順位表 > クラブ「しながわシティ バスケットボールクラブ」（略称「品川」、club_detail TeamID=748）,公式順位表で略称とクラブ名・TeamIDの対応を確認,SUPPORTED,2026-09-29,
Batch 31 Wave 1,B31W1E0135,Career,C000802,start,2023,B31W1S0041,クラブ所属履歴 > 「2023-24 品川」,所属履歴の最初のシーズン2023-24の開始年,SUPPORTED,2026-09-29,
Batch 31 Wave 1,B31W1E0136,Career,C000802,end,2024,B31W1S0041,クラブ所属履歴 > 「2023-24 品川」,所属履歴の最後のシーズン2023-24の終了年,SUPPORTED,2026-09-29,
Batch 31 Wave 1,B31W1E0137,Career,C000803,organization_id,ORG000102,B31W1S0044,クラブ所属履歴 > 「2016-17 東京」,B.LEAGUE公式の所属履歴で在籍を確認（略称表記）,SUPPORTED,2026-09-29,
Batch 31 Wave 1,B31W1E0138,Career,C000803,organization_id,ORG000102,B31W1S0045,順位表 > クラブ「東京サンレーヴス」（略称「東京」、club_detail TeamID=748）,公式順位表で略称とクラブ名・TeamIDの対応を確認,SUPPORTED,2026-09-29,
Batch 31 Wave 1,B31W1E0139,Career,C000803,start,2016,B31W1S0044,クラブ所属履歴 > 「2016-17 東京」,所属履歴の最初のシーズン2016-17の開始年,SUPPORTED,2026-09-29,
Batch 31 Wave 1,B31W1E0140,Career,C000803,end,2017,B31W1S0044,クラブ所属履歴 > 「2016-17 東京」,所属履歴の最後のシーズン2016-17の終了年,SUPPORTED,2026-09-29,
Batch 31 Wave 1,B31W1E0141,Career,C000804,organization_id,ORG000100,B31W1S0046,クラブ所属履歴 > 「2021-22 山口」〜「2022-23 山口」,B.LEAGUE公式の所属履歴で在籍を確認（略称表記）,SUPPORTED,2026-09-29,
Batch 31 Wave 1,B31W1E0142,Career,C000804,organization_id,ORG000100,B31W1S0039,順位表 > クラブ「山口ペイトリオッツ」（略称「山口」、club_detail TeamID=2487）,公式順位表で略称とクラブ名・TeamIDの対応を確認,SUPPORTED,2026-09-29,
Batch 31 Wave 1,B31W1E0143,Career,C000804,start,2021,B31W1S0046,クラブ所属履歴 > 「2021-22 山口」,所属履歴の最初のシーズン2021-22の開始年,SUPPORTED,2026-09-29,
Batch 31 Wave 1,B31W1E0144,Career,C000804,end,2023,B31W1S0046,クラブ所属履歴 > 「2022-23 山口」,所属履歴の最後のシーズン2022-23の終了年,SUPPORTED,2026-09-29,
Batch 31 Wave 1,B31W1E0145,Career,C000805,organization_id,ORG000225,B31W1S0046,クラブ所属履歴 > 「2023-24 豊田合成」,B.LEAGUE公式の所属履歴で在籍を確認（略称表記）,SUPPORTED,2026-09-29,
Batch 31 Wave 1,B31W1E0146,Career,C000805,organization_id,ORG000225,B31W1S0021,順位表 > クラブ「豊田合成スコーピオンズ」（略称「豊田合成」、club_detail TeamID=752）,公式順位表で略称とクラブ名・TeamIDの対応を確認,SUPPORTED,2026-09-29,
Batch 31 Wave 1,B31W1E0147,Career,C000805,start,2023,B31W1S0046,クラブ所属履歴 > 「2023-24 豊田合成」,所属履歴の最初のシーズン2023-24の開始年,SUPPORTED,2026-09-29,
Batch 31 Wave 1,B31W1E0148,Career,C000805,end,2024,B31W1S0046,クラブ所属履歴 > 「2023-24 豊田合成」,所属履歴の最後のシーズン2023-24の終了年,SUPPORTED,2026-09-29,
Batch 31 Wave 1,B31W1E0149,Career,C000806,organization_id,ORG000111,B31W1S0046,クラブ所属履歴 > 「2024-25 八王子」,B.LEAGUE公式の所属履歴で在籍を確認（略称表記）,SUPPORTED,2026-09-29,
Batch 31 Wave 1,B31W1E0150,Career,C000806,organization_id,ORG000111,B31W1S0040,順位表 > クラブ「東京八王子ビートレインズ」（略称「八王子」、club_detail TeamID=749）,公式順位表で略称とクラブ名・TeamIDの対応を確認,SUPPORTED,2026-09-29,
Batch 31 Wave 1,B31W1E0151,Career,C000806,start,2024,B31W1S0046,クラブ所属履歴 > 「2024-25 八王子」,所属履歴の最初のシーズン2024-25の開始年,SUPPORTED,2026-09-29,
Batch 31 Wave 1,B31W1E0152,Career,C000806,end,2025,B31W1S0046,クラブ所属履歴 > 「2024-25 八王子」,所属履歴の最後のシーズン2024-25の終了年,SUPPORTED,2026-09-29,
Batch 31 Wave 1,B31W1E0153,Career,C000807,organization_id,ORG000106,B31W1S0048,クラブ所属履歴 > 「2021-22 琉球」〜「2022-23 琉球」,B.LEAGUE公式の所属履歴で在籍を確認（略称表記）,SUPPORTED,2026-09-29,
Batch 31 Wave 1,B31W1E0154,Career,C000807,organization_id,ORG000106,B31W1S0008,順位表 > クラブ「琉球ゴールデンキングス」（略称「琉球」、club_detail TeamID=701）,公式順位表で略称とクラブ名・TeamIDの対応を確認,SUPPORTED,2026-09-29,
Batch 31 Wave 1,B31W1E0155,Career,C000807,start,2021,B31W1S0048,クラブ所属履歴 > 「2021-22 琉球」,所属履歴の最初のシーズン2021-22の開始年,SUPPORTED,2026-09-29,
Batch 31 Wave 1,B31W1E0156,Career,C000807,end,2023,B31W1S0048,クラブ所属履歴 > 「2022-23 琉球」,所属履歴の最後のシーズン2022-23の終了年,SUPPORTED,2026-09-29,
Batch 31 Wave 1,B31W1E0157,Career,C000808,organization_id,ORG000103,B31W1S0048,クラブ所属履歴 > 「2023-24 茨城」,B.LEAGUE公式の所属履歴で在籍を確認（略称表記）,SUPPORTED,2026-09-29,
Batch 31 Wave 1,B31W1E0158,Career,C000808,organization_id,ORG000103,B31W1S0015,順位表 > クラブ「茨城ロボッツ」（略称「茨城」、club_detail TeamID=712）,公式順位表で略称とクラブ名・TeamIDの対応を確認,SUPPORTED,2026-09-29,
Batch 31 Wave 1,B31W1E0159,Career,C000808,start,2023,B31W1S0048,クラブ所属履歴 > 「2023-24 茨城」,所属履歴の最初のシーズン2023-24の開始年,SUPPORTED,2026-09-29,
Batch 31 Wave 1,B31W1E0160,Career,C000808,end,2024,B31W1S0048,クラブ所属履歴 > 「2023-24 茨城」,所属履歴の最後のシーズン2023-24の終了年,SUPPORTED,2026-09-29,
Batch 31 Wave 1,B31W1E0161,Career,C000809,organization_id,ORG000142,B31W1S0048,クラブ所属履歴 > 「2024-25 大阪」,B.LEAGUE公式の所属履歴で在籍を確認（略称表記）,SUPPORTED,2026-09-29,
Batch 31 Wave 1,B31W1E0162,Career,C000809,organization_id,ORG000142,B31W1S0016,順位表 > クラブ「大阪エヴェッサ」（略称「大阪」、club_detail TeamID=700）,公式順位表で略称とクラブ名・TeamIDの対応を確認,SUPPORTED,2026-09-29,
Batch 31 Wave 1,B31W1E0163,Career,C000809,start,2024,B31W1S0048,クラブ所属履歴 > 「2024-25 大阪」,所属履歴の最初のシーズン2024-25の開始年,SUPPORTED,2026-09-29,
Batch 31 Wave 1,B31W1E0164,Career,C000809,end,2025,B31W1S0048,クラブ所属履歴 > 「2024-25 大阪」,所属履歴の最後のシーズン2024-25の終了年,SUPPORTED,2026-09-29,
Batch 31 Wave 1,B31W1E0165,Career,C000810,organization_id,ORG000190,B31W1S0048,クラブ所属履歴 > 「2024-25 越谷」,B.LEAGUE公式の所属履歴で在籍を確認（略称表記）,SUPPORTED,2026-09-29,
Batch 31 Wave 1,B31W1E0166,Career,C000810,organization_id,ORG000190,B31W1S0016,順位表 > クラブ「越谷アルファーズ」（略称「越谷」、club_detail TeamID=745）,公式順位表で略称とクラブ名・TeamIDの対応を確認,SUPPORTED,2026-09-29,
Batch 31 Wave 1,B31W1E0167,Career,C000810,start,2024,B31W1S0048,クラブ所属履歴 > 「2024-25 越谷」,所属履歴の最初のシーズン2024-25の開始年,SUPPORTED,2026-09-29,
Batch 31 Wave 1,B31W1E0168,Career,C000810,end,2025,B31W1S0048,クラブ所属履歴 > 「2024-25 越谷」,所属履歴の最後のシーズン2024-25の終了年,SUPPORTED,2026-09-29,
Batch 31 Wave 1,B31W1E0169,Career,C000811,organization_id,ORG000114,B31W1S0049,クラブ所属履歴 > 「2016-17 SR渋谷」〜「2019-20 SR渋谷」,B.LEAGUE公式の所属履歴で在籍を確認（略称表記）,SUPPORTED,2026-09-29,
Batch 31 Wave 1,B31W1E0170,Career,C000811,organization_id,ORG000114,B31W1S0018,順位表 > クラブ「サンロッカーズ渋谷」（略称「SR渋谷」、club_detail TeamID=726）,公式順位表で略称とクラブ名・TeamIDの対応を確認,SUPPORTED,2026-09-29,
Batch 31 Wave 1,B31W1E0171,Career,C000811,start,2016,B31W1S0049,クラブ所属履歴 > 「2016-17 SR渋谷」,所属履歴の最初のシーズン2016-17の開始年,SUPPORTED,2026-09-29,
Batch 31 Wave 1,B31W1E0172,Career,C000811,end,2020,B31W1S0049,クラブ所属履歴 > 「2019-20 SR渋谷」,所属履歴の最後のシーズン2019-20の終了年,SUPPORTED,2026-09-29,
Batch 31 Wave 1,B31W1E0173,Career,C000812,organization_id,ORG000155,B31W1S0049,クラブ所属履歴 > 「2020-21 島根」,B.LEAGUE公式の所属履歴で在籍を確認（略称表記）,SUPPORTED,2026-09-29,
Batch 31 Wave 1,B31W1E0174,Career,C000812,organization_id,ORG000155,B31W1S0002,順位表 > クラブ「島根スサノオマジック」（略称「島根」、club_detail TeamID=720）,公式順位表で略称とクラブ名・TeamIDの対応を確認,SUPPORTED,2026-09-29,
Batch 31 Wave 1,B31W1E0175,Career,C000812,start,2020,B31W1S0049,クラブ所属履歴 > 「2020-21 島根」,所属履歴の最初のシーズン2020-21の開始年,SUPPORTED,2026-09-29,
Batch 31 Wave 1,B31W1E0176,Career,C000812,end,2021,B31W1S0049,クラブ所属履歴 > 「2020-21 島根」,所属履歴の最後のシーズン2020-21の終了年,SUPPORTED,2026-09-29,
Batch 31 Wave 1,B31W1E0177,Career,C000813,organization_id,ORG000097,B31W1S0049,クラブ所属履歴 > 「2021-22 三遠」,B.LEAGUE公式の所属履歴で在籍を確認（略称表記）,SUPPORTED,2026-09-29,
Batch 31 Wave 1,B31W1E0178,Career,C000813,organization_id,ORG000097,B31W1S0008,順位表 > クラブ「三遠ネオフェニックス」（略称「三遠」、club_detail TeamID=697）,公式順位表で略称とクラブ名・TeamIDの対応を確認,SUPPORTED,2026-09-29,
Batch 31 Wave 1,B31W1E0179,Career,C000813,start,2021,B31W1S0049,クラブ所属履歴 > 「2021-22 三遠」,所属履歴の最初のシーズン2021-22の開始年,SUPPORTED,2026-09-29,
Batch 31 Wave 1,B31W1E0180,Career,C000813,end,2022,B31W1S0049,クラブ所属履歴 > 「2021-22 三遠」,所属履歴の最後のシーズン2021-22の終了年,SUPPORTED,2026-09-29,
Batch 31 Wave 1,B31W1E0181,Career,C000814,organization_id,ORG000153,B31W1S0049,クラブ所属履歴 > 「2022-23 滋賀」,B.LEAGUE公式の所属履歴で在籍を確認（略称表記）,SUPPORTED,2026-09-29,
Batch 31 Wave 1,B31W1E0182,Career,C000814,organization_id,ORG000153,B31W1S0003,順位表 > クラブ「滋賀レイクス」（略称「滋賀」、club_detail TeamID=698）,公式順位表で略称とクラブ名・TeamIDの対応を確認,SUPPORTED,2026-09-29,
Batch 31 Wave 1,B31W1E0183,Career,C000814,start,2022,B31W1S0049,クラブ所属履歴 > 「2022-23 滋賀」,所属履歴の最初のシーズン2022-23の開始年,SUPPORTED,2026-09-29,
Batch 31 Wave 1,B31W1E0184,Career,C000814,end,2023,B31W1S0049,クラブ所属履歴 > 「2022-23 滋賀」,所属履歴の最後のシーズン2022-23の終了年,SUPPORTED,2026-09-29,
Batch 31 Wave 1,B31W1E0185,Career,C000815,organization_id,ORG000055,B31W1S0049,クラブ所属履歴 > 「2023-24 横浜BC」〜「2024-25 横浜BC」,B.LEAGUE公式の所属履歴で在籍を確認（略称表記）,SUPPORTED,2026-09-29,
Batch 31 Wave 1,B31W1E0186,Career,C000815,organization_id,ORG000055,B31W1S0015,順位表 > クラブ「横浜ビー・コルセアーズ」（略称「横浜BC」、club_detail TeamID=694）,公式順位表で略称とクラブ名・TeamIDの対応を確認,SUPPORTED,2026-09-29,
Batch 31 Wave 1,B31W1E0187,Career,C000815,start,2023,B31W1S0049,クラブ所属履歴 > 「2023-24 横浜BC」,所属履歴の最初のシーズン2023-24の開始年,SUPPORTED,2026-09-29,
Batch 31 Wave 1,B31W1E0188,Career,C000815,end,2025,B31W1S0049,クラブ所属履歴 > 「2024-25 横浜BC」,所属履歴の最後のシーズン2024-25の終了年,SUPPORTED,2026-09-29,
Batch 31 Wave 1,B31W1E0189,Career,C000816,organization_id,ORG000155,B31W1S0050,クラブ所属履歴 > 「2016-17 島根」,B.LEAGUE公式の所属履歴で在籍を確認（略称表記）,SUPPORTED,2026-09-29,
Batch 31 Wave 1,B31W1E0190,Career,C000816,organization_id,ORG000155,B31W1S0013,順位表 > クラブ「島根スサノオマジック」（略称「島根」、club_detail TeamID=720）,公式順位表で略称とクラブ名・TeamIDの対応を確認,SUPPORTED,2026-09-29,
Batch 31 Wave 1,B31W1E0191,Career,C000816,start,2016,B31W1S0050,クラブ所属履歴 > 「2016-17 島根」,所属履歴の最初のシーズン2016-17の開始年,SUPPORTED,2026-09-29,
Batch 31 Wave 1,B31W1E0192,Career,C000816,end,2017,B31W1S0050,クラブ所属履歴 > 「2016-17 島根」,所属履歴の最後のシーズン2016-17の終了年,SUPPORTED,2026-09-29,
Batch 31 Wave 1,B31W1E0193,Career,C000817,organization_id,ORG000142,B31W1S0050,クラブ所属履歴 > 「2017-18 大阪」,B.LEAGUE公式の所属履歴で在籍を確認（略称表記）,SUPPORTED,2026-09-29,
Batch 31 Wave 1,B31W1E0194,Career,C000817,organization_id,ORG000142,B31W1S0051,順位表 > クラブ「大阪エヴェッサ」（略称「大阪」、club_detail TeamID=700）,公式順位表で略称とクラブ名・TeamIDの対応を確認,SUPPORTED,2026-09-29,
Batch 31 Wave 1,B31W1E0195,Career,C000817,start,2017,B31W1S0050,クラブ所属履歴 > 「2017-18 大阪」,所属履歴の最初のシーズン2017-18の開始年,SUPPORTED,2026-09-29,
Batch 31 Wave 1,B31W1E0196,Career,C000817,end,2018,B31W1S0050,クラブ所属履歴 > 「2017-18 大阪」,所属履歴の最後のシーズン2017-18の終了年,SUPPORTED,2026-09-29,
Batch 31 Wave 1,B31W1E0197,Career,C000818,organization_id,ORG000106,B31W1S0050,クラブ所属履歴 > 「2018-19 琉球」〜「2019-20 琉球」,B.LEAGUE公式の所属履歴で在籍を確認（略称表記）,SUPPORTED,2026-09-29,
Batch 31 Wave 1,B31W1E0198,Career,C000818,organization_id,ORG000106,B31W1S0019,順位表 > クラブ「琉球ゴールデンキングス」（略称「琉球」、club_detail TeamID=701）,公式順位表で略称とクラブ名・TeamIDの対応を確認,SUPPORTED,2026-09-29,
Batch 31 Wave 1,B31W1E0199,Career,C000818,start,2018,B31W1S0050,クラブ所属履歴 > 「2018-19 琉球」,所属履歴の最初のシーズン2018-19の開始年,SUPPORTED,2026-09-29,
Batch 31 Wave 1,B31W1E0200,Career,C000818,end,2020,B31W1S0050,クラブ所属履歴 > 「2019-20 琉球」,所属履歴の最後のシーズン2019-20の終了年,SUPPORTED,2026-09-29,
Batch 31 Wave 1,B31W1E0201,Career,C000819,organization_id,ORG000132,B31W1S0050,クラブ所属履歴 > 「2020-21 仙台」〜「2022-23 仙台」,B.LEAGUE公式の所属履歴で在籍を確認（略称表記）,SUPPORTED,2026-09-29,
Batch 31 Wave 1,B31W1E0202,Career,C000819,organization_id,ORG000132,B31W1S0007,順位表 > クラブ「仙台89ERS」（略称「仙台」、club_detail TeamID=692）,公式順位表で略称とクラブ名・TeamIDの対応を確認,SUPPORTED,2026-09-29,
Batch 31 Wave 1,B31W1E0203,Career,C000819,start,2020,B31W1S0050,クラブ所属履歴 > 「2020-21 仙台」,所属履歴の最初のシーズン2020-21の開始年,SUPPORTED,2026-09-29,
Batch 31 Wave 1,B31W1E0204,Career,C000819,end,2023,B31W1S0050,クラブ所属履歴 > 「2022-23 仙台」,所属履歴の最後のシーズン2022-23の終了年,SUPPORTED,2026-09-29,
Batch 31 Wave 1,B31W1E0205,Career,C000820,organization_id,ORG000122,B31W1S0052,クラブ所属履歴 > 「2017-18 川崎」〜「2020-21 川崎」,B.LEAGUE公式の所属履歴で在籍を確認（略称表記）,SUPPORTED,2026-09-29,
Batch 31 Wave 1,B31W1E0206,Career,C000820,organization_id,ORG000122,B31W1S0051,順位表 > クラブ「川崎ブレイブサンダース」（略称「川崎」、club_detail TeamID=727）,公式順位表で略称とクラブ名・TeamIDの対応を確認,SUPPORTED,2026-09-29,
Batch 31 Wave 1,B31W1E0207,Career,C000820,start,2017,B31W1S0052,クラブ所属履歴 > 「2017-18 川崎」,所属履歴の最初のシーズン2017-18の開始年,SUPPORTED,2026-09-29,
Batch 31 Wave 1,B31W1E0208,Career,C000820,end,2021,B31W1S0052,クラブ所属履歴 > 「2020-21 川崎」,所属履歴の最後のシーズン2020-21の終了年,SUPPORTED,2026-09-29,
Batch 31 Wave 1,B31W1E0209,Career,C000821,organization_id,ORG000110,B31W1S0052,クラブ所属履歴 > 「2021-22 広島」〜「2022-23 広島」,B.LEAGUE公式の所属履歴で在籍を確認（略称表記）,SUPPORTED,2026-09-29,
Batch 31 Wave 1,B31W1E0210,Career,C000821,organization_id,ORG000110,B31W1S0008,順位表 > クラブ「広島ドラゴンフライズ」（略称「広島」、club_detail TeamID=721）,公式順位表で略称とクラブ名・TeamIDの対応を確認,SUPPORTED,2026-09-29,
Batch 31 Wave 1,B31W1E0211,Career,C000821,start,2021,B31W1S0052,クラブ所属履歴 > 「2021-22 広島」,所属履歴の最初のシーズン2021-22の開始年,SUPPORTED,2026-09-29,
Batch 31 Wave 1,B31W1E0212,Career,C000821,end,2023,B31W1S0052,クラブ所属履歴 > 「2022-23 広島」,所属履歴の最後のシーズン2022-23の終了年,SUPPORTED,2026-09-29,
Batch 31 Wave 1,B31W1E0213,Career,C000822,organization_id,ORG000132,B31W1S0052,クラブ所属履歴 > 「2022-23 仙台」〜「2024-25 仙台」,B.LEAGUE公式の所属履歴で在籍を確認（略称表記）,SUPPORTED,2026-09-29,
Batch 31 Wave 1,B31W1E0214,Career,C000822,organization_id,ORG000132,B31W1S0003,順位表 > クラブ「仙台89ERS」（略称「仙台」、club_detail TeamID=692）,公式順位表で略称とクラブ名・TeamIDの対応を確認,SUPPORTED,2026-09-29,
Batch 31 Wave 1,B31W1E0215,Career,C000822,start,2022,B31W1S0052,クラブ所属履歴 > 「2022-23 仙台」,所属履歴の最初のシーズン2022-23の開始年,SUPPORTED,2026-09-29,
Batch 31 Wave 1,B31W1E0216,Career,C000822,end,2025,B31W1S0052,クラブ所属履歴 > 「2024-25 仙台」,所属履歴の最後のシーズン2024-25の終了年,SUPPORTED,2026-09-29,
Batch 31 Wave 1,B31W1E0217,Career,C000823,organization_id,ORG000180,B31W1S0053,クラブ所属履歴 > 「2020-21 FE名古屋」,B.LEAGUE公式の所属履歴で在籍を確認（略称表記）,SUPPORTED,2026-09-29,
Batch 31 Wave 1,B31W1E0218,Career,C000823,organization_id,ORG000180,B31W1S0007,順位表 > クラブ「ファイティングイーグルス名古屋」（略称「FE名古屋」、club_detail TeamID=717）,公式順位表で略称とクラブ名・TeamIDの対応を確認,SUPPORTED,2026-09-29,
Batch 31 Wave 1,B31W1E0219,Career,C000823,start,2020,B31W1S0053,クラブ所属履歴 > 「2020-21 FE名古屋」,所属履歴の最初のシーズン2020-21の開始年,SUPPORTED,2026-09-29,
Batch 31 Wave 1,B31W1E0220,Career,C000823,end,2021,B31W1S0053,クラブ所属履歴 > 「2020-21 FE名古屋」,所属履歴の最後のシーズン2020-21の終了年,SUPPORTED,2026-09-29,
Batch 31 Wave 1,B31W1E0221,Career,C000824,organization_id,ORG000155,B31W1S0053,クラブ所属履歴 > 「2021-22 島根」,B.LEAGUE公式の所属履歴で在籍を確認（略称表記）,SUPPORTED,2026-09-29,
Batch 31 Wave 1,B31W1E0222,Career,C000824,organization_id,ORG000155,B31W1S0008,順位表 > クラブ「島根スサノオマジック」（略称「島根」、club_detail TeamID=720）,公式順位表で略称とクラブ名・TeamIDの対応を確認,SUPPORTED,2026-09-29,
Batch 31 Wave 1,B31W1E0223,Career,C000824,start,2021,B31W1S0053,クラブ所属履歴 > 「2021-22 島根」,所属履歴の最初のシーズン2021-22の開始年,SUPPORTED,2026-09-29,
Batch 31 Wave 1,B31W1E0224,Career,C000824,end,2022,B31W1S0053,クラブ所属履歴 > 「2021-22 島根」,所属履歴の最後のシーズン2021-22の終了年,SUPPORTED,2026-09-29,
Batch 31 Wave 1,B31W1E0225,Career,C000825,organization_id,ORG000202,B31W1S0053,クラブ所属履歴 > 「2022-23 福島」〜「2023-24 福島」,B.LEAGUE公式の所属履歴で在籍を確認（略称表記）,SUPPORTED,2026-09-29,
Batch 31 Wave 1,B31W1E0226,Career,C000825,organization_id,ORG000202,B31W1S0054,順位表 > クラブ「福島ファイヤーボンズ」（略称「福島」、club_detail TeamID=711）,公式順位表で略称とクラブ名・TeamIDの対応を確認,SUPPORTED,2026-09-29,
Batch 31 Wave 1,B31W1E0227,Career,C000825,start,2022,B31W1S0053,クラブ所属履歴 > 「2022-23 福島」,所属履歴の最初のシーズン2022-23の開始年,SUPPORTED,2026-09-29,
Batch 31 Wave 1,B31W1E0228,Career,C000825,end,2024,B31W1S0053,クラブ所属履歴 > 「2023-24 福島」,所属履歴の最後のシーズン2023-24の終了年,SUPPORTED,2026-09-29,
Batch 31 Wave 1,B31W1E0229,Career,C000826,organization_id,ORG000142,B31W1S0053,クラブ所属履歴 > 「2024-25 大阪」,B.LEAGUE公式の所属履歴で在籍を確認（略称表記）,SUPPORTED,2026-09-29,
Batch 31 Wave 1,B31W1E0230,Career,C000826,organization_id,ORG000142,B31W1S0016,順位表 > クラブ「大阪エヴェッサ」（略称「大阪」、club_detail TeamID=700）,公式順位表で略称とクラブ名・TeamIDの対応を確認,SUPPORTED,2026-09-29,
Batch 31 Wave 1,B31W1E0231,Career,C000826,start,2024,B31W1S0053,クラブ所属履歴 > 「2024-25 大阪」,所属履歴の最初のシーズン2024-25の開始年,SUPPORTED,2026-09-29,
Batch 31 Wave 1,B31W1E0232,Career,C000826,end,2025,B31W1S0053,クラブ所属履歴 > 「2024-25 大阪」,所属履歴の最後のシーズン2024-25の終了年,SUPPORTED,2026-09-29,
Batch 31 Wave 1,B31W1E0233,Career,C000827,organization_id,ORG000110,B31W1S0056,クラブ所属履歴 > 「2024-25 広島」,B.LEAGUE公式の所属履歴で在籍を確認（略称表記）,SUPPORTED,2026-09-29,
Batch 31 Wave 1,B31W1E0234,Career,C000827,organization_id,ORG000110,B31W1S0016,順位表 > クラブ「広島ドラゴンフライズ」（略称「広島」、club_detail TeamID=721）,公式順位表で略称とクラブ名・TeamIDの対応を確認,SUPPORTED,2026-09-29,
Batch 31 Wave 1,B31W1E0235,Career,C000827,start,2024,B31W1S0056,クラブ所属履歴 > 「2024-25 広島」,所属履歴の最初のシーズン2024-25の開始年,SUPPORTED,2026-09-29,
Batch 31 Wave 1,B31W1E0236,Career,C000827,end,2025,B31W1S0056,クラブ所属履歴 > 「2024-25 広島」,所属履歴の最後のシーズン2024-25の終了年,SUPPORTED,2026-09-29,
Batch 31 Wave 1,B31W1E0237,Career,C000828,organization_id,ORG000130,B31W1S0059,クラブ所属履歴 > 「2023-24 三河」〜「2025-26 三河」,B.LEAGUE公式の所属履歴で在籍を確認（略称表記）,SUPPORTED,2026-09-29,
Batch 31 Wave 1,B31W1E0238,Career,C000828,organization_id,ORG000130,B31W1S0015,順位表 > クラブ「シーホース三河」（略称「三河」、club_detail TeamID=728）,公式順位表で略称とクラブ名・TeamIDの対応を確認,SUPPORTED,2026-09-29,
Batch 31 Wave 1,B31W1E0239,Career,C000828,start,2023,B31W1S0059,クラブ所属履歴 > 「2023-24 三河」,所属履歴の最初のシーズン2023-24の開始年,SUPPORTED,2026-09-29,
Batch 31 Wave 1,B31W1E0240,Career,C000828,end,2026,B31W1S0059,クラブ所属履歴 > 「2025-26 三河」,所属履歴の最後のシーズン2025-26の終了年,SUPPORTED,2026-09-29,
Batch 31 Wave 1,B31W1E0241,Career,C000829,organization_id,ORG000067,B31W1S0059,クラブ所属履歴 > 「2025-26 熊本」,B.LEAGUE公式の所属履歴で在籍を確認（略称表記）,SUPPORTED,2026-09-29,
Batch 31 Wave 1,B31W1E0242,Career,C000829,organization_id,ORG000067,B31W1S0011,順位表 > クラブ「熊本ヴォルターズ」（略称「熊本」、club_detail TeamID=724）,公式順位表で略称とクラブ名・TeamIDの対応を確認,SUPPORTED,2026-09-29,
Batch 31 Wave 1,B31W1E0243,Career,C000829,start,2025,B31W1S0059,クラブ所属履歴 > 「2025-26 熊本」,所属履歴の最初のシーズン2025-26の開始年,SUPPORTED,2026-09-29,
Batch 31 Wave 1,B31W1E0244,Career,C000829,end,2026,B31W1S0059,クラブ所属履歴 > 「2025-26 熊本」,所属履歴の最後のシーズン2025-26の終了年,SUPPORTED,2026-09-29,
Batch 31 Wave 1,B31W1E0245,Career,C000830,organization_id,ORG000040,B31W1S0060,クラブ所属履歴 > 「2023-24 福岡」,B.LEAGUE公式の所属履歴で在籍を確認（略称表記）,SUPPORTED,2026-09-29,
Batch 31 Wave 1,B31W1E0246,Career,C000830,organization_id,ORG000040,B31W1S0061,順位表 > クラブ「ライジングゼファー福岡」（略称「福岡」、club_detail TeamID=753）,公式順位表で略称とクラブ名・TeamIDの対応を確認,SUPPORTED,2026-09-29,
Batch 31 Wave 1,B31W1E0247,Career,C000830,start,2023,B31W1S0060,クラブ所属履歴 > 「2023-24 福岡」,所属履歴の最初のシーズン2023-24の開始年,SUPPORTED,2026-09-29,
Batch 31 Wave 1,B31W1E0248,Career,C000830,end,2024,B31W1S0060,クラブ所属履歴 > 「2023-24 福岡」,所属履歴の最後のシーズン2023-24の終了年,SUPPORTED,2026-09-29,
Batch 31 Wave 1,B31W1E0249,Career,C000831,organization_id,ORG000135,B31W1S0062,クラブ所属履歴 > 「2023-24 長崎」〜「2024-25 長崎」,B.LEAGUE公式の所属履歴で在籍を確認（略称表記）,SUPPORTED,2026-09-29,
Batch 31 Wave 1,B31W1E0250,Career,C000831,organization_id,ORG000135,B31W1S0015,順位表 > クラブ「長崎ヴェルカ」（略称「長崎」、club_detail TeamID=2488）,公式順位表で略称とクラブ名・TeamIDの対応を確認,SUPPORTED,2026-09-29,
Batch 31 Wave 1,B31W1E0251,Career,C000831,start,2023,B31W1S0062,クラブ所属履歴 > 「2023-24 長崎」,所属履歴の最初のシーズン2023-24の開始年,SUPPORTED,2026-09-29,
Batch 31 Wave 1,B31W1E0252,Career,C000831,end,2025,B31W1S0062,クラブ所属履歴 > 「2024-25 長崎」,所属履歴の最後のシーズン2024-25の終了年,SUPPORTED,2026-09-29,
Batch 31 Wave 1,B31W1E0253,Career,C000832,organization_id,ORG000153,B31W1S0063,クラブ所属履歴 > 「2022-23 滋賀」〜「2023-24 滋賀」,B.LEAGUE公式の所属履歴で在籍を確認（略称表記）,SUPPORTED,2026-09-29,
Batch 31 Wave 1,B31W1E0254,Career,C000832,organization_id,ORG000153,B31W1S0003,順位表 > クラブ「滋賀レイクス」（略称「滋賀」、club_detail TeamID=698）,公式順位表で略称とクラブ名・TeamIDの対応を確認,SUPPORTED,2026-09-29,
Batch 31 Wave 1,B31W1E0255,Career,C000832,start,2022,B31W1S0063,クラブ所属履歴 > 「2022-23 滋賀」,所属履歴の最初のシーズン2022-23の開始年,SUPPORTED,2026-09-29,
Batch 31 Wave 1,B31W1E0256,Career,C000832,end,2024,B31W1S0063,クラブ所属履歴 > 「2023-24 滋賀」,所属履歴の最後のシーズン2023-24の終了年,SUPPORTED,2026-09-29,
Batch 31 Wave 2,B31W2E0001,Career,C000833,organization_id,ORG000040,B31W2S0001,クラブ所属履歴 > 「2022-23 福岡」〜「2024-25 福岡」,B.LEAGUE公式の所属履歴で在籍を確認（略称表記）,SUPPORTED,2026-09-29,
Batch 31 Wave 2,B31W2E0002,Career,C000833,organization_id,ORG000040,B31W2S0002,順位表 > クラブ「ライジングゼファー福岡」（略称「福岡」、club_detail TeamID=753）,公式順位表で略称とクラブ名・TeamIDの対応を確認,SUPPORTED,2026-09-29,
Batch 31 Wave 2,B31W2E0003,Career,C000833,start,2022,B31W2S0001,クラブ所属履歴 > 「2022-23 福岡」,所属履歴の最初のシーズン2022-23の開始年,SUPPORTED,2026-09-29,
Batch 31 Wave 2,B31W2E0004,Career,C000833,end,2025,B31W2S0001,クラブ所属履歴 > 「2024-25 福岡」,所属履歴の最後のシーズン2024-25の終了年,SUPPORTED,2026-09-29,
Batch 31 Wave 2,B31W2E0005,Career,C000834,organization_id,ORG000103,B31W2S0005,クラブ所属履歴 > 「2022-23 茨城」〜「2024-25 茨城」,B.LEAGUE公式の所属履歴で在籍を確認（略称表記）,SUPPORTED,2026-09-29,
Batch 31 Wave 2,B31W2E0006,Career,C000834,organization_id,ORG000103,B31W2S0006,順位表 > クラブ「茨城ロボッツ」（略称「茨城」、club_detail TeamID=712）,公式順位表で略称とクラブ名・TeamIDの対応を確認,SUPPORTED,2026-09-29,
Batch 31 Wave 2,B31W2E0007,Career,C000834,start,2022,B31W2S0005,クラブ所属履歴 > 「2022-23 茨城」,所属履歴の最初のシーズン2022-23の開始年,SUPPORTED,2026-09-29,
Batch 31 Wave 2,B31W2E0008,Career,C000834,end,2025,B31W2S0005,クラブ所属履歴 > 「2024-25 茨城」,所属履歴の最後のシーズン2024-25の終了年,SUPPORTED,2026-09-29,
Batch 31 Wave 2,B31W2E0009,Career,C000835,organization_id,ORG000155,B31W2S0008,クラブ所属履歴 > 「2019-20 島根」,B.LEAGUE公式の所属履歴で在籍を確認（略称表記）,SUPPORTED,2026-09-29,
Batch 31 Wave 2,B31W2E0010,Career,C000835,organization_id,ORG000155,B31W2S0009,順位表 > クラブ「島根スサノオマジック」（略称「島根」、club_detail TeamID=720）,公式順位表で略称とクラブ名・TeamIDの対応を確認,SUPPORTED,2026-09-29,
Batch 31 Wave 2,B31W2E0011,Career,C000835,start,2019,B31W2S0008,クラブ所属履歴 > 「2019-20 島根」,所属履歴の最初のシーズン2019-20の開始年,SUPPORTED,2026-09-29,
Batch 31 Wave 2,B31W2E0012,Career,C000835,end,2020,B31W2S0008,クラブ所属履歴 > 「2019-20 島根」,所属履歴の最後のシーズン2019-20の終了年,SUPPORTED,2026-09-29,
Batch 31 Wave 2,B31W2E0013,Career,C000836,organization_id,ORG000052,B31W2S0008,クラブ所属履歴 > 「2020-21 新潟」〜「2021-22 新潟」,B.LEAGUE公式の所属履歴で在籍を確認（略称表記）,SUPPORTED,2026-09-29,
Batch 31 Wave 2,B31W2E0014,Career,C000836,organization_id,ORG000052,B31W2S0010,順位表 > クラブ「新潟アルビレックスBB」（略称「新潟」、club_detail TeamID=695）,公式順位表で略称とクラブ名・TeamIDの対応を確認,SUPPORTED,2026-09-29,
Batch 31 Wave 2,B31W2E0015,Career,C000836,start,2020,B31W2S0008,クラブ所属履歴 > 「2020-21 新潟」,所属履歴の最初のシーズン2020-21の開始年,SUPPORTED,2026-09-29,
Batch 31 Wave 2,B31W2E0016,Career,C000836,end,2022,B31W2S0008,クラブ所属履歴 > 「2021-22 新潟」,所属履歴の最後のシーズン2021-22の終了年,SUPPORTED,2026-09-29,
Batch 31 Wave 2,B31W2E0017,Career,C000837,organization_id,ORG000122,B31W2S0008,クラブ所属履歴 > 「2022-23 川崎」〜「2023-24 川崎」,B.LEAGUE公式の所属履歴で在籍を確認（略称表記）,SUPPORTED,2026-09-29,
Batch 31 Wave 2,B31W2E0018,Career,C000837,organization_id,ORG000122,B31W2S0006,順位表 > クラブ「川崎ブレイブサンダース」（略称「川崎」、club_detail TeamID=727）,公式順位表で略称とクラブ名・TeamIDの対応を確認,SUPPORTED,2026-09-29,
Batch 31 Wave 2,B31W2E0019,Career,C000837,start,2022,B31W2S0008,クラブ所属履歴 > 「2022-23 川崎」,所属履歴の最初のシーズン2022-23の開始年,SUPPORTED,2026-09-29,
Batch 31 Wave 2,B31W2E0020,Career,C000837,end,2024,B31W2S0008,クラブ所属履歴 > 「2023-24 川崎」,所属履歴の最後のシーズン2023-24の終了年,SUPPORTED,2026-09-29,
Batch 31 Wave 2,B31W2E0021,Career,C000838,organization_id,ORG000132,B31W2S0011,クラブ所属履歴 > 「2017-18 仙台」〜「2019-20 仙台」,B.LEAGUE公式の所属履歴で在籍を確認（略称表記）,SUPPORTED,2026-09-29,
Batch 31 Wave 2,B31W2E0022,Career,C000838,organization_id,ORG000132,B31W2S0012,順位表 > クラブ「仙台89ERS」（略称「仙台」、club_detail TeamID=692）,公式順位表で略称とクラブ名・TeamIDの対応を確認,SUPPORTED,2026-09-29,
Batch 31 Wave 2,B31W2E0023,Career,C000838,start,2017,B31W2S0011,クラブ所属履歴 > 「2017-18 仙台」,所属履歴の最初のシーズン2017-18の開始年,SUPPORTED,2026-09-29,
Batch 31 Wave 2,B31W2E0024,Career,C000838,end,2020,B31W2S0011,クラブ所属履歴 > 「2019-20 仙台」,所属履歴の最後のシーズン2019-20の終了年,SUPPORTED,2026-09-29,
Batch 31 Wave 2,B31W2E0025,Career,C000839,organization_id,ORG000040,B31W2S0011,クラブ所属履歴 > 「2020-21 福岡」〜「2022-23 福岡」,B.LEAGUE公式の所属履歴で在籍を確認（略称表記）,SUPPORTED,2026-09-29,
Batch 31 Wave 2,B31W2E0026,Career,C000839,organization_id,ORG000040,B31W2S0013,順位表 > クラブ「ライジングゼファー福岡」（略称「福岡」、club_detail TeamID=753）,公式順位表で略称とクラブ名・TeamIDの対応を確認,SUPPORTED,2026-09-29,
Batch 31 Wave 2,B31W2E0027,Career,C000839,start,2020,B31W2S0011,クラブ所属履歴 > 「2020-21 福岡」,所属履歴の最初のシーズン2020-21の開始年,SUPPORTED,2026-09-29,
Batch 31 Wave 2,B31W2E0028,Career,C000839,end,2023,B31W2S0011,クラブ所属履歴 > 「2022-23 福岡」,所属履歴の最後のシーズン2022-23の終了年,SUPPORTED,2026-09-29,
Batch 31 Wave 2,B31W2E0029,Career,C000840,organization_id,ORG000132,B31W2S0016,クラブ所属履歴 > 「2016-17 仙台」〜「2017-18 仙台」,B.LEAGUE公式の所属履歴で在籍を確認（略称表記）,SUPPORTED,2026-09-29,
Batch 31 Wave 2,B31W2E0030,Career,C000840,organization_id,ORG000132,B31W2S0017,順位表 > クラブ「仙台89ERS」（略称「仙台」、club_detail TeamID=692）,公式順位表で略称とクラブ名・TeamIDの対応を確認,SUPPORTED,2026-09-29,
Batch 31 Wave 2,B31W2E0031,Career,C000840,start,2016,B31W2S0016,クラブ所属履歴 > 「2016-17 仙台」,所属履歴の最初のシーズン2016-17の開始年,SUPPORTED,2026-09-29,
Batch 31 Wave 2,B31W2E0032,Career,C000840,end,2018,B31W2S0016,クラブ所属履歴 > 「2017-18 仙台」,所属履歴の最後のシーズン2017-18の終了年,SUPPORTED,2026-09-29,
Batch 31 Wave 2,B31W2E0033,Career,C000841,organization_id,ORG000150,B31W2S0016,クラブ所属履歴 > 「2018-19 信州」,B.LEAGUE公式の所属履歴で在籍を確認（略称表記）,SUPPORTED,2026-09-29,
Batch 31 Wave 2,B31W2E0034,Career,C000841,organization_id,ORG000150,B31W2S0018,順位表 > クラブ「信州ブレイブウォリアーズ」（略称「信州」、club_detail TeamID=716）,公式順位表で略称とクラブ名・TeamIDの対応を確認,SUPPORTED,2026-09-29,
Batch 31 Wave 2,B31W2E0035,Career,C000841,start,2018,B31W2S0016,クラブ所属履歴 > 「2018-19 信州」,所属履歴の最初のシーズン2018-19の開始年,SUPPORTED,2026-09-29,
Batch 31 Wave 2,B31W2E0036,Career,C000841,end,2019,B31W2S0016,クラブ所属履歴 > 「2018-19 信州」,所属履歴の最後のシーズン2018-19の終了年,SUPPORTED,2026-09-29,
Batch 31 Wave 2,B31W2E0037,Career,C000842,organization_id,ORG000067,B31W2S0016,クラブ所属履歴 > 「2019-20 熊本」〜「2020-21 熊本」,B.LEAGUE公式の所属履歴で在籍を確認（略称表記）,SUPPORTED,2026-09-29,
Batch 31 Wave 2,B31W2E0038,Career,C000842,organization_id,ORG000067,B31W2S0019,順位表 > クラブ「熊本ヴォルターズ」（略称「熊本」、club_detail TeamID=724）,公式順位表で略称とクラブ名・TeamIDの対応を確認,SUPPORTED,2026-09-29,
Batch 31 Wave 2,B31W2E0039,Career,C000842,start,2019,B31W2S0016,クラブ所属履歴 > 「2019-20 熊本」,所属履歴の最初のシーズン2019-20の開始年,SUPPORTED,2026-09-29,
Batch 31 Wave 2,B31W2E0040,Career,C000842,end,2021,B31W2S0016,クラブ所属履歴 > 「2020-21 熊本」,所属履歴の最後のシーズン2020-21の終了年,SUPPORTED,2026-09-29,
Batch 31 Wave 2,B31W2E0041,Career,C000843,organization_id,ORG000180,B31W2S0016,クラブ所属履歴 > 「2021-22 FE名古屋」〜「2022-23 FE名古屋」,B.LEAGUE公式の所属履歴で在籍を確認（略称表記）,SUPPORTED,2026-09-29,
Batch 31 Wave 2,B31W2E0042,Career,C000843,organization_id,ORG000180,B31W2S0020,順位表 > クラブ「ファイティングイーグルス名古屋」（略称「FE名古屋」、club_detail TeamID=717）,公式順位表で略称とクラブ名・TeamIDの対応を確認,SUPPORTED,2026-09-29,
Batch 31 Wave 2,B31W2E0043,Career,C000843,start,2021,B31W2S0016,クラブ所属履歴 > 「2021-22 FE名古屋」,所属履歴の最初のシーズン2021-22の開始年,SUPPORTED,2026-09-29,
Batch 31 Wave 2,B31W2E0044,Career,C000843,end,2023,B31W2S0016,クラブ所属履歴 > 「2022-23 FE名古屋」,所属履歴の最後のシーズン2022-23の終了年,SUPPORTED,2026-09-29,
Batch 31 Wave 2,B31W2E0045,Career,C000844,organization_id,ORG000150,B31W2S0016,クラブ所属履歴 > 「2023-24 信州」〜「2024-25 信州」,B.LEAGUE公式の所属履歴で在籍を確認（略称表記）,SUPPORTED,2026-09-29,
Batch 31 Wave 2,B31W2E0046,Career,C000844,organization_id,ORG000150,B31W2S0021,順位表 > クラブ「信州ブレイブウォリアーズ」（略称「信州」、club_detail TeamID=716）,公式順位表で略称とクラブ名・TeamIDの対応を確認,SUPPORTED,2026-09-29,
Batch 31 Wave 2,B31W2E0047,Career,C000844,start,2023,B31W2S0016,クラブ所属履歴 > 「2023-24 信州」,所属履歴の最初のシーズン2023-24の開始年,SUPPORTED,2026-09-29,
Batch 31 Wave 2,B31W2E0048,Career,C000844,end,2025,B31W2S0016,クラブ所属履歴 > 「2024-25 信州」,所属履歴の最後のシーズン2024-25の終了年,SUPPORTED,2026-09-29,
Batch 31 Wave 2,B31W2E0049,Career,C000845,organization_id,ORG000040,B31W2S0024,クラブ所属履歴 > 「2019-20 福岡」,B.LEAGUE公式の所属履歴で在籍を確認（略称表記）,SUPPORTED,2026-09-29,
Batch 31 Wave 2,B31W2E0050,Career,C000845,organization_id,ORG000040,B31W2S0019,順位表 > クラブ「ライジングゼファー福岡」（略称「福岡」、club_detail TeamID=753）,公式順位表で略称とクラブ名・TeamIDの対応を確認,SUPPORTED,2026-09-29,
Batch 31 Wave 2,B31W2E0051,Career,C000845,start,2019,B31W2S0024,クラブ所属履歴 > 「2019-20 福岡」,所属履歴の最初のシーズン2019-20の開始年,SUPPORTED,2026-09-29,
Batch 31 Wave 2,B31W2E0052,Career,C000845,end,2020,B31W2S0024,クラブ所属履歴 > 「2019-20 福岡」,所属履歴の最後のシーズン2019-20の終了年,SUPPORTED,2026-09-29,
Batch 31 Wave 2,B31W2E0053,Career,C000846,organization_id,ORG000180,B31W2S0024,クラブ所属履歴 > 「2020-21 FE名古屋」,B.LEAGUE公式の所属履歴で在籍を確認（略称表記）,SUPPORTED,2026-09-29,
Batch 31 Wave 2,B31W2E0054,Career,C000846,organization_id,ORG000180,B31W2S0013,順位表 > クラブ「ファイティングイーグルス名古屋」（略称「FE名古屋」、club_detail TeamID=717）,公式順位表で略称とクラブ名・TeamIDの対応を確認,SUPPORTED,2026-09-29,
Batch 31 Wave 2,B31W2E0055,Career,C000846,start,2020,B31W2S0024,クラブ所属履歴 > 「2020-21 FE名古屋」,所属履歴の最初のシーズン2020-21の開始年,SUPPORTED,2026-09-29,
Batch 31 Wave 2,B31W2E0056,Career,C000846,end,2021,B31W2S0024,クラブ所属履歴 > 「2020-21 FE名古屋」,所属履歴の最後のシーズン2020-21の終了年,SUPPORTED,2026-09-29,
Batch 31 Wave 2,B31W2E0057,Career,C000847,organization_id,ORG000090,B31W2S0024,クラブ所属履歴 > 「2021-22 横浜EX」,B.LEAGUE公式の所属履歴で在籍を確認（略称表記）,SUPPORTED,2026-09-29,
Batch 31 Wave 2,B31W2E0058,Career,C000847,organization_id,ORG000090,B31W2S0025,順位表 > クラブ「横浜エクセレンス」（略称「横浜EX」、club_detail TeamID=714）,公式順位表で略称とクラブ名・TeamIDの対応を確認,SUPPORTED,2026-09-29,
Batch 31 Wave 2,B31W2E0059,Career,C000847,start,2021,B31W2S0024,クラブ所属履歴 > 「2021-22 横浜EX」,所属履歴の最初のシーズン2021-22の開始年,SUPPORTED,2026-09-29,
Batch 31 Wave 2,B31W2E0060,Career,C000847,end,2022,B31W2S0024,クラブ所属履歴 > 「2021-22 横浜EX」,所属履歴の最後のシーズン2021-22の終了年,SUPPORTED,2026-09-29,
Batch 31 Wave 2,B31W2E0061,Career,C000848,organization_id,ORG000092,B31W2S0024,クラブ所属履歴 > 「2022-23 北海道」,B.LEAGUE公式の所属履歴で在籍を確認（略称表記）,SUPPORTED,2026-09-29,
Batch 31 Wave 2,B31W2E0062,Career,C000848,organization_id,ORG000092,B31W2S0006,順位表 > クラブ「レバンガ北海道」（略称「北海道」、club_detail TeamID=702）,公式順位表で略称とクラブ名・TeamIDの対応を確認,SUPPORTED,2026-09-29,
Batch 31 Wave 2,B31W2E0063,Career,C000848,start,2022,B31W2S0024,クラブ所属履歴 > 「2022-23 北海道」,所属履歴の最初のシーズン2022-23の開始年,SUPPORTED,2026-09-29,
Batch 31 Wave 2,B31W2E0064,Career,C000848,end,2023,B31W2S0024,クラブ所属履歴 > 「2022-23 北海道」,所属履歴の最後のシーズン2022-23の終了年,SUPPORTED,2026-09-29,
Batch 31 Wave 2,B31W2E0065,Career,C000849,organization_id,ORG000106,B31W2S0024,クラブ所属履歴 > 「2023-24 琉球」〜「2025-26 琉球」,B.LEAGUE公式の所属履歴で在籍を確認（略称表記）,SUPPORTED,2026-09-29,
Batch 31 Wave 2,B31W2E0066,Career,C000849,organization_id,ORG000106,B31W2S0021,順位表 > クラブ「琉球ゴールデンキングス」（略称「琉球」、club_detail TeamID=701）,公式順位表で略称とクラブ名・TeamIDの対応を確認,SUPPORTED,2026-09-29,
Batch 31 Wave 2,B31W2E0067,Career,C000849,start,2023,B31W2S0024,クラブ所属履歴 > 「2023-24 琉球」,所属履歴の最初のシーズン2023-24の開始年,SUPPORTED,2026-09-29,
Batch 31 Wave 2,B31W2E0068,Career,C000849,end,2026,B31W2S0024,クラブ所属履歴 > 「2025-26 琉球」,所属履歴の最後のシーズン2025-26の終了年,SUPPORTED,2026-09-29,
Batch 31 Wave 2,B31W2E0069,Career,C000850,organization_id,ORG000054,B31W2S0026,クラブ所属履歴 > 「2016-17 名古屋D」〜「2020-21 名古屋D」,B.LEAGUE公式の所属履歴で在籍を確認（略称表記）,SUPPORTED,2026-09-29,
Batch 31 Wave 2,B31W2E0070,Career,C000850,organization_id,ORG000054,B31W2S0017,順位表 > クラブ「名古屋ダイヤモンドドルフィンズ」（略称「名古屋D」、club_detail TeamID=729）,公式順位表で略称とクラブ名・TeamIDの対応を確認,SUPPORTED,2026-09-29,
Batch 31 Wave 2,B31W2E0071,Career,C000850,start,2016,B31W2S0026,クラブ所属履歴 > 「2016-17 名古屋D」,所属履歴の最初のシーズン2016-17の開始年,SUPPORTED,2026-09-29,
Batch 31 Wave 2,B31W2E0072,Career,C000850,end,2021,B31W2S0026,クラブ所属履歴 > 「2020-21 名古屋D」,所属履歴の最後のシーズン2020-21の終了年,SUPPORTED,2026-09-29,
Batch 31 Wave 2,B31W2E0073,Career,C000851,organization_id,ORG000052,B31W2S0028,クラブ所属履歴 > 「2016-17 新潟」〜「2019-20 新潟」,B.LEAGUE公式の所属履歴で在籍を確認（略称表記）,SUPPORTED,2026-09-29,
Batch 31 Wave 2,B31W2E0074,Career,C000851,organization_id,ORG000052,B31W2S0017,順位表 > クラブ「新潟アルビレックスBB」（略称「新潟」、club_detail TeamID=695）,公式順位表で略称とクラブ名・TeamIDの対応を確認,SUPPORTED,2026-09-29,
Batch 31 Wave 2,B31W2E0075,Career,C000851,start,2016,B31W2S0028,クラブ所属履歴 > 「2016-17 新潟」,所属履歴の最初のシーズン2016-17の開始年,SUPPORTED,2026-09-29,
Batch 31 Wave 2,B31W2E0076,Career,C000851,end,2020,B31W2S0028,クラブ所属履歴 > 「2019-20 新潟」,所属履歴の最後のシーズン2019-20の終了年,SUPPORTED,2026-09-29,
Batch 31 Wave 2,B31W2E0077,Career,C000852,organization_id,ORG000042,B31W2S0029,クラブ所属履歴 > 「2022-23 京都」,B.LEAGUE公式の所属履歴で在籍を確認（略称表記）,SUPPORTED,2026-09-29,
Batch 31 Wave 2,B31W2E0078,Career,C000852,organization_id,ORG000042,B31W2S0006,順位表 > クラブ「京都ハンナリーズ」（略称「京都」、club_detail TeamID=699）,公式順位表で略称とクラブ名・TeamIDの対応を確認,SUPPORTED,2026-09-29,
Batch 31 Wave 2,B31W2E0079,Career,C000852,start,2022,B31W2S0029,クラブ所属履歴 > 「2022-23 京都」,所属履歴の最初のシーズン2022-23の開始年,SUPPORTED,2026-09-29,
Batch 31 Wave 2,B31W2E0080,Career,C000852,end,2023,B31W2S0029,クラブ所属履歴 > 「2022-23 京都」,所属履歴の最後のシーズン2022-23の終了年,SUPPORTED,2026-09-29,
Batch 31 Wave 2,B31W2E0081,Career,C000853,organization_id,ORG000097,B31W2S0029,クラブ所属履歴 > 「2023-24 三遠」,B.LEAGUE公式の所属履歴で在籍を確認（略称表記）,SUPPORTED,2026-09-29,
Batch 31 Wave 2,B31W2E0082,Career,C000853,organization_id,ORG000097,B31W2S0021,順位表 > クラブ「三遠ネオフェニックス」（略称「三遠」、club_detail TeamID=697）,公式順位表で略称とクラブ名・TeamIDの対応を確認,SUPPORTED,2026-09-29,
Batch 31 Wave 2,B31W2E0083,Career,C000853,start,2023,B31W2S0029,クラブ所属履歴 > 「2023-24 三遠」,所属履歴の最初のシーズン2023-24の開始年,SUPPORTED,2026-09-29,
Batch 31 Wave 2,B31W2E0084,Career,C000853,end,2024,B31W2S0029,クラブ所属履歴 > 「2023-24 三遠」,所属履歴の最後のシーズン2023-24の終了年,SUPPORTED,2026-09-29,
Batch 31 Wave 2,B31W2E0085,Career,C000854,organization_id,ORG000142,B31W2S0030,クラブ所属履歴 > 「2021-22 大阪」〜「2024-25 大阪」,B.LEAGUE公式の所属履歴で在籍を確認（略称表記）,SUPPORTED,2026-09-29,
Batch 31 Wave 2,B31W2E0086,Career,C000854,organization_id,ORG000142,B31W2S0031,順位表 > クラブ「大阪エヴェッサ」（略称「大阪」、club_detail TeamID=700）,公式順位表で略称とクラブ名・TeamIDの対応を確認,SUPPORTED,2026-09-29,
Batch 31 Wave 2,B31W2E0087,Career,C000854,start,2021,B31W2S0030,クラブ所属履歴 > 「2021-22 大阪」,所属履歴の最初のシーズン2021-22の開始年,SUPPORTED,2026-09-29,
Batch 31 Wave 2,B31W2E0088,Career,C000854,end,2025,B31W2S0030,クラブ所属履歴 > 「2024-25 大阪」,所属履歴の最後のシーズン2024-25の終了年,SUPPORTED,2026-09-29,
Batch 31 Wave 2,B31W2E0089,Career,C000855,organization_id,ORG000137,B31W2S0032,クラブ所属履歴 > 「2016-17 秋田」〜「2018-19 秋田」,B.LEAGUE公式の所属履歴で在籍を確認（略称表記）,SUPPORTED,2026-09-29,
Batch 31 Wave 2,B31W2E0090,Career,C000855,organization_id,ORG000137,B31W2S0017,順位表 > クラブ「秋田ノーザンハピネッツ」（略称「秋田」、club_detail TeamID=693）,公式順位表で略称とクラブ名・TeamIDの対応を確認,SUPPORTED,2026-09-29,
Batch 31 Wave 2,B31W2E0091,Career,C000855,start,2016,B31W2S0032,クラブ所属履歴 > 「2016-17 秋田」,所属履歴の最初のシーズン2016-17の開始年,SUPPORTED,2026-09-29,
Batch 31 Wave 2,B31W2E0092,Career,C000855,end,2019,B31W2S0032,クラブ所属履歴 > 「2018-19 秋田」,所属履歴の最後のシーズン2018-19の終了年,SUPPORTED,2026-09-29,
Batch 31 Wave 2,B31W2E0093,Career,C000856,organization_id,ORG000110,B31W2S0032,クラブ所属履歴 > 「2019-20 広島」〜「2020-21 広島」,B.LEAGUE公式の所属履歴で在籍を確認（略称表記）,SUPPORTED,2026-09-29,
Batch 31 Wave 2,B31W2E0094,Career,C000856,organization_id,ORG000110,B31W2S0019,順位表 > クラブ「広島ドラゴンフライズ」（略称「広島」、club_detail TeamID=721）,公式順位表で略称とクラブ名・TeamIDの対応を確認,SUPPORTED,2026-09-29,
Batch 31 Wave 2,B31W2E0095,Career,C000856,start,2019,B31W2S0032,クラブ所属履歴 > 「2019-20 広島」,所属履歴の最初のシーズン2019-20の開始年,SUPPORTED,2026-09-29,
Batch 31 Wave 2,B31W2E0096,Career,C000856,end,2021,B31W2S0032,クラブ所属履歴 > 「2020-21 広島」,所属履歴の最後のシーズン2020-21の終了年,SUPPORTED,2026-09-29,
Batch 31 Wave 2,B31W2E0097,Career,C000857,organization_id,ORG000103,B31W2S0032,クラブ所属履歴 > 「2021-22 茨城」,B.LEAGUE公式の所属履歴で在籍を確認（略称表記）,SUPPORTED,2026-09-29,
Batch 31 Wave 2,B31W2E0098,Career,C000857,organization_id,ORG000103,B31W2S0031,順位表 > クラブ「茨城ロボッツ」（略称「茨城」、club_detail TeamID=712）,公式順位表で略称とクラブ名・TeamIDの対応を確認,SUPPORTED,2026-09-29,
Batch 31 Wave 2,B31W2E0099,Career,C000857,start,2021,B31W2S0032,クラブ所属履歴 > 「2021-22 茨城」,所属履歴の最初のシーズン2021-22の開始年,SUPPORTED,2026-09-29,
Batch 31 Wave 2,B31W2E0100,Career,C000857,end,2022,B31W2S0032,クラブ所属履歴 > 「2021-22 茨城」,所属履歴の最後のシーズン2021-22の終了年,SUPPORTED,2026-09-29,
Batch 31 Wave 2,B31W2E0101,Career,C000858,organization_id,ORG000155,B31W2S0032,クラブ所属履歴 > 「2022-23 島根」〜「2024-25 島根」,B.LEAGUE公式の所属履歴で在籍を確認（略称表記）,SUPPORTED,2026-09-29,
Batch 31 Wave 2,B31W2E0102,Career,C000858,organization_id,ORG000155,B31W2S0006,順位表 > クラブ「島根スサノオマジック」（略称「島根」、club_detail TeamID=720）,公式順位表で略称とクラブ名・TeamIDの対応を確認,SUPPORTED,2026-09-29,
Batch 31 Wave 2,B31W2E0103,Career,C000858,start,2022,B31W2S0032,クラブ所属履歴 > 「2022-23 島根」,所属履歴の最初のシーズン2022-23の開始年,SUPPORTED,2026-09-29,
Batch 31 Wave 2,B31W2E0104,Career,C000858,end,2025,B31W2S0032,クラブ所属履歴 > 「2024-25 島根」,所属履歴の最後のシーズン2024-25の終了年,SUPPORTED,2026-09-29,
Batch 31 Wave 2,B31W2E0105,Career,C000859,organization_id,ORG000042,B31W2S0033,クラブ所属履歴 > 「2019-20 京都」〜「2020-21 京都」,B.LEAGUE公式の所属履歴で在籍を確認（略称表記）,SUPPORTED,2026-09-29,
Batch 31 Wave 2,B31W2E0106,Career,C000859,organization_id,ORG000042,B31W2S0009,順位表 > クラブ「京都ハンナリーズ」（略称「京都」、club_detail TeamID=699）,公式順位表で略称とクラブ名・TeamIDの対応を確認,SUPPORTED,2026-09-29,
Batch 31 Wave 2,B31W2E0107,Career,C000859,start,2019,B31W2S0033,クラブ所属履歴 > 「2019-20 京都」,所属履歴の最初のシーズン2019-20の開始年,SUPPORTED,2026-09-29,
Batch 31 Wave 2,B31W2E0108,Career,C000859,end,2021,B31W2S0033,クラブ所属履歴 > 「2020-21 京都」,所属履歴の最後のシーズン2020-21の終了年,SUPPORTED,2026-09-29,
Batch 31 Wave 2,B31W2E0109,Career,C000860,organization_id,ORG000122,B31W2S0034,クラブ所属履歴 > 「2016-17 川崎」〜「2018-19 川崎」,B.LEAGUE公式の所属履歴で在籍を確認（略称表記）,SUPPORTED,2026-09-29,
Batch 31 Wave 2,B31W2E0110,Career,C000860,organization_id,ORG000122,B31W2S0017,順位表 > クラブ「川崎ブレイブサンダース」（略称「川崎」、club_detail TeamID=727）,公式順位表で略称とクラブ名・TeamIDの対応を確認,SUPPORTED,2026-09-29,
Batch 31 Wave 2,B31W2E0111,Career,C000860,start,2016,B31W2S0034,クラブ所属履歴 > 「2016-17 川崎」,所属履歴の最初のシーズン2016-17の開始年,SUPPORTED,2026-09-29,
Batch 31 Wave 2,B31W2E0112,Career,C000860,end,2019,B31W2S0034,クラブ所属履歴 > 「2018-19 川崎」,所属履歴の最後のシーズン2018-19の終了年,SUPPORTED,2026-09-29,
Batch 31 Wave 2,B31W2E0113,Career,C000861,organization_id,ORG000153,B31W2S0034,クラブ所属履歴 > 「2019-20 滋賀」〜「2020-21 滋賀」,B.LEAGUE公式の所属履歴で在籍を確認（略称表記）,SUPPORTED,2026-09-29,
Batch 31 Wave 2,B31W2E0114,Career,C000861,organization_id,ORG000153,B31W2S0009,順位表 > クラブ「滋賀レイクスターズ」（略称「滋賀」、club_detail TeamID=698）,公式順位表で略称とクラブ名・TeamIDの対応を確認,SUPPORTED,2026-09-29,
Batch 31 Wave 2,B31W2E0115,Career,C000861,start,2019,B31W2S0034,クラブ所属履歴 > 「2019-20 滋賀」,所属履歴の最初のシーズン2019-20の開始年,SUPPORTED,2026-09-29,
Batch 31 Wave 2,B31W2E0116,Career,C000861,end,2021,B31W2S0034,クラブ所属履歴 > 「2020-21 滋賀」,所属履歴の最後のシーズン2020-21の終了年,SUPPORTED,2026-09-29,
Batch 31 Wave 2,B31W2E0117,Career,C000862,organization_id,ORG000224,B31W2S0034,クラブ所属履歴 > 「2020-21 香川」〜「2021-22 香川」,B.LEAGUE公式の所属履歴で在籍を確認（略称表記）,SUPPORTED,2026-09-29,
Batch 31 Wave 2,B31W2E0118,Career,C000862,organization_id,ORG000224,B31W2S0013,順位表 > クラブ「香川ファイブアローズ」（略称「香川」、club_detail TeamID=722）,公式順位表で略称とクラブ名・TeamIDの対応を確認,SUPPORTED,2026-09-29,
Batch 31 Wave 2,B31W2E0119,Career,C000862,start,2020,B31W2S0034,クラブ所属履歴 > 「2020-21 香川」,所属履歴の最初のシーズン2020-21の開始年,SUPPORTED,2026-09-29,
Batch 31 Wave 2,B31W2E0120,Career,C000862,end,2022,B31W2S0034,クラブ所属履歴 > 「2021-22 香川」,所属履歴の最後のシーズン2021-22の終了年,SUPPORTED,2026-09-29,
Batch 31 Wave 2,B31W2E0121,Career,C000863,organization_id,ORG000067,B31W2S0034,クラブ所属履歴 > 「2022-23 熊本」,B.LEAGUE公式の所属履歴で在籍を確認（略称表記）,SUPPORTED,2026-09-29,
Batch 31 Wave 2,B31W2E0122,Career,C000863,organization_id,ORG000067,B31W2S0002,順位表 > クラブ「熊本ヴォルターズ」（略称「熊本」、club_detail TeamID=724）,公式順位表で略称とクラブ名・TeamIDの対応を確認,SUPPORTED,2026-09-29,
Batch 31 Wave 2,B31W2E0123,Career,C000863,start,2022,B31W2S0034,クラブ所属履歴 > 「2022-23 熊本」,所属履歴の最初のシーズン2022-23の開始年,SUPPORTED,2026-09-29,
Batch 31 Wave 2,B31W2E0124,Career,C000863,end,2023,B31W2S0034,クラブ所属履歴 > 「2022-23 熊本」,所属履歴の最後のシーズン2022-23の終了年,SUPPORTED,2026-09-29,
Batch 31 Wave 2,B31W2E0125,Career,C000864,organization_id,ORG000040,B31W2S0034,クラブ所属履歴 > 「2023-24 福岡」〜「2024-25 福岡」,B.LEAGUE公式の所属履歴で在籍を確認（略称表記）,SUPPORTED,2026-09-29,
Batch 31 Wave 2,B31W2E0126,Career,C000864,organization_id,ORG000040,B31W2S0035,順位表 > クラブ「ライジングゼファー福岡」（略称「福岡」、club_detail TeamID=753）,公式順位表で略称とクラブ名・TeamIDの対応を確認,SUPPORTED,2026-09-29,
Batch 31 Wave 2,B31W2E0127,Career,C000864,start,2023,B31W2S0034,クラブ所属履歴 > 「2023-24 福岡」,所属履歴の最初のシーズン2023-24の開始年,SUPPORTED,2026-09-29,
Batch 31 Wave 2,B31W2E0128,Career,C000864,end,2025,B31W2S0034,クラブ所属履歴 > 「2024-25 福岡」,所属履歴の最後のシーズン2024-25の終了年,SUPPORTED,2026-09-29,
Batch 31 Wave 2,B31W2E0129,Career,C000865,organization_id,ORG000055,B31W2S0034,クラブ所属履歴 > 「2025-26 横浜BC」,B.LEAGUE公式の所属履歴で在籍を確認（略称表記）,SUPPORTED,2026-09-29,
Batch 31 Wave 2,B31W2E0130,Career,C000865,organization_id,ORG000055,B31W2S0036,順位表 > クラブ「横浜ビー・コルセアーズ」（略称「横浜BC」、club_detail TeamID=694）,公式順位表で略称とクラブ名・TeamIDの対応を確認,SUPPORTED,2026-09-29,
Batch 31 Wave 2,B31W2E0131,Career,C000865,start,2025,B31W2S0034,クラブ所属履歴 > 「2025-26 横浜BC」,所属履歴の最初のシーズン2025-26の開始年,SUPPORTED,2026-09-29,
Batch 31 Wave 2,B31W2E0132,Career,C000865,end,2026,B31W2S0034,クラブ所属履歴 > 「2025-26 横浜BC」,所属履歴の最後のシーズン2025-26の終了年,SUPPORTED,2026-09-29,
Batch 31 Wave 2,B31W2E0133,Career,C000866,organization_id,ORG000155,B31W2S0037,クラブ所属履歴 > 「2023-24 島根」,B.LEAGUE公式の所属履歴で在籍を確認（略称表記）,SUPPORTED,2026-09-29,
Batch 31 Wave 2,B31W2E0134,Career,C000866,organization_id,ORG000155,B31W2S0021,順位表 > クラブ「島根スサノオマジック」（略称「島根」、club_detail TeamID=720）,公式順位表で略称とクラブ名・TeamIDの対応を確認,SUPPORTED,2026-09-29,
Batch 31 Wave 2,B31W2E0135,Career,C000866,start,2023,B31W2S0037,クラブ所属履歴 > 「2023-24 島根」,所属履歴の最初のシーズン2023-24の開始年,SUPPORTED,2026-09-29,
Batch 31 Wave 2,B31W2E0136,Career,C000866,end,2024,B31W2S0037,クラブ所属履歴 > 「2023-24 島根」,所属履歴の最後のシーズン2023-24の終了年,SUPPORTED,2026-09-29,
Batch 31 Wave 2,B31W2E0137,Career,C000867,organization_id,ORG000042,B31W2S0038,クラブ所属履歴 > 「2019-20 京都」〜「2020-21 京都」,B.LEAGUE公式の所属履歴で在籍を確認（略称表記）,SUPPORTED,2026-09-29,
Batch 31 Wave 2,B31W2E0138,Career,C000867,organization_id,ORG000042,B31W2S0009,順位表 > クラブ「京都ハンナリーズ」（略称「京都」、club_detail TeamID=699）,公式順位表で略称とクラブ名・TeamIDの対応を確認,SUPPORTED,2026-09-29,
Batch 31 Wave 2,B31W2E0139,Career,C000867,start,2019,B31W2S0038,クラブ所属履歴 > 「2019-20 京都」,所属履歴の最初のシーズン2019-20の開始年,SUPPORTED,2026-09-29,
Batch 31 Wave 2,B31W2E0140,Career,C000867,end,2021,B31W2S0038,クラブ所属履歴 > 「2020-21 京都」,所属履歴の最後のシーズン2020-21の終了年,SUPPORTED,2026-09-29,
Batch 31 Wave 2,B31W2E0141,Career,C000868,organization_id,ORG000055,B31W2S0038,クラブ所属履歴 > 「2021-22 横浜BC」〜「2024-25 横浜BC」,B.LEAGUE公式の所属履歴で在籍を確認（略称表記）,SUPPORTED,2026-09-29,
Batch 31 Wave 2,B31W2E0142,Career,C000868,organization_id,ORG000055,B31W2S0031,順位表 > クラブ「横浜ビー・コルセアーズ」（略称「横浜」、club_detail TeamID=694）,公式順位表で略称とクラブ名・TeamIDの対応を確認,SUPPORTED,2026-09-29,
Batch 31 Wave 2,B31W2E0143,Career,C000868,start,2021,B31W2S0038,クラブ所属履歴 > 「2021-22 横浜BC」,所属履歴の最初のシーズン2021-22の開始年,SUPPORTED,2026-09-29,
Batch 31 Wave 2,B31W2E0144,Career,C000868,end,2025,B31W2S0038,クラブ所属履歴 > 「2024-25 横浜BC」,所属履歴の最後のシーズン2024-25の終了年,SUPPORTED,2026-09-29,
Batch 31 Wave 2,B31W2E0145,Career,C000869,organization_id,ORG000042,B31W2S0039,クラブ所属履歴 > 「2017-18 京都」〜「2018-19 京都」,B.LEAGUE公式の所属履歴で在籍を確認（略称表記）,SUPPORTED,2026-09-29,
Batch 31 Wave 2,B31W2E0146,Career,C000869,organization_id,ORG000042,B31W2S0040,順位表 > クラブ「京都ハンナリーズ」（略称「京都」、club_detail TeamID=699）,公式順位表で略称とクラブ名・TeamIDの対応を確認,SUPPORTED,2026-09-29,
Batch 31 Wave 2,B31W2E0147,Career,C000869,start,2017,B31W2S0039,クラブ所属履歴 > 「2017-18 京都」,所属履歴の最初のシーズン2017-18の開始年,SUPPORTED,2026-09-29,
Batch 31 Wave 2,B31W2E0148,Career,C000869,end,2019,B31W2S0039,クラブ所属履歴 > 「2018-19 京都」,所属履歴の最後のシーズン2018-19の終了年,SUPPORTED,2026-09-29,
Batch 31 Wave 2,B31W2E0149,Career,C000870,organization_id,ORG000142,B31W2S0039,クラブ所属履歴 > 「2019-20 大阪」〜「2020-21 大阪」,B.LEAGUE公式の所属履歴で在籍を確認（略称表記）,SUPPORTED,2026-09-29,
Batch 31 Wave 2,B31W2E0150,Career,C000870,organization_id,ORG000142,B31W2S0009,順位表 > クラブ「大阪エヴェッサ」（略称「大阪」、club_detail TeamID=700）,公式順位表で略称とクラブ名・TeamIDの対応を確認,SUPPORTED,2026-09-29,
Batch 31 Wave 2,B31W2E0151,Career,C000870,start,2019,B31W2S0039,クラブ所属履歴 > 「2019-20 大阪」,所属履歴の最初のシーズン2019-20の開始年,SUPPORTED,2026-09-29,
Batch 31 Wave 2,B31W2E0152,Career,C000870,end,2021,B31W2S0039,クラブ所属履歴 > 「2020-21 大阪」,所属履歴の最後のシーズン2020-21の終了年,SUPPORTED,2026-09-29,
Batch 31 Wave 2,B31W2E0153,Career,C000871,organization_id,ORG000054,B31W2S0039,クラブ所属履歴 > 「2021-22 名古屋D」〜「2023-24 名古屋D」,B.LEAGUE公式の所属履歴で在籍を確認（略称表記）,SUPPORTED,2026-09-29,
Batch 31 Wave 2,B31W2E0154,Career,C000871,organization_id,ORG000054,B31W2S0031,順位表 > クラブ「名古屋ダイヤモンドドルフィンズ」（略称「名古屋D」、club_detail TeamID=729）,公式順位表で略称とクラブ名・TeamIDの対応を確認,SUPPORTED,2026-09-29,
Batch 31 Wave 2,B31W2E0155,Career,C000871,start,2021,B31W2S0039,クラブ所属履歴 > 「2021-22 名古屋D」,所属履歴の最初のシーズン2021-22の開始年,SUPPORTED,2026-09-29,
Batch 31 Wave 2,B31W2E0156,Career,C000871,end,2024,B31W2S0039,クラブ所属履歴 > 「2023-24 名古屋D」,所属履歴の最後のシーズン2023-24の終了年,SUPPORTED,2026-09-29,
Batch 31 Wave 2,B31W2E0157,Career,C000872,organization_id,ORG000106,B31W2S0039,クラブ所属履歴 > 「2024-25 琉球」,B.LEAGUE公式の所属履歴で在籍を確認（略称表記）,SUPPORTED,2026-09-29,
Batch 31 Wave 2,B31W2E0158,Career,C000872,organization_id,ORG000106,B31W2S0041,順位表 > クラブ「琉球ゴールデンキングス」（略称「琉球」、club_detail TeamID=701）,公式順位表で略称とクラブ名・TeamIDの対応を確認,SUPPORTED,2026-09-29,
Batch 31 Wave 2,B31W2E0159,Career,C000872,start,2024,B31W2S0039,クラブ所属履歴 > 「2024-25 琉球」,所属履歴の最初のシーズン2024-25の開始年,SUPPORTED,2026-09-29,
Batch 31 Wave 2,B31W2E0160,Career,C000872,end,2025,B31W2S0039,クラブ所属履歴 > 「2024-25 琉球」,所属履歴の最後のシーズン2024-25の終了年,SUPPORTED,2026-09-29,
Batch 31 Wave 2,B31W2E0161,Career,C000873,organization_id,ORG000097,B31W2S0042,クラブ所属履歴 > 「2020-21 三遠」〜「2021-22 三遠」,B.LEAGUE公式の所属履歴で在籍を確認（略称表記）,SUPPORTED,2026-09-29,
Batch 31 Wave 2,B31W2E0162,Career,C000873,organization_id,ORG000097,B31W2S0010,順位表 > クラブ「三遠ネオフェニックス」（略称「三遠」、club_detail TeamID=697）,公式順位表で略称とクラブ名・TeamIDの対応を確認,SUPPORTED,2026-09-29,
Batch 31 Wave 2,B31W2E0163,Career,C000873,start,2020,B31W2S0042,クラブ所属履歴 > 「2020-21 三遠」,所属履歴の最初のシーズン2020-21の開始年,SUPPORTED,2026-09-29,
Batch 31 Wave 2,B31W2E0164,Career,C000873,end,2022,B31W2S0042,クラブ所属履歴 > 「2021-22 三遠」,所属履歴の最後のシーズン2021-22の終了年,SUPPORTED,2026-09-29,
Batch 31 Wave 2,B31W2E0165,Career,C000874,organization_id,ORG000114,B31W2S0042,クラブ所属履歴 > 「2022-23 SR渋谷」〜「2023-24 SR渋谷」,B.LEAGUE公式の所属履歴で在籍を確認（略称表記）,SUPPORTED,2026-09-29,
Batch 31 Wave 2,B31W2E0166,Career,C000874,organization_id,ORG000114,B31W2S0006,順位表 > クラブ「サンロッカーズ渋谷」（略称「SR渋谷」、club_detail TeamID=726）,公式順位表で略称とクラブ名・TeamIDの対応を確認,SUPPORTED,2026-09-29,
Batch 31 Wave 2,B31W2E0167,Career,C000874,start,2022,B31W2S0042,クラブ所属履歴 > 「2022-23 SR渋谷」,所属履歴の最初のシーズン2022-23の開始年,SUPPORTED,2026-09-29,
Batch 31 Wave 2,B31W2E0168,Career,C000874,end,2024,B31W2S0042,クラブ所属履歴 > 「2023-24 SR渋谷」,所属履歴の最後のシーズン2023-24の終了年,SUPPORTED,2026-09-29,
Batch 31 Wave 2,B31W2E0169,Career,C000875,organization_id,ORG000153,B31W2S0044,クラブ所属履歴 > 「2016-17 滋賀」〜「2017-18 滋賀」,B.LEAGUE公式の所属履歴で在籍を確認（略称表記）,SUPPORTED,2026-09-29,
Batch 31 Wave 2,B31W2E0170,Career,C000875,organization_id,ORG000153,B31W2S0017,順位表 > クラブ「滋賀レイクスターズ」（略称「滋賀」、club_detail TeamID=698）,公式順位表で略称とクラブ名・TeamIDの対応を確認,SUPPORTED,2026-09-29,
Batch 31 Wave 2,B31W2E0171,Career,C000875,start,2016,B31W2S0044,クラブ所属履歴 > 「2016-17 滋賀」,所属履歴の最初のシーズン2016-17の開始年,SUPPORTED,2026-09-29,
Batch 31 Wave 2,B31W2E0172,Career,C000875,end,2018,B31W2S0044,クラブ所属履歴 > 「2017-18 滋賀」,所属履歴の最後のシーズン2017-18の終了年,SUPPORTED,2026-09-29,
Batch 31 Wave 2,B31W2E0173,Career,C000876,organization_id,ORG000054,B31W2S0044,クラブ所属履歴 > 「2018-19 名古屋D」〜「2021-22 名古屋D」,B.LEAGUE公式の所属履歴で在籍を確認（略称表記）,SUPPORTED,2026-09-29,
Batch 31 Wave 2,B31W2E0174,Career,C000876,organization_id,ORG000054,B31W2S0045,順位表 > クラブ「名古屋ダイヤモンドドルフィンズ」（略称「名古屋D」、club_detail TeamID=729）,公式順位表で略称とクラブ名・TeamIDの対応を確認,SUPPORTED,2026-09-29,
Batch 31 Wave 2,B31W2E0175,Career,C000876,start,2018,B31W2S0044,クラブ所属履歴 > 「2018-19 名古屋D」,所属履歴の最初のシーズン2018-19の開始年,SUPPORTED,2026-09-29,
Batch 31 Wave 2,B31W2E0176,Career,C000876,end,2022,B31W2S0044,クラブ所属履歴 > 「2021-22 名古屋D」,所属履歴の最後のシーズン2021-22の終了年,SUPPORTED,2026-09-29,
Batch 31 Wave 2,B31W2E0177,Career,C000877,organization_id,ORG000132,B31W2S0044,クラブ所属履歴 > 「2022-23 仙台」〜「2023-24 仙台」,B.LEAGUE公式の所属履歴で在籍を確認（略称表記）,SUPPORTED,2026-09-29,
Batch 31 Wave 2,B31W2E0178,Career,C000877,organization_id,ORG000132,B31W2S0006,順位表 > クラブ「仙台89ERS」（略称「仙台」、club_detail TeamID=692）,公式順位表で略称とクラブ名・TeamIDの対応を確認,SUPPORTED,2026-09-29,
Batch 31 Wave 2,B31W2E0179,Career,C000877,start,2022,B31W2S0044,クラブ所属履歴 > 「2022-23 仙台」,所属履歴の最初のシーズン2022-23の開始年,SUPPORTED,2026-09-29,
Batch 31 Wave 2,B31W2E0180,Career,C000877,end,2024,B31W2S0044,クラブ所属履歴 > 「2023-24 仙台」,所属履歴の最後のシーズン2023-24の終了年,SUPPORTED,2026-09-29,
Batch 31 Wave 2,B31W2E0181,Career,C000878,organization_id,ORG000171,B31W2S0044,クラブ所属履歴 > 「2024-25 奈良」〜「2025-26 奈良」,B.LEAGUE公式の所属履歴で在籍を確認（略称表記）,SUPPORTED,2026-09-29,
Batch 31 Wave 2,B31W2E0182,Career,C000878,organization_id,ORG000171,B31W2S0046,順位表 > クラブ「バンビシャス奈良」（略称「奈良」、club_detail TeamID=719）,公式順位表で略称とクラブ名・TeamIDの対応を確認,SUPPORTED,2026-09-29,
Batch 31 Wave 2,B31W2E0183,Career,C000878,start,2024,B31W2S0044,クラブ所属履歴 > 「2024-25 奈良」,所属履歴の最初のシーズン2024-25の開始年,SUPPORTED,2026-09-29,
Batch 31 Wave 2,B31W2E0184,Career,C000878,end,2026,B31W2S0044,クラブ所属履歴 > 「2025-26 奈良」,所属履歴の最後のシーズン2025-26の終了年,SUPPORTED,2026-09-29,
Batch 31 Wave 2,B31W2E0185,Career,C000879,organization_id,ORG000228,B31W2S0047,クラブ所属履歴 > 「2016-17 東京海上日動」,B.LEAGUE公式の所属履歴で在籍を確認（略称表記）,SUPPORTED,2026-09-29,
Batch 31 Wave 2,B31W2E0186,Career,C000879,organization_id,ORG000228,B31W2S0048,順位表 > クラブ「東京海上日動ビッグブルー」（略称「東京海上日動」、club_detail TeamID=746）,公式順位表で略称とクラブ名・TeamIDの対応を確認,SUPPORTED,2026-09-29,
Batch 31 Wave 2,B31W2E0187,Career,C000879,start,2016,B31W2S0047,クラブ所属履歴 > 「2016-17 東京海上日動」,所属履歴の最初のシーズン2016-17の開始年,SUPPORTED,2026-09-29,
Batch 31 Wave 2,B31W2E0188,Career,C000879,end,2017,B31W2S0047,クラブ所属履歴 > 「2016-17 東京海上日動」,所属履歴の最後のシーズン2016-17の終了年,SUPPORTED,2026-09-29,
Batch 31 Wave 2,B31W2E0189,Career,C000880,organization_id,ORG000226,B31W2S0047,クラブ所属履歴 > 「2018-19 岐阜」,B.LEAGUE公式の所属履歴で在籍を確認（略称表記）,SUPPORTED,2026-09-29,
Batch 31 Wave 2,B31W2E0190,Career,C000880,organization_id,ORG000226,B31W2S0049,順位表 > クラブ「岐阜スゥープス」（略称「岐阜」、club_detail TeamID=1363）,公式順位表で略称とクラブ名・TeamIDの対応を確認,SUPPORTED,2026-09-29,
Batch 31 Wave 2,B31W2E0191,Career,C000880,start,2018,B31W2S0047,クラブ所属履歴 > 「2018-19 岐阜」,所属履歴の最初のシーズン2018-19の開始年,SUPPORTED,2026-09-29,
Batch 31 Wave 2,B31W2E0192,Career,C000880,end,2019,B31W2S0047,クラブ所属履歴 > 「2018-19 岐阜」,所属履歴の最後のシーズン2018-19の終了年,SUPPORTED,2026-09-29,
Batch 31 Wave 2,B31W2E0193,Career,C000881,organization_id,ORG000173,B31W2S0047,クラブ所属履歴 > 「2019-20 岩手」〜「2021-22 岩手」,B.LEAGUE公式の所属履歴で在籍を確認（略称表記）,SUPPORTED,2026-09-29,
Batch 31 Wave 2,B31W2E0194,Career,C000881,organization_id,ORG000173,B31W2S0050,順位表 > クラブ「岩手ビッグブルズ」（略称「岩手」、club_detail TeamID=709）,公式順位表で略称とクラブ名・TeamIDの対応を確認,SUPPORTED,2026-09-29,
Batch 31 Wave 2,B31W2E0195,Career,C000881,start,2019,B31W2S0047,クラブ所属履歴 > 「2019-20 岩手」,所属履歴の最初のシーズン2019-20の開始年,SUPPORTED,2026-09-29,
Batch 31 Wave 2,B31W2E0196,Career,C000881,end,2022,B31W2S0047,クラブ所属履歴 > 「2021-22 岩手」,所属履歴の最後のシーズン2021-22の終了年,SUPPORTED,2026-09-29,
Batch 31 Wave 2,B31W2E0197,Career,C000882,organization_id,ORG000174,B31W2S0047,クラブ所属履歴 > 「2023-24 品川」〜「2024-25 品川」,B.LEAGUE公式の所属履歴で在籍を確認（略称表記）,SUPPORTED,2026-09-29,
Batch 31 Wave 2,B31W2E0198,Career,C000882,organization_id,ORG000174,B31W2S0051,順位表 > クラブ「しながわシティ バスケットボールクラブ」（略称「品川」、club_detail TeamID=748）,公式順位表で略称とクラブ名・TeamIDの対応を確認,SUPPORTED,2026-09-29,
Batch 31 Wave 2,B31W2E0199,Career,C000882,start,2023,B31W2S0047,クラブ所属履歴 > 「2023-24 品川」,所属履歴の最初のシーズン2023-24の開始年,SUPPORTED,2026-09-29,
Batch 31 Wave 2,B31W2E0200,Career,C000882,end,2025,B31W2S0047,クラブ所属履歴 > 「2024-25 品川」,所属履歴の最後のシーズン2024-25の終了年,SUPPORTED,2026-09-29,
Batch 31 Wave 2,B31W2E0201,Career,C000883,organization_id,ORG000091,B31W2S0047,クラブ所属履歴 > 「2025-26 愛媛」,B.LEAGUE公式の所属履歴で在籍を確認（略称表記）,SUPPORTED,2026-09-29,
Batch 31 Wave 2,B31W2E0202,Career,C000883,organization_id,ORG000091,B31W2S0052,順位表 > クラブ「愛媛オレンジバイキングス」（略称「愛媛」、club_detail TeamID=723）,公式順位表で略称とクラブ名・TeamIDの対応を確認,SUPPORTED,2026-09-29,
Batch 31 Wave 2,B31W2E0203,Career,C000883,start,2025,B31W2S0047,クラブ所属履歴 > 「2025-26 愛媛」,所属履歴の最初のシーズン2025-26の開始年,SUPPORTED,2026-09-29,
Batch 31 Wave 2,B31W2E0204,Career,C000883,end,2026,B31W2S0047,クラブ所属履歴 > 「2025-26 愛媛」,所属履歴の最後のシーズン2025-26の終了年,SUPPORTED,2026-09-29,
Batch 31 Wave 2,B31W2E0205,Career,C000884,organization_id,ORG000137,B31W2S0055,クラブ所属履歴 > 「2022-23 秋田」〜「2024-25 秋田」,B.LEAGUE公式の所属履歴で在籍を確認（略称表記）,SUPPORTED,2026-09-29,
Batch 31 Wave 2,B31W2E0206,Career,C000884,organization_id,ORG000137,B31W2S0006,順位表 > クラブ「秋田ノーザンハピネッツ」（略称「秋田」、club_detail TeamID=693）,公式順位表で略称とクラブ名・TeamIDの対応を確認,SUPPORTED,2026-09-29,
Batch 31 Wave 2,B31W2E0207,Career,C000884,start,2022,B31W2S0055,クラブ所属履歴 > 「2022-23 秋田」,所属履歴の最初のシーズン2022-23の開始年,SUPPORTED,2026-09-29,
Batch 31 Wave 2,B31W2E0208,Career,C000884,end,2025,B31W2S0055,クラブ所属履歴 > 「2024-25 秋田」,所属履歴の最後のシーズン2024-25の終了年,SUPPORTED,2026-09-29,
Batch 31 Wave 2,B31W2E0209,Career,C000885,organization_id,ORG000205,B31W2S0055,クラブ所属履歴 > 「2022-23 金沢」,B.LEAGUE公式の所属履歴で在籍を確認（略称表記）,SUPPORTED,2026-09-29,
Batch 31 Wave 2,B31W2E0210,Career,C000885,organization_id,ORG000205,B31W2S0056,順位表 > クラブ「金沢武士団」（略称「金沢」、club_detail TeamID=750）,公式順位表で略称とクラブ名・TeamIDの対応を確認,SUPPORTED,2026-09-29,
Batch 31 Wave 2,B31W2E0211,Career,C000885,start,2022,B31W2S0055,クラブ所属履歴 > 「2022-23 金沢」,所属履歴の最初のシーズン2022-23の開始年,SUPPORTED,2026-09-29,
Batch 31 Wave 2,B31W2E0212,Career,C000885,end,2023,B31W2S0055,クラブ所属履歴 > 「2022-23 金沢」,所属履歴の最後のシーズン2022-23の終了年,SUPPORTED,2026-09-29,
Batch 31 Wave 2,B31W2E0213,Career,C000886,organization_id,ORG000106,B31W2S0057,クラブ所属履歴 > 「2022-23 琉球」,B.LEAGUE公式の所属履歴で在籍を確認（略称表記）,SUPPORTED,2026-09-29,
Batch 31 Wave 2,B31W2E0214,Career,C000886,organization_id,ORG000106,B31W2S0006,順位表 > クラブ「琉球ゴールデンキングス」（略称「琉球」、club_detail TeamID=701）,公式順位表で略称とクラブ名・TeamIDの対応を確認,SUPPORTED,2026-09-29,
Batch 31 Wave 2,B31W2E0215,Career,C000886,start,2022,B31W2S0057,クラブ所属履歴 > 「2022-23 琉球」,所属履歴の最初のシーズン2022-23の開始年,SUPPORTED,2026-09-29,
Batch 31 Wave 2,B31W2E0216,Career,C000886,end,2023,B31W2S0057,クラブ所属履歴 > 「2022-23 琉球」,所属履歴の最後のシーズン2022-23の終了年,SUPPORTED,2026-09-29,
Batch 31 Wave 2,B31W2E0217,Career,C000887,organization_id,ORG000135,B31W2S0058,クラブ所属履歴 > 「2022-23 長崎」〜「2023-24 長崎」,B.LEAGUE公式の所属履歴で在籍を確認（略称表記）,SUPPORTED,2026-09-29,
Batch 31 Wave 2,B31W2E0218,Career,C000887,organization_id,ORG000135,B31W2S0002,順位表 > クラブ「長崎ヴェルカ」（略称「長崎」、club_detail TeamID=2488）,公式順位表で略称とクラブ名・TeamIDの対応を確認,SUPPORTED,2026-09-29,
Batch 31 Wave 2,B31W2E0219,Career,C000887,start,2022,B31W2S0058,クラブ所属履歴 > 「2022-23 長崎」,所属履歴の最初のシーズン2022-23の開始年,SUPPORTED,2026-09-29,
Batch 31 Wave 2,B31W2E0220,Career,C000887,end,2024,B31W2S0058,クラブ所属履歴 > 「2023-24 長崎」,所属履歴の最後のシーズン2023-24の終了年,SUPPORTED,2026-09-29,
Batch 31 Wave 2,B31W2E0221,Career,C000888,organization_id,ORG000190,B31W2S0058,クラブ所属履歴 > 「2024-25 越谷」,B.LEAGUE公式の所属履歴で在籍を確認（略称表記）,SUPPORTED,2026-09-29,
Batch 31 Wave 2,B31W2E0222,Career,C000888,organization_id,ORG000190,B31W2S0041,順位表 > クラブ「越谷アルファーズ」（略称「越谷」、club_detail TeamID=745）,公式順位表で略称とクラブ名・TeamIDの対応を確認,SUPPORTED,2026-09-29,
Batch 31 Wave 2,B31W2E0223,Career,C000888,start,2024,B31W2S0058,クラブ所属履歴 > 「2024-25 越谷」,所属履歴の最初のシーズン2024-25の開始年,SUPPORTED,2026-09-29,
Batch 31 Wave 2,B31W2E0224,Career,C000888,end,2025,B31W2S0058,クラブ所属履歴 > 「2024-25 越谷」,所属履歴の最後のシーズン2024-25の終了年,SUPPORTED,2026-09-29,
Batch 31 Wave 2,B31W2E0225,Career,C000889,organization_id,ORG000067,B31W2S0059,クラブ所属履歴 > 「2020-21 熊本」〜「2021-22 熊本」,B.LEAGUE公式の所属履歴で在籍を確認（略称表記）,SUPPORTED,2026-09-29,
Batch 31 Wave 2,B31W2E0226,Career,C000889,organization_id,ORG000067,B31W2S0013,順位表 > クラブ「熊本ヴォルターズ」（略称「熊本」、club_detail TeamID=724）,公式順位表で略称とクラブ名・TeamIDの対応を確認,SUPPORTED,2026-09-29,
Batch 31 Wave 2,B31W2E0227,Career,C000889,start,2020,B31W2S0059,クラブ所属履歴 > 「2020-21 熊本」,所属履歴の最初のシーズン2020-21の開始年,SUPPORTED,2026-09-29,
Batch 31 Wave 2,B31W2E0228,Career,C000889,end,2022,B31W2S0059,クラブ所属履歴 > 「2021-22 熊本」,所属履歴の最後のシーズン2021-22の終了年,SUPPORTED,2026-09-29,
Batch 31 Wave 2,B31W2E0229,Career,C000890,organization_id,ORG000171,B31W2S0059,クラブ所属履歴 > 「2022-23 奈良」,B.LEAGUE公式の所属履歴で在籍を確認（略称表記）,SUPPORTED,2026-09-29,
Batch 31 Wave 2,B31W2E0230,Career,C000890,organization_id,ORG000171,B31W2S0002,順位表 > クラブ「バンビシャス奈良」（略称「奈良」、club_detail TeamID=719）,公式順位表で略称とクラブ名・TeamIDの対応を確認,SUPPORTED,2026-09-29,
Batch 31 Wave 2,B31W2E0231,Career,C000890,start,2022,B31W2S0059,クラブ所属履歴 > 「2022-23 奈良」,所属履歴の最初のシーズン2022-23の開始年,SUPPORTED,2026-09-29,
Batch 31 Wave 2,B31W2E0232,Career,C000890,end,2023,B31W2S0059,クラブ所属履歴 > 「2022-23 奈良」,所属履歴の最後のシーズン2022-23の終了年,SUPPORTED,2026-09-29,
Batch 31 Wave 2,B31W2E0233,Career,C000891,organization_id,ORG000200,B31W2S0059,クラブ所属履歴 > 「2024-25 福井」〜「2025-26 福井」,B.LEAGUE公式の所属履歴で在籍を確認（略称表記）,SUPPORTED,2026-09-29,
Batch 31 Wave 2,B31W2E0234,Career,C000891,organization_id,ORG000200,B31W2S0046,順位表 > クラブ「福井ブローウィンズ」（略称「福井」、club_detail TeamID=2891）,公式順位表で略称とクラブ名・TeamIDの対応を確認,SUPPORTED,2026-09-29,
Batch 31 Wave 2,B31W2E0235,Career,C000891,start,2024,B31W2S0059,クラブ所属履歴 > 「2024-25 福井」,所属履歴の最初のシーズン2024-25の開始年,SUPPORTED,2026-09-29,
Batch 31 Wave 2,B31W2E0236,Career,C000891,end,2026,B31W2S0059,クラブ所属履歴 > 「2025-26 福井」,所属履歴の最後のシーズン2025-26の終了年,SUPPORTED,2026-09-29,
Batch 31 Wave 2,B31W2E0237,Career,C000892,organization_id,ORG000122,B31W2S0062,クラブ所属履歴 > 「2020-21 川崎」〜「2021-22 川崎」,B.LEAGUE公式の所属履歴で在籍を確認（略称表記）,SUPPORTED,2026-09-29,
Batch 31 Wave 2,B31W2E0238,Career,C000892,organization_id,ORG000122,B31W2S0010,順位表 > クラブ「川崎ブレイブサンダース」（略称「川崎」、club_detail TeamID=727）,公式順位表で略称とクラブ名・TeamIDの対応を確認,SUPPORTED,2026-09-29,
Batch 31 Wave 2,B31W2E0239,Career,C000892,start,2020,B31W2S0062,クラブ所属履歴 > 「2020-21 川崎」,所属履歴の最初のシーズン2020-21の開始年,SUPPORTED,2026-09-29,
Batch 31 Wave 2,B31W2E0240,Career,C000892,end,2022,B31W2S0062,クラブ所属履歴 > 「2021-22 川崎」,所属履歴の最後のシーズン2021-22の終了年,SUPPORTED,2026-09-29,
Batch 31 Wave 2,B31W2E0241,Career,C000893,organization_id,ORG000130,B31W2S0063,クラブ所属履歴 > 「2018-19 三河」〜「2019-20 三河」,B.LEAGUE公式の所属履歴で在籍を確認（略称表記）,SUPPORTED,2026-09-29,
Batch 31 Wave 2,B31W2E0242,Career,C000893,organization_id,ORG000130,B31W2S0045,順位表 > クラブ「シーホース三河」（略称「三河」、club_detail TeamID=728）,公式順位表で略称とクラブ名・TeamIDの対応を確認,SUPPORTED,2026-09-29,
Batch 31 Wave 2,B31W2E0243,Career,C000893,start,2018,B31W2S0063,クラブ所属履歴 > 「2018-19 三河」,所属履歴の最初のシーズン2018-19の開始年,SUPPORTED,2026-09-29,
Batch 31 Wave 2,B31W2E0244,Career,C000893,end,2020,B31W2S0063,クラブ所属履歴 > 「2019-20 三河」,所属履歴の最後のシーズン2019-20の終了年,SUPPORTED,2026-09-29,
Batch 31 Wave 2,B31W2E0245,Career,C000894,organization_id,ORG000149,B31W2S0063,クラブ所属履歴 > 「2020-21 富山」,B.LEAGUE公式の所属履歴で在籍を確認（略称表記）,SUPPORTED,2026-09-29,
Batch 31 Wave 2,B31W2E0246,Career,C000894,organization_id,ORG000149,B31W2S0010,順位表 > クラブ「富山グラウジーズ」（略称「富山」、club_detail TeamID=696）,公式順位表で略称とクラブ名・TeamIDの対応を確認,SUPPORTED,2026-09-29,
Batch 31 Wave 2,B31W2E0247,Career,C000894,start,2020,B31W2S0063,クラブ所属履歴 > 「2020-21 富山」,所属履歴の最初のシーズン2020-21の開始年,SUPPORTED,2026-09-29,
Batch 31 Wave 2,B31W2E0248,Career,C000894,end,2021,B31W2S0063,クラブ所属履歴 > 「2020-21 富山」,所属履歴の最後のシーズン2020-21の終了年,SUPPORTED,2026-09-29,
Batch 31 Wave 2,B31W2E0249,Career,C000895,organization_id,ORG000150,B31W2S0063,クラブ所属履歴 > 「2021-22 信州」〜「2022-23 信州」,B.LEAGUE公式の所属履歴で在籍を確認（略称表記）,SUPPORTED,2026-09-29,
Batch 31 Wave 2,B31W2E0250,Career,C000895,organization_id,ORG000150,B31W2S0031,順位表 > クラブ「信州ブレイブウォリアーズ」（略称「信州」、club_detail TeamID=716）,公式順位表で略称とクラブ名・TeamIDの対応を確認,SUPPORTED,2026-09-29,
Batch 31 Wave 2,B31W2E0251,Career,C000895,start,2021,B31W2S0063,クラブ所属履歴 > 「2021-22 信州」,所属履歴の最初のシーズン2021-22の開始年,SUPPORTED,2026-09-29,
Batch 31 Wave 2,B31W2E0252,Career,C000895,end,2023,B31W2S0063,クラブ所属履歴 > 「2022-23 信州」,所属履歴の最後のシーズン2022-23の終了年,SUPPORTED,2026-09-29,
Batch 31 Wave 2,B31W2E0253,Career,C000896,organization_id,ORG000042,B31W2S0063,クラブ所属履歴 > 「2023-24 京都」〜「2024-25 京都」,B.LEAGUE公式の所属履歴で在籍を確認（略称表記）,SUPPORTED,2026-09-29,
Batch 31 Wave 2,B31W2E0254,Career,C000896,organization_id,ORG000042,B31W2S0021,順位表 > クラブ「京都ハンナリーズ」（略称「京都」、club_detail TeamID=699）,公式順位表で略称とクラブ名・TeamIDの対応を確認,SUPPORTED,2026-09-29,
Batch 31 Wave 2,B31W2E0255,Career,C000896,start,2023,B31W2S0063,クラブ所属履歴 > 「2023-24 京都」,所属履歴の最初のシーズン2023-24の開始年,SUPPORTED,2026-09-29,
Batch 31 Wave 2,B31W2E0256,Career,C000896,end,2025,B31W2S0063,クラブ所属履歴 > 「2024-25 京都」,所属履歴の最後のシーズン2024-25の終了年,SUPPORTED,2026-09-29,
Batch 31 Wave 3,B31W3E0001,Career,C000897,organization_id,ORG000042,B31W3S0001,クラブ所属履歴 > 「2016-17 京都」,B.LEAGUE公式の所属履歴で在籍を確認（略称表記）,SUPPORTED,2026-09-29,
Batch 31 Wave 3,B31W3E0002,Career,C000897,organization_id,ORG000042,B31W3S0002,順位表 > クラブ「京都ハンナリーズ」（略称「京都」、club_detail TeamID=699）,公式順位表で略称とクラブ名・TeamIDの対応を確認,SUPPORTED,2026-09-29,
Batch 31 Wave 3,B31W3E0003,Career,C000897,start,2016,B31W3S0001,クラブ所属履歴 > 「2016-17 京都」,所属履歴の最初のシーズン2016-17の開始年,SUPPORTED,2026-09-29,
Batch 31 Wave 3,B31W3E0004,Career,C000897,end,2017,B31W3S0001,クラブ所属履歴 > 「2016-17 京都」,所属履歴の最後のシーズン2016-17の終了年,SUPPORTED,2026-09-29,
Batch 31 Wave 3,B31W3E0005,Career,C000898,organization_id,ORG000097,B31W3S0001,クラブ所属履歴 > 「2017-18 三遠」〜「2020-21 三遠」,B.LEAGUE公式の所属履歴で在籍を確認（略称表記）,SUPPORTED,2026-09-29,
Batch 31 Wave 3,B31W3E0006,Career,C000898,organization_id,ORG000097,B31W3S0003,順位表 > クラブ「三遠ネオフェニックス」（略称「三遠」、club_detail TeamID=697）,公式順位表で略称とクラブ名・TeamIDの対応を確認,SUPPORTED,2026-09-29,
Batch 31 Wave 3,B31W3E0007,Career,C000898,start,2017,B31W3S0001,クラブ所属履歴 > 「2017-18 三遠」,所属履歴の最初のシーズン2017-18の開始年,SUPPORTED,2026-09-29,
Batch 31 Wave 3,B31W3E0008,Career,C000898,end,2021,B31W3S0001,クラブ所属履歴 > 「2020-21 三遠」,所属履歴の最後のシーズン2020-21の終了年,SUPPORTED,2026-09-29,
Batch 31 Wave 3,B31W3E0009,Career,C000899,organization_id,ORG000137,B31W3S0001,クラブ所属履歴 > 「2021-22 秋田」〜「2022-23 秋田」,B.LEAGUE公式の所属履歴で在籍を確認（略称表記）,SUPPORTED,2026-09-29,
Batch 31 Wave 3,B31W3E0010,Career,C000899,organization_id,ORG000137,B31W3S0004,順位表 > クラブ「秋田ノーザンハピネッツ」（略称「秋田」、club_detail TeamID=693）,公式順位表で略称とクラブ名・TeamIDの対応を確認,SUPPORTED,2026-09-29,
Batch 31 Wave 3,B31W3E0011,Career,C000899,start,2021,B31W3S0001,クラブ所属履歴 > 「2021-22 秋田」,所属履歴の最初のシーズン2021-22の開始年,SUPPORTED,2026-09-29,
Batch 31 Wave 3,B31W3E0012,Career,C000899,end,2023,B31W3S0001,クラブ所属履歴 > 「2022-23 秋田」,所属履歴の最後のシーズン2022-23の終了年,SUPPORTED,2026-09-29,
Batch 31 Wave 3,B31W3E0013,Career,C000900,organization_id,ORG000180,B31W3S0001,クラブ所属履歴 > 「2023-24 FE名古屋」,B.LEAGUE公式の所属履歴で在籍を確認（略称表記）,SUPPORTED,2026-09-29,
Batch 31 Wave 3,B31W3E0014,Career,C000900,organization_id,ORG000180,B31W3S0005,順位表 > クラブ「ファイティングイーグルス名古屋」（略称「FE名古屋」、club_detail TeamID=717）,公式順位表で略称とクラブ名・TeamIDの対応を確認,SUPPORTED,2026-09-29,
Batch 31 Wave 3,B31W3E0015,Career,C000900,start,2023,B31W3S0001,クラブ所属履歴 > 「2023-24 FE名古屋」,所属履歴の最初のシーズン2023-24の開始年,SUPPORTED,2026-09-29,
Batch 31 Wave 3,B31W3E0016,Career,C000900,end,2024,B31W3S0001,クラブ所属履歴 > 「2023-24 FE名古屋」,所属履歴の最後のシーズン2023-24の終了年,SUPPORTED,2026-09-29,
Batch 31 Wave 3,B31W3E0017,Career,C000901,organization_id,ORG000142,B31W3S0006,クラブ所属履歴 > 「2020-21 大阪」〜「2021-22 大阪」,B.LEAGUE公式の所属履歴で在籍を確認（略称表記）,SUPPORTED,2026-09-29,
Batch 31 Wave 3,B31W3E0018,Career,C000901,organization_id,ORG000142,B31W3S0007,順位表 > クラブ「大阪エヴェッサ」（略称「大阪」、club_detail TeamID=700）,公式順位表で略称とクラブ名・TeamIDの対応を確認,SUPPORTED,2026-09-29,
Batch 31 Wave 3,B31W3E0019,Career,C000901,start,2020,B31W3S0006,クラブ所属履歴 > 「2020-21 大阪」,所属履歴の最初のシーズン2020-21の開始年,SUPPORTED,2026-09-29,
Batch 31 Wave 3,B31W3E0020,Career,C000901,end,2022,B31W3S0006,クラブ所属履歴 > 「2021-22 大阪」,所属履歴の最後のシーズン2021-22の終了年,SUPPORTED,2026-09-29,
Batch 31 Wave 3,B31W3E0021,Career,C000902,organization_id,ORG000122,B31W3S0008,クラブ所属履歴 > 「2016-17 川崎」〜「2017-18 川崎」,B.LEAGUE公式の所属履歴で在籍を確認（略称表記）,SUPPORTED,2026-09-29,
Batch 31 Wave 3,B31W3E0022,Career,C000902,organization_id,ORG000122,B31W3S0002,順位表 > クラブ「川崎ブレイブサンダース」（略称「川崎」、club_detail TeamID=727）,公式順位表で略称とクラブ名・TeamIDの対応を確認,SUPPORTED,2026-09-29,
Batch 31 Wave 3,B31W3E0023,Career,C000902,start,2016,B31W3S0008,クラブ所属履歴 > 「2016-17 川崎」,所属履歴の最初のシーズン2016-17の開始年,SUPPORTED,2026-09-29,
Batch 31 Wave 3,B31W3E0024,Career,C000902,end,2018,B31W3S0008,クラブ所属履歴 > 「2017-18 川崎」,所属履歴の最後のシーズン2017-18の終了年,SUPPORTED,2026-09-29,
Batch 31 Wave 3,B31W3E0025,Career,C000903,organization_id,ORG000137,B31W3S0008,クラブ所属履歴 > 「2018-19 秋田」〜「2020-21 秋田」,B.LEAGUE公式の所属履歴で在籍を確認（略称表記）,SUPPORTED,2026-09-29,
Batch 31 Wave 3,B31W3E0026,Career,C000903,organization_id,ORG000137,B31W3S0009,順位表 > クラブ「秋田ノーザンハピネッツ」（略称「秋田」、club_detail TeamID=693）,公式順位表で略称とクラブ名・TeamIDの対応を確認,SUPPORTED,2026-09-29,
Batch 31 Wave 3,B31W3E0027,Career,C000903,start,2018,B31W3S0008,クラブ所属履歴 > 「2018-19 秋田」,所属履歴の最初のシーズン2018-19の開始年,SUPPORTED,2026-09-29,
Batch 31 Wave 3,B31W3E0028,Career,C000903,end,2021,B31W3S0008,クラブ所属履歴 > 「2020-21 秋田」,所属履歴の最後のシーズン2020-21の終了年,SUPPORTED,2026-09-29,
Batch 31 Wave 3,B31W3E0029,Career,C000904,organization_id,ORG000143,B31W3S0008,クラブ所属履歴 > 「2021-22 群馬」〜「2024-25 群馬」,B.LEAGUE公式の所属履歴で在籍を確認（略称表記）,SUPPORTED,2026-09-29,
Batch 31 Wave 3,B31W3E0030,Career,C000904,organization_id,ORG000143,B31W3S0004,順位表 > クラブ「群馬クレインサンダーズ」（略称「群馬」、club_detail TeamID=713）,公式順位表で略称とクラブ名・TeamIDの対応を確認,SUPPORTED,2026-09-29,
Batch 31 Wave 3,B31W3E0031,Career,C000904,start,2021,B31W3S0008,クラブ所属履歴 > 「2021-22 群馬」,所属履歴の最初のシーズン2021-22の開始年,SUPPORTED,2026-09-29,
Batch 31 Wave 3,B31W3E0032,Career,C000904,end,2025,B31W3S0008,クラブ所属履歴 > 「2024-25 群馬」,所属履歴の最後のシーズン2024-25の終了年,SUPPORTED,2026-09-29,
Batch 31 Wave 3,B31W3E0033,Career,C000905,organization_id,ORG000155,B31W3S0010,クラブ所属履歴 > 「2019-20 島根」,B.LEAGUE公式の所属履歴で在籍を確認（略称表記）,SUPPORTED,2026-09-29,
Batch 31 Wave 3,B31W3E0034,Career,C000905,organization_id,ORG000155,B31W3S0011,順位表 > クラブ「島根スサノオマジック」（略称「島根」、club_detail TeamID=720）,公式順位表で略称とクラブ名・TeamIDの対応を確認,SUPPORTED,2026-09-29,
Batch 31 Wave 3,B31W3E0035,Career,C000905,start,2019,B31W3S0010,クラブ所属履歴 > 「2019-20 島根」,所属履歴の最初のシーズン2019-20の開始年,SUPPORTED,2026-09-29,
Batch 31 Wave 3,B31W3E0036,Career,C000905,end,2020,B31W3S0010,クラブ所属履歴 > 「2019-20 島根」,所属履歴の最後のシーズン2019-20の終了年,SUPPORTED,2026-09-29,
Batch 31 Wave 3,B31W3E0037,Career,C000906,organization_id,ORG000091,B31W3S0010,クラブ所属履歴 > 「2020-21 愛媛」,B.LEAGUE公式の所属履歴で在籍を確認（略称表記）,SUPPORTED,2026-09-29,
Batch 31 Wave 3,B31W3E0038,Career,C000906,organization_id,ORG000091,B31W3S0012,順位表 > クラブ「愛媛オレンジバイキングス」（略称「愛媛」、club_detail TeamID=723）,公式順位表で略称とクラブ名・TeamIDの対応を確認,SUPPORTED,2026-09-29,
Batch 31 Wave 3,B31W3E0039,Career,C000906,start,2020,B31W3S0010,クラブ所属履歴 > 「2020-21 愛媛」,所属履歴の最初のシーズン2020-21の開始年,SUPPORTED,2026-09-29,
Batch 31 Wave 3,B31W3E0040,Career,C000906,end,2021,B31W3S0010,クラブ所属履歴 > 「2020-21 愛媛」,所属履歴の最後のシーズン2020-21の終了年,SUPPORTED,2026-09-29,
Batch 31 Wave 3,B31W3E0041,Career,C000907,organization_id,ORG000090,B31W3S0010,クラブ所属履歴 > 「2021-22 横浜EX」〜「2022-23 横浜EX」,B.LEAGUE公式の所属履歴で在籍を確認（略称表記）,SUPPORTED,2026-09-29,
Batch 31 Wave 3,B31W3E0042,Career,C000907,organization_id,ORG000090,B31W3S0013,順位表 > クラブ「横浜エクセレンス」（略称「横浜EX」、club_detail TeamID=714）,公式順位表で略称とクラブ名・TeamIDの対応を確認,SUPPORTED,2026-09-29,
Batch 31 Wave 3,B31W3E0043,Career,C000907,start,2021,B31W3S0010,クラブ所属履歴 > 「2021-22 横浜EX」,所属履歴の最初のシーズン2021-22の開始年,SUPPORTED,2026-09-29,
Batch 31 Wave 3,B31W3E0044,Career,C000907,end,2023,B31W3S0010,クラブ所属履歴 > 「2022-23 横浜EX」,所属履歴の最後のシーズン2022-23の終了年,SUPPORTED,2026-09-29,
Batch 31 Wave 3,B31W3E0045,Career,C000908,organization_id,ORG000173,B31W3S0010,クラブ所属履歴 > 「2023-24 岩手」,B.LEAGUE公式の所属履歴で在籍を確認（略称表記）,SUPPORTED,2026-09-29,
Batch 31 Wave 3,B31W3E0046,Career,C000908,organization_id,ORG000173,B31W3S0014,順位表 > クラブ「岩手ビッグブルズ」（略称「岩手」、club_detail TeamID=709）,公式順位表で略称とクラブ名・TeamIDの対応を確認,SUPPORTED,2026-09-29,
Batch 31 Wave 3,B31W3E0047,Career,C000908,start,2023,B31W3S0010,クラブ所属履歴 > 「2023-24 岩手」,所属履歴の最初のシーズン2023-24の開始年,SUPPORTED,2026-09-29,
Batch 31 Wave 3,B31W3E0048,Career,C000908,end,2024,B31W3S0010,クラブ所属履歴 > 「2023-24 岩手」,所属履歴の最後のシーズン2023-24の終了年,SUPPORTED,2026-09-29,
Batch 31 Wave 3,B31W3E0049,Career,C000909,organization_id,ORG000116,B31W3S0010,クラブ所属履歴 > 「2024-25 徳島」,B.LEAGUE公式の所属履歴で在籍を確認（略称表記）,SUPPORTED,2026-09-29,
Batch 31 Wave 3,B31W3E0050,Career,C000909,organization_id,ORG000116,B31W3S0015,順位表 > クラブ「徳島ガンバロウズ」（略称「徳島」、club_detail TeamID=2890）,公式順位表で略称とクラブ名・TeamIDの対応を確認,SUPPORTED,2026-09-29,
Batch 31 Wave 3,B31W3E0051,Career,C000909,start,2024,B31W3S0010,クラブ所属履歴 > 「2024-25 徳島」,所属履歴の最初のシーズン2024-25の開始年,SUPPORTED,2026-09-29,
Batch 31 Wave 3,B31W3E0052,Career,C000909,end,2025,B31W3S0010,クラブ所属履歴 > 「2024-25 徳島」,所属履歴の最後のシーズン2024-25の終了年,SUPPORTED,2026-09-29,
Batch 31 Wave 3,B31W3E0053,Career,C000910,organization_id,ORG000092,B31W3S0016,クラブ所属履歴 > 「2016-17 北海道」〜「2020-21 北海道」,B.LEAGUE公式の所属履歴で在籍を確認（略称表記）,SUPPORTED,2026-09-29,
Batch 31 Wave 3,B31W3E0054,Career,C000910,organization_id,ORG000092,B31W3S0002,順位表 > クラブ「レバンガ北海道」（略称「北海道」、club_detail TeamID=702）,公式順位表で略称とクラブ名・TeamIDの対応を確認,SUPPORTED,2026-09-29,
Batch 31 Wave 3,B31W3E0055,Career,C000910,start,2016,B31W3S0016,クラブ所属履歴 > 「2016-17 北海道」,所属履歴の最初のシーズン2016-17の開始年,SUPPORTED,2026-09-29,
Batch 31 Wave 3,B31W3E0056,Career,C000910,end,2021,B31W3S0016,クラブ所属履歴 > 「2020-21 北海道」,所属履歴の最後のシーズン2020-21の終了年,SUPPORTED,2026-09-29,
Batch 31 Wave 3,B31W3E0057,Career,C000911,organization_id,ORG000103,B31W3S0016,クラブ所属履歴 > 「2021-22 茨城」〜「2022-23 茨城」,B.LEAGUE公式の所属履歴で在籍を確認（略称表記）,SUPPORTED,2026-09-29,
Batch 31 Wave 3,B31W3E0058,Career,C000911,organization_id,ORG000103,B31W3S0004,順位表 > クラブ「茨城ロボッツ」（略称「茨城」、club_detail TeamID=712）,公式順位表で略称とクラブ名・TeamIDの対応を確認,SUPPORTED,2026-09-29,
Batch 31 Wave 3,B31W3E0059,Career,C000911,start,2021,B31W3S0016,クラブ所属履歴 > 「2021-22 茨城」,所属履歴の最初のシーズン2021-22の開始年,SUPPORTED,2026-09-29,
Batch 31 Wave 3,B31W3E0060,Career,C000911,end,2023,B31W3S0016,クラブ所属履歴 > 「2022-23 茨城」,所属履歴の最後のシーズン2022-23の終了年,SUPPORTED,2026-09-29,
Batch 31 Wave 3,B31W3E0061,Career,C000912,organization_id,ORG000142,B31W3S0016,クラブ所属履歴 > 「2023-24 大阪」,B.LEAGUE公式の所属履歴で在籍を確認（略称表記）,SUPPORTED,2026-09-29,
Batch 31 Wave 3,B31W3E0062,Career,C000912,organization_id,ORG000142,B31W3S0005,順位表 > クラブ「大阪エヴェッサ」（略称「大阪」、club_detail TeamID=700）,公式順位表で略称とクラブ名・TeamIDの対応を確認,SUPPORTED,2026-09-29,
Batch 31 Wave 3,B31W3E0063,Career,C000912,start,2023,B31W3S0016,クラブ所属履歴 > 「2023-24 大阪」,所属履歴の最初のシーズン2023-24の開始年,SUPPORTED,2026-09-29,
Batch 31 Wave 3,B31W3E0064,Career,C000912,end,2024,B31W3S0016,クラブ所属履歴 > 「2023-24 大阪」,所属履歴の最後のシーズン2023-24の終了年,SUPPORTED,2026-09-29,
Batch 31 Wave 3,B31W3E0065,Career,C000913,organization_id,ORG000132,B31W3S0016,クラブ所属履歴 > 「2024-25 仙台」,B.LEAGUE公式の所属履歴で在籍を確認（略称表記）,SUPPORTED,2026-09-29,
Batch 31 Wave 3,B31W3E0066,Career,C000913,organization_id,ORG000132,B31W3S0017,順位表 > クラブ「仙台89ERS」（略称「仙台」、club_detail TeamID=692）,公式順位表で略称とクラブ名・TeamIDの対応を確認,SUPPORTED,2026-09-29,
Batch 31 Wave 3,B31W3E0067,Career,C000913,start,2024,B31W3S0016,クラブ所属履歴 > 「2024-25 仙台」,所属履歴の最初のシーズン2024-25の開始年,SUPPORTED,2026-09-29,
Batch 31 Wave 3,B31W3E0068,Career,C000913,end,2025,B31W3S0016,クラブ所属履歴 > 「2024-25 仙台」,所属履歴の最後のシーズン2024-25の終了年,SUPPORTED,2026-09-29,
Batch 31 Wave 3,B31W3E0069,Career,C000914,organization_id,ORG000149,B31W3S0018,クラブ所属履歴 > 「2018-19 富山」〜「2019-20 富山」,B.LEAGUE公式の所属履歴で在籍を確認（略称表記）,SUPPORTED,2026-09-29,
Batch 31 Wave 3,B31W3E0070,Career,C000914,organization_id,ORG000149,B31W3S0009,順位表 > クラブ「富山グラウジーズ」（略称「富山」、club_detail TeamID=696）,公式順位表で略称とクラブ名・TeamIDの対応を確認,SUPPORTED,2026-09-29,
Batch 31 Wave 3,B31W3E0071,Career,C000914,start,2018,B31W3S0018,クラブ所属履歴 > 「2018-19 富山」,所属履歴の最初のシーズン2018-19の開始年,SUPPORTED,2026-09-29,
Batch 31 Wave 3,B31W3E0072,Career,C000914,end,2020,B31W3S0018,クラブ所属履歴 > 「2019-20 富山」,所属履歴の最後のシーズン2019-20の終了年,SUPPORTED,2026-09-29,
Batch 31 Wave 3,B31W3E0073,Career,C000915,organization_id,ORG000180,B31W3S0018,クラブ所属履歴 > 「2019-20 FE名古屋」〜「2020-21 FE名古屋」,B.LEAGUE公式の所属履歴で在籍を確認（略称表記）,SUPPORTED,2026-09-29,
Batch 31 Wave 3,B31W3E0074,Career,C000915,organization_id,ORG000180,B31W3S0019,順位表 > クラブ「Fイーグルス名古屋」（略称「FE名古屋」、club_detail TeamID=717）,公式順位表で略称とクラブ名・TeamIDの対応を確認,SUPPORTED,2026-09-29,
Batch 31 Wave 3,B31W3E0075,Career,C000915,start,2019,B31W3S0018,クラブ所属履歴 > 「2019-20 FE名古屋」,所属履歴の最初のシーズン2019-20の開始年,SUPPORTED,2026-09-29,
Batch 31 Wave 3,B31W3E0076,Career,C000915,end,2021,B31W3S0018,クラブ所属履歴 > 「2020-21 FE名古屋」,所属履歴の最後のシーズン2020-21の終了年,SUPPORTED,2026-09-29,
Batch 31 Wave 3,B31W3E0077,Career,C000916,organization_id,ORG000190,B31W3S0018,クラブ所属履歴 > 「2021-22 越谷」〜「2025-26 越谷」,B.LEAGUE公式の所属履歴で在籍を確認（略称表記）,SUPPORTED,2026-09-29,
Batch 31 Wave 3,B31W3E0078,Career,C000916,organization_id,ORG000190,B31W3S0020,順位表 > クラブ「越谷アルファーズ」（略称「越谷」、club_detail TeamID=745）,公式順位表で略称とクラブ名・TeamIDの対応を確認,SUPPORTED,2026-09-29,
Batch 31 Wave 3,B31W3E0079,Career,C000916,start,2021,B31W3S0018,クラブ所属履歴 > 「2021-22 越谷」,所属履歴の最初のシーズン2021-22の開始年,SUPPORTED,2026-09-29,
Batch 31 Wave 3,B31W3E0080,Career,C000916,end,2026,B31W3S0018,クラブ所属履歴 > 「2025-26 越谷」,所属履歴の最後のシーズン2025-26の終了年,SUPPORTED,2026-09-29,
Batch 31 Wave 3,B31W3E0081,Career,C000917,organization_id,ORG000043,B31W3S0021,クラブ所属履歴 > 「2016-17 西宮」,B.LEAGUE公式の所属履歴で在籍を確認（略称表記）,SUPPORTED,2026-09-29,
Batch 31 Wave 3,B31W3E0082,Career,C000917,organization_id,ORG000043,B31W3S0022,順位表 > クラブ「西宮ストークス」（略称「西宮」、club_detail TeamID=718）,公式順位表で略称とクラブ名・TeamIDの対応を確認,SUPPORTED,2026-09-29,
Batch 31 Wave 3,B31W3E0083,Career,C000917,start,2016,B31W3S0021,クラブ所属履歴 > 「2016-17 西宮」,所属履歴の最初のシーズン2016-17の開始年,SUPPORTED,2026-09-29,
Batch 31 Wave 3,B31W3E0084,Career,C000917,end,2017,B31W3S0021,クラブ所属履歴 > 「2016-17 西宮」,所属履歴の最後のシーズン2016-17の終了年,SUPPORTED,2026-09-29,
Batch 31 Wave 3,B31W3E0085,Career,C000918,organization_id,ORG000171,B31W3S0021,クラブ所属履歴 > 「2017-18 奈良」〜「2019-20 奈良」,B.LEAGUE公式の所属履歴で在籍を確認（略称表記）,SUPPORTED,2026-09-29,
Batch 31 Wave 3,B31W3E0086,Career,C000918,organization_id,ORG000171,B31W3S0023,順位表 > クラブ「バンビシャス奈良」（略称「奈良」、club_detail TeamID=719）,公式順位表で略称とクラブ名・TeamIDの対応を確認,SUPPORTED,2026-09-29,
Batch 31 Wave 3,B31W3E0087,Career,C000918,start,2017,B31W3S0021,クラブ所属履歴 > 「2017-18 奈良」,所属履歴の最初のシーズン2017-18の開始年,SUPPORTED,2026-09-29,
Batch 31 Wave 3,B31W3E0088,Career,C000918,end,2020,B31W3S0021,クラブ所属履歴 > 「2019-20 奈良」,所属履歴の最後のシーズン2019-20の終了年,SUPPORTED,2026-09-29,
Batch 31 Wave 3,B31W3E0089,Career,C000919,organization_id,ORG000118,B31W3S0024,クラブ所属履歴 > 「2021-22 千葉J」〜「2025-26 千葉J」,B.LEAGUE公式の所属履歴で在籍を確認（略称表記）,SUPPORTED,2026-09-29,
Batch 31 Wave 3,B31W3E0090,Career,C000919,organization_id,ORG000118,B31W3S0004,順位表 > クラブ「千葉ジェッツ」（略称「千葉」、club_detail TeamID=704）,公式順位表で略称とクラブ名・TeamIDの対応を確認,SUPPORTED,2026-09-29,
Batch 31 Wave 3,B31W3E0091,Career,C000919,start,2021,B31W3S0024,クラブ所属履歴 > 「2021-22 千葉J」,所属履歴の最初のシーズン2021-22の開始年,SUPPORTED,2026-09-29,
Batch 31 Wave 3,B31W3E0092,Career,C000919,end,2026,B31W3S0024,クラブ所属履歴 > 「2025-26 千葉J」,所属履歴の最後のシーズン2025-26の終了年,SUPPORTED,2026-09-29,
Batch 31 Wave 3,B31W3E0093,Career,C000920,organization_id,ORG000090,B31W3S0025,クラブ所属履歴 > 「2019-20 東京EX」,B.LEAGUE公式の所属履歴で在籍を確認（略称表記）,SUPPORTED,2026-09-29,
Batch 31 Wave 3,B31W3E0094,Career,C000920,organization_id,ORG000090,B31W3S0019,順位表 > クラブ「東京エクセレンス」（略称「東京EX」、club_detail TeamID=714）,公式順位表で略称とクラブ名・TeamIDの対応を確認,SUPPORTED,2026-09-29,
Batch 31 Wave 3,B31W3E0095,Career,C000920,start,2019,B31W3S0025,クラブ所属履歴 > 「2019-20 東京EX」,所属履歴の最初のシーズン2019-20の開始年,SUPPORTED,2026-09-29,
Batch 31 Wave 3,B31W3E0096,Career,C000920,end,2020,B31W3S0025,クラブ所属履歴 > 「2019-20 東京EX」,所属履歴の最後のシーズン2019-20の終了年,SUPPORTED,2026-09-29,
Batch 31 Wave 3,B31W3E0097,Career,C000921,organization_id,ORG000103,B31W3S0025,クラブ所属履歴 > 「2023-24 茨城」,B.LEAGUE公式の所属履歴で在籍を確認（略称表記）,SUPPORTED,2026-09-29,
Batch 31 Wave 3,B31W3E0098,Career,C000921,organization_id,ORG000103,B31W3S0005,順位表 > クラブ「茨城ロボッツ」（略称「茨城」、club_detail TeamID=712）,公式順位表で略称とクラブ名・TeamIDの対応を確認,SUPPORTED,2026-09-29,
Batch 31 Wave 3,B31W3E0099,Career,C000921,start,2023,B31W3S0025,クラブ所属履歴 > 「2023-24 茨城」,所属履歴の最初のシーズン2023-24の開始年,SUPPORTED,2026-09-29,
Batch 31 Wave 3,B31W3E0100,Career,C000921,end,2024,B31W3S0025,クラブ所属履歴 > 「2023-24 茨城」,所属履歴の最後のシーズン2023-24の終了年,SUPPORTED,2026-09-29,
Batch 31 Wave 3,B31W3E0101,Career,C000922,organization_id,ORG000135,B31W3S0025,クラブ所属履歴 > 「2024-25 長崎」,B.LEAGUE公式の所属履歴で在籍を確認（略称表記）,SUPPORTED,2026-09-29,
Batch 31 Wave 3,B31W3E0102,Career,C000922,organization_id,ORG000135,B31W3S0017,順位表 > クラブ「長崎ヴェルカ」（略称「長崎」、club_detail TeamID=2488）,公式順位表で略称とクラブ名・TeamIDの対応を確認,SUPPORTED,2026-09-29,
Batch 31 Wave 3,B31W3E0103,Career,C000922,start,2024,B31W3S0025,クラブ所属履歴 > 「2024-25 長崎」,所属履歴の最初のシーズン2024-25の開始年,SUPPORTED,2026-09-29,
Batch 31 Wave 3,B31W3E0104,Career,C000922,end,2025,B31W3S0025,クラブ所属履歴 > 「2024-25 長崎」,所属履歴の最後のシーズン2024-25の終了年,SUPPORTED,2026-09-29,
Batch 31 Wave 3,B31W3E0105,Career,C000923,organization_id,ORG000091,B31W3S0027,クラブ所属履歴 > 「2018-19 愛媛」〜「2020-21 愛媛」,B.LEAGUE公式の所属履歴で在籍を確認（略称表記）,SUPPORTED,2026-09-29,
Batch 31 Wave 3,B31W3E0106,Career,C000923,organization_id,ORG000091,B31W3S0028,順位表 > クラブ「愛媛オレンジバイキングス」（略称「愛媛」、club_detail TeamID=723）,公式順位表で略称とクラブ名・TeamIDの対応を確認,SUPPORTED,2026-09-29,
Batch 31 Wave 3,B31W3E0107,Career,C000923,start,2018,B31W3S0027,クラブ所属履歴 > 「2018-19 愛媛」,所属履歴の最初のシーズン2018-19の開始年,SUPPORTED,2026-09-29,
Batch 31 Wave 3,B31W3E0108,Career,C000923,end,2021,B31W3S0027,クラブ所属履歴 > 「2020-21 愛媛」,所属履歴の最後のシーズン2020-21の終了年,SUPPORTED,2026-09-29,
Batch 31 Wave 3,B31W3E0109,Career,C000924,organization_id,ORG000132,B31W3S0027,クラブ所属履歴 > 「2021-22 仙台」〜「2023-24 仙台」,B.LEAGUE公式の所属履歴で在籍を確認（略称表記）,SUPPORTED,2026-09-29,
Batch 31 Wave 3,B31W3E0110,Career,C000924,organization_id,ORG000132,B31W3S0020,順位表 > クラブ「仙台89ERS」（略称「仙台」、club_detail TeamID=692）,公式順位表で略称とクラブ名・TeamIDの対応を確認,SUPPORTED,2026-09-29,
Batch 31 Wave 3,B31W3E0111,Career,C000924,start,2021,B31W3S0027,クラブ所属履歴 > 「2021-22 仙台」,所属履歴の最初のシーズン2021-22の開始年,SUPPORTED,2026-09-29,
Batch 31 Wave 3,B31W3E0112,Career,C000924,end,2024,B31W3S0027,クラブ所属履歴 > 「2023-24 仙台」,所属履歴の最後のシーズン2023-24の終了年,SUPPORTED,2026-09-29,
Batch 31 Wave 3,B31W3E0113,Career,C000925,organization_id,ORG000054,B31W3S0029,クラブ所属履歴 > 「2016-17 名古屋D」〜「2017-18 名古屋D」,B.LEAGUE公式の所属履歴で在籍を確認（略称表記）,SUPPORTED,2026-09-29,
Batch 31 Wave 3,B31W3E0114,Career,C000925,organization_id,ORG000054,B31W3S0002,順位表 > クラブ「名古屋ダイヤモンドドルフィンズ」（略称「名古屋D」、club_detail TeamID=729）,公式順位表で略称とクラブ名・TeamIDの対応を確認,SUPPORTED,2026-09-29,
Batch 31 Wave 3,B31W3E0115,Career,C000925,start,2016,B31W3S0029,クラブ所属履歴 > 「2016-17 名古屋D」,所属履歴の最初のシーズン2016-17の開始年,SUPPORTED,2026-09-29,
Batch 31 Wave 3,B31W3E0116,Career,C000925,end,2018,B31W3S0029,クラブ所属履歴 > 「2017-18 名古屋D」,所属履歴の最後のシーズン2017-18の終了年,SUPPORTED,2026-09-29,
Batch 31 Wave 3,B31W3E0117,Career,C000926,organization_id,ORG000118,B31W3S0029,クラブ所属履歴 > 「2018-19 千葉」〜「2021-22 千葉J」,B.LEAGUE公式の所属履歴で在籍を確認（略称表記）,SUPPORTED,2026-09-29,
Batch 31 Wave 3,B31W3E0118,Career,C000926,organization_id,ORG000118,B31W3S0009,順位表 > クラブ「千葉ジェッツ」（略称「千葉」、club_detail TeamID=704）,公式順位表で略称とクラブ名・TeamIDの対応を確認,SUPPORTED,2026-09-29,
Batch 31 Wave 3,B31W3E0119,Career,C000926,start,2018,B31W3S0029,クラブ所属履歴 > 「2018-19 千葉」,所属履歴の最初のシーズン2018-19の開始年,SUPPORTED,2026-09-29,
Batch 31 Wave 3,B31W3E0120,Career,C000926,end,2022,B31W3S0029,クラブ所属履歴 > 「2021-22 千葉J」,所属履歴の最後のシーズン2021-22の終了年,SUPPORTED,2026-09-29,
Batch 31 Wave 3,B31W3E0121,Career,C000927,organization_id,ORG000109,B31W3S0029,クラブ所属履歴 > 「2022-23 A東京」,B.LEAGUE公式の所属履歴で在籍を確認（略称表記）,SUPPORTED,2026-09-29,
Batch 31 Wave 3,B31W3E0122,Career,C000927,organization_id,ORG000109,B31W3S0030,順位表 > クラブ「アルバルク東京」（略称「A東京」、club_detail TeamID=706）,公式順位表で略称とクラブ名・TeamIDの対応を確認,SUPPORTED,2026-09-29,
Batch 31 Wave 3,B31W3E0123,Career,C000927,start,2022,B31W3S0029,クラブ所属履歴 > 「2022-23 A東京」,所属履歴の最初のシーズン2022-23の開始年,SUPPORTED,2026-09-29,
Batch 31 Wave 3,B31W3E0124,Career,C000927,end,2023,B31W3S0029,クラブ所属履歴 > 「2022-23 A東京」,所属履歴の最後のシーズン2022-23の終了年,SUPPORTED,2026-09-29,
Batch 31 Wave 3,B31W3E0125,Career,C000928,organization_id,ORG000137,B31W3S0029,クラブ所属履歴 > 「2023-24 秋田」,B.LEAGUE公式の所属履歴で在籍を確認（略称表記）,SUPPORTED,2026-09-29,
Batch 31 Wave 3,B31W3E0126,Career,C000928,organization_id,ORG000137,B31W3S0005,順位表 > クラブ「秋田ノーザンハピネッツ」（略称「秋田」、club_detail TeamID=693）,公式順位表で略称とクラブ名・TeamIDの対応を確認,SUPPORTED,2026-09-29,
Batch 31 Wave 3,B31W3E0127,Career,C000928,start,2023,B31W3S0029,クラブ所属履歴 > 「2023-24 秋田」,所属履歴の最初のシーズン2023-24の開始年,SUPPORTED,2026-09-29,
Batch 31 Wave 3,B31W3E0128,Career,C000928,end,2024,B31W3S0029,クラブ所属履歴 > 「2023-24 秋田」,所属履歴の最後のシーズン2023-24の終了年,SUPPORTED,2026-09-29,
Batch 31 Wave 3,B31W3E0129,Career,C000929,organization_id,ORG000149,B31W3S0029,クラブ所属履歴 > 「2024-25 富山」〜「2025-26 富山」,B.LEAGUE公式の所属履歴で在籍を確認（略称表記）,SUPPORTED,2026-09-29,
Batch 31 Wave 3,B31W3E0130,Career,C000929,organization_id,ORG000149,B31W3S0031,順位表 > クラブ「富山グラウジーズ」（略称「富山」、club_detail TeamID=696）,公式順位表で略称とクラブ名・TeamIDの対応を確認,SUPPORTED,2026-09-29,
Batch 31 Wave 3,B31W3E0131,Career,C000929,start,2024,B31W3S0029,クラブ所属履歴 > 「2024-25 富山」,所属履歴の最初のシーズン2024-25の開始年,SUPPORTED,2026-09-29,
Batch 31 Wave 3,B31W3E0132,Career,C000929,end,2026,B31W3S0029,クラブ所属履歴 > 「2025-26 富山」,所属履歴の最後のシーズン2025-26の終了年,SUPPORTED,2026-09-29,
Batch 31 Wave 3,B31W3E0133,Career,C000930,organization_id,ORG000046,B31W3S0033,クラブ所属履歴 > 「2019-20 東京Z」〜「2021-22 東京Z」,B.LEAGUE公式の所属履歴で在籍を確認（略称表記）,SUPPORTED,2026-09-29,
Batch 31 Wave 3,B31W3E0134,Career,C000930,organization_id,ORG000046,B31W3S0019,順位表 > クラブ「アースフレンズ東京Z」（略称「東京Z」、club_detail TeamID=715）,公式順位表で略称とクラブ名・TeamIDの対応を確認,SUPPORTED,2026-09-29,
Batch 31 Wave 3,B31W3E0135,Career,C000930,start,2019,B31W3S0033,クラブ所属履歴 > 「2019-20 東京Z」,所属履歴の最初のシーズン2019-20の開始年,SUPPORTED,2026-09-29,
Batch 31 Wave 3,B31W3E0136,Career,C000930,end,2022,B31W3S0033,クラブ所属履歴 > 「2021-22 東京Z」,所属履歴の最後のシーズン2021-22の終了年,SUPPORTED,2026-09-29,
Batch 31 Wave 3,B31W3E0137,Career,C000931,organization_id,ORG000163,B31W3S0033,クラブ所属履歴 > 「2022-23 湘南」〜「2025-26 湘南」,B.LEAGUE公式の所属履歴で在籍を確認（略称表記）,SUPPORTED,2026-09-29,
Batch 31 Wave 3,B31W3E0138,Career,C000931,organization_id,ORG000163,B31W3S0034,順位表 > クラブ「湘南ユナイテッドBC」（略称「湘南」、club_detail TeamID=2728）,公式順位表で略称とクラブ名・TeamIDの対応を確認,SUPPORTED,2026-09-29,
Batch 31 Wave 3,B31W3E0139,Career,C000931,start,2022,B31W3S0033,クラブ所属履歴 > 「2022-23 湘南」,所属履歴の最初のシーズン2022-23の開始年,SUPPORTED,2026-09-29,
Batch 31 Wave 3,B31W3E0140,Career,C000931,end,2026,B31W3S0033,クラブ所属履歴 > 「2025-26 湘南」,所属履歴の最後のシーズン2025-26の終了年,SUPPORTED,2026-09-29,
Batch 31 Wave 3,B31W3E0141,Career,C000932,organization_id,ORG000205,B31W3S0036,クラブ所属履歴 > 「2024-25 金沢」,B.LEAGUE公式の所属履歴で在籍を確認（略称表記）,SUPPORTED,2026-09-29,
Batch 31 Wave 3,B31W3E0142,Career,C000932,organization_id,ORG000205,B31W3S0015,順位表 > クラブ「金沢武士団」（略称「金沢」、club_detail TeamID=750）,公式順位表で略称とクラブ名・TeamIDの対応を確認,SUPPORTED,2026-09-29,
Batch 31 Wave 3,B31W3E0143,Career,C000932,start,2024,B31W3S0036,クラブ所属履歴 > 「2024-25 金沢」,所属履歴の最初のシーズン2024-25の開始年,SUPPORTED,2026-09-29,
Batch 31 Wave 3,B31W3E0144,Career,C000932,end,2025,B31W3S0036,クラブ所属履歴 > 「2024-25 金沢」,所属履歴の最後のシーズン2024-25の終了年,SUPPORTED,2026-09-29,
Batch 31 Wave 3,B31W3E0145,Career,C000933,organization_id,ORG000122,B31W3S0039,クラブ所属履歴 > 「2016-17 川崎」〜「2023-24 川崎」,B.LEAGUE公式の所属履歴で在籍を確認（略称表記）,SUPPORTED,2026-09-29,
Batch 31 Wave 3,B31W3E0146,Career,C000933,organization_id,ORG000122,B31W3S0002,順位表 > クラブ「川崎ブレイブサンダース」（略称「川崎」、club_detail TeamID=727）,公式順位表で略称とクラブ名・TeamIDの対応を確認,SUPPORTED,2026-09-29,
Batch 31 Wave 3,B31W3E0147,Career,C000933,start,2016,B31W3S0039,クラブ所属履歴 > 「2016-17 川崎」,所属履歴の最初のシーズン2016-17の開始年,SUPPORTED,2026-09-29,
Batch 31 Wave 3,B31W3E0148,Career,C000933,end,2024,B31W3S0039,クラブ所属履歴 > 「2023-24 川崎」,所属履歴の最後のシーズン2023-24の終了年,SUPPORTED,2026-09-29,
Batch 31 Wave 3,B31W3E0149,Career,C000934,organization_id,ORG000100,B31W3S0040,クラブ所属履歴 > 「2021-22 山口」〜「2024-25 山口」,B.LEAGUE公式の所属履歴で在籍を確認（略称表記）,SUPPORTED,2026-09-29,
Batch 31 Wave 3,B31W3E0150,Career,C000934,organization_id,ORG000100,B31W3S0013,順位表 > クラブ「山口ペイトリオッツ」（略称「山口」、club_detail TeamID=2487）,公式順位表で略称とクラブ名・TeamIDの対応を確認,SUPPORTED,2026-09-29,
Batch 31 Wave 3,B31W3E0151,Career,C000934,start,2021,B31W3S0040,クラブ所属履歴 > 「2021-22 山口」,所属履歴の最初のシーズン2021-22の開始年,SUPPORTED,2026-09-29,
Batch 31 Wave 3,B31W3E0152,Career,C000934,end,2025,B31W3S0040,クラブ所属履歴 > 「2024-25 山口」,所属履歴の最後のシーズン2024-25の終了年,SUPPORTED,2026-09-29,
Batch 31 Wave 3,B31W3E0153,Career,C000935,organization_id,ORG000142,B31W3S0041,クラブ所属履歴 > 「2020-21 大阪」,B.LEAGUE公式の所属履歴で在籍を確認（略称表記）,SUPPORTED,2026-09-29,
Batch 31 Wave 3,B31W3E0154,Career,C000935,organization_id,ORG000142,B31W3S0007,順位表 > クラブ「大阪エヴェッサ」（略称「大阪」、club_detail TeamID=700）,公式順位表で略称とクラブ名・TeamIDの対応を確認,SUPPORTED,2026-09-29,
Batch 31 Wave 3,B31W3E0155,Career,C000935,start,2020,B31W3S0041,クラブ所属履歴 > 「2020-21 大阪」,所属履歴の最初のシーズン2020-21の開始年,SUPPORTED,2026-09-29,
Batch 31 Wave 3,B31W3E0156,Career,C000935,end,2021,B31W3S0041,クラブ所属履歴 > 「2020-21 大阪」,所属履歴の最後のシーズン2020-21の終了年,SUPPORTED,2026-09-29,
Batch 31 Wave 3,B31W3E0157,Career,C000936,organization_id,ORG000110,B31W3S0043,クラブ所属履歴 > 「2025-26 広島」,B.LEAGUE公式の所属履歴で在籍を確認（略称表記）,SUPPORTED,2026-09-29,
Batch 31 Wave 3,B31W3E0158,Career,C000936,organization_id,ORG000110,B31W3S0044,順位表 > クラブ「広島ドラゴンフライズ」（略称「広島」、club_detail TeamID=721）,公式順位表で略称とクラブ名・TeamIDの対応を確認,SUPPORTED,2026-09-29,
Batch 31 Wave 3,B31W3E0159,Career,C000936,start,2025,B31W3S0043,クラブ所属履歴 > 「2025-26 広島」,所属履歴の最初のシーズン2025-26の開始年,SUPPORTED,2026-09-29,
Batch 31 Wave 3,B31W3E0160,Career,C000936,end,2026,B31W3S0043,クラブ所属履歴 > 「2025-26 広島」,所属履歴の最後のシーズン2025-26の終了年,SUPPORTED,2026-09-29,
Batch 31 Wave 3,B31W3E0161,Career,C000937,organization_id,ORG000047,B31W3S0045,クラブ所属履歴 > 「2016-17 栃木」〜「2017-18 栃木」,B.LEAGUE公式の所属履歴で在籍を確認（略称表記）,SUPPORTED,2026-09-29,
Batch 31 Wave 3,B31W3E0162,Career,C000937,organization_id,ORG000047,B31W3S0002,順位表 > クラブ「栃木ブレックス」（略称「栃木」、club_detail TeamID=703）,公式順位表で略称とクラブ名・TeamIDの対応を確認,SUPPORTED,2026-09-29,
Batch 31 Wave 3,B31W3E0163,Career,C000937,start,2016,B31W3S0045,クラブ所属履歴 > 「2016-17 栃木」,所属履歴の最初のシーズン2016-17の開始年,SUPPORTED,2026-09-29,
Batch 31 Wave 3,B31W3E0164,Career,C000937,end,2018,B31W3S0045,クラブ所属履歴 > 「2017-18 栃木」,所属履歴の最後のシーズン2017-18の終了年,SUPPORTED,2026-09-29,
Batch 31 Wave 3,B31W3E0165,Career,C000938,organization_id,ORG000190,B31W3S0045,クラブ所属履歴 > 「2018-19 越谷」〜「2022-23 越谷」,B.LEAGUE公式の所属履歴で在籍を確認（略称表記）,SUPPORTED,2026-09-29,
Batch 31 Wave 3,B31W3E0166,Career,C000938,organization_id,ORG000190,B31W3S0046,順位表 > クラブ「大塚商会越谷アルファーズ」（略称「越谷」、club_detail TeamID=745）,公式順位表で略称とクラブ名・TeamIDの対応を確認,SUPPORTED,2026-09-29,
Batch 31 Wave 3,B31W3E0167,Career,C000938,start,2018,B31W3S0045,クラブ所属履歴 > 「2018-19 越谷」,所属履歴の最初のシーズン2018-19の開始年,SUPPORTED,2026-09-29,
Batch 31 Wave 3,B31W3E0168,Career,C000938,end,2023,B31W3S0045,クラブ所属履歴 > 「2022-23 越谷」,所属履歴の最後のシーズン2022-23の終了年,SUPPORTED,2026-09-29,
Batch 31 Wave 3,B31W3E0169,Career,C000939,organization_id,ORG000143,B31W3S0048,クラブ所属履歴 > 「2016-17 群馬」〜「2018-19 群馬」,B.LEAGUE公式の所属履歴で在籍を確認（略称表記）,SUPPORTED,2026-09-29,
Batch 31 Wave 3,B31W3E0170,Career,C000939,organization_id,ORG000143,B31W3S0022,順位表 > クラブ「群馬クレインサンダーズ」（略称「群馬」、club_detail TeamID=713）,公式順位表で略称とクラブ名・TeamIDの対応を確認,SUPPORTED,2026-09-29,
Batch 31 Wave 3,B31W3E0171,Career,C000939,start,2016,B31W3S0048,クラブ所属履歴 > 「2016-17 群馬」,所属履歴の最初のシーズン2016-17の開始年,SUPPORTED,2026-09-29,
Batch 31 Wave 3,B31W3E0172,Career,C000939,end,2019,B31W3S0048,クラブ所属履歴 > 「2018-19 群馬」,所属履歴の最後のシーズン2018-19の終了年,SUPPORTED,2026-09-29,
Batch 31 Wave 3,B31W3E0173,Career,C000940,organization_id,ORG000173,B31W3S0048,クラブ所属履歴 > 「2018-19 岩手」〜「2019-20 岩手」,B.LEAGUE公式の所属履歴で在籍を確認（略称表記）,SUPPORTED,2026-09-29,
Batch 31 Wave 3,B31W3E0174,Career,C000940,organization_id,ORG000173,B31W3S0046,順位表 > クラブ「岩手ビッグブルズ」（略称「岩手」、club_detail TeamID=709）,公式順位表で略称とクラブ名・TeamIDの対応を確認,SUPPORTED,2026-09-29,
Batch 31 Wave 3,B31W3E0175,Career,C000940,start,2018,B31W3S0048,クラブ所属履歴 > 「2018-19 岩手」,所属履歴の最初のシーズン2018-19の開始年,SUPPORTED,2026-09-29,
Batch 31 Wave 3,B31W3E0176,Career,C000940,end,2020,B31W3S0048,クラブ所属履歴 > 「2019-20 岩手」,所属履歴の最後のシーズン2019-20の終了年,SUPPORTED,2026-09-29,
Batch 31 Wave 3,B31W3E0177,Career,C000941,organization_id,ORG000183,B31W3S0048,クラブ所属履歴 > 「2020-21 埼玉」〜「2021-22 埼玉」,B.LEAGUE公式の所属履歴で在籍を確認（略称表記）,SUPPORTED,2026-09-29,
Batch 31 Wave 3,B31W3E0178,Career,C000941,organization_id,ORG000183,B31W3S0049,順位表 > クラブ「さいたまブロンコス」（略称「埼玉」、club_detail TeamID=744）,公式順位表で略称とクラブ名・TeamIDの対応を確認,SUPPORTED,2026-09-29,
Batch 31 Wave 3,B31W3E0179,Career,C000941,start,2020,B31W3S0048,クラブ所属履歴 > 「2020-21 埼玉」,所属履歴の最初のシーズン2020-21の開始年,SUPPORTED,2026-09-29,
Batch 31 Wave 3,B31W3E0180,Career,C000941,end,2022,B31W3S0048,クラブ所属履歴 > 「2021-22 埼玉」,所属履歴の最後のシーズン2021-22の終了年,SUPPORTED,2026-09-29,
Batch 31 Wave 3,B31W3E0181,Career,C000942,organization_id,ORG000163,B31W3S0048,クラブ所属履歴 > 「2022-23 湘南」〜「2025-26 湘南」,B.LEAGUE公式の所属履歴で在籍を確認（略称表記）,SUPPORTED,2026-09-29,
Batch 31 Wave 3,B31W3E0182,Career,C000942,organization_id,ORG000163,B31W3S0034,順位表 > クラブ「湘南ユナイテッドBC」（略称「湘南」、club_detail TeamID=2728）,公式順位表で略称とクラブ名・TeamIDの対応を確認,SUPPORTED,2026-09-29,
Batch 31 Wave 3,B31W3E0183,Career,C000942,start,2022,B31W3S0048,クラブ所属履歴 > 「2022-23 湘南」,所属履歴の最初のシーズン2022-23の開始年,SUPPORTED,2026-09-29,
Batch 31 Wave 3,B31W3E0184,Career,C000942,end,2026,B31W3S0048,クラブ所属履歴 > 「2025-26 湘南」,所属履歴の最後のシーズン2025-26の終了年,SUPPORTED,2026-09-29,
Batch 31 Wave 3,B31W3E0185,Career,C000943,organization_id,ORG000190,B31W3S0050,クラブ所属履歴 > 「2023-24 越谷」,B.LEAGUE公式の所属履歴で在籍を確認（略称表記）,SUPPORTED,2026-09-29,
Batch 31 Wave 3,B31W3E0186,Career,C000943,organization_id,ORG000190,B31W3S0014,順位表 > クラブ「越谷アルファーズ」（略称「越谷」、club_detail TeamID=745）,公式順位表で略称とクラブ名・TeamIDの対応を確認,SUPPORTED,2026-09-29,
Batch 31 Wave 3,B31W3E0187,Career,C000943,start,2023,B31W3S0050,クラブ所属履歴 > 「2023-24 越谷」,所属履歴の最初のシーズン2023-24の開始年,SUPPORTED,2026-09-29,
Batch 31 Wave 3,B31W3E0188,Career,C000943,end,2024,B31W3S0050,クラブ所属履歴 > 「2023-24 越谷」,所属履歴の最後のシーズン2023-24の終了年,SUPPORTED,2026-09-29,
Batch 31 Wave 3,B31W3E0189,Career,C000944,organization_id,ORG000227,B31W3S0050,クラブ所属履歴 > 「2024-25 静岡」,B.LEAGUE公式の所属履歴で在籍を確認（略称表記）,SUPPORTED,2026-09-29,
Batch 31 Wave 3,B31W3E0190,Career,C000944,organization_id,ORG000227,B31W3S0031,順位表 > クラブ「ベルテックス静岡」（略称「静岡」、club_detail TeamID=1637）,公式順位表で略称とクラブ名・TeamIDの対応を確認,SUPPORTED,2026-09-29,
Batch 31 Wave 3,B31W3E0191,Career,C000944,start,2024,B31W3S0050,クラブ所属履歴 > 「2024-25 静岡」,所属履歴の最初のシーズン2024-25の開始年,SUPPORTED,2026-09-29,
Batch 31 Wave 3,B31W3E0192,Career,C000944,end,2025,B31W3S0050,クラブ所属履歴 > 「2024-25 静岡」,所属履歴の最後のシーズン2024-25の終了年,SUPPORTED,2026-09-29,
Batch 31 Wave 3,B31W3E0193,Career,C000945,organization_id,ORG000106,B31W3S0051,クラブ所属履歴 > 「2017-18 琉球」,B.LEAGUE公式の所属履歴で在籍を確認（略称表記）,SUPPORTED,2026-09-29,
Batch 31 Wave 3,B31W3E0194,Career,C000945,organization_id,ORG000106,B31W3S0003,順位表 > クラブ「琉球ゴールデンキングス」（略称「琉球」、club_detail TeamID=701）,公式順位表で略称とクラブ名・TeamIDの対応を確認,SUPPORTED,2026-09-29,
Batch 31 Wave 3,B31W3E0195,Career,C000945,start,2017,B31W3S0051,クラブ所属履歴 > 「2017-18 琉球」,所属履歴の最初のシーズン2017-18の開始年,SUPPORTED,2026-09-29,
Batch 31 Wave 3,B31W3E0196,Career,C000945,end,2018,B31W3S0051,クラブ所属履歴 > 「2017-18 琉球」,所属履歴の最後のシーズン2017-18の終了年,SUPPORTED,2026-09-29,
Batch 31 Wave 3,B31W3E0197,Career,C000946,organization_id,ORG000137,B31W3S0052,クラブ所属履歴 > 「2019-20 秋田」〜「2022-23 秋田」,B.LEAGUE公式の所属履歴で在籍を確認（略称表記）,SUPPORTED,2026-09-29,
Batch 31 Wave 3,B31W3E0198,Career,C000946,organization_id,ORG000137,B31W3S0011,順位表 > クラブ「秋田ノーザンハピネッツ」（略称「秋田」、club_detail TeamID=693）,公式順位表で略称とクラブ名・TeamIDの対応を確認,SUPPORTED,2026-09-29,
Batch 31 Wave 3,B31W3E0199,Career,C000946,start,2019,B31W3S0052,クラブ所属履歴 > 「2019-20 秋田」,所属履歴の最初のシーズン2019-20の開始年,SUPPORTED,2026-09-29,
Batch 31 Wave 3,B31W3E0200,Career,C000946,end,2023,B31W3S0052,クラブ所属履歴 > 「2022-23 秋田」,所属履歴の最後のシーズン2022-23の終了年,SUPPORTED,2026-09-29,
Batch 31 Wave 3,B31W3E0201,Career,C000947,organization_id,ORG000202,B31W3S0052,クラブ所属履歴 > 「2023-24 福島」〜「2024-25 福島」,B.LEAGUE公式の所属履歴で在籍を確認（略称表記）,SUPPORTED,2026-09-29,
Batch 31 Wave 3,B31W3E0202,Career,C000947,organization_id,ORG000202,B31W3S0014,順位表 > クラブ「福島ファイヤーボンズ」（略称「福島」、club_detail TeamID=711）,公式順位表で略称とクラブ名・TeamIDの対応を確認,SUPPORTED,2026-09-29,
Batch 31 Wave 3,B31W3E0203,Career,C000947,start,2023,B31W3S0052,クラブ所属履歴 > 「2023-24 福島」,所属履歴の最初のシーズン2023-24の開始年,SUPPORTED,2026-09-29,
Batch 31 Wave 3,B31W3E0204,Career,C000947,end,2025,B31W3S0052,クラブ所属履歴 > 「2024-25 福島」,所属履歴の最後のシーズン2024-25の終了年,SUPPORTED,2026-09-29,
Batch 31 Wave 3,B31W3E0205,Career,C000948,organization_id,ORG000205,B31W3S0053,クラブ所属履歴 > 「2024-25 金沢」,B.LEAGUE公式の所属履歴で在籍を確認（略称表記）,SUPPORTED,2026-09-29,
Batch 31 Wave 3,B31W3E0206,Career,C000948,organization_id,ORG000205,B31W3S0015,順位表 > クラブ「金沢武士団」（略称「金沢」、club_detail TeamID=750）,公式順位表で略称とクラブ名・TeamIDの対応を確認,SUPPORTED,2026-09-29,
Batch 31 Wave 3,B31W3E0207,Career,C000948,start,2024,B31W3S0053,クラブ所属履歴 > 「2024-25 金沢」,所属履歴の最初のシーズン2024-25の開始年,SUPPORTED,2026-09-29,
Batch 31 Wave 3,B31W3E0208,Career,C000948,end,2025,B31W3S0053,クラブ所属履歴 > 「2024-25 金沢」,所属履歴の最後のシーズン2024-25の終了年,SUPPORTED,2026-09-29,
Batch 31 Wave 3,B31W3E0209,Career,C000949,organization_id,ORG000135,B31W3S0055,クラブ所属履歴 > 「2022-23 長崎」〜「2023-24 長崎」,B.LEAGUE公式の所属履歴で在籍を確認（略称表記）,SUPPORTED,2026-09-29,
Batch 31 Wave 3,B31W3E0210,Career,C000949,organization_id,ORG000135,B31W3S0056,順位表 > クラブ「長崎ヴェルカ」（略称「長崎」、club_detail TeamID=2488）,公式順位表で略称とクラブ名・TeamIDの対応を確認,SUPPORTED,2026-09-29,
Batch 31 Wave 3,B31W3E0211,Career,C000949,start,2022,B31W3S0055,クラブ所属履歴 > 「2022-23 長崎」,所属履歴の最初のシーズン2022-23の開始年,SUPPORTED,2026-09-29,
Batch 31 Wave 3,B31W3E0212,Career,C000949,end,2024,B31W3S0055,クラブ所属履歴 > 「2023-24 長崎」,所属履歴の最後のシーズン2023-24の終了年,SUPPORTED,2026-09-29,
Batch 31 Wave 3,B31W3E0213,Career,C000950,organization_id,ORG000122,B31W3S0055,クラブ所属履歴 > 「2024-25 川崎」,B.LEAGUE公式の所属履歴で在籍を確認（略称表記）,SUPPORTED,2026-09-29,
Batch 31 Wave 3,B31W3E0214,Career,C000950,organization_id,ORG000122,B31W3S0017,順位表 > クラブ「川崎ブレイブサンダース」（略称「川崎」、club_detail TeamID=727）,公式順位表で略称とクラブ名・TeamIDの対応を確認,SUPPORTED,2026-09-29,
Batch 31 Wave 3,B31W3E0215,Career,C000950,start,2024,B31W3S0055,クラブ所属履歴 > 「2024-25 川崎」,所属履歴の最初のシーズン2024-25の開始年,SUPPORTED,2026-09-29,
Batch 31 Wave 3,B31W3E0216,Career,C000950,end,2025,B31W3S0055,クラブ所属履歴 > 「2024-25 川崎」,所属履歴の最後のシーズン2024-25の終了年,SUPPORTED,2026-09-29,
Batch 31 Wave 3,B31W3E0217,Career,C000951,organization_id,ORG000106,B31W3S0057,クラブ所属履歴 > 「2016-17 琉球」,B.LEAGUE公式の所属履歴で在籍を確認（略称表記）,SUPPORTED,2026-09-29,
Batch 31 Wave 3,B31W3E0218,Career,C000951,organization_id,ORG000106,B31W3S0002,順位表 > クラブ「琉球ゴールデンキングス」（略称「琉球」、club_detail TeamID=701）,公式順位表で略称とクラブ名・TeamIDの対応を確認,SUPPORTED,2026-09-29,
Batch 31 Wave 3,B31W3E0219,Career,C000951,start,2016,B31W3S0057,クラブ所属履歴 > 「2016-17 琉球」,所属履歴の最初のシーズン2016-17の開始年,SUPPORTED,2026-09-29,
Batch 31 Wave 3,B31W3E0220,Career,C000951,end,2017,B31W3S0057,クラブ所属履歴 > 「2016-17 琉球」,所属履歴の最後のシーズン2016-17の終了年,SUPPORTED,2026-09-29,
Batch 31 Wave 3,B31W3E0221,Career,C000952,organization_id,ORG000047,B31W3S0057,クラブ所属履歴 > 「2017-18 栃木」〜「2022-23 宇都宮」,B.LEAGUE公式の所属履歴で在籍を確認（略称表記）,SUPPORTED,2026-09-29,
Batch 31 Wave 3,B31W3E0222,Career,C000952,organization_id,ORG000047,B31W3S0003,順位表 > クラブ「栃木ブレックス」（略称「栃木」、club_detail TeamID=703）,公式順位表で略称とクラブ名・TeamIDの対応を確認,SUPPORTED,2026-09-29,
Batch 31 Wave 3,B31W3E0223,Career,C000952,start,2017,B31W3S0057,クラブ所属履歴 > 「2017-18 栃木」,所属履歴の最初のシーズン2017-18の開始年,SUPPORTED,2026-09-29,
Batch 31 Wave 3,B31W3E0224,Career,C000952,end,2023,B31W3S0057,クラブ所属履歴 > 「2022-23 宇都宮」,所属履歴の最後のシーズン2022-23の終了年,SUPPORTED,2026-09-29,
Batch 31 Wave 3,B31W3E0225,Career,C000953,organization_id,ORG000043,B31W3S0058,クラブ所属履歴 > 「2019-20 西宮」,B.LEAGUE公式の所属履歴で在籍を確認（略称表記）,SUPPORTED,2026-09-29,
Batch 31 Wave 3,B31W3E0226,Career,C000953,organization_id,ORG000043,B31W3S0019,順位表 > クラブ「西宮ストークス」（略称「西宮」、club_detail TeamID=718）,公式順位表で略称とクラブ名・TeamIDの対応を確認,SUPPORTED,2026-09-29,
Batch 31 Wave 3,B31W3E0227,Career,C000953,start,2019,B31W3S0058,クラブ所属履歴 > 「2019-20 西宮」,所属履歴の最初のシーズン2019-20の開始年,SUPPORTED,2026-09-29,
Batch 31 Wave 3,B31W3E0228,Career,C000953,end,2020,B31W3S0058,クラブ所属履歴 > 「2019-20 西宮」,所属履歴の最後のシーズン2019-20の終了年,SUPPORTED,2026-09-29,
Batch 31 Wave 3,B31W3E0229,Career,C000954,organization_id,ORG000097,B31W3S0059,クラブ所属履歴 > 「2020-21 三遠」,B.LEAGUE公式の所属履歴で在籍を確認（略称表記）,SUPPORTED,2026-09-29,
Batch 31 Wave 3,B31W3E0230,Career,C000954,organization_id,ORG000097,B31W3S0007,順位表 > クラブ「三遠ネオフェニックス」（略称「三遠」、club_detail TeamID=697）,公式順位表で略称とクラブ名・TeamIDの対応を確認,SUPPORTED,2026-09-29,
Batch 31 Wave 3,B31W3E0231,Career,C000954,start,2020,B31W3S0059,クラブ所属履歴 > 「2020-21 三遠」,所属履歴の最初のシーズン2020-21の開始年,SUPPORTED,2026-09-29,
Batch 31 Wave 3,B31W3E0232,Career,C000954,end,2021,B31W3S0059,クラブ所属履歴 > 「2020-21 三遠」,所属履歴の最後のシーズン2020-21の終了年,SUPPORTED,2026-09-29,
Batch 31 Wave 3,B31W3E0233,Career,C000955,organization_id,ORG000097,B31W3S0059,クラブ所属履歴 > 「2023-24 三遠」〜「2024-25 三遠」,B.LEAGUE公式の所属履歴で在籍を確認（略称表記）,SUPPORTED,2026-09-29,
Batch 31 Wave 3,B31W3E0234,Career,C000955,organization_id,ORG000097,B31W3S0005,順位表 > クラブ「三遠ネオフェニックス」（略称「三遠」、club_detail TeamID=697）,公式順位表で略称とクラブ名・TeamIDの対応を確認,SUPPORTED,2026-09-29,
Batch 31 Wave 3,B31W3E0235,Career,C000955,start,2023,B31W3S0059,クラブ所属履歴 > 「2023-24 三遠」,所属履歴の最初のシーズン2023-24の開始年,SUPPORTED,2026-09-29,
Batch 31 Wave 3,B31W3E0236,Career,C000955,end,2025,B31W3S0059,クラブ所属履歴 > 「2024-25 三遠」,所属履歴の最後のシーズン2024-25の終了年,SUPPORTED,2026-09-29,
Batch 31 Wave 3,B31W3E0237,Career,C000956,organization_id,ORG000055,B31W3S0059,クラブ所属履歴 > 「2025-26 横浜BC」,B.LEAGUE公式の所属履歴で在籍を確認（略称表記）,SUPPORTED,2026-09-29,
Batch 31 Wave 3,B31W3E0238,Career,C000956,organization_id,ORG000055,B31W3S0044,順位表 > クラブ「横浜ビー・コルセアーズ」（略称「横浜BC」、club_detail TeamID=694）,公式順位表で略称とクラブ名・TeamIDの対応を確認,SUPPORTED,2026-09-29,
Batch 31 Wave 3,B31W3E0239,Career,C000956,start,2025,B31W3S0059,クラブ所属履歴 > 「2025-26 横浜BC」,所属履歴の最初のシーズン2025-26の開始年,SUPPORTED,2026-09-29,
Batch 31 Wave 3,B31W3E0240,Career,C000956,end,2026,B31W3S0059,クラブ所属履歴 > 「2025-26 横浜BC」,所属履歴の最後のシーズン2025-26の終了年,SUPPORTED,2026-09-29,
Batch 31 Wave 3,B31W3E0241,Career,C000957,organization_id,ORG000040,B31W3S0060,クラブ所属履歴 > 「2020-21 福岡」〜「2021-22 福岡」,B.LEAGUE公式の所属履歴で在籍を確認（略称表記）,SUPPORTED,2026-09-29,
Batch 31 Wave 3,B31W3E0242,Career,C000957,organization_id,ORG000040,B31W3S0012,順位表 > クラブ「ライジングゼファー福岡」（略称「福岡」、club_detail TeamID=753）,公式順位表で略称とクラブ名・TeamIDの対応を確認,SUPPORTED,2026-09-29,
Batch 31 Wave 3,B31W3E0243,Career,C000957,start,2020,B31W3S0060,クラブ所属履歴 > 「2020-21 福岡」,所属履歴の最初のシーズン2020-21の開始年,SUPPORTED,2026-09-29,
Batch 31 Wave 3,B31W3E0244,Career,C000957,end,2022,B31W3S0060,クラブ所属履歴 > 「2021-22 福岡」,所属履歴の最後のシーズン2021-22の終了年,SUPPORTED,2026-09-29,
Batch 31 Wave 3,B31W3E0245,Career,C000958,organization_id,ORG000106,B31W3S0060,クラブ所属履歴 > 「2022-23 琉球」〜「2024-25 琉球」,B.LEAGUE公式の所属履歴で在籍を確認（略称表記）,SUPPORTED,2026-09-29,
Batch 31 Wave 3,B31W3E0246,Career,C000958,organization_id,ORG000106,B31W3S0030,順位表 > クラブ「琉球ゴールデンキングス」（略称「琉球」、club_detail TeamID=701）,公式順位表で略称とクラブ名・TeamIDの対応を確認,SUPPORTED,2026-09-29,
Batch 31 Wave 3,B31W3E0247,Career,C000958,start,2022,B31W3S0060,クラブ所属履歴 > 「2022-23 琉球」,所属履歴の最初のシーズン2022-23の開始年,SUPPORTED,2026-09-29,
Batch 31 Wave 3,B31W3E0248,Career,C000958,end,2025,B31W3S0060,クラブ所属履歴 > 「2024-25 琉球」,所属履歴の最後のシーズン2024-25の終了年,SUPPORTED,2026-09-29,
Batch 31 Wave 3,B31W3E0249,Career,C000959,organization_id,ORG000180,B31W3S0061,クラブ所属履歴 > 「2021-22 FE名古屋」〜「2022-23 FE名古屋」,B.LEAGUE公式の所属履歴で在籍を確認（略称表記）,SUPPORTED,2026-09-29,
Batch 31 Wave 3,B31W3E0250,Career,C000959,organization_id,ORG000180,B31W3S0020,順位表 > クラブ「ファイティングイーグルス名古屋」（略称「FE名古屋」、club_detail TeamID=717）,公式順位表で略称とクラブ名・TeamIDの対応を確認,SUPPORTED,2026-09-29,
Batch 31 Wave 3,B31W3E0251,Career,C000959,start,2021,B31W3S0061,クラブ所属履歴 > 「2021-22 FE名古屋」,所属履歴の最初のシーズン2021-22の開始年,SUPPORTED,2026-09-29,
Batch 31 Wave 3,B31W3E0252,Career,C000959,end,2023,B31W3S0061,クラブ所属履歴 > 「2022-23 FE名古屋」,所属履歴の最後のシーズン2022-23の終了年,SUPPORTED,2026-09-29,
Batch 31 Wave 3,B31W3E0253,Career,C000960,organization_id,ORG000153,B31W3S0061,クラブ所属履歴 > 「2023-24 滋賀」〜「2024-25 滋賀」,B.LEAGUE公式の所属履歴で在籍を確認（略称表記）,SUPPORTED,2026-09-29,
Batch 31 Wave 3,B31W3E0254,Career,C000960,organization_id,ORG000153,B31W3S0014,順位表 > クラブ「滋賀レイクス」（略称「滋賀」、club_detail TeamID=698）,公式順位表で略称とクラブ名・TeamIDの対応を確認,SUPPORTED,2026-09-29,
Batch 31 Wave 3,B31W3E0255,Career,C000960,start,2023,B31W3S0061,クラブ所属履歴 > 「2023-24 滋賀」,所属履歴の最初のシーズン2023-24の開始年,SUPPORTED,2026-09-29,
Batch 31 Wave 3,B31W3E0256,Career,C000960,end,2025,B31W3S0061,クラブ所属履歴 > 「2024-25 滋賀」,所属履歴の最後のシーズン2024-25の終了年,SUPPORTED,2026-09-29,
Batch 31 Wave 3,B31W3E0257,Career,C000961,organization_id,ORG000040,B31W3S0062,クラブ所属履歴 > 「2019-20 福岡」〜「2020-21 福岡」,B.LEAGUE公式の所属履歴で在籍を確認（略称表記）,SUPPORTED,2026-09-29,
Batch 31 Wave 3,B31W3E0258,Career,C000961,organization_id,ORG000040,B31W3S0019,順位表 > クラブ「ライジングゼファー福岡」（略称「福岡」、club_detail TeamID=753）,公式順位表で略称とクラブ名・TeamIDの対応を確認,SUPPORTED,2026-09-29,
Batch 31 Wave 3,B31W3E0259,Career,C000961,start,2019,B31W3S0062,クラブ所属履歴 > 「2019-20 福岡」,所属履歴の最初のシーズン2019-20の開始年,SUPPORTED,2026-09-29,
Batch 31 Wave 3,B31W3E0260,Career,C000961,end,2021,B31W3S0062,クラブ所属履歴 > 「2020-21 福岡」,所属履歴の最後のシーズン2020-21の終了年,SUPPORTED,2026-09-29,
Batch 31 Wave 3,B31W3E0261,Career,C000962,organization_id,ORG000174,B31W3S0062,クラブ所属履歴 > 「2021-22 品川」,B.LEAGUE公式の所属履歴で在籍を確認（略称表記）,SUPPORTED,2026-09-29,
Batch 31 Wave 3,B31W3E0262,Career,C000962,organization_id,ORG000174,B31W3S0013,順位表 > クラブ「しながわシティ バスケットボールクラブ」（略称「品川」、club_detail TeamID=748）,公式順位表で略称とクラブ名・TeamIDの対応を確認,SUPPORTED,2026-09-29,
Batch 31 Wave 3,B31W3E0263,Career,C000962,start,2021,B31W3S0062,クラブ所属履歴 > 「2021-22 品川」,所属履歴の最初のシーズン2021-22の開始年,SUPPORTED,2026-09-29,
Batch 31 Wave 3,B31W3E0264,Career,C000962,end,2022,B31W3S0062,クラブ所属履歴 > 「2021-22 品川」,所属履歴の最後のシーズン2021-22の終了年,SUPPORTED,2026-09-29,
Batch 31 Wave 3,B31W3E0265,Career,C000963,organization_id,ORG000163,B31W3S0062,クラブ所属履歴 > 「2022-23 湘南」,B.LEAGUE公式の所属履歴で在籍を確認（略称表記）,SUPPORTED,2026-09-29,
Batch 31 Wave 3,B31W3E0266,Career,C000963,organization_id,ORG000163,B31W3S0034,順位表 > クラブ「湘南ユナイテッドBC」（略称「湘南」、club_detail TeamID=2728）,公式順位表で略称とクラブ名・TeamIDの対応を確認,SUPPORTED,2026-09-29,
Batch 31 Wave 3,B31W3E0267,Career,C000963,start,2022,B31W3S0062,クラブ所属履歴 > 「2022-23 湘南」,所属履歴の最初のシーズン2022-23の開始年,SUPPORTED,2026-09-29,
Batch 31 Wave 3,B31W3E0268,Career,C000963,end,2023,B31W3S0062,クラブ所属履歴 > 「2022-23 湘南」,所属履歴の最後のシーズン2022-23の終了年,SUPPORTED,2026-09-29,
Batch 31 Wave 3,B31W3E0269,Career,C000964,organization_id,ORG000090,B31W3S0062,クラブ所属履歴 > 「2023-24 横浜EX」〜「2024-25 横浜EX」,B.LEAGUE公式の所属履歴で在籍を確認（略称表記）,SUPPORTED,2026-09-29,
Batch 31 Wave 3,B31W3E0270,Career,C000964,organization_id,ORG000090,B31W3S0063,順位表 > クラブ「横浜エクセレンス」（略称「横浜EX」、club_detail TeamID=714）,公式順位表で略称とクラブ名・TeamIDの対応を確認,SUPPORTED,2026-09-29,
Batch 31 Wave 3,B31W3E0271,Career,C000964,start,2023,B31W3S0062,クラブ所属履歴 > 「2023-24 横浜EX」,所属履歴の最初のシーズン2023-24の開始年,SUPPORTED,2026-09-29,
Batch 31 Wave 3,B31W3E0272,Career,C000964,end,2025,B31W3S0062,クラブ所属履歴 > 「2024-25 横浜EX」,所属履歴の最後のシーズン2024-25の終了年,SUPPORTED,2026-09-29,
Batch 31 Wave 3,B31W3E0273,Career,C000965,organization_id,ORG000106,B31W3S0062,クラブ所属履歴 > 「2024-25 琉球」〜「2025-26 琉球」,B.LEAGUE公式の所属履歴で在籍を確認（略称表記）,SUPPORTED,2026-09-29,
Batch 31 Wave 3,B31W3E0274,Career,C000965,organization_id,ORG000106,B31W3S0017,順位表 > クラブ「琉球ゴールデンキングス」（略称「琉球」、club_detail TeamID=701）,公式順位表で略称とクラブ名・TeamIDの対応を確認,SUPPORTED,2026-09-29,
Batch 31 Wave 3,B31W3E0275,Career,C000965,start,2024,B31W3S0062,クラブ所属履歴 > 「2024-25 琉球」,所属履歴の最初のシーズン2024-25の開始年,SUPPORTED,2026-09-29,
Batch 31 Wave 3,B31W3E0276,Career,C000965,end,2026,B31W3S0062,クラブ所属履歴 > 「2025-26 琉球」,所属履歴の最後のシーズン2025-26の終了年,SUPPORTED,2026-09-29,
Batch 31 Wave 3,B31W3E0277,Career,C000966,organization_id,ORG000046,B31W3S0064,クラブ所属履歴 > 「2017-18 東京Z」,B.LEAGUE公式の所属履歴で在籍を確認（略称表記）,SUPPORTED,2026-09-29,
Batch 31 Wave 3,B31W3E0278,Career,C000966,organization_id,ORG000046,B31W3S0023,順位表 > クラブ「アースフレンズ東京Z」（略称「東京Z」、club_detail TeamID=715）,公式順位表で略称とクラブ名・TeamIDの対応を確認,SUPPORTED,2026-09-29,
Batch 31 Wave 3,B31W3E0279,Career,C000966,start,2017,B31W3S0064,クラブ所属履歴 > 「2017-18 東京Z」,所属履歴の最初のシーズン2017-18の開始年,SUPPORTED,2026-09-29,
Batch 31 Wave 3,B31W3E0280,Career,C000966,end,2018,B31W3S0064,クラブ所属履歴 > 「2017-18 東京Z」,所属履歴の最後のシーズン2017-18の終了年,SUPPORTED,2026-09-29,
Batch 31 Wave 3,B31W3E0281,Career,C000967,organization_id,ORG000143,B31W3S0064,クラブ所属履歴 > 「2018-19 群馬」〜「2020-21 群馬」,B.LEAGUE公式の所属履歴で在籍を確認（略称表記）,SUPPORTED,2026-09-29,
Batch 31 Wave 3,B31W3E0282,Career,C000967,organization_id,ORG000143,B31W3S0028,順位表 > クラブ「群馬クレインサンダーズ」（略称「群馬」、club_detail TeamID=713）,公式順位表で略称とクラブ名・TeamIDの対応を確認,SUPPORTED,2026-09-29,
Batch 31 Wave 3,B31W3E0283,Career,C000967,start,2018,B31W3S0064,クラブ所属履歴 > 「2018-19 群馬」,所属履歴の最初のシーズン2018-19の開始年,SUPPORTED,2026-09-29,
Batch 31 Wave 3,B31W3E0284,Career,C000967,end,2021,B31W3S0064,クラブ所属履歴 > 「2020-21 群馬」,所属履歴の最後のシーズン2020-21の終了年,SUPPORTED,2026-09-29,
Batch 31 Wave 3,B31W3E0285,Career,C000968,organization_id,ORG000055,B31W3S0064,クラブ所属履歴 > 「2021-22 横浜BC」,B.LEAGUE公式の所属履歴で在籍を確認（略称表記）,SUPPORTED,2026-09-29,
Batch 31 Wave 3,B31W3E0286,Career,C000968,organization_id,ORG000055,B31W3S0004,順位表 > クラブ「横浜ビー・コルセアーズ」（略称「横浜」、club_detail TeamID=694）,公式順位表で略称とクラブ名・TeamIDの対応を確認,SUPPORTED,2026-09-29,
Batch 31 Wave 3,B31W3E0287,Career,C000968,start,2021,B31W3S0064,クラブ所属履歴 > 「2021-22 横浜BC」,所属履歴の最初のシーズン2021-22の開始年,SUPPORTED,2026-09-29,
Batch 31 Wave 3,B31W3E0288,Career,C000968,end,2022,B31W3S0064,クラブ所属履歴 > 「2021-22 横浜BC」,所属履歴の最後のシーズン2021-22の終了年,SUPPORTED,2026-09-29,
Batch 31 Wave 3,B31W3E0289,Career,C000969,organization_id,ORG000171,B31W3S0064,クラブ所属履歴 > 「2022-23 奈良」〜「2025-26 奈良」,B.LEAGUE公式の所属履歴で在籍を確認（略称表記）,SUPPORTED,2026-09-29,
Batch 31 Wave 3,B31W3E0290,Career,C000969,organization_id,ORG000171,B31W3S0056,順位表 > クラブ「バンビシャス奈良」（略称「奈良」、club_detail TeamID=719）,公式順位表で略称とクラブ名・TeamIDの対応を確認,SUPPORTED,2026-09-29,
Batch 31 Wave 3,B31W3E0291,Career,C000969,start,2022,B31W3S0064,クラブ所属履歴 > 「2022-23 奈良」,所属履歴の最初のシーズン2022-23の開始年,SUPPORTED,2026-09-29,
Batch 31 Wave 3,B31W3E0292,Career,C000969,end,2026,B31W3S0064,クラブ所属履歴 > 「2025-26 奈良」,所属履歴の最後のシーズン2025-26の終了年,SUPPORTED,2026-09-29,
Batch 31 Wave 4,B31W4E0001,Career,C000970,organization_id,ORG000055,B31W4S0001,クラブ所属履歴 > 「2019-20 横浜」,B.LEAGUE公式の所属履歴で在籍を確認（略称表記）,SUPPORTED,2026-09-29,
Batch 31 Wave 4,B31W4E0002,Career,C000970,organization_id,ORG000055,B31W4S0002,順位表 > クラブ「横浜ビー・コルセアーズ」（略称「横浜」、club_detail TeamID=694）,公式順位表で略称とクラブ名・TeamIDの対応を確認,SUPPORTED,2026-09-29,
Batch 31 Wave 4,B31W4E0003,Career,C000970,start,2019,B31W4S0001,クラブ所属履歴 > 「2019-20 横浜」,所属履歴の最初のシーズン2019-20の開始年,SUPPORTED,2026-09-29,
Batch 31 Wave 4,B31W4E0004,Career,C000970,end,2020,B31W4S0001,クラブ所属履歴 > 「2019-20 横浜」,所属履歴の最後のシーズン2019-20の終了年,SUPPORTED,2026-09-29,
Batch 31 Wave 4,B31W4E0005,Career,C000971,organization_id,ORG000118,B31W4S0001,クラブ所属履歴 > 「2020-21 千葉J」〜「2021-22 千葉J」,B.LEAGUE公式の所属履歴で在籍を確認（略称表記）,SUPPORTED,2026-09-29,
Batch 31 Wave 4,B31W4E0006,Career,C000971,organization_id,ORG000118,B31W4S0003,順位表 > クラブ「千葉ジェッツ」（略称「千葉」、club_detail TeamID=704）,公式順位表で略称とクラブ名・TeamIDの対応を確認,SUPPORTED,2026-09-29,
Batch 31 Wave 4,B31W4E0007,Career,C000971,start,2020,B31W4S0001,クラブ所属履歴 > 「2020-21 千葉J」,所属履歴の最初のシーズン2020-21の開始年,SUPPORTED,2026-09-29,
Batch 31 Wave 4,B31W4E0008,Career,C000971,end,2022,B31W4S0001,クラブ所属履歴 > 「2021-22 千葉J」,所属履歴の最後のシーズン2021-22の終了年,SUPPORTED,2026-09-29,
Batch 31 Wave 4,B31W4E0009,Career,C000972,organization_id,ORG000055,B31W4S0001,クラブ所属履歴 > 「2022-23 横浜BC」,B.LEAGUE公式の所属履歴で在籍を確認（略称表記）,SUPPORTED,2026-09-29,
Batch 31 Wave 4,B31W4E0010,Career,C000972,organization_id,ORG000055,B31W4S0004,順位表 > クラブ「横浜ビー・コルセアーズ」（略称「横浜BC」、club_detail TeamID=694）,公式順位表で略称とクラブ名・TeamIDの対応を確認,SUPPORTED,2026-09-29,
Batch 31 Wave 4,B31W4E0011,Career,C000972,start,2022,B31W4S0001,クラブ所属履歴 > 「2022-23 横浜BC」,所属履歴の最初のシーズン2022-23の開始年,SUPPORTED,2026-09-29,
Batch 31 Wave 4,B31W4E0012,Career,C000972,end,2023,B31W4S0001,クラブ所属履歴 > 「2022-23 横浜BC」,所属履歴の最後のシーズン2022-23の終了年,SUPPORTED,2026-09-29,
Batch 31 Wave 4,B31W4E0013,Career,C000973,organization_id,ORG000114,B31W4S0005,クラブ所属履歴 > 「2017-18 SR渋谷」,B.LEAGUE公式の所属履歴で在籍を確認（略称表記）,SUPPORTED,2026-09-29,
Batch 31 Wave 4,B31W4E0014,Career,C000973,organization_id,ORG000114,B31W4S0006,順位表 > クラブ「サンロッカーズ渋谷」（略称「SR渋谷」、club_detail TeamID=726）,公式順位表で略称とクラブ名・TeamIDの対応を確認,SUPPORTED,2026-09-29,
Batch 31 Wave 4,B31W4E0015,Career,C000973,start,2017,B31W4S0005,クラブ所属履歴 > 「2017-18 SR渋谷」,所属履歴の最初のシーズン2017-18の開始年,SUPPORTED,2026-09-29,
Batch 31 Wave 4,B31W4E0016,Career,C000973,end,2018,B31W4S0005,クラブ所属履歴 > 「2017-18 SR渋谷」,所属履歴の最後のシーズン2017-18の終了年,SUPPORTED,2026-09-29,
Batch 31 Wave 4,B31W4E0017,Career,C000974,organization_id,ORG000155,B31W4S0005,クラブ所属履歴 > 「2018-19 島根」〜「2022-23 島根」,B.LEAGUE公式の所属履歴で在籍を確認（略称表記）,SUPPORTED,2026-09-29,
Batch 31 Wave 4,B31W4E0018,Career,C000974,organization_id,ORG000155,B31W4S0007,順位表 > クラブ「島根スサノオマジック」（略称「島根」、club_detail TeamID=720）,公式順位表で略称とクラブ名・TeamIDの対応を確認,SUPPORTED,2026-09-29,
Batch 31 Wave 4,B31W4E0019,Career,C000974,start,2018,B31W4S0005,クラブ所属履歴 > 「2018-19 島根」,所属履歴の最初のシーズン2018-19の開始年,SUPPORTED,2026-09-29,
Batch 31 Wave 4,B31W4E0020,Career,C000974,end,2023,B31W4S0005,クラブ所属履歴 > 「2022-23 島根」,所属履歴の最後のシーズン2022-23の終了年,SUPPORTED,2026-09-29,
Batch 31 Wave 4,B31W4E0021,Career,C000975,organization_id,ORG000132,B31W4S0005,クラブ所属履歴 > 「2023-24 仙台」,B.LEAGUE公式の所属履歴で在籍を確認（略称表記）,SUPPORTED,2026-09-29,
Batch 31 Wave 4,B31W4E0022,Career,C000975,organization_id,ORG000132,B31W4S0008,順位表 > クラブ「仙台89ERS」（略称「仙台」、club_detail TeamID=692）,公式順位表で略称とクラブ名・TeamIDの対応を確認,SUPPORTED,2026-09-29,
Batch 31 Wave 4,B31W4E0023,Career,C000975,start,2023,B31W4S0005,クラブ所属履歴 > 「2023-24 仙台」,所属履歴の最初のシーズン2023-24の開始年,SUPPORTED,2026-09-29,
Batch 31 Wave 4,B31W4E0024,Career,C000975,end,2024,B31W4S0005,クラブ所属履歴 > 「2023-24 仙台」,所属履歴の最後のシーズン2023-24の終了年,SUPPORTED,2026-09-29,
Batch 31 Wave 4,B31W4E0025,Career,C000976,organization_id,ORG000114,B31W4S0005,クラブ所属履歴 > 「2024-25 SR渋谷」,B.LEAGUE公式の所属履歴で在籍を確認（略称表記）,SUPPORTED,2026-09-29,
Batch 31 Wave 4,B31W4E0026,Career,C000976,organization_id,ORG000114,B31W4S0009,順位表 > クラブ「サンロッカーズ渋谷」（略称「SR渋谷」、club_detail TeamID=726）,公式順位表で略称とクラブ名・TeamIDの対応を確認,SUPPORTED,2026-09-29,
Batch 31 Wave 4,B31W4E0027,Career,C000976,start,2024,B31W4S0005,クラブ所属履歴 > 「2024-25 SR渋谷」,所属履歴の最初のシーズン2024-25の開始年,SUPPORTED,2026-09-29,
Batch 31 Wave 4,B31W4E0028,Career,C000976,end,2025,B31W4S0005,クラブ所属履歴 > 「2024-25 SR渋谷」,所属履歴の最後のシーズン2024-25の終了年,SUPPORTED,2026-09-29,
Batch 31 Wave 4,B31W4E0029,Career,C000977,organization_id,ORG000190,B31W4S0012,クラブ所属履歴 > 「2024-25 越谷」,B.LEAGUE公式の所属履歴で在籍を確認（略称表記）,SUPPORTED,2026-09-29,
Batch 31 Wave 4,B31W4E0030,Career,C000977,organization_id,ORG000190,B31W4S0009,順位表 > クラブ「越谷アルファーズ」（略称「越谷」、club_detail TeamID=745）,公式順位表で略称とクラブ名・TeamIDの対応を確認,SUPPORTED,2026-09-29,
Batch 31 Wave 4,B31W4E0031,Career,C000977,start,2024,B31W4S0012,クラブ所属履歴 > 「2024-25 越谷」,所属履歴の最初のシーズン2024-25の開始年,SUPPORTED,2026-09-29,
Batch 31 Wave 4,B31W4E0032,Career,C000977,end,2025,B31W4S0012,クラブ所属履歴 > 「2024-25 越谷」,所属履歴の最後のシーズン2024-25の終了年,SUPPORTED,2026-09-29,
Batch 31 Wave 4,B31W4E0033,Career,C000978,organization_id,ORG000149,B31W4S0013,クラブ所属履歴 > 「2020-21 富山」〜「2021-22 富山」,B.LEAGUE公式の所属履歴で在籍を確認（略称表記）,SUPPORTED,2026-09-29,
Batch 31 Wave 4,B31W4E0034,Career,C000978,organization_id,ORG000149,B31W4S0003,順位表 > クラブ「富山グラウジーズ」（略称「富山」、club_detail TeamID=696）,公式順位表で略称とクラブ名・TeamIDの対応を確認,SUPPORTED,2026-09-29,
Batch 31 Wave 4,B31W4E0035,Career,C000978,start,2020,B31W4S0013,クラブ所属履歴 > 「2020-21 富山」,所属履歴の最初のシーズン2020-21の開始年,SUPPORTED,2026-09-29,
Batch 31 Wave 4,B31W4E0036,Career,C000978,end,2022,B31W4S0013,クラブ所属履歴 > 「2021-22 富山」,所属履歴の最後のシーズン2021-22の終了年,SUPPORTED,2026-09-29,
Batch 31 Wave 4,B31W4E0037,Career,C000979,organization_id,ORG000142,B31W4S0014,クラブ所属履歴 > 「2019-20 大阪」〜「2021-22 大阪」,B.LEAGUE公式の所属履歴で在籍を確認（略称表記）,SUPPORTED,2026-09-29,
Batch 31 Wave 4,B31W4E0038,Career,C000979,organization_id,ORG000142,B31W4S0002,順位表 > クラブ「大阪エヴェッサ」（略称「大阪」、club_detail TeamID=700）,公式順位表で略称とクラブ名・TeamIDの対応を確認,SUPPORTED,2026-09-29,
Batch 31 Wave 4,B31W4E0039,Career,C000979,start,2019,B31W4S0014,クラブ所属履歴 > 「2019-20 大阪」,所属履歴の最初のシーズン2019-20の開始年,SUPPORTED,2026-09-29,
Batch 31 Wave 4,B31W4E0040,Career,C000979,end,2022,B31W4S0014,クラブ所属履歴 > 「2021-22 大阪」,所属履歴の最後のシーズン2021-22の終了年,SUPPORTED,2026-09-29,
Batch 31 Wave 4,B31W4E0041,Career,C000980,organization_id,ORG000180,B31W4S0014,クラブ所属履歴 > 「2022-23 FE名古屋」〜「2024-25 FE名古屋」,B.LEAGUE公式の所属履歴で在籍を確認（略称表記）,SUPPORTED,2026-09-29,
Batch 31 Wave 4,B31W4E0042,Career,C000980,organization_id,ORG000180,B31W4S0004,順位表 > クラブ「ファイティングイーグルス名古屋」（略称「FE名古屋」、club_detail TeamID=717）,公式順位表で略称とクラブ名・TeamIDの対応を確認,SUPPORTED,2026-09-29,
Batch 31 Wave 4,B31W4E0043,Career,C000980,start,2022,B31W4S0014,クラブ所属履歴 > 「2022-23 FE名古屋」,所属履歴の最初のシーズン2022-23の開始年,SUPPORTED,2026-09-29,
Batch 31 Wave 4,B31W4E0044,Career,C000980,end,2025,B31W4S0014,クラブ所属履歴 > 「2024-25 FE名古屋」,所属履歴の最後のシーズン2024-25の終了年,SUPPORTED,2026-09-29,
Batch 31 Wave 4,B31W4E0045,Career,C000981,organization_id,ORG000153,B31W4S0016,クラブ所属履歴 > 「2021-22 滋賀」〜「2022-23 滋賀」,B.LEAGUE公式の所属履歴で在籍を確認（略称表記）,SUPPORTED,2026-09-29,
Batch 31 Wave 4,B31W4E0046,Career,C000981,organization_id,ORG000153,B31W4S0017,順位表 > クラブ「滋賀レイクスターズ」（略称「滋賀」、club_detail TeamID=698）,公式順位表で略称とクラブ名・TeamIDの対応を確認,SUPPORTED,2026-09-29,
Batch 31 Wave 4,B31W4E0047,Career,C000981,start,2021,B31W4S0016,クラブ所属履歴 > 「2021-22 滋賀」,所属履歴の最初のシーズン2021-22の開始年,SUPPORTED,2026-09-29,
Batch 31 Wave 4,B31W4E0048,Career,C000981,end,2023,B31W4S0016,クラブ所属履歴 > 「2022-23 滋賀」,所属履歴の最後のシーズン2022-23の終了年,SUPPORTED,2026-09-29,
Batch 31 Wave 4,B31W4E0049,Career,C000982,organization_id,ORG000150,B31W4S0016,クラブ所属履歴 > 「2023-24 信州」,B.LEAGUE公式の所属履歴で在籍を確認（略称表記）,SUPPORTED,2026-09-29,
Batch 31 Wave 4,B31W4E0050,Career,C000982,organization_id,ORG000150,B31W4S0008,順位表 > クラブ「信州ブレイブウォリアーズ」（略称「信州」、club_detail TeamID=716）,公式順位表で略称とクラブ名・TeamIDの対応を確認,SUPPORTED,2026-09-29,
Batch 31 Wave 4,B31W4E0051,Career,C000982,start,2023,B31W4S0016,クラブ所属履歴 > 「2023-24 信州」,所属履歴の最初のシーズン2023-24の開始年,SUPPORTED,2026-09-29,
Batch 31 Wave 4,B31W4E0052,Career,C000982,end,2024,B31W4S0016,クラブ所属履歴 > 「2023-24 信州」,所属履歴の最後のシーズン2023-24の終了年,SUPPORTED,2026-09-29,
Batch 31 Wave 4,B31W4E0053,Career,C000983,organization_id,ORG000092,B31W4S0016,クラブ所属履歴 > 「2024-25 北海道」〜「2025-26 北海道」,B.LEAGUE公式の所属履歴で在籍を確認（略称表記）,SUPPORTED,2026-09-29,
Batch 31 Wave 4,B31W4E0054,Career,C000983,organization_id,ORG000092,B31W4S0009,順位表 > クラブ「レバンガ北海道」（略称「北海道」、club_detail TeamID=702）,公式順位表で略称とクラブ名・TeamIDの対応を確認,SUPPORTED,2026-09-29,
Batch 31 Wave 4,B31W4E0055,Career,C000983,start,2024,B31W4S0016,クラブ所属履歴 > 「2024-25 北海道」,所属履歴の最初のシーズン2024-25の開始年,SUPPORTED,2026-09-29,
Batch 31 Wave 4,B31W4E0056,Career,C000983,end,2026,B31W4S0016,クラブ所属履歴 > 「2025-26 北海道」,所属履歴の最後のシーズン2025-26の終了年,SUPPORTED,2026-09-29,
Batch 31 Wave 4,B31W4E0057,Career,C000984,organization_id,ORG000054,B31W4S0018,クラブ所属履歴 > 「2020-21 名古屋D」〜「2024-25 名古屋D」,B.LEAGUE公式の所属履歴で在籍を確認（略称表記）,SUPPORTED,2026-09-29,
Batch 31 Wave 4,B31W4E0058,Career,C000984,organization_id,ORG000054,B31W4S0003,順位表 > クラブ「名古屋ダイヤモンドドルフィンズ」（略称「名古屋D」、club_detail TeamID=729）,公式順位表で略称とクラブ名・TeamIDの対応を確認,SUPPORTED,2026-09-29,
Batch 31 Wave 4,B31W4E0059,Career,C000984,start,2020,B31W4S0018,クラブ所属履歴 > 「2020-21 名古屋D」,所属履歴の最初のシーズン2020-21の開始年,SUPPORTED,2026-09-29,
Batch 31 Wave 4,B31W4E0060,Career,C000984,end,2025,B31W4S0018,クラブ所属履歴 > 「2024-25 名古屋D」,所属履歴の最後のシーズン2024-25の終了年,SUPPORTED,2026-09-29,
Batch 31 Wave 4,B31W4E0061,Career,C000985,organization_id,ORG000149,B31W4S0019,クラブ所属履歴 > 「2016-17 富山」〜「2021-22 富山」,B.LEAGUE公式の所属履歴で在籍を確認（略称表記）,SUPPORTED,2026-09-29,
Batch 31 Wave 4,B31W4E0062,Career,C000985,organization_id,ORG000149,B31W4S0020,順位表 > クラブ「富山グラウジーズ」（略称「富山」、club_detail TeamID=696）,公式順位表で略称とクラブ名・TeamIDの対応を確認,SUPPORTED,2026-09-29,
Batch 31 Wave 4,B31W4E0063,Career,C000985,start,2016,B31W4S0019,クラブ所属履歴 > 「2016-17 富山」,所属履歴の最初のシーズン2016-17の開始年,SUPPORTED,2026-09-29,
Batch 31 Wave 4,B31W4E0064,Career,C000985,end,2022,B31W4S0019,クラブ所属履歴 > 「2021-22 富山」,所属履歴の最後のシーズン2021-22の終了年,SUPPORTED,2026-09-29,
Batch 31 Wave 4,B31W4E0065,Career,C000986,organization_id,ORG000171,B31W4S0019,クラブ所属履歴 > 「2022-23 奈良」,B.LEAGUE公式の所属履歴で在籍を確認（略称表記）,SUPPORTED,2026-09-29,
Batch 31 Wave 4,B31W4E0066,Career,C000986,organization_id,ORG000171,B31W4S0021,順位表 > クラブ「バンビシャス奈良」（略称「奈良」、club_detail TeamID=719）,公式順位表で略称とクラブ名・TeamIDの対応を確認,SUPPORTED,2026-09-29,
Batch 31 Wave 4,B31W4E0067,Career,C000986,start,2022,B31W4S0019,クラブ所属履歴 > 「2022-23 奈良」,所属履歴の最初のシーズン2022-23の開始年,SUPPORTED,2026-09-29,
Batch 31 Wave 4,B31W4E0068,Career,C000986,end,2023,B31W4S0019,クラブ所属履歴 > 「2022-23 奈良」,所属履歴の最後のシーズン2022-23の終了年,SUPPORTED,2026-09-29,
Batch 31 Wave 4,B31W4E0069,Career,C000987,organization_id,ORG000137,B31W4S0025,クラブ所属履歴 > 「2020-21 秋田」〜「2023-24 秋田」,B.LEAGUE公式の所属履歴で在籍を確認（略称表記）,SUPPORTED,2026-09-29,
Batch 31 Wave 4,B31W4E0070,Career,C000987,organization_id,ORG000137,B31W4S0003,順位表 > クラブ「秋田ノーザンハピネッツ」（略称「秋田」、club_detail TeamID=693）,公式順位表で略称とクラブ名・TeamIDの対応を確認,SUPPORTED,2026-09-29,
Batch 31 Wave 4,B31W4E0071,Career,C000987,start,2020,B31W4S0025,クラブ所属履歴 > 「2020-21 秋田」,所属履歴の最初のシーズン2020-21の開始年,SUPPORTED,2026-09-29,
Batch 31 Wave 4,B31W4E0072,Career,C000987,end,2024,B31W4S0025,クラブ所属履歴 > 「2023-24 秋田」,所属履歴の最後のシーズン2023-24の終了年,SUPPORTED,2026-09-29,
Batch 31 Wave 4,B31W4E0073,Career,C000988,organization_id,ORG000202,B31W4S0025,クラブ所属履歴 > 「2024-25 福島」,B.LEAGUE公式の所属履歴で在籍を確認（略称表記）,SUPPORTED,2026-09-29,
Batch 31 Wave 4,B31W4E0074,Career,C000988,organization_id,ORG000202,B31W4S0026,順位表 > クラブ「福島ファイヤーボンズ」（略称「福島」、club_detail TeamID=711）,公式順位表で略称とクラブ名・TeamIDの対応を確認,SUPPORTED,2026-09-29,
Batch 31 Wave 4,B31W4E0075,Career,C000988,start,2024,B31W4S0025,クラブ所属履歴 > 「2024-25 福島」,所属履歴の最初のシーズン2024-25の開始年,SUPPORTED,2026-09-29,
Batch 31 Wave 4,B31W4E0076,Career,C000988,end,2025,B31W4S0025,クラブ所属履歴 > 「2024-25 福島」,所属履歴の最後のシーズン2024-25の終了年,SUPPORTED,2026-09-29,
Batch 31 Wave 4,B31W4E0077,Career,C000989,organization_id,ORG000092,B31W4S0027,クラブ所属履歴 > 「2020-21 北海道」,B.LEAGUE公式の所属履歴で在籍を確認（略称表記）,SUPPORTED,2026-09-29,
Batch 31 Wave 4,B31W4E0078,Career,C000989,organization_id,ORG000092,B31W4S0003,順位表 > クラブ「レバンガ北海道」（略称「北海道」、club_detail TeamID=702）,公式順位表で略称とクラブ名・TeamIDの対応を確認,SUPPORTED,2026-09-29,
Batch 31 Wave 4,B31W4E0079,Career,C000989,start,2020,B31W4S0027,クラブ所属履歴 > 「2020-21 北海道」,所属履歴の最初のシーズン2020-21の開始年,SUPPORTED,2026-09-29,
Batch 31 Wave 4,B31W4E0080,Career,C000989,end,2021,B31W4S0027,クラブ所属履歴 > 「2020-21 北海道」,所属履歴の最後のシーズン2020-21の終了年,SUPPORTED,2026-09-29,
Batch 31 Wave 4,B31W4E0081,Career,C000990,organization_id,ORG000110,B31W4S0027,クラブ所属履歴 > 「2021-22 広島」〜「2024-25 広島」,B.LEAGUE公式の所属履歴で在籍を確認（略称表記）,SUPPORTED,2026-09-29,
Batch 31 Wave 4,B31W4E0082,Career,C000990,organization_id,ORG000110,B31W4S0017,順位表 > クラブ「広島ドラゴンフライズ」（略称「広島」、club_detail TeamID=721）,公式順位表で略称とクラブ名・TeamIDの対応を確認,SUPPORTED,2026-09-29,
Batch 31 Wave 4,B31W4E0083,Career,C000990,start,2021,B31W4S0027,クラブ所属履歴 > 「2021-22 広島」,所属履歴の最初のシーズン2021-22の開始年,SUPPORTED,2026-09-29,
Batch 31 Wave 4,B31W4E0084,Career,C000990,end,2025,B31W4S0027,クラブ所属履歴 > 「2024-25 広島」,所属履歴の最後のシーズン2024-25の終了年,SUPPORTED,2026-09-29,
Batch 31 Wave 4,B31W4E0085,Career,C000991,organization_id,ORG000091,B31W4S0028,クラブ所属履歴 > 「2023-24 愛媛」,B.LEAGUE公式の所属履歴で在籍を確認（略称表記）,SUPPORTED,2026-09-29,
Batch 31 Wave 4,B31W4E0086,Career,C000991,organization_id,ORG000091,B31W4S0029,順位表 > クラブ「愛媛オレンジバイキングス」（略称「愛媛」、club_detail TeamID=723）,公式順位表で略称とクラブ名・TeamIDの対応を確認,SUPPORTED,2026-09-29,
Batch 31 Wave 4,B31W4E0087,Career,C000991,start,2023,B31W4S0028,クラブ所属履歴 > 「2023-24 愛媛」,所属履歴の最初のシーズン2023-24の開始年,SUPPORTED,2026-09-29,
Batch 31 Wave 4,B31W4E0088,Career,C000991,end,2024,B31W4S0028,クラブ所属履歴 > 「2023-24 愛媛」,所属履歴の最後のシーズン2023-24の終了年,SUPPORTED,2026-09-29,
Batch 31 Wave 4,B31W4E0089,Career,C000992,organization_id,ORG000171,B31W4S0030,クラブ所属履歴 > 「2021-22 奈良」〜「2022-23 奈良」,B.LEAGUE公式の所属履歴で在籍を確認（略称表記）,SUPPORTED,2026-09-29,
Batch 31 Wave 4,B31W4E0090,Career,C000992,organization_id,ORG000171,B31W4S0031,順位表 > クラブ「バンビシャス奈良」（略称「奈良」、club_detail TeamID=719）,公式順位表で略称とクラブ名・TeamIDの対応を確認,SUPPORTED,2026-09-29,
Batch 31 Wave 4,B31W4E0091,Career,C000992,start,2021,B31W4S0030,クラブ所属履歴 > 「2021-22 奈良」,所属履歴の最初のシーズン2021-22の開始年,SUPPORTED,2026-09-29,
Batch 31 Wave 4,B31W4E0092,Career,C000992,end,2023,B31W4S0030,クラブ所属履歴 > 「2022-23 奈良」,所属履歴の最後のシーズン2022-23の終了年,SUPPORTED,2026-09-29,
Batch 31 Wave 4,B31W4E0093,Career,C000993,organization_id,ORG000149,B31W4S0032,クラブ所属履歴 > 「2021-22 富山」〜「2024-25 富山」,B.LEAGUE公式の所属履歴で在籍を確認（略称表記）,SUPPORTED,2026-09-29,
Batch 31 Wave 4,B31W4E0094,Career,C000993,organization_id,ORG000149,B31W4S0017,順位表 > クラブ「富山グラウジーズ」（略称「富山」、club_detail TeamID=696）,公式順位表で略称とクラブ名・TeamIDの対応を確認,SUPPORTED,2026-09-29,
Batch 31 Wave 4,B31W4E0095,Career,C000993,start,2021,B31W4S0032,クラブ所属履歴 > 「2021-22 富山」,所属履歴の最初のシーズン2021-22の開始年,SUPPORTED,2026-09-29,
Batch 31 Wave 4,B31W4E0096,Career,C000993,end,2025,B31W4S0032,クラブ所属履歴 > 「2024-25 富山」,所属履歴の最後のシーズン2024-25の終了年,SUPPORTED,2026-09-29,
Batch 31 Wave 4,B31W4E0097,Career,C000994,organization_id,ORG000054,B31W4S0033,クラブ所属履歴 > 「2018-19 名古屋D」〜「2019-20 名古屋D」,B.LEAGUE公式の所属履歴で在籍を確認（略称表記）,SUPPORTED,2026-09-29,
Batch 31 Wave 4,B31W4E0098,Career,C000994,organization_id,ORG000054,B31W4S0034,順位表 > クラブ「名古屋ダイヤモンドドルフィンズ」（略称「名古屋D」、club_detail TeamID=729）,公式順位表で略称とクラブ名・TeamIDの対応を確認,SUPPORTED,2026-09-29,
Batch 31 Wave 4,B31W4E0099,Career,C000994,start,2018,B31W4S0033,クラブ所属履歴 > 「2018-19 名古屋D」,所属履歴の最初のシーズン2018-19の開始年,SUPPORTED,2026-09-29,
Batch 31 Wave 4,B31W4E0100,Career,C000994,end,2020,B31W4S0033,クラブ所属履歴 > 「2019-20 名古屋D」,所属履歴の最後のシーズン2019-20の終了年,SUPPORTED,2026-09-29,
Batch 31 Wave 4,B31W4E0101,Career,C000995,organization_id,ORG000143,B31W4S0033,クラブ所属履歴 > 「2020-21 群馬」〜「2021-22 群馬」,B.LEAGUE公式の所属履歴で在籍を確認（略称表記）,SUPPORTED,2026-09-29,
Batch 31 Wave 4,B31W4E0102,Career,C000995,organization_id,ORG000143,B31W4S0035,順位表 > クラブ「群馬クレインサンダーズ」（略称「群馬」、club_detail TeamID=713）,公式順位表で略称とクラブ名・TeamIDの対応を確認,SUPPORTED,2026-09-29,
Batch 31 Wave 4,B31W4E0103,Career,C000995,start,2020,B31W4S0033,クラブ所属履歴 > 「2020-21 群馬」,所属履歴の最初のシーズン2020-21の開始年,SUPPORTED,2026-09-29,
Batch 31 Wave 4,B31W4E0104,Career,C000995,end,2022,B31W4S0033,クラブ所属履歴 > 「2021-22 群馬」,所属履歴の最後のシーズン2021-22の終了年,SUPPORTED,2026-09-29,
Batch 31 Wave 4,B31W4E0105,Career,C000996,organization_id,ORG000047,B31W4S0033,クラブ所属履歴 > 「2022-23 宇都宮」,B.LEAGUE公式の所属履歴で在籍を確認（略称表記）,SUPPORTED,2026-09-29,
Batch 31 Wave 4,B31W4E0106,Career,C000996,organization_id,ORG000047,B31W4S0004,順位表 > クラブ「宇都宮ブレックス」（略称「宇都宮」、club_detail TeamID=703）,公式順位表で略称とクラブ名・TeamIDの対応を確認,SUPPORTED,2026-09-29,
Batch 31 Wave 4,B31W4E0107,Career,C000996,start,2022,B31W4S0033,クラブ所属履歴 > 「2022-23 宇都宮」,所属履歴の最初のシーズン2022-23の開始年,SUPPORTED,2026-09-29,
Batch 31 Wave 4,B31W4E0108,Career,C000996,end,2023,B31W4S0033,クラブ所属履歴 > 「2022-23 宇都宮」,所属履歴の最後のシーズン2022-23の終了年,SUPPORTED,2026-09-29,
Batch 31 Wave 4,B31W4E0109,Career,C000997,organization_id,ORG000171,B31W4S0033,クラブ所属履歴 > 「2023-24 奈良」,B.LEAGUE公式の所属履歴で在籍を確認（略称表記）,SUPPORTED,2026-09-29,
Batch 31 Wave 4,B31W4E0110,Career,C000997,organization_id,ORG000171,B31W4S0029,順位表 > クラブ「バンビシャス奈良」（略称「奈良」、club_detail TeamID=719）,公式順位表で略称とクラブ名・TeamIDの対応を確認,SUPPORTED,2026-09-29,
Batch 31 Wave 4,B31W4E0111,Career,C000997,start,2023,B31W4S0033,クラブ所属履歴 > 「2023-24 奈良」,所属履歴の最初のシーズン2023-24の開始年,SUPPORTED,2026-09-29,
Batch 31 Wave 4,B31W4E0112,Career,C000997,end,2024,B31W4S0033,クラブ所属履歴 > 「2023-24 奈良」,所属履歴の最後のシーズン2023-24の終了年,SUPPORTED,2026-09-29,
Batch 31 Wave 4,B31W4E0113,Career,C000998,organization_id,ORG000202,B31W4S0033,クラブ所属履歴 > 「2024-25 福島」〜「2025-26 福島」,B.LEAGUE公式の所属履歴で在籍を確認（略称表記）,SUPPORTED,2026-09-29,
Batch 31 Wave 4,B31W4E0114,Career,C000998,organization_id,ORG000202,B31W4S0026,順位表 > クラブ「福島ファイヤーボンズ」（略称「福島」、club_detail TeamID=711）,公式順位表で略称とクラブ名・TeamIDの対応を確認,SUPPORTED,2026-09-29,
Batch 31 Wave 4,B31W4E0115,Career,C000998,start,2024,B31W4S0033,クラブ所属履歴 > 「2024-25 福島」,所属履歴の最初のシーズン2024-25の開始年,SUPPORTED,2026-09-29,
Batch 31 Wave 4,B31W4E0116,Career,C000998,end,2026,B31W4S0033,クラブ所属履歴 > 「2025-26 福島」,所属履歴の最後のシーズン2025-26の終了年,SUPPORTED,2026-09-29,
Batch 31 Wave 4,B31W4E0117,Career,C000999,organization_id,ORG000222,B31W4S0036,クラブ所属履歴 > 「2019-20 岡山」〜「2022-23 岡山」,B.LEAGUE公式の所属履歴で在籍を確認（略称表記）,SUPPORTED,2026-09-29,
Batch 31 Wave 4,B31W4E0118,Career,C000999,organization_id,ORG000222,B31W4S0037,順位表 > クラブ「トライフープ岡山」（略称「岡山」、club_detail TeamID=1639）,公式順位表で略称とクラブ名・TeamIDの対応を確認,SUPPORTED,2026-09-29,
Batch 31 Wave 4,B31W4E0119,Career,C000999,start,2019,B31W4S0036,クラブ所属履歴 > 「2019-20 岡山」,所属履歴の最初のシーズン2019-20の開始年,SUPPORTED,2026-09-29,
Batch 31 Wave 4,B31W4E0120,Career,C000999,end,2023,B31W4S0036,クラブ所属履歴 > 「2022-23 岡山」,所属履歴の最後のシーズン2022-23の終了年,SUPPORTED,2026-09-29,
Batch 31 Wave 4,B31W4E0121,Career,C001000,organization_id,ORG000116,B31W4S0036,クラブ所属履歴 > 「2023-24 徳島」〜「2024-25 徳島」,B.LEAGUE公式の所属履歴で在籍を確認（略称表記）,SUPPORTED,2026-09-29,
Batch 31 Wave 4,B31W4E0122,Career,C001000,organization_id,ORG000116,B31W4S0038,順位表 > クラブ「徳島ガンバロウズ」（略称「徳島」、club_detail TeamID=2890）,公式順位表で略称とクラブ名・TeamIDの対応を確認,SUPPORTED,2026-09-29,
Batch 31 Wave 4,B31W4E0123,Career,C001000,start,2023,B31W4S0036,クラブ所属履歴 > 「2023-24 徳島」,所属履歴の最初のシーズン2023-24の開始年,SUPPORTED,2026-09-29,
Batch 31 Wave 4,B31W4E0124,Career,C001000,end,2025,B31W4S0036,クラブ所属履歴 > 「2024-25 徳島」,所属履歴の最後のシーズン2024-25の終了年,SUPPORTED,2026-09-29,
Batch 31 Wave 4,B31W4E0125,Career,C001001,organization_id,ORG000130,B31W4S0039,クラブ所属履歴 > 「2018-19 三河」〜「2020-21 三河」,B.LEAGUE公式の所属履歴で在籍を確認（略称表記）,SUPPORTED,2026-09-29,
Batch 31 Wave 4,B31W4E0126,Career,C001001,organization_id,ORG000130,B31W4S0034,順位表 > クラブ「シーホース三河」（略称「三河」、club_detail TeamID=728）,公式順位表で略称とクラブ名・TeamIDの対応を確認,SUPPORTED,2026-09-29,
Batch 31 Wave 4,B31W4E0127,Career,C001001,start,2018,B31W4S0039,クラブ所属履歴 > 「2018-19 三河」,所属履歴の最初のシーズン2018-19の開始年,SUPPORTED,2026-09-29,
Batch 31 Wave 4,B31W4E0128,Career,C001001,end,2021,B31W4S0039,クラブ所属履歴 > 「2020-21 三河」,所属履歴の最後のシーズン2020-21の終了年,SUPPORTED,2026-09-29,
Batch 31 Wave 4,B31W4E0129,Career,C001002,organization_id,ORG000150,B31W4S0039,クラブ所属履歴 > 「2021-22 信州」〜「2022-23 信州」,B.LEAGUE公式の所属履歴で在籍を確認（略称表記）,SUPPORTED,2026-09-29,
Batch 31 Wave 4,B31W4E0130,Career,C001002,organization_id,ORG000150,B31W4S0017,順位表 > クラブ「信州ブレイブウォリアーズ」（略称「信州」、club_detail TeamID=716）,公式順位表で略称とクラブ名・TeamIDの対応を確認,SUPPORTED,2026-09-29,
Batch 31 Wave 4,B31W4E0131,Career,C001002,start,2021,B31W4S0039,クラブ所属履歴 > 「2021-22 信州」,所属履歴の最初のシーズン2021-22の開始年,SUPPORTED,2026-09-29,
Batch 31 Wave 4,B31W4E0132,Career,C001002,end,2023,B31W4S0039,クラブ所属履歴 > 「2022-23 信州」,所属履歴の最後のシーズン2022-23の終了年,SUPPORTED,2026-09-29,
Batch 31 Wave 4,B31W4E0133,Career,C001003,organization_id,ORG000137,B31W4S0039,クラブ所属履歴 > 「2023-24 秋田」〜「2024-25 秋田」,B.LEAGUE公式の所属履歴で在籍を確認（略称表記）,SUPPORTED,2026-09-29,
Batch 31 Wave 4,B31W4E0134,Career,C001003,organization_id,ORG000137,B31W4S0008,順位表 > クラブ「秋田ノーザンハピネッツ」（略称「秋田」、club_detail TeamID=693）,公式順位表で略称とクラブ名・TeamIDの対応を確認,SUPPORTED,2026-09-29,
Batch 31 Wave 4,B31W4E0135,Career,C001003,start,2023,B31W4S0039,クラブ所属履歴 > 「2023-24 秋田」,所属履歴の最初のシーズン2023-24の開始年,SUPPORTED,2026-09-29,
Batch 31 Wave 4,B31W4E0136,Career,C001003,end,2025,B31W4S0039,クラブ所属履歴 > 「2024-25 秋田」,所属履歴の最後のシーズン2024-25の終了年,SUPPORTED,2026-09-29,
Batch 31 Wave 4,B31W4E0137,Career,C001004,organization_id,ORG000046,B31W4S0040,クラブ所属履歴 > 「2018-19 東京Z」〜「2021-22 東京Z」,B.LEAGUE公式の所属履歴で在籍を確認（略称表記）,SUPPORTED,2026-09-29,
Batch 31 Wave 4,B31W4E0138,Career,C001004,organization_id,ORG000046,B31W4S0007,順位表 > クラブ「アースフレンズ東京Z」（略称「東京Z」、club_detail TeamID=715）,公式順位表で略称とクラブ名・TeamIDの対応を確認,SUPPORTED,2026-09-29,
Batch 31 Wave 4,B31W4E0139,Career,C001004,start,2018,B31W4S0040,クラブ所属履歴 > 「2018-19 東京Z」,所属履歴の最初のシーズン2018-19の開始年,SUPPORTED,2026-09-29,
Batch 31 Wave 4,B31W4E0140,Career,C001004,end,2022,B31W4S0040,クラブ所属履歴 > 「2021-22 東京Z」,所属履歴の最後のシーズン2021-22の終了年,SUPPORTED,2026-09-29,
Batch 31 Wave 4,B31W4E0141,Career,C001005,organization_id,ORG000224,B31W4S0040,クラブ所属履歴 > 「2022-23 香川」,B.LEAGUE公式の所属履歴で在籍を確認（略称表記）,SUPPORTED,2026-09-29,
Batch 31 Wave 4,B31W4E0142,Career,C001005,organization_id,ORG000224,B31W4S0021,順位表 > クラブ「香川ファイブアローズ」（略称「香川」、club_detail TeamID=722）,公式順位表で略称とクラブ名・TeamIDの対応を確認,SUPPORTED,2026-09-29,
Batch 31 Wave 4,B31W4E0143,Career,C001005,start,2022,B31W4S0040,クラブ所属履歴 > 「2022-23 香川」,所属履歴の最初のシーズン2022-23の開始年,SUPPORTED,2026-09-29,
Batch 31 Wave 4,B31W4E0144,Career,C001005,end,2023,B31W4S0040,クラブ所属履歴 > 「2022-23 香川」,所属履歴の最後のシーズン2022-23の終了年,SUPPORTED,2026-09-29,
Batch 31 Wave 4,B31W4E0145,Career,C001006,organization_id,ORG000110,B31W4S0040,クラブ所属履歴 > 「2023-24 広島」,B.LEAGUE公式の所属履歴で在籍を確認（略称表記）,SUPPORTED,2026-09-29,
Batch 31 Wave 4,B31W4E0146,Career,C001006,organization_id,ORG000110,B31W4S0008,順位表 > クラブ「広島ドラゴンフライズ」（略称「広島」、club_detail TeamID=721）,公式順位表で略称とクラブ名・TeamIDの対応を確認,SUPPORTED,2026-09-29,
Batch 31 Wave 4,B31W4E0147,Career,C001006,start,2023,B31W4S0040,クラブ所属履歴 > 「2023-24 広島」,所属履歴の最初のシーズン2023-24の開始年,SUPPORTED,2026-09-29,
Batch 31 Wave 4,B31W4E0148,Career,C001006,end,2024,B31W4S0040,クラブ所属履歴 > 「2023-24 広島」,所属履歴の最後のシーズン2023-24の終了年,SUPPORTED,2026-09-29,
Batch 31 Wave 4,B31W4E0149,Career,C001007,organization_id,ORG000054,B31W4S0042,クラブ所属履歴 > 「2016-17 名古屋D」〜「2017-18 名古屋D」,B.LEAGUE公式の所属履歴で在籍を確認（略称表記）,SUPPORTED,2026-09-29,
Batch 31 Wave 4,B31W4E0150,Career,C001007,organization_id,ORG000054,B31W4S0020,順位表 > クラブ「名古屋ダイヤモンドドルフィンズ」（略称「名古屋D」、club_detail TeamID=729）,公式順位表で略称とクラブ名・TeamIDの対応を確認,SUPPORTED,2026-09-29,
Batch 31 Wave 4,B31W4E0151,Career,C001007,start,2016,B31W4S0042,クラブ所属履歴 > 「2016-17 名古屋D」,所属履歴の最初のシーズン2016-17の開始年,SUPPORTED,2026-09-29,
Batch 31 Wave 4,B31W4E0152,Career,C001007,end,2018,B31W4S0042,クラブ所属履歴 > 「2017-18 名古屋D」,所属履歴の最後のシーズン2017-18の終了年,SUPPORTED,2026-09-29,
Batch 31 Wave 4,B31W4E0153,Career,C001008,organization_id,ORG000149,B31W4S0042,クラブ所属履歴 > 「2018-19 富山」〜「2019-20 富山」,B.LEAGUE公式の所属履歴で在籍を確認（略称表記）,SUPPORTED,2026-09-29,
Batch 31 Wave 4,B31W4E0154,Career,C001008,organization_id,ORG000149,B31W4S0034,順位表 > クラブ「富山グラウジーズ」（略称「富山」、club_detail TeamID=696）,公式順位表で略称とクラブ名・TeamIDの対応を確認,SUPPORTED,2026-09-29,
Batch 31 Wave 4,B31W4E0155,Career,C001008,start,2018,B31W4S0042,クラブ所属履歴 > 「2018-19 富山」,所属履歴の最初のシーズン2018-19の開始年,SUPPORTED,2026-09-29,
Batch 31 Wave 4,B31W4E0156,Career,C001008,end,2020,B31W4S0042,クラブ所属履歴 > 「2019-20 富山」,所属履歴の最後のシーズン2019-20の終了年,SUPPORTED,2026-09-29,
Batch 31 Wave 4,B31W4E0157,Career,C001009,organization_id,ORG000106,B31W4S0042,クラブ所属履歴 > 「2020-21 琉球」,B.LEAGUE公式の所属履歴で在籍を確認（略称表記）,SUPPORTED,2026-09-29,
Batch 31 Wave 4,B31W4E0158,Career,C001009,organization_id,ORG000106,B31W4S0003,順位表 > クラブ「琉球ゴールデンキングス」（略称「琉球」、club_detail TeamID=701）,公式順位表で略称とクラブ名・TeamIDの対応を確認,SUPPORTED,2026-09-29,
Batch 31 Wave 4,B31W4E0159,Career,C001009,start,2020,B31W4S0042,クラブ所属履歴 > 「2020-21 琉球」,所属履歴の最初のシーズン2020-21の開始年,SUPPORTED,2026-09-29,
Batch 31 Wave 4,B31W4E0160,Career,C001009,end,2021,B31W4S0042,クラブ所属履歴 > 「2020-21 琉球」,所属履歴の最後のシーズン2020-21の終了年,SUPPORTED,2026-09-29,
Batch 31 Wave 4,B31W4E0161,Career,C001010,organization_id,ORG000110,B31W4S0042,クラブ所属履歴 > 「2021-22 広島」〜「2023-24 広島」,B.LEAGUE公式の所属履歴で在籍を確認（略称表記）,SUPPORTED,2026-09-29,
Batch 31 Wave 4,B31W4E0162,Career,C001010,organization_id,ORG000110,B31W4S0017,順位表 > クラブ「広島ドラゴンフライズ」（略称「広島」、club_detail TeamID=721）,公式順位表で略称とクラブ名・TeamIDの対応を確認,SUPPORTED,2026-09-29,
Batch 31 Wave 4,B31W4E0163,Career,C001010,start,2021,B31W4S0042,クラブ所属履歴 > 「2021-22 広島」,所属履歴の最初のシーズン2021-22の開始年,SUPPORTED,2026-09-29,
Batch 31 Wave 4,B31W4E0164,Career,C001010,end,2024,B31W4S0042,クラブ所属履歴 > 「2023-24 広島」,所属履歴の最後のシーズン2023-24の終了年,SUPPORTED,2026-09-29,
Batch 31 Wave 4,B31W4E0165,Career,C001011,organization_id,ORG000114,B31W4S0042,クラブ所属履歴 > 「2024-25 SR渋谷」,B.LEAGUE公式の所属履歴で在籍を確認（略称表記）,SUPPORTED,2026-09-29,
Batch 31 Wave 4,B31W4E0166,Career,C001011,organization_id,ORG000114,B31W4S0009,順位表 > クラブ「サンロッカーズ渋谷」（略称「SR渋谷」、club_detail TeamID=726）,公式順位表で略称とクラブ名・TeamIDの対応を確認,SUPPORTED,2026-09-29,
Batch 31 Wave 4,B31W4E0167,Career,C001011,start,2024,B31W4S0042,クラブ所属履歴 > 「2024-25 SR渋谷」,所属履歴の最初のシーズン2024-25の開始年,SUPPORTED,2026-09-29,
Batch 31 Wave 4,B31W4E0168,Career,C001011,end,2025,B31W4S0042,クラブ所属履歴 > 「2024-25 SR渋谷」,所属履歴の最後のシーズン2024-25の終了年,SUPPORTED,2026-09-29,
Batch 31 Wave 4,B31W4E0169,Career,C001012,organization_id,ORG000137,B31W4S0043,クラブ所属履歴 > 「2020-21 秋田」,B.LEAGUE公式の所属履歴で在籍を確認（略称表記）,SUPPORTED,2026-09-29,
Batch 31 Wave 4,B31W4E0170,Career,C001012,organization_id,ORG000137,B31W4S0003,順位表 > クラブ「秋田ノーザンハピネッツ」（略称「秋田」、club_detail TeamID=693）,公式順位表で略称とクラブ名・TeamIDの対応を確認,SUPPORTED,2026-09-29,
Batch 31 Wave 4,B31W4E0171,Career,C001012,start,2020,B31W4S0043,クラブ所属履歴 > 「2020-21 秋田」,所属履歴の最初のシーズン2020-21の開始年,SUPPORTED,2026-09-29,
Batch 31 Wave 4,B31W4E0172,Career,C001012,end,2021,B31W4S0043,クラブ所属履歴 > 「2020-21 秋田」,所属履歴の最後のシーズン2020-21の終了年,SUPPORTED,2026-09-29,
Batch 31 Wave 4,B31W4E0173,Career,C001013,organization_id,ORG000110,B31W4S0043,クラブ所属履歴 > 「2021-22 広島」,B.LEAGUE公式の所属履歴で在籍を確認（略称表記）,SUPPORTED,2026-09-29,
Batch 31 Wave 4,B31W4E0174,Career,C001013,organization_id,ORG000110,B31W4S0017,順位表 > クラブ「広島ドラゴンフライズ」（略称「広島」、club_detail TeamID=721）,公式順位表で略称とクラブ名・TeamIDの対応を確認,SUPPORTED,2026-09-29,
Batch 31 Wave 4,B31W4E0175,Career,C001013,start,2021,B31W4S0043,クラブ所属履歴 > 「2021-22 広島」,所属履歴の最初のシーズン2021-22の開始年,SUPPORTED,2026-09-29,
Batch 31 Wave 4,B31W4E0176,Career,C001013,end,2022,B31W4S0043,クラブ所属履歴 > 「2021-22 広島」,所属履歴の最後のシーズン2021-22の終了年,SUPPORTED,2026-09-29,
Batch 31 Wave 4,B31W4E0177,Career,C001014,organization_id,ORG000132,B31W4S0043,クラブ所属履歴 > 「2022-23 仙台」〜「2023-24 仙台」,B.LEAGUE公式の所属履歴で在籍を確認（略称表記）,SUPPORTED,2026-09-29,
Batch 31 Wave 4,B31W4E0178,Career,C001014,organization_id,ORG000132,B31W4S0004,順位表 > クラブ「仙台89ERS」（略称「仙台」、club_detail TeamID=692）,公式順位表で略称とクラブ名・TeamIDの対応を確認,SUPPORTED,2026-09-29,
Batch 31 Wave 4,B31W4E0179,Career,C001014,start,2022,B31W4S0043,クラブ所属履歴 > 「2022-23 仙台」,所属履歴の最初のシーズン2022-23の開始年,SUPPORTED,2026-09-29,
Batch 31 Wave 4,B31W4E0180,Career,C001014,end,2024,B31W4S0043,クラブ所属履歴 > 「2023-24 仙台」,所属履歴の最後のシーズン2023-24の終了年,SUPPORTED,2026-09-29,
Batch 31 Wave 4,B31W4E0181,Career,C001015,organization_id,ORG000097,B31W4S0044,クラブ所属履歴 > 「2020-21 三遠」〜「2021-22 三遠」,B.LEAGUE公式の所属履歴で在籍を確認（略称表記）,SUPPORTED,2026-09-29,
Batch 31 Wave 4,B31W4E0182,Career,C001015,organization_id,ORG000097,B31W4S0003,順位表 > クラブ「三遠ネオフェニックス」（略称「三遠」、club_detail TeamID=697）,公式順位表で略称とクラブ名・TeamIDの対応を確認,SUPPORTED,2026-09-29,
Batch 31 Wave 4,B31W4E0183,Career,C001015,start,2020,B31W4S0044,クラブ所属履歴 > 「2020-21 三遠」,所属履歴の最初のシーズン2020-21の開始年,SUPPORTED,2026-09-29,
Batch 31 Wave 4,B31W4E0184,Career,C001015,end,2022,B31W4S0044,クラブ所属履歴 > 「2021-22 三遠」,所属履歴の最後のシーズン2021-22の終了年,SUPPORTED,2026-09-29,
Batch 31 Wave 4,B31W4E0185,Career,C001016,organization_id,ORG000182,B31W4S0044,クラブ所属履歴 > 「2022-23 青森」〜「2023-24 青森」,B.LEAGUE公式の所属履歴で在籍を確認（略称表記）,SUPPORTED,2026-09-29,
Batch 31 Wave 4,B31W4E0186,Career,C001016,organization_id,ORG000182,B31W4S0021,順位表 > クラブ「青森ワッツ」（略称「青森」、club_detail TeamID=708）,公式順位表で略称とクラブ名・TeamIDの対応を確認,SUPPORTED,2026-09-29,
Batch 31 Wave 4,B31W4E0187,Career,C001016,start,2022,B31W4S0044,クラブ所属履歴 > 「2022-23 青森」,所属履歴の最初のシーズン2022-23の開始年,SUPPORTED,2026-09-29,
Batch 31 Wave 4,B31W4E0188,Career,C001016,end,2024,B31W4S0044,クラブ所属履歴 > 「2023-24 青森」,所属履歴の最後のシーズン2023-24の終了年,SUPPORTED,2026-09-29,
Batch 31 Wave 4,B31W4E0189,Career,C001017,organization_id,ORG000153,B31W4S0044,クラブ所属履歴 > 「2024-25 滋賀」〜「2025-26 滋賀」,B.LEAGUE公式の所属履歴で在籍を確認（略称表記）,SUPPORTED,2026-09-29,
Batch 31 Wave 4,B31W4E0190,Career,C001017,organization_id,ORG000153,B31W4S0009,順位表 > クラブ「滋賀レイクス」（略称「滋賀」、club_detail TeamID=698）,公式順位表で略称とクラブ名・TeamIDの対応を確認,SUPPORTED,2026-09-29,
Batch 31 Wave 4,B31W4E0191,Career,C001017,start,2024,B31W4S0044,クラブ所属履歴 > 「2024-25 滋賀」,所属履歴の最初のシーズン2024-25の開始年,SUPPORTED,2026-09-29,
Batch 31 Wave 4,B31W4E0192,Career,C001017,end,2026,B31W4S0044,クラブ所属履歴 > 「2025-26 滋賀」,所属履歴の最後のシーズン2025-26の終了年,SUPPORTED,2026-09-29,
Batch 31 Wave 4,B31W4E0193,Career,C001018,organization_id,ORG000183,B31W4S0045,クラブ所属履歴 > 「2021-22 埼玉」,B.LEAGUE公式の所属履歴で在籍を確認（略称表記）,SUPPORTED,2026-09-29,
Batch 31 Wave 4,B31W4E0194,Career,C001018,organization_id,ORG000183,B31W4S0046,順位表 > クラブ「さいたまブロンコス」（略称「埼玉」、club_detail TeamID=744）,公式順位表で略称とクラブ名・TeamIDの対応を確認,SUPPORTED,2026-09-29,
Batch 31 Wave 4,B31W4E0195,Career,C001018,start,2021,B31W4S0045,クラブ所属履歴 > 「2021-22 埼玉」,所属履歴の最初のシーズン2021-22の開始年,SUPPORTED,2026-09-29,
Batch 31 Wave 4,B31W4E0196,Career,C001018,end,2022,B31W4S0045,クラブ所属履歴 > 「2021-22 埼玉」,所属履歴の最後のシーズン2021-22の終了年,SUPPORTED,2026-09-29,
Batch 31 Wave 4,B31W4E0197,Career,C001019,organization_id,ORG000142,B31W4S0047,クラブ所属履歴 > 「2020-21 大阪」,B.LEAGUE公式の所属履歴で在籍を確認（略称表記）,SUPPORTED,2026-09-29,
Batch 31 Wave 4,B31W4E0198,Career,C001019,organization_id,ORG000142,B31W4S0003,順位表 > クラブ「大阪エヴェッサ」（略称「大阪」、club_detail TeamID=700）,公式順位表で略称とクラブ名・TeamIDの対応を確認,SUPPORTED,2026-09-29,
Batch 31 Wave 4,B31W4E0199,Career,C001019,start,2020,B31W4S0047,クラブ所属履歴 > 「2020-21 大阪」,所属履歴の最初のシーズン2020-21の開始年,SUPPORTED,2026-09-29,
Batch 31 Wave 4,B31W4E0200,Career,C001019,end,2021,B31W4S0047,クラブ所属履歴 > 「2020-21 大阪」,所属履歴の最後のシーズン2020-21の終了年,SUPPORTED,2026-09-29,
Batch 31 Wave 4,B31W4E0201,Career,C001020,organization_id,ORG000052,B31W4S0047,クラブ所属履歴 > 「2021-22 新潟」〜「2023-24 新潟」,B.LEAGUE公式の所属履歴で在籍を確認（略称表記）,SUPPORTED,2026-09-29,
Batch 31 Wave 4,B31W4E0202,Career,C001020,organization_id,ORG000052,B31W4S0017,順位表 > クラブ「新潟アルビレックスBB」（略称「新潟」、club_detail TeamID=695）,公式順位表で略称とクラブ名・TeamIDの対応を確認,SUPPORTED,2026-09-29,
Batch 31 Wave 4,B31W4E0203,Career,C001020,start,2021,B31W4S0047,クラブ所属履歴 > 「2021-22 新潟」,所属履歴の最初のシーズン2021-22の開始年,SUPPORTED,2026-09-29,
Batch 31 Wave 4,B31W4E0204,Career,C001020,end,2024,B31W4S0047,クラブ所属履歴 > 「2023-24 新潟」,所属履歴の最後のシーズン2023-24の終了年,SUPPORTED,2026-09-29,
Batch 31 Wave 4,B31W4E0205,Career,C001021,organization_id,ORG000103,B31W4S0047,クラブ所属履歴 > 「2024-25 茨城」,B.LEAGUE公式の所属履歴で在籍を確認（略称表記）,SUPPORTED,2026-09-29,
Batch 31 Wave 4,B31W4E0206,Career,C001021,organization_id,ORG000103,B31W4S0009,順位表 > クラブ「茨城ロボッツ」（略称「茨城」、club_detail TeamID=712）,公式順位表で略称とクラブ名・TeamIDの対応を確認,SUPPORTED,2026-09-29,
Batch 31 Wave 4,B31W4E0207,Career,C001021,start,2024,B31W4S0047,クラブ所属履歴 > 「2024-25 茨城」,所属履歴の最初のシーズン2024-25の開始年,SUPPORTED,2026-09-29,
Batch 31 Wave 4,B31W4E0208,Career,C001021,end,2025,B31W4S0047,クラブ所属履歴 > 「2024-25 茨城」,所属履歴の最後のシーズン2024-25の終了年,SUPPORTED,2026-09-29,
Batch 31 Wave 4,B31W4E0209,Career,C001022,organization_id,ORG000183,B31W4S0048,クラブ所属履歴 > 「2019-20 埼玉」,B.LEAGUE公式の所属履歴で在籍を確認（略称表記）,SUPPORTED,2026-09-29,
Batch 31 Wave 4,B31W4E0210,Career,C001022,organization_id,ORG000183,B31W4S0037,順位表 > クラブ「埼玉ブロンコス」（略称「埼玉」、club_detail TeamID=744）,公式順位表で略称とクラブ名・TeamIDの対応を確認,SUPPORTED,2026-09-29,
Batch 31 Wave 4,B31W4E0211,Career,C001022,start,2019,B31W4S0048,クラブ所属履歴 > 「2019-20 埼玉」,所属履歴の最初のシーズン2019-20の開始年,SUPPORTED,2026-09-29,
Batch 31 Wave 4,B31W4E0212,Career,C001022,end,2020,B31W4S0048,クラブ所属履歴 > 「2019-20 埼玉」,所属履歴の最後のシーズン2019-20の終了年,SUPPORTED,2026-09-29,
Batch 31 Wave 4,B31W4E0213,Career,C001023,organization_id,ORG000130,B31W4S0048,クラブ所属履歴 > 「2024-25 三河」,B.LEAGUE公式の所属履歴で在籍を確認（略称表記）,SUPPORTED,2026-09-29,
Batch 31 Wave 4,B31W4E0214,Career,C001023,organization_id,ORG000130,B31W4S0009,順位表 > クラブ「シーホース三河」（略称「三河」、club_detail TeamID=728）,公式順位表で略称とクラブ名・TeamIDの対応を確認,SUPPORTED,2026-09-29,
Batch 31 Wave 4,B31W4E0215,Career,C001023,start,2024,B31W4S0048,クラブ所属履歴 > 「2024-25 三河」,所属履歴の最初のシーズン2024-25の開始年,SUPPORTED,2026-09-29,
Batch 31 Wave 4,B31W4E0216,Career,C001023,end,2025,B31W4S0048,クラブ所属履歴 > 「2024-25 三河」,所属履歴の最後のシーズン2024-25の終了年,SUPPORTED,2026-09-29,
Batch 31 Wave 4,B31W4E0217,Career,C001024,organization_id,ORG000048,B31W4S0048,クラブ所属履歴 > 「2024-25 佐賀」,B.LEAGUE公式の所属履歴で在籍を確認（略称表記）,SUPPORTED,2026-09-29,
Batch 31 Wave 4,B31W4E0218,Career,C001024,organization_id,ORG000048,B31W4S0009,順位表 > クラブ「佐賀バルーナーズ」（略称「佐賀」、club_detail TeamID=1638）,公式順位表で略称とクラブ名・TeamIDの対応を確認,SUPPORTED,2026-09-29,
Batch 31 Wave 4,B31W4E0219,Career,C001024,start,2024,B31W4S0048,クラブ所属履歴 > 「2024-25 佐賀」,所属履歴の最初のシーズン2024-25の開始年,SUPPORTED,2026-09-29,
Batch 31 Wave 4,B31W4E0220,Career,C001024,end,2025,B31W4S0048,クラブ所属履歴 > 「2024-25 佐賀」,所属履歴の最後のシーズン2024-25の終了年,SUPPORTED,2026-09-29,
Batch 31 Wave 4,B31W4E0221,Career,C001025,organization_id,ORG000114,B31W4S0049,クラブ所属履歴 > 「2018-19 SR渋谷」〜「2023-24 SR渋谷」,B.LEAGUE公式の所属履歴で在籍を確認（略称表記）,SUPPORTED,2026-09-29,
Batch 31 Wave 4,B31W4E0222,Career,C001025,organization_id,ORG000114,B31W4S0034,順位表 > クラブ「サンロッカーズ渋谷」（略称「SR渋谷」、club_detail TeamID=726）,公式順位表で略称とクラブ名・TeamIDの対応を確認,SUPPORTED,2026-09-29,
Batch 31 Wave 4,B31W4E0223,Career,C001025,start,2018,B31W4S0049,クラブ所属履歴 > 「2018-19 SR渋谷」,所属履歴の最初のシーズン2018-19の開始年,SUPPORTED,2026-09-29,
Batch 31 Wave 4,B31W4E0224,Career,C001025,end,2024,B31W4S0049,クラブ所属履歴 > 「2023-24 SR渋谷」,所属履歴の最後のシーズン2023-24の終了年,SUPPORTED,2026-09-29,
Batch 31 Wave 4,B31W4E0225,Career,C001026,organization_id,ORG000092,B31W4S0049,クラブ所属履歴 > 「2024-25 北海道」〜「2025-26 北海道」,B.LEAGUE公式の所属履歴で在籍を確認（略称表記）,SUPPORTED,2026-09-29,
Batch 31 Wave 4,B31W4E0226,Career,C001026,organization_id,ORG000092,B31W4S0009,順位表 > クラブ「レバンガ北海道」（略称「北海道」、club_detail TeamID=702）,公式順位表で略称とクラブ名・TeamIDの対応を確認,SUPPORTED,2026-09-29,
Batch 31 Wave 4,B31W4E0227,Career,C001026,start,2024,B31W4S0049,クラブ所属履歴 > 「2024-25 北海道」,所属履歴の最初のシーズン2024-25の開始年,SUPPORTED,2026-09-29,
Batch 31 Wave 4,B31W4E0228,Career,C001026,end,2026,B31W4S0049,クラブ所属履歴 > 「2025-26 北海道」,所属履歴の最後のシーズン2025-26の終了年,SUPPORTED,2026-09-29,
Batch 31 Wave 4,B31W4E0229,Career,C001027,organization_id,ORG000091,B31W4S0051,クラブ所属履歴 > 「2021-22 愛媛」,B.LEAGUE公式の所属履歴で在籍を確認（略称表記）,SUPPORTED,2026-09-29,
Batch 31 Wave 4,B31W4E0230,Career,C001027,organization_id,ORG000091,B31W4S0031,順位表 > クラブ「愛媛オレンジバイキングス」（略称「愛媛」、club_detail TeamID=723）,公式順位表で略称とクラブ名・TeamIDの対応を確認,SUPPORTED,2026-09-29,
Batch 31 Wave 4,B31W4E0231,Career,C001027,start,2021,B31W4S0051,クラブ所属履歴 > 「2021-22 愛媛」,所属履歴の最初のシーズン2021-22の開始年,SUPPORTED,2026-09-29,
Batch 31 Wave 4,B31W4E0232,Career,C001027,end,2022,B31W4S0051,クラブ所属履歴 > 「2021-22 愛媛」,所属履歴の最後のシーズン2021-22の終了年,SUPPORTED,2026-09-29,
Batch 31 Wave 4,B31W4E0233,Career,C001028,organization_id,ORG000109,B31W4S0051,クラブ所属履歴 > 「2022-23 A東京」,B.LEAGUE公式の所属履歴で在籍を確認（略称表記）,SUPPORTED,2026-09-29,
Batch 31 Wave 4,B31W4E0234,Career,C001028,organization_id,ORG000109,B31W4S0004,順位表 > クラブ「アルバルク東京」（略称「A東京」、club_detail TeamID=706）,公式順位表で略称とクラブ名・TeamIDの対応を確認,SUPPORTED,2026-09-29,
Batch 31 Wave 4,B31W4E0235,Career,C001028,start,2022,B31W4S0051,クラブ所属履歴 > 「2022-23 A東京」,所属履歴の最初のシーズン2022-23の開始年,SUPPORTED,2026-09-29,
Batch 31 Wave 4,B31W4E0236,Career,C001028,end,2023,B31W4S0051,クラブ所属履歴 > 「2022-23 A東京」,所属履歴の最後のシーズン2022-23の終了年,SUPPORTED,2026-09-29,
Batch 31 Wave 4,B31W4E0237,Career,C001029,organization_id,ORG000067,B31W4S0052,クラブ所属履歴 > 「2025-26 熊本」,B.LEAGUE公式の所属履歴で在籍を確認（略称表記）,SUPPORTED,2026-09-29,
Batch 31 Wave 4,B31W4E0238,Career,C001029,organization_id,ORG000067,B31W4S0053,順位表 > クラブ「熊本ヴォルターズ」（略称「熊本」、club_detail TeamID=724）,公式順位表で略称とクラブ名・TeamIDの対応を確認,SUPPORTED,2026-09-29,
Batch 31 Wave 4,B31W4E0239,Career,C001029,start,2025,B31W4S0052,クラブ所属履歴 > 「2025-26 熊本」,所属履歴の最初のシーズン2025-26の開始年,SUPPORTED,2026-09-29,
Batch 31 Wave 4,B31W4E0240,Career,C001029,end,2026,B31W4S0052,クラブ所属履歴 > 「2025-26 熊本」,所属履歴の最後のシーズン2025-26の終了年,SUPPORTED,2026-09-29,
Batch 31 Wave 4,B31W4E0241,Career,C001030,organization_id,ORG000137,B31W4S0054,クラブ所属履歴 > 「2019-20 秋田」,B.LEAGUE公式の所属履歴で在籍を確認（略称表記）,SUPPORTED,2026-09-29,
Batch 31 Wave 4,B31W4E0242,Career,C001030,organization_id,ORG000137,B31W4S0002,順位表 > クラブ「秋田ノーザンハピネッツ」（略称「秋田」、club_detail TeamID=693）,公式順位表で略称とクラブ名・TeamIDの対応を確認,SUPPORTED,2026-09-29,
Batch 31 Wave 4,B31W4E0243,Career,C001030,start,2019,B31W4S0054,クラブ所属履歴 > 「2019-20 秋田」,所属履歴の最初のシーズン2019-20の開始年,SUPPORTED,2026-09-29,
Batch 31 Wave 4,B31W4E0244,Career,C001030,end,2020,B31W4S0054,クラブ所属履歴 > 「2019-20 秋田」,所属履歴の最後のシーズン2019-20の終了年,SUPPORTED,2026-09-29,
Batch 31 Wave 4,B31W4E0245,Career,C001031,organization_id,ORG000114,B31W4S0054,クラブ所属履歴 > 「2020-21 SR渋谷」〜「2022-23 SR渋谷」,B.LEAGUE公式の所属履歴で在籍を確認（略称表記）,SUPPORTED,2026-09-29,
Batch 31 Wave 4,B31W4E0246,Career,C001031,organization_id,ORG000114,B31W4S0003,順位表 > クラブ「サンロッカーズ渋谷」（略称「SR渋谷」、club_detail TeamID=726）,公式順位表で略称とクラブ名・TeamIDの対応を確認,SUPPORTED,2026-09-29,
Batch 31 Wave 4,B31W4E0247,Career,C001031,start,2020,B31W4S0054,クラブ所属履歴 > 「2020-21 SR渋谷」,所属履歴の最初のシーズン2020-21の開始年,SUPPORTED,2026-09-29,
Batch 31 Wave 4,B31W4E0248,Career,C001031,end,2023,B31W4S0054,クラブ所属履歴 > 「2022-23 SR渋谷」,所属履歴の最後のシーズン2022-23の終了年,SUPPORTED,2026-09-29,
Batch 31 Wave 4,B31W4E0249,Career,C001032,organization_id,ORG000055,B31W4S0054,クラブ所属履歴 > 「2023-24 横浜BC」,B.LEAGUE公式の所属履歴で在籍を確認（略称表記）,SUPPORTED,2026-09-29,
Batch 31 Wave 4,B31W4E0250,Career,C001032,organization_id,ORG000055,B31W4S0008,順位表 > クラブ「横浜ビー・コルセアーズ」（略称「横浜BC」、club_detail TeamID=694）,公式順位表で略称とクラブ名・TeamIDの対応を確認,SUPPORTED,2026-09-29,
Batch 31 Wave 4,B31W4E0251,Career,C001032,start,2023,B31W4S0054,クラブ所属履歴 > 「2023-24 横浜BC」,所属履歴の最初のシーズン2023-24の開始年,SUPPORTED,2026-09-29,
Batch 31 Wave 4,B31W4E0252,Career,C001032,end,2024,B31W4S0054,クラブ所属履歴 > 「2023-24 横浜BC」,所属履歴の最後のシーズン2023-24の終了年,SUPPORTED,2026-09-29,
